"ID","Date","Voucher No","Type","Account Name","Term","Term/Ac","Bilty","Transport","SaleMan","Net Amount","Cash Received"
"6","1/12/2024 12:00:00 AM","P-1","Purchase","BM Pvt LTD","Credit","","0","None","Taj ud din","85136",""
"7","1/1/2024 12:00:00 AM","P-2","Purchase","MEKTUM Pvt Ltd","Credit","","9860","Super Mama Goods","Muhammad Danish","410250",""
"8","1/18/2024 12:00:00 AM","P-3","Purchase","BM Pvt LTD","Credit","","","","Taj ud din","69604",""
"9","1/29/2024 12:00:00 AM","P-4","Purchase","BLOSSOM ","Credit","","5071","Aktar & Brothers","Dr Asif Ali","148000",""
"10","2/1/2024 12:00:00 AM","S-1","Invoice","German Homeopathic Store (Dr Saqib Khan)","Credit","","0","None","Hamza","714","0"
"11","2/4/2024 12:00:00 AM","S-2","Invoice","Counter","Cash","Cash In Hand","0","None","Hamza","4150","4150"
"12","2/4/2024 12:00:00 AM","P-5","Purchase","Dr Asif Homeopathic Clinic & Store","Credit","","0","None","Hamza","300",""
"13","2/4/2024 12:00:00 AM","S-3","Invoice","German Homeopathic Store (Dr Saqib Khan)","Credit","","0","None","Hamza","90","0"
"14","2/4/2024 12:00:00 AM","P-6","Purchase","German Homeopathic Store (Dr Saqib Khan)","Credit","","0","None","Alladin","1340",""
"15","1/25/2024 12:00:00 AM","P-7","Purchase","HFP Private Limited","Credit","","0","0","Hamza","325001",""
"16","1/23/2024 12:00:00 AM","P-8","Purchase","HFP Private Limited","Credit","","","","Hamza","51832",""
"17","2/4/2024 12:00:00 AM","S-4","Invoice","Hassan Homeopathic Store","Credit","","0","Azeem ","Hamza","1680","0"
"18","2/6/2024 12:00:00 AM","S-5","Invoice","Counter","Cash","Cash In Hand","0","None","Hamza","5739","5740"
"19","2/5/2024 12:00:00 AM","P-9","Purchase","German Homeopathic Store (Dr Saqib Khan)","Credit","","0","None","Hamza","1171",""
"20","2/6/2024 12:00:00 AM","S-6","Invoice","Counter","Cash","Cash In Hand","0","None","Hamza","1850","1850"
"21","2/6/2024 12:00:00 AM","S-7","Invoice","Counter","Cash","Cash In Hand","0","None","Hamza","130","130"
"22","2/6/2024 12:00:00 AM","S-8","Invoice","Counter","Cash","Cash In Hand","0","None","Hamza","1050","1050"
"23","2/6/2024 12:00:00 AM","P-10","Purchase","Sindh Homeopathic Store","Credit","","0","None","Hamza","850",""
"24","2/6/2024 12:00:00 AM","S-9","Invoice","Counter","Cash","Cash In Hand","0","None","Hamza","250","250"
"25","2/7/2024 12:00:00 AM","S-10","Invoice","Ali Danish Homoeopathic Store","Credit","","0","None","Hamza","360","0"
"26","2/7/2024 12:00:00 AM","P-11","Purchase","Paul Brooks Homoeo Lab","Credit","","7127+7128+7129","Super Mama Goods","Mr.Umair Shaikh","132012",""
"27","2/7/2024 12:00:00 AM","S-11","Invoice","Dr Asif Homeopathic Clinic & Store","Credit","","0","Ali Raza By Hand","Hamza","700","0"
"28","2/7/2024 12:00:00 AM","S-12","Invoice","Counter","Cash","Cash In Hand","0","None","Hamza","150","150"
"29","2/10/2024 12:00:00 AM","S-13","Invoice","Counter","Cash","Cash In Hand","0","None","Hamza","750","750"
"30","2/10/2024 12:00:00 AM","P-12","Purchase","B.H.P Laboratory (PVT) LTD ","Credit","","0","TCS","Vacant HYD","70120",""
"31","2/10/2024 12:00:00 AM","S-14","Invoice","Dr Asif Homeopathic Clinic & Store","Credit","","0","None","Hamza","102","0"
"32","2/10/2024 12:00:00 AM","S-15","Invoice","German Homeopathic Store (Dr Saqib Khan)","Credit","","0","Abass","Hamza","964","0"
"33","2/10/2024 12:00:00 AM","S-16","Invoice","Rafay Homeopathic Store","Credit","","0","None","Hamza","2678","0"
"34","2/11/2020 12:00:00 AM","S-17","Invoice","Counter","Cash","Cash In Hand","0","None","Hamza","900","900"
"35","2/11/2024 12:00:00 AM","S-18","Invoice","Counter","Cash","Cash In Hand","0","None","Hamza","650","650"
"36","2/11/2024 12:00:00 AM","P-13","Purchase","German Homeopathic Store (Dr Saqib Khan)","Credit","","0","None","Hamza","959",""
"38","2/11/2024 12:00:00 AM","S-19","Invoice","Counter","Cash","Cash In Hand","0","None","Hamza","250","250"
"39","2/11/2024 12:00:00 AM","P-15","Purchase","German Homeopathic Store (Dr Saqib Khan)","Credit","","0","None","Hamza","182",""
"40","2/11/2024 12:00:00 AM","S-20","Invoice","Counter","Cash","Cash In Hand","0","None","Hamza","150","150"
"41","2/11/2024 12:00:00 AM","S-21","Invoice","Hassan Homeopathic Store","Credit","","0","None","Hamza","1199","0"
"42","2/11/2024 12:00:00 AM","P-16","Purchase","BLOSSOM ","Credit","","7046","New Pak Azad Goods","Dr Asif Ali","21634",""
"43","2/11/2024 12:00:00 AM","P-17","Purchase","BLOSSOM ","Credit","","7133","New Pak Azad Goods","Dr Asif Ali","13301",""
"44","2/12/2024 12:00:00 AM","S-22","Invoice","Counter","Cash","Cash In Hand","0","None","Hamza","100","100"
"45","2/12/2024 12:00:00 AM","S-23","Invoice","Noman Homeopathic Store","Credit","","0","None","Hamza","675","0"
"46","2/12/2024 12:00:00 AM","S-24","Invoice","Counter","Cash","Cash In Hand","0","None","Hamza","120","120"
"47","2/12/2024 12:00:00 AM","S-25","Invoice","Counter","Cash","Cash In Hand","0","None","Hamza","70","70"
"48","2/13/2024 12:00:00 AM","S-26","Invoice","Muslim Homoeopathic Store LPR ","Credit","","0","None","Hamza","446","0"
"49","2/13/2024 12:00:00 AM","S-27","Invoice","Counter","Cash","Cash In Hand","0","None","Hamza","900","900"
"50","2/13/2024 12:00:00 AM","S-28","Invoice","Counter","Cash","Cash In Hand","0","None","Hamza","500","500"
"51","2/13/2024 12:00:00 AM","P-18","Purchase","ZAM ZAM Homoeo Pharma","Credit","","0","0","Hamza","57900",""
"52","2/13/2024 12:00:00 AM","S-29","Invoice","Counter","Cash","Cash In Hand","0","0","Hamza","836","840"
"53","2/13/2024 12:00:00 AM","P-19","Purchase","Sufi Homeopathic Store","Credit","","0","None","Hamza","272",""
"54","2/13/2024 12:00:00 AM","S-30","Invoice","Rafay Homeopathic Store","Credit","","0","None","Hamza","102","0"
"55","2/13/2024 12:00:00 AM","S-31","Invoice","Rafay Homeopathic Store","Credit","","0","None","Hamza","509","0"
"56","2/13/2024 12:00:00 AM","S-32","Invoice","Counter","Cash","Cash In Hand","0","None","Hamza","900","5000"
"57","2/13/2024 12:00:00 AM","P-20","Purchase","Rafay Homeopathic Store","Credit","","0","None","Hamza","71",""
"58","2/13/2024 12:00:00 AM","S-33","Invoice","Counter","Cash","Cash In Hand","0","None","Hamza","250","250"
"59","2/14/2024 12:00:00 AM","P-21","Purchase","MEKTUM Pvt Ltd","Credit","","6957","Super Mama Goods","Hamza","195341",""
"60","2/14/2024 12:00:00 AM","S-34","Invoice","German Homeopathic Store (Dr Saqib Khan)","Credit","","0","Kashif Luppak","Hamza","210","0"
"61","2/14/2024 12:00:00 AM","S-35","Invoice","Counter","Cash","Cash In Hand","0","None","Hamza","1400","1400"
"62","2/14/2024 12:00:00 AM","S-36","Invoice","Counter","Cash","Cash In Hand","0","None","Hamza","190","190"
"63","2/14/2024 12:00:00 AM","P-22","Purchase","German Homeopathic Store (Dr Saqib Khan)","Credit","","0","None","Hamza","434",""
"64","2/14/2024 12:00:00 AM","P-23","Purchase","Sufi Homeopathic Store","Credit","","0","None","Hamza","135",""
"65","2/14/2024 12:00:00 AM","P-24","Purchase","Dr Asif Homeopathic Clinic & Store","Credit","","0","None","Hamza","200",""
"66","2/14/2024 12:00:00 AM","S-37","Invoice","Counter","Cash","Cash In Hand","0","None","Hamza","370","370"
"67","2/14/2024 12:00:00 AM","S-38","Invoice","Dr Asif Homeopathic Clinic & Store","Credit","Cash In Hand","0","None","Hamza","105","0"
"68","2/14/2024 12:00:00 AM","S-39","Invoice","Dr Asif Homeopathic Clinic & Store","Credit","","0","Faysal M ","Hamza","105","0"
"69","2/14/2024 12:00:00 AM","S-40","Invoice","German Homeopathic Store (Dr Saqib Khan)","Credit","","0","Kashif Luppak","Hamza","750","0"
"70","2/14/2024 12:00:00 AM","P-25","Purchase","German Homeopathic Store (Dr Saqib Khan)","Credit","","0","GuluU","Hamza","105",""
"72","2/14/2024 12:00:00 AM","S-41","Invoice","Counter","Cash","Cash In Hand","0","None","Hamza","300","300"
"73","2/14/2024 12:00:00 AM","S-42","Invoice","Hassan Homeopathic Store","Credit","","0","None","Hamza","125","0"
"74","2/14/2024 12:00:00 AM","S-43","Invoice","Counter","Cash","Cash In Hand","0","Alladin","Hamza","180","0"
"75","2/14/2024 12:00:00 AM","S-44","Invoice","Dr Asif Homeopathic Clinic & Store","Credit","","0","None","Hamza","187","0"
"76","2/14/2024 12:00:00 AM","S-45","Invoice","Counter","Cash","Cash In Hand","0","None","Hamza","120","120"
"77","2/14/2024 12:00:00 AM","S-46","Invoice","Counter","Cash","Cash In Hand","0","None","Hamza","100","100"
"78","2/15/2024 12:00:00 AM","S-47","Invoice","Counter","Cash","Cash In Hand","0","None","Hamza","120","120"
"79","2/15/2024 12:00:00 AM","S-48","Invoice","Counter","Cash","Cash In Hand","0","0","Hamza","300","300"
"80","2/15/2024 12:00:00 AM","P-27","Purchase","German Homeopathic Store (Dr Saqib Khan)","Credit","","0","None","Hamza","200",""
"81","2/15/2024 12:00:00 AM","S-49","Invoice","Counter","Cash","Cash In Hand","0","None","Hamza","100","100"
"82","2/14/2024 12:00:00 AM","P-28","Purchase","Counter","Cash","Cash In Hand","0","None","Hamza","310",""
"83","2/15/2024 12:00:00 AM","S-50","Invoice","German Homeopathic Store (Dr Saqib Khan)","Credit","Cash In Hand","0","Abass","Hamza","900","0"
"84","2/15/2024 12:00:00 AM","S-51","Invoice","Counter","Cash","Cash In Hand","0","None","Hamza","120","120"
"85","2/15/2024 12:00:00 AM","S-52","Invoice","German Homeopathic Store (Dr Saqib Khan)","Credit","","0","Kashif Luppak","Hamza","3718","0"
"86","2/15/2024 12:00:00 AM","S-53","Invoice","Dr Asif Homeopathic Clinic & Store","Credit","","0","None","Hamza","110","0"
"88","2/15/2024 12:00:00 AM","P-29","Purchase","Dr Asif Homeopathic Clinic & Store","Credit","","0","None","Hamza","220",""
"89","2/15/2024 12:00:00 AM","S-54","Invoice","Counter","Cash","Cash In Hand","0","None","Hamza","150","150"
"90","2/15/2024 12:00:00 AM","P-30","Purchase","Rafay Homeopathic Store","Credit","","0","None","Hamza","117",""
"91","2/15/2024 12:00:00 AM","S-55","Invoice","Counter","Cash","Cash In Hand","0","None","Hamza","350","350"
"92","2/15/2024 12:00:00 AM","S-56","Invoice","Noman Homeopathic Store","Credit","","0","None","Hamza","117","0"
"93","2/17/2024 12:00:00 AM","S-57","Invoice","Counter","Cash","Cash In Hand","0","None","Hamza","672","672"
"94","2/17/2024 12:00:00 AM","S-58","Invoice","Counter","Cash","Cash In Hand","0","None","Hamza","400","400"
"95","2/17/2024 12:00:00 AM","P-31","Purchase","Sufi Homeopathic Store","Credit","","0","None","Hamza","762",""
"96","2/17/2024 12:00:00 AM","S-59","Invoice","Counter","Cash","Cash In Hand","0","None","Hamza","810","810"
"97","2/17/2024 12:00:00 AM","S-60","Invoice","Ali Danish Homoeopathic Store","Credit","","0","None","Hamza","1509","0"
"98","2/17/2024 12:00:00 AM","S-61","Invoice","Chand Homoeopathic Store","Credit","","0","None","Hamza","388","0"
"99","2/17/2024 12:00:00 AM","S-62","Invoice","Counter","Cash","Cash In Hand","0","None","Hamza","800","800"
"100","2/18/2024 12:00:00 AM","P-32","Purchase","Kent Homoeopathic Pharmacy","Credit","","066","New Shakeel And Asif Goods","Hamza","361859",""
"101","2/18/2024 12:00:00 AM","S-63","Invoice","Counter","Cash","Cash In Hand","0","None","Hamza","300","300"
"102","2/18/2024 12:00:00 AM","S-64","Invoice","Dr Asif Homeopathic Clinic & Store","Credit","","0","Faysal M ","Hamza","126","0"
"103","2/18/2024 12:00:00 AM","S-65","Invoice","Counter","Cash","Cash In Hand","0","None","Hamza","1050","1050"
"104","2/18/2024 12:00:00 AM","P-33","Purchase","Dr Asif Homeopathic Clinic & Store","Credit","","0","Usama","Hamza","828",""
"105","2/18/2024 12:00:00 AM","P-34","Purchase","MEKTUM Pvt Ltd","Credit","","7598","Supper Mama Goods","Iqbal Bhai","9720",""
"106","2/18/2024 12:00:00 AM","S-66","Invoice","German Homeopathic Store (Dr Saqib Khan)","Credit","","0","BabU Gadha","Hamza","420","0"
"107","2/18/2024 12:00:00 AM","S-67","Invoice","Rafay Homeopathic Store","Credit","","0","Amir Bhai ","Hamza","663","0"
"108","2/18/2024 12:00:00 AM","S-68","Invoice","Noman Homeopathic Store","Credit","","0","Kaliya","Hamza","120","0"
"109","2/18/2024 12:00:00 AM","S-69","Invoice","Hassan Homeopathic Store","Credit","","0","None","Hamza","200","0"
"110","2/18/2024 12:00:00 AM","S-70","Invoice","Chand Homoeopathic Store","Cash","Cash In Hand","0","None","Hamza","480","480"
"111","2/19/2024 12:00:00 AM","S-71","Invoice","Counter","Cash","Cash In Hand","0","None","Hamza","650","650"
"112","2/19/2024 12:00:00 AM","S-72","Invoice","Counter","Cash","Cash In Hand","0","None","Hamza","920","920"
"113","2/19/2024 12:00:00 AM","S-73","Invoice","Counter","Cash","Cash In Hand","0","None","Hamza","500","500"
"114","2/19/2024 12:00:00 AM","S-74","Invoice","Rafay Homeopathic Store","Credit","","0","None","Hamza","390","0"
"115","2/19/2024 12:00:00 AM","S-75","Invoice","Noman Homeopathic Store","Credit","","0","None","Hamza","150","0"
"116","2/19/2024 12:00:00 AM","S-76","Invoice","Muslim Homoeopathic Store LPR ","Credit","","0","None","Hamza","250","0"
"117","2/20/2024 12:00:00 AM","S-77","Invoice","Counter","Cash","Cash In Hand","0","None","Hamza","170","1000"
"118","2/20/2024 12:00:00 AM","S-78","Invoice","Counter","Cash","Cash In Hand","0","None","Hamza","1000","1000"
"119","2/20/2024 12:00:00 AM","P-35","Purchase","German Homeopathic Store (Dr Saqib Khan)","Credit","","0","Hamza","Hamza","800",""
"120","2/20/2024 12:00:00 AM","S-79","Invoice","Counter","Cash","Cash In Hand","0","None","Hamza","800","1000"
"121","2/20/2024 12:00:00 AM","S-80","Invoice","Counter","Cash","Cash In Hand","0","None","Hamza","200","200"
"122","2/20/2024 12:00:00 AM","P-36","Purchase","Dr Asif Homeopathic Clinic & Store","Credit","","0","None","Hamza","400",""
"123","2/20/2024 12:00:00 AM","S-81","Invoice","Noman Homeopathic Store","Credit","","0","None","Hamza","1787","0"
"124","2/20/2024 12:00:00 AM","S-82","Invoice","Rafay Homeopathic Store","Credit","","0","None","Hamza","446","0"
"125","2/20/2024 12:00:00 AM","P-37","Purchase","Rafay Homeopathic Store","Credit","","0","None","Hamza","446",""
"126","2/20/2024 12:00:00 AM","S-83","Invoice","Rafay Homeopathic Store","Cash","Cash In Hand","0","None","Hamza","400","500"
"127","2/21/2024 12:00:00 AM","S-84","Invoice","Counter","Cash","Cash In Hand","0","None","Hamza","400","500"
"128","2/21/2024 12:00:00 AM","S-85","Invoice","Counter","Cash","Cash In Hand","0","None","shahbaz ali","150","150"
"129","2/21/2024 12:00:00 AM","P-38","Purchase","HFP Private Limited","Credit","","0","Hamza","Ali Raza","4392",""
"130","2/21/2024 12:00:00 AM","S-86","Invoice","Counter","Cash","Cash In Hand","0","None","Hamza","250","250"
"131","2/21/2024 12:00:00 AM","S-87","Invoice","Counter","Cash","Cash In Hand","0","None","Hamza","300","300"
"132","2/21/2024 12:00:00 AM","P-39","Purchase","HFP Private Limited","Credit","","0","Faysal M ","Ali Raza","8000",""
"133","2/21/2024 12:00:00 AM","S-88","Invoice","Counter","Cash","Cash In Hand","0","None","Hamza","540","540"
"134","2/21/2024 12:00:00 AM","S-89","Invoice","Counter","Cash","Cash In Hand","0","None","Hamza","660","660"
"135","2/21/2024 12:00:00 AM","S-90","Invoice","Chand Homoeopathic Store","Credit","","0","None","Hamza","187","0"
"136","2/21/2024 12:00:00 AM","S-91","Invoice","Rafay Homeopathic Store","Credit","","0","None","Hamza","608","0"
"137","2/21/2024 12:00:00 AM","S-92","Invoice","Noman Homeopathic Store","Credit","","0","None","Hamza","1646","0"
"138","2/21/2024 12:00:00 AM","S-93","Invoice","Hassan Homeopathic Store","Credit","","0","None","Hamza","1428","0"
"139","2/21/2024 12:00:00 AM","S-94","Invoice","German Homeopathic Store (Dr Saqib Khan)","Credit","","0","None","Hamza","210","0"
"140","2/21/2024 12:00:00 AM","S-95","Invoice","Ali Danish Homoeopathic Store","Credit","","0","None","Hamza","1137","0"
"141","2/21/2024 12:00:00 AM","P-40","Purchase","German Homeopathic Store (Dr Saqib Khan)","Credit","","0","None","Hamza","380",""
"142","2/21/2024 12:00:00 AM","P-41","Purchase","Rafay Homeopathic Store","Credit","","0","None","Hamza","446",""
"143","2/22/2024 12:00:00 AM","S-96","Invoice","Counter","Cash","Cash In Hand","0","None","Hamza","2383","2400"
"144","2/22/2024 12:00:00 AM","P-42","Purchase","German Homeopathic Store (Dr Saqib Khan)","Credit","","0","None","Hamza","412",""
"145","2/22/2024 12:00:00 AM","P-43","Purchase","Tawaqal Homoeopathic Store","Credit","","0","None","Hamza","1092",""
"146","2/22/2024 12:00:00 AM","S-97","Invoice","Counter","Cash","Cash In Hand","0","None","Hamza","550","550"
"147","2/22/2024 12:00:00 AM","S-98","Invoice","Counter","Cash","Cash In Hand","0","None","Hamza","240","250"
"148","2/22/2024 12:00:00 AM","S-99","Invoice","Counter","Cash","Cash In Hand","0","None","Hamza","150","150"
"149","2/22/2024 12:00:00 AM","P-44","Purchase","Paul Brooks Homoeo Lab","Credit","","0","TCS","Hamza","5940",""
"150","2/22/2024 12:00:00 AM","S-100","Invoice","Dr Asif Homeopathic Clinic & Store","Credit","","0","None","Hamza","3712","0"
"151","2/22/2024 12:00:00 AM","S-101","Invoice","Dr Asif Homeopathic Clinic & Store","Credit","","0","None","Hamza","173","0"
"152","2/22/2024 12:00:00 AM","P-45","Purchase","Dr Asif Homeopathic Clinic & Store","Credit","","0","None","Hamza","184",""
"153","2/22/2024 12:00:00 AM","S-102","Invoice","Counter","Cash","Cash In Hand","0","None","Hamza","430","430"
"154","2/22/2024 12:00:00 AM","S-103","Invoice","Counter","Credit","","0","None","Hamza","120","0"
"155","2/22/2024 12:00:00 AM","P-46","Purchase","Counter","Credit","","0","None","Hamza","120",""
"156","2/22/2024 12:00:00 AM","P-47","Purchase","Dr Asif Homeopathic Clinic & Store","Credit","","0","Ali Raza By Hand","Hamza","120",""
"157","2/22/2024 12:00:00 AM","S-104","Invoice","Dr Asif Homeopathic Clinic & Store","Credit","","0","None","Hamza","240","0"
"158","2/22/2024 12:00:00 AM","S-105","Invoice","Rafay Homeopathic Store","Credit","","0","None","Hamza","446","0"
"159","2/22/2024 12:00:00 AM","S-106","Invoice","German Homeopathic Store (Dr Saqib Khan)","Credit","","0","None","Hamza","4071","0"
"160","2/22/2024 12:00:00 AM","S-107","Invoice","Bilal Homoeopathic Store","Credit","","0","None","Hamza","200","0"
"161","2/22/2024 12:00:00 AM","S-108","Invoice","Hassan Homeopathic Store","Credit","","0","None","Hamza","1726","0"
"162","2/22/2024 12:00:00 AM","S-109","Invoice","Chand Homoeopathic Store","Credit","","0","None","Hamza","634","0"
"163","2/22/2024 12:00:00 AM","S-110","Invoice","Noman Homeopathic Store","Credit","","0","None","Hamza","1350","0"
"164","2/22/2024 12:00:00 AM","S-111","Invoice","Chand Homoeopathic Store","Credit","","0","None","kashif","160","0"
"165","2/24/2024 12:00:00 AM","S-112","Invoice","Counter","Cash","Cash In Hand","0","None","Hamza","550","550"
"166","2/24/2024 12:00:00 AM","S-113","Invoice","Counter","Cash","Cash In Hand","0","None","Hamza","200","200"
"167","2/24/2024 12:00:00 AM","S-114","Invoice","Counter","Cash","Cash In Hand","0","None","Hamza","500","500"
"168","2/24/2024 12:00:00 AM","S-115","Invoice","Counter","Cash","Cash In Hand","0","None","Hamza","700","700"
"169","2/24/2024 12:00:00 AM","P-48","Purchase","Sufi Homeopathic Store","Credit","","0","None","Hamza","154",""
"170","2/24/2024 12:00:00 AM","S-116","Invoice","Counter","Cash","Cash In Hand","0","None","Hamza","150","150"
"171","2/24/2024 12:00:00 AM","P-49","Purchase","Counter","Credit","","0","None","Hamza","126",""
"172","2/24/2024 12:00:00 AM","S-117","Invoice","Counter","Cash","Cash In Hand","0","None","Hamza","850","1000"
"173","2/24/2024 12:00:00 AM","P-50","Purchase","(GHR) HOMOEO PHARMA ","Credit","","0","TCS Exchange Bill","Imran Bhai","436968",""
"174","2/24/2024 12:00:00 AM","P-51","Purchase","(GHR) HOMOEO PHARMA ","Credit","","0","TCS","Imran Bhai","432684",""
"175","2/24/2024 12:00:00 AM","P-52","Purchase","German Homeopathic Store (Dr Saqib Khan)","Credit","","","Hamza","Hamza","947",""
"176","2/24/2024 12:00:00 AM","S-118","Invoice","Counter","Cash","Cash In Hand","0","None","Hamza","3308","3310"
"177","2/24/2024 12:00:00 AM","P-53","Purchase","Counter","Cash","Cash In Hand","","Madican Return","Hamza","300",""
"178","2/24/2024 12:00:00 AM","P-54","Purchase","Sufi Homeopathic Store","Credit","","","","Hamza","126",""
"179","2/24/2024 12:00:00 AM","P-55","Purchase","Counter","Cash","Cash In Hand","0","Madican Return","Hamza","260",""
"180","2/24/2024 12:00:00 AM","S-119","Invoice","German Homeopathic Store (Dr Saqib Khan)","Credit","","0","None","Hamza","8157","0"
"181","2/24/2024 12:00:00 AM","S-120","Invoice","Noman Homeopathic Store","Credit","","0","None","Hamza","2731","0"
"182","2/24/2024 12:00:00 AM","S-121","Invoice","Ali Danish Homoeopathic Store","Credit","","0","None","Hamza","228","0"
"183","2/24/2024 12:00:00 AM","S-122","Invoice","Chand Homoeopathic Store","Credit","","0","None","Hamza","208","0"
"184","2/24/2024 12:00:00 AM","P-56","Purchase","German Homeopathic Store (Dr Saqib Khan)","Credit","","0","None","Hamza","706",""
"185","2/24/2024 12:00:00 AM","P-57","Purchase","German Homeopathic Store (Dr Saqib Khan)","Credit","","0","0","Hamza","200",""
"186","2/24/2024 12:00:00 AM","S-123","Invoice","Dr Asif Homeopathic Clinic & Store","Credit","","0","None","Hamza","2834","0"
"187","2/25/2024 12:00:00 AM","S-124","Invoice","Counter","Cash","Cash In Hand","0","None","Hamza","1070","1070"
"188","2/25/2024 12:00:00 AM","S-125","Invoice","Dr Asif Homeopathic Clinic & Store","Credit","","0","None","Hamza","1800","0"
"189","2/25/2024 12:00:00 AM","P-58","Purchase","Dr Asif Homeopathic Clinic & Store","Credit","","0","Asad Bhai ","Hamza","1680",""
"190","2/25/2024 12:00:00 AM","S-126","Invoice","Counter","Cash","Cash In Hand","0","None","Hamza","150","150"
"191","2/25/2024 12:00:00 AM","S-127","Invoice","Counter","Cash","Cash In Hand","0","None","Hamza","800","800"
"192","2/25/2024 12:00:00 AM","S-128","Invoice","Counter","Cash","Cash In Hand","0","None","Hamza","150","200"
"193","2/25/2024 12:00:00 AM","S-129","Invoice","Counter","Cash","Cash In Hand","0","None","Hamza","900","900"
"194","2/25/2024 12:00:00 AM","S-130","Invoice","Counter","Credit","","0","BabU Gadha","Hamza","699","0"
"195","2/25/2024 12:00:00 AM","S-131","Invoice","Noman Homeopathic Store","Credit","","0","Kaliya","Hamza","1488","0"
"196","2/25/2024 12:00:00 AM","P-59","Purchase","German Homeopathic Store (Dr Saqib Khan)","Credit","","0","None","Hamza","570",""
"197","2/25/2024 12:00:00 AM","S-132","Invoice","German Homeopathic Store (Dr Saqib Khan)","Credit","","0","None","Hamza","700","0"
"198","2/25/2024 12:00:00 AM","S-133","Invoice","Counter","Cash","Cash In Hand","0","None","Hamza","600","600"
"199","2/25/2024 12:00:00 AM","P-60","Purchase","Dr Asif Homeopathic Clinic & Store","Credit","","0","Faysal M ","Hamza","117564",""
"200","2/26/2024 12:00:00 AM","P-61","Purchase","Dr Asif Homeopathic Clinic & Store","Credit","","0","Faysal M ","Hamza","30441",""
"201","2/26/2024 12:00:00 AM","S-134","Invoice","Counter","Cash","Cash In Hand","0","None","Hamza","130","150"
"202","2/26/2024 12:00:00 AM","S-135","Invoice","Ali Danish Homoeopathic Store","Credit","","0","None","Hamza","600","0"
"203","2/26/2024 12:00:00 AM","S-136","Invoice","Hassan Homeopathic Store","Credit","","0","None","Hamza","530","0"
"204","2/26/2024 12:00:00 AM","S-137","Invoice","German Homeopathic Store (Dr Saqib Khan)","Credit","","0","None","Hamza","992","0"
"205","2/26/2024 12:00:00 AM","S-138","Invoice","Counter","Cash","Cash In Hand","0","None","Hamza","250","250"
"206","2/26/2024 12:00:00 AM","S-139","Invoice","Counter","Cash","Cash In Hand","0","None","Hamza","2600","2600"
"207","2/26/2024 12:00:00 AM","S-140","Invoice","Noman Homeopathic Store","Cash","Cash In Hand","0","None","Hamza","128","128"
"208","2/26/2024 12:00:00 AM","S-141","Invoice","Chand Homoeopathic Store","Credit","","0","None","Hamza","162","0"
"209","2/26/2024 12:00:00 AM","S-142","Invoice","Counter","Cash","Cash In Hand","0","None","Hamza","150","150"
"210","2/26/2024 12:00:00 AM","P-62","Purchase","HFP Private Limited","Credit","","0","GuluU","Hamza","10040",""
"211","2/27/2024 12:00:00 AM","S-143","Invoice","Counter","Cash","Cash In Hand","0","None","Hamza","500","500"
"212","2/27/2024 12:00:00 AM","S-144","Invoice","Counter","Cash","Cash In Hand","0","None","Hamza","450","1000"
"213","2/27/2024 12:00:00 AM","S-145","Invoice","Counter","Cash","Cash In Hand","0","None","Hamza","400","500"
"214","2/27/2024 12:00:00 AM","S-146","Invoice","H/Dr Yousuf (Kotri)","Credit","","0","by hand Usama","Hamza","5250","0"
"216","2/27/2024 12:00:00 AM","S-147","Invoice","Rafay Homeopathic Store","Credit","","0","None","Hamza","360","0"
"217","2/27/2024 12:00:00 AM","S-148","Invoice","Muslim Homoeopathic Store LPR ","Credit","","0","None","Hamza","1050","0"
"218","2/27/2024 12:00:00 AM","P-63","Purchase","Rafay Homeopathic Store","Credit","","0","None","Hamza","360",""
"219","2/27/2024 12:00:00 AM","S-149","Invoice","Noman Homeopathic Store","Credit","","0","None","Hamza","798","0"
"220","2/27/2024 12:00:00 AM","S-150","Invoice","German Homeopathic Store (Dr Saqib Khan)","Credit","","0","None","Hamza","9058","0"
"221","2/27/2024 12:00:00 AM","S-151","Invoice","Noman Homeopathic Store","Credit","","0","None","Hamza","232","0"
"222","2/27/2024 12:00:00 AM","P-64","Purchase","Noman Homeopathic Store","Credit","","0","None","Hamza","128",""
"223","2/27/2024 12:00:00 AM","S-152","Invoice","Noman Homeopathic Store","Cash","Cash In Hand","0","None","Hamza","130","130"
"224","2/27/2024 12:00:00 AM","S-153","Invoice","Dr Asif Homeopathic Clinic & Store","Credit","","0","None","Hamza","7043","0"
"225","2/27/2024 12:00:00 AM","S-154","Invoice","Dr Asif Homeopathic Clinic & Store","Credit","","0","None","Hamza","500","0"
"226","2/27/2024 12:00:00 AM","S-155","Invoice","Counter","Cash","Cash In Hand","0","None","Hamza","150","1000"
"227","2/28/2024 12:00:00 AM","S-156","Invoice","Counter","Cash","Cash In Hand","0","None","Hamza","300","300"
"228","2/28/2024 12:00:00 AM","S-157","Invoice","Counter","Cash","Cash In Hand","0","None","Hamza","450","450"
"229","2/28/2024 12:00:00 AM","P-65","Purchase","Counter","Cash","Cash In Hand","0","None","Hamza","500",""
"230","2/28/2024 12:00:00 AM","S-158","Invoice","Muslim Homoeopathic Store LPR ","Credit","","0","None","Hamza","1450","0"
"231","2/28/2024 12:00:00 AM","S-159","Invoice","German Homeopathic Store (Dr Saqib Khan)","Credit","","0","None","Hamza","104","0"
"232","2/28/2024 12:00:00 AM","S-160","Invoice","Noman Homeopathic Store","Credit","","0","None","0","2962","0"
"233","2/28/2024 12:00:00 AM","S-161","Invoice","Counter","Cash","Cash In Hand","0","None","Hamza","370","500"
"234","2/28/2024 12:00:00 AM","S-162","Invoice","Counter","Credit","","0","Kashi Chachu Na Liya Ghar Ka Liya","Hamza","261","0"
"235","2/28/2024 12:00:00 AM","P-66","Purchase","Hassan Homeopathic Store","Credit","","0","None","Hamza","833",""
"236","2/28/2024 12:00:00 AM","S-163","Invoice","Counter","Cash","Cash In Hand","0","None","Hamza","2250","2250"
"237","2/28/2024 12:00:00 AM","S-164","Invoice","Counter","Cash","Cash In Hand","0","None","Hamza","900","1000"
"238","2/28/2024 12:00:00 AM","S-165","Invoice","Counter","Cash","Cash In Hand","0","None","Hamza","250","500"
"239","2/28/2024 12:00:00 AM","S-166","Invoice","Counter","Cash","Cash In Hand","0","None","Hamza","300","300"
"240","2/28/2024 12:00:00 AM","S-167","Invoice","Counter","Cash","Cash In Hand","0","None","Hamza","250","250"
"241","2/29/2024 12:00:00 AM","S-168","Invoice","Counter","Cash","Cash In Hand","0","None","Hamza","3370","3500"
"242","2/29/2024 12:00:00 AM","S-169","Invoice","Counter","Cash","Cash In Hand","0","None","Hamza","300","300"
"243","2/29/2024 12:00:00 AM","P-67","Purchase","German Homeopathic Store (Dr Saqib Khan)","Credit","","0","None","Hamza","4044",""
"244","2/29/2024 12:00:00 AM","S-170","Invoice","Counter","Credit","","0","None","Hamza","2567","0"
"245","2/29/2024 12:00:00 AM","S-171","Invoice","German Homeopathic Store (Dr Saqib Khan)","Credit","","0","None","Hamza","2587","0"
"246","2/29/2024 12:00:00 AM","S-172","Invoice","Chand Homoeopathic Store","Credit","","0","None","Hamza","446","0"
"247","2/29/2024 12:00:00 AM","S-173","Invoice","Counter","Cash","Cash In Hand","0","None","Hamza","250","250"
"248","2/29/2024 12:00:00 AM","S-174","Invoice","Rafay Homeopathic Store","Credit","","0","None","Hamza","128","0"
"249","2/29/2024 12:00:00 AM","S-175","Invoice","Rafay Homeopathic Store","Credit","","0","None","Hamza","113","0"
"250","2/29/2024 12:00:00 AM","S-176","Invoice","Ali Danish Homoeopathic Store","Credit","","0","None","Hamza","120","0"
"251","2/29/2024 12:00:00 AM","S-177","Invoice","Noman Homeopathic Store","Credit","","0","None.","Hamza","999","0"
"252","2/29/2024 12:00:00 AM","S-178","Invoice","Counter","Cash","Cash In Hand","0","None","Hamza","120","120"
"253","3/2/2024 12:00:00 AM","S-179","Invoice","L/Dr Sakina Aslam TMK ","Credit","","0","by hand Usama","Hamza","210","0"
"254","3/2/2024 12:00:00 AM","S-180","Invoice","L/Dr Sakina Aslam TMK ","Credit","","0","by hand Usama","Hamza","532","0"
"255","3/2/2024 12:00:00 AM","P-68","Purchase","BLOSSOM ","Credit","","6534","New Pak Azad Goods","Hamza","11642",""
"256","3/2/2024 12:00:00 AM","P-69","Purchase","Paul Brooks Homoeo Lab","Credit","","0","None","Hamza","7484",""
"257","3/2/2024 12:00:00 AM","S-181","Invoice","Counter","Cash","Cash In Hand","0","None","Hamza","4082","4100"
"258","3/2/2024 12:00:00 AM","S-182","Invoice","Counter","Cash","Cash In Hand","0","None","Hamza","564","500"
"259","3/2/2024 12:00:00 AM","S-183","Invoice","Counter","Cash","Cash In Hand","0","None","Hamza","980","1000"
"260","3/2/2024 12:00:00 AM","S-184","Invoice","Counter","Cash","Cash In Hand","0","None","Hamza","300","500"
"261","3/2/2024 12:00:00 AM","P-70","Purchase","German Homeopathic Store (Dr Saqib Khan)","Cash","Cash In Hand","0","None","Hamza","75",""
"262","3/2/2024 12:00:00 AM","S-185","Invoice","German Homeopathic Store (Dr Saqib Khan)","Cash","Cash In Hand","0","None","Ha.","75","75"
"263","3/2/2024 12:00:00 AM","S-186","Invoice","H/Dr Danish karmani ","Credit","","0","None","Hamza","6676","0"
"264","3/2/2024 12:00:00 AM","S-187","Invoice","Counter","Cash","Cash In Hand","0","None","Hamza","150","150"
"265","3/2/2024 12:00:00 AM","S-188","Invoice","Counter","Cash","Cash In Hand","0","None","Hamza","500","500"
"266","3/2/2024 12:00:00 AM","P-71","Purchase","Sufi Homeopathic Store","Credit","","0","None","Hamza","656",""
"267","3/2/2024 12:00:00 AM","S-189","Invoice","Muslim Homoeopathic Store LPR ","Credit","","0","None","Hamza","718","0"
"268","3/2/2024 12:00:00 AM","S-190","Invoice","German Homeopathic Store (Dr Saqib Khan)","Credit","","0","None","Hamza","94","0"
"269","3/2/2024 12:00:00 AM","P-72","Purchase","German Homeopathic Store (Dr Saqib Khan)","Credit","","0","None","Hamza","657",""
"270","3/2/2024 12:00:00 AM","P-73","Purchase","German Homeopathic Store (Dr Saqib Khan)","Credit","","0","None","Hamza","52",""
"271","3/2/2024 12:00:00 AM","S-191","Invoice","H/Dr Azger Mughal ","Credit","","0","B Y Hand","Hamza","2400","0"
"272","3/2/2024 12:00:00 AM","S-192","Invoice","Counter","Cash","Cash In Hand","0","None","Hamza","120","120"
"273","3/2/2024 12:00:00 AM","S-193","Invoice","Hassan Homeopathic Store","Credit","","0","None","Hamza","255","0"
"274","3/2/2024 12:00:00 AM","P-74","Purchase","Hassan Homeopathic Store","Credit","","0","None","Hamza","452",""
"275","3/2/2024 12:00:00 AM","S-194","Invoice","Counter","Cash","Cash In Hand","0","None","Hamza","1400","1400"
"276","3/3/2024 12:00:00 AM","S-195","Invoice","Counter","Cash","Cash In Hand","0","None","Hamza","1330","1330"
"277","3/3/2024 12:00:00 AM","S-196","Invoice","Counter","Cash","Cash In Hand","0","None","Hamza","500","500"
"278","3/3/2024 12:00:00 AM","S-197","Invoice","Counter","Cash","Cash In Hand","0","None","Hamza","190","190"
"279","3/3/2024 12:00:00 AM","S-198","Invoice","Counter","Cash","Cash In Hand","0","None","Hamza","250","250"
"280","3/3/2024 12:00:00 AM","S-199","Invoice","Counter","Cash","Cash In Hand","0","None","Hamza","218","220"
"281","3/3/2024 12:00:00 AM","P-75","Purchase","BM Pvt LTD","Credit","","149750","TCS","Hamza","19800",""
"282","3/3/2024 12:00:00 AM","S-200","Invoice","Noman Homeopathic Store","Credit"," ","","","Hamza","165","0"
"283","3/3/2024 12:00:00 AM","S-201","Invoice","Rafay Homeopathic Store","Credit","Cash In Hand","0","None","Hamza","846","0"
"284","3/3/2024 12:00:00 AM","S-202","Invoice","Muslim Homoeopathic Store LPR ","Credit","","0","None","Hamza","446","0"
"285","3/3/2024 12:00:00 AM","S-203","Invoice","Counter","Cash","Cash In Hand",".0","None","Hamza","846","850"
"286","3/3/2024 12:00:00 AM","S-204","Invoice","Ali Danish Homoeopathic Store","Credit","","0","None","Hamza","120","0"
"287","3/3/2024 12:00:00 AM","S-205","Invoice","Chand Homoeopathic Store","Credit","","0","None","Hamza","88","0"
"288","3/3/2024 12:00:00 AM","S-206","Invoice","Hassan Homeopathic Store","Credit","","0","None","Hamza","165","0"
"289","3/3/2024 12:00:00 AM","P-76","Purchase","Noman Homeopathic Store","Credit","","0","None","Hamza","165",""
"290","3/3/2024 12:00:00 AM","P-77","Purchase","Hassan Homeopathic Store","Credit","","0","None","Hamza","165",""
"291","3/3/2024 12:00:00 AM","S-207","Invoice","Counter","Credit","","0","None","Hamza","1476","0"
"292","3/3/2024 12:00:00 AM","S-208","Invoice","German Homeopathic Store (Dr Saqib Khan)","Credit","","0","None","Hamza","1461","0"
"293","3/3/2024 12:00:00 AM","S-209","Invoice","Counter","Cash","Cash In Hand","0","None","Hamza","150","200"
"294","3/3/2024 12:00:00 AM","P-78","Purchase","German Homeopathic Store (Dr Saqib Khan)","Credit","","0","None","Hamza","3866",""
"295","3/3/2024 12:00:00 AM","P-79","Purchase","Counter","Credit","","0","No3","Hamza","1476",""
"296","3/4/2024 12:00:00 AM","S-210","Invoice","Counter","Cash","Cash In Hand","","None","Hamza","119","120"
"297","3/4/2024 12:00:00 AM","S-211","Invoice","Counter","Cash","Cash In Hand","0","None","Hamza","550","550"
"298","3/4/2024 12:00:00 AM","S-212","Invoice","Counter","Cash","Cash In Hand","0","None","Hamza","300","300"
"299","3/4/2024 12:00:00 AM","P-80","Purchase","Eagle Homoeo & Harbal Pharma","Credit","","0","TCS","Hamza","1",""
"300","3/4/2024 12:00:00 AM","P-81","Purchase","BLOSSOM ","Credit","","5724","Aktar & Brothers","Hamza","8404",""
"301","3/4/2024 12:00:00 AM","S-213","Invoice","Counter","Cash","Cash In Hand","0","None","Hamza","400","500"
"302","3/4/2024 12:00:00 AM","S-214","Invoice","German Homeopathic Store (Dr Saqib Khan)","Credit","","0","None","Hamza","245","0"
"303","3/4/2024 12:00:00 AM","S-215","Invoice","Counter","Cash","Cash In Hand","0","None","Hamza","700","1000"
"304","3/4/2024 12:00:00 AM","S-216","Invoice","Counter","Cash","Cash In Hand","0","None","Hamza","250","300"
"305","3/4/2024 12:00:00 AM","S-217","Invoice","Counter","Cash","Cash In Hand","0","None","Hamza","300","500"
"306","3/4/2024 12:00:00 AM","S-218","Invoice","Counter","Cash","Cash In Hand","0","None","Hamza","380","500"
"307","3/4/2024 12:00:00 AM","S-219","Invoice","Counter","Cash","Cash In Hand","0","None","Hamza","280","330"
"308","3/4/2024 12:00:00 AM","S-220","Invoice","Counter","Credit","Cash In Hand","0","Kaliya","Hamza","80","0"
"309","3/4/2024 12:00:00 AM","S-221","Invoice","German Homeopathic Store (Dr Saqib Khan)","Credit","","0","None","Hamza","259","0"
"310","3/4/2024 12:00:00 AM","S-222","Invoice","Tawaqal Homoeopathic Store","Credit","","0","None","Hamza","416","0"
"311","3/4/2024 12:00:00 AM","S-223","Invoice","Rafay Homeopathic Store","Credit","","0","Nono","Hamza","255","0"
"312","3/4/2024 12:00:00 AM","S-224","Invoice","Dr Asif Homeopathic Clinic & Store","Credit","","0","None","Hamza","3171","0"
"313","3/4/2024 12:00:00 AM","P-82","Purchase","Counter","Credit","","0","None","Hamza","80",""
"314","3/4/2024 12:00:00 AM","S-225","Invoice","Noman Homeopathic Store","Credit","","0","Kaliya","Hamza","80","0"
"315","3/4/2024 12:00:00 AM","P-83","Purchase","B.H.P Laboratory (PVT) LTD ","Credit","","21-2-24","None","Hamza","7560",""
"316","3/4/2024 12:00:00 AM","S-226","Invoice","Dua Homoeopathic Store ","Credit","","0","HafizZ","Hamza","121","0"
"317","3/4/2024 12:00:00 AM","P-84","Purchase","German Homeopathic Store (Dr Saqib Khan)","Credit","","0","Faysal M ","Hamza","530",""
"318","3/4/2024 12:00:00 AM","S-227","Invoice","Sindh H/S Badin","Credit","","0","by hand Usama","Hamza","2054","0"
"319","3/4/2024 12:00:00 AM","S-228","Invoice","Counter","Cash","Cash In Hand","0","None","Hamza","1400","2000"
"320","3/5/2024 12:00:00 AM","S-229","Invoice","Counter","Cash","Cash In Hand","0","None","Hamza","7588","7590"
"321","3/5/2024 12:00:00 AM","P-85","Purchase","Counter","Cash","Cash In Hand","","","Hamza","750",""
"322","3/5/2024 12:00:00 AM","S-230","Invoice","Dr Asif Homeopathic Clinic & Store","Credit","","0","Nonn","Hamza","645","0"
"323","3/5/2024 12:00:00 AM","S-231","Invoice","Counter","Cash","Cash In Hand","0","None","Hamza","1300","1500"
"324","3/5/2024 12:00:00 AM","P-86","Purchase","NP BM (Pvt.) Limited","Credit","","11412","TCS","M.Waseem","86614",""
"325","3/5/2024 12:00:00 AM","S-232","Invoice","Chand Homoeopathic Store","Credit","","0","None","Hamza","190","0"
"326","3/5/2024 12:00:00 AM","S-233","Invoice","Noman Homeopathic Store","Credit","","0","None","Hamza","1446","0"
"327","3/5/2024 12:00:00 AM","S-234","Invoice","Counter","Cash","Cash In Hand","0","None","Hamza","400","500"
"328","3/5/2024 12:00:00 AM","S-235","Invoice","Counter","Cash","Cash In Hand","0","None","Hamza","2863","3000"
"329","3/5/2024 12:00:00 AM","S-236","Invoice","Counter","Cash","Cash In Hand","0","None","Ham3.","150","200"
"330","3/6/2024 12:00:00 AM","P-87","Purchase","Dr Asif Homeopathic Clinic & Store","Credit","","0","None","Hamza","5050",""
"331","3/6/2024 12:00:00 AM","S-237","Invoice","Counter","Cash","Cash In Hand","0","None","Hamza","300","500"
"332","3/6/2024 12:00:00 AM","S-238","Invoice","Counter","Cash","Cash In Hand","0","None","Hamza","380","500"
"333","3/6/2024 12:00:00 AM","S-239","Invoice","Counter","Cash","Cash In Hand","0","None","Hamza","908","1000"
"334","3/6/2024 12:00:00 AM","S-240","Invoice","Dr Asif Homeopathic Clinic & Store","Credit","","0","None","Hamza","1134","0"
"335","3/6/2024 12:00:00 AM","S-241","Invoice","Muslim Homoeopathic Store LPR ","Credit","","0","None","Hamza","792","0"
"336","3/6/2024 12:00:00 AM","S-242","Invoice","German Homeopathic Store (Dr Saqib Khan)","Credit","","0","None","Hamza","1297","0"
"337","3/6/2024 12:00:00 AM","S-243","Invoice","L/Dr.Sofia Qamar (kotri)","Credit","","0","None","Hamza","4810","0"
"338","3/6/2024 12:00:00 AM","S-244","Invoice","Faraz Ahmed SPO BM","Credit","","0","by Hand Fraz Bhai","Hamza","360","0"
"339","3/6/2024 12:00:00 AM","S-245","Invoice","German Homeopathic Store (Dr Saqib Khan)","Credit","","0","BabU Gadha","Hamza","1815","0"
"340","3/6/2024 12:00:00 AM","S-246","Invoice","Noman Homeopathic Store","Credit","","0","None","Hamza","3449","0"
"341","3/6/2024 12:00:00 AM","S-247","Invoice","Muslim Homoeopathic Store LPR ","Credit","","0","None","Hamza","593","0"
"342","3/6/2024 12:00:00 AM","P-88","Purchase","German Homeopathic Store (Dr Saqib Khan)","Credit","","0","None","Hamza","187",""
"343","3/6/2024 12:00:00 AM","S-248","Invoice","German Homeopathic Store (Dr Saqib Khan)","Credit","","0","None","Hamza","264","0"
"344","3/6/2024 12:00:00 AM","S-249","Invoice","Rafay Homeopathic Store","Credit","","0","None","Hamza","200","0"
"345","3/6/2024 12:00:00 AM","S-250","Invoice","Counter","Cash","Cash In Hand","0","None","Hamza","200","200"
"346","3/7/2024 12:00:00 AM","S-251","Invoice","Counter","Cash","Cash In Hand","0","None","Hamza","307","120"
"347","3/7/2024 12:00:00 AM","P-89","Purchase","Counter","Cash","Cash In Hand","0","None","Hamza","187",""
"348","3/7/2024 12:00:00 AM","S-252","Invoice","Counter","Cash","Cash In Hand","0","None","Hamza","150","150"
"349","3/7/2024 12:00:00 AM","S-253","Invoice","L/Dr Najma Bloch ","Credit","","0","None","Hamza","3511","0"
"350","3/7/2024 12:00:00 AM","S-254","Invoice","Counter","Cash","Cash In Hand","0","None","Hamza","1050","1050"
"351","3/7/2024 12:00:00 AM","S-255","Invoice","Counter","Cash","Cash In Hand","0","None","Hamza","250","250"
"352","3/7/2024 12:00:00 AM","S-256","Invoice","Counter","Cash","Cash In Hand","0","None","Hamza","748","800"
"353","3/7/2024 12:00:00 AM","S-257","Invoice","German Homeopathic Store (Dr Saqib Khan)","Credit","","0","None","Hamza","8893","0"
"354","3/7/2024 12:00:00 AM","S-258","Invoice","Counter","Cash","Cash In Hand","0","None","Hamza","150","150"
"355","3/7/2024 12:00:00 AM","S-259","Invoice","Bilal Homoeopathic Store","Credit","","0","None","Hamza","600","0"
"356","3/7/2024 12:00:00 AM","S-260","Invoice","Muslim Homoeopathic Store LPR ","Credit","","0","None","Hamza","1158","0"
"357","3/7/2024 12:00:00 AM","S-261","Invoice","Ali Danish Homoeopathic Store","Credit","","0","None","Hamza","720","0"
"358","3/7/2024 12:00:00 AM","S-262","Invoice","Sohail Homoeo & Harbal Store","Credit","","0","None","Hamza","130","0"
"359","3/7/2024 12:00:00 AM","S-263","Invoice","Dr Asif Homeopathic Clinic & Store","Credit","","0","None","Hamza","5994","0"
"360","3/7/2024 12:00:00 AM","P-90","Purchase","Muslim Homoeopathic Store LPR ","Credit","","0","None","Hamza","675",""
"361","3/7/2024 12:00:00 AM","P-91","Purchase","Muslim Homoeopathic Store LPR ","Credit","","0","None","Hamza","520",""
"362","3/7/2024 12:00:00 AM","S-264","Invoice","Muslim Homoeopathic Store LPR ","Credit","","0","None","Hamza","500","0"
"363","3/7/2024 12:00:00 AM","S-265","Invoice","Muslim Homoeopathic Store LPR ","Credit","","0","None","Hamza","382","0"
"364","3/7/2024 12:00:00 AM","S-266","Invoice","Counter","Cash","Cash In Hand","0","None","Hamza","500","500"
"365","3/9/2024 12:00:00 AM","S-267","Invoice","Counter","Cash","Cash In Hand","0","None","Hamza","170","200"
"366","3/9/2024 12:00:00 AM","S-268","Invoice","M.Ayobe Qurashi ","Credit","","0","None","Hamza","2250","0"
"367","3/9/2024 12:00:00 AM","S-269","Invoice","Counter","Cash","Cash In Hand","0","None","Hamza","300","500"
"368","3/9/2024 12:00:00 AM","S-270","Invoice","Counter","Cash","Cash In Hand","0","None","Hamza","150","150"
"369","3/9/2024 12:00:00 AM","S-271","Invoice","Counter","Cash","Cash In Hand","0","None","Hamza","1500","2000"
"370","3/9/2024 12:00:00 AM","S-272","Invoice","Counter","Cash","Cash In Hand","0","None","Hamza","1100","1500"
"371","3/9/2024 12:00:00 AM","S-273","Invoice","Noman Homeopathic Store","Credit","","0","None","Hamza","5211","0"
"372","3/9/2024 12:00:00 AM","P-92","Purchase","Dr Asif Homeopathic Clinic & Store","Credit","","0","None","Hamza","2500",""
"373","3/9/2024 12:00:00 AM","S-274","Invoice","German Homeopathic Store (Dr Saqib Khan)","Credit","","0","None","Hamza","545","0"
"374","3/9/2024 12:00:00 AM","S-275","Invoice","Rafay Homeopathic Store","Credit","","0","None","Hamza","234","0"
"375","3/9/2024 12:00:00 AM","S-276","Invoice","Muslim Homoeopathic Store LPR ","Credit","","0","None","Hamza","566","0"
"376","3/9/2024 12:00:00 AM","S-277","Invoice","Hassan Homeopathic Store","Credit","","0","None","Hamza","540","0"
"377","3/9/2024 12:00:00 AM","P-93","Purchase","Hassan Homeopathic Store","Credit","","0","None","Hamza","120",""
"378","3/9/2024 12:00:00 AM","P-94","Purchase","Noman Homeopathic Store","Credit","","0","Hamza","Hamza","87",""
"379","3/9/2024 12:00:00 AM","S-278","Invoice","Muslim Homoeopathic Store LPR ","Credit","","0","None","Hamza","600","0"
"380","3/9/2024 12:00:00 AM","S-279","Invoice","Rafay Homeopathic Store","Credit","","0","None","Hamza","128","0"
"381","3/9/2024 12:00:00 AM","P-95","Purchase","German Homeopathic Store (Dr Saqib Khan)","Credit","","0","None","Hamzar","2618",""
"382","3/9/2024 12:00:00 AM","P-96","Purchase","German Homeopathic Store (Dr Saqib Khan)","Credit","","0","None","Hamza","210",""
"383","3/10/2024 12:00:00 AM","P-97","Purchase","Dr Asif Homeopathic Clinic & Store","Credit","","0","None","Hamza","3640",""
"384","3/10/2024 12:00:00 AM","S-280","Invoice","Counter","Cash","Cash In Hand","0","None","Hamza","450","1000"
"385","3/10/2024 12:00:00 AM","S-281","Invoice","Counter","Cash","Cash In Hand","0","None","Hamza","2940","3000"
"386","3/10/2024 12:00:00 AM","S-282","Invoice","Counter","Cash","Cash In Hand","0","None","Hamza","2500","3000"
"387","3/10/2024 12:00:00 AM","S-283","Invoice","Counter","Cash","Cash In Hand","0","None","Hamza","400","500"
"388","3/10/2024 12:00:00 AM","P-98","Purchase","NazZ Homoeo & Harbal Pharmacy ","Credit","","0","None","Hamza","125260",""
"389","3/10/2024 12:00:00 AM","P-99","Purchase","B.H.P Laboratory (PVT) LTD ","Credit","","11717","TCS","Liaqat Ali","8003",""
"390","3/10/2024 12:00:00 AM","S-284","Invoice","Counter","Cash","Cash In Hand","0","None","Hamza","300","500"
"391","3/10/2024 12:00:00 AM","S-285","Invoice","Noman Homeopathic Store","Credit","","0","None","Hamza","5830","0"
"392","3/10/2024 12:00:00 AM","S-286","Invoice","German Homeopathic Store (Dr Saqib Khan)","Credit","","0","None","Hamza","778","0"
"393","3/10/2024 12:00:00 AM","P-100","Purchase","German Homeopathic Store (Dr Saqib Khan)","Credit","","0","None","Hamza","140",""
"394","3/10/2024 12:00:00 AM","P-101","Purchase","German Homeopathic Store (Dr Saqib Khan)","Credit","","0","None","Hamza","626",""
"395","3/10/2024 12:00:00 AM","S-287","Invoice","Muslim Homoeopathic Store LPR ","Credit","","0","None","Hamza","130","0"
"396","3/10/2024 12:00:00 AM","S-288","Invoice","Ali Danish Homoeopathic Store","Credit","","0","None","Hamza","600","0"
"397","3/10/2024 12:00:00 AM","S-289","Invoice","Chand Homoeopathic Store","Credit","","0","None","Hamza","126","0"
"398","3/10/2024 12:00:00 AM","S-290","Invoice","Hassan Homeopathic Store","Credit","","0","None","Hamza","492","0"
"399","3/10/2024 12:00:00 AM","S-291","Invoice","Sufi Homeopathic Store","Credit","","0","None","Hamza","1020","0"
"400","3/10/2024 12:00:00 AM","S-292","Invoice","Shalimar Homoeo Store LPR","Credit","","0","Ali Raza By Hand","Hamza","351","0"
"401","3/10/2024 12:00:00 AM","P-102","Purchase","BM Pvt LTD","Credit","","0","TCS","Hamza","4012",""
"402","3/10/2024 12:00:00 AM","P-103","Purchase","BM Pvt LTD","Credit","","0","TCS","Liaqat Ali","6804",""
"403","3/10/2024 12:00:00 AM","S-293","Invoice","Muslim Homoeopathic Store LPR ","Credit","","0","None","Hamza","130","0"
"404","3/10/2024 12:00:00 AM","P-104","Purchase","Chand Homoeopathic Store","Credit","","0","None","Hamza","130",""
"405","3/10/2024 12:00:00 AM","P-105","Purchase","BM Pvt LTD","Credit","","11717","TCS","Liaqat Ali","16128",""
"406","3/11/2024 12:00:00 AM","S-294","Invoice","Counter","Cash","Cash In Hand","0","None","Hamza","816","1000"
"407","3/11/2024 12:00:00 AM","P-106","Purchase","BM Pvt LTD","Credit","","11717","TCS","Liaqat Ali","7434",""
"408","3/11/2024 12:00:00 AM","S-295","Invoice","Counter","Cash","Cash In Hand","0","None","Hamza","136","200"
"409","3/11/2024 12:00:00 AM","P-107","Purchase","BM Pvt LTD","Credit","","0","TCS","Liaqat Ali","8308",""
"410","3/11/2024 12:00:00 AM","S-296","Invoice","Counter","Cash","Cash In Hand","0","None","Hamza","200","200"
"411","3/11/2024 12:00:00 AM","S-297","Invoice","NazZ Homoeo & Harbal Pharmacy ","Credit","","0","None","Hamza","71500","0"
"412","3/11/2024 12:00:00 AM","P-108","Purchase","Al Sehat Homoeo/Pharma","Credit","","0","None","Hamza","99000",""
"413","3/11/2024 12:00:00 AM","S-298","Invoice","NazZ Homoeo & Harbal Pharmacy ","Credit","","0","None","Hamza","960","0"
"414","3/11/2024 12:00:00 AM","P-109","Purchase","Masood Homoeo Pharma PVT","Credit","","0","TCS","Iqbal Bhai","19250",""
"415","3/11/2024 12:00:00 AM","P-110","Purchase","Noman Homeopathic Store","Credit","","0","None","Hamza","600",""
"416","3/11/2024 12:00:00 AM","S-299","Invoice","Noman Homeopathic Store","Credit","","0","None","Hamza.","550","0"
"417","3/11/2024 12:00:00 AM","S-300","Invoice","Counter","Cash","Cash In Hand","0","None","Hamza","100","100"
"418","3/11/2024 12:00:00 AM","S-301","Invoice","Noman Homeopathic Store","Credit","","0","None","Hamza","128","0"
"419","3/11/2024 12:00:00 AM","S-302","Invoice","German Homeopathic Store (Dr Saqib Khan)","Credit","","0","None","Hamza","6653","0"
"420","3/11/2024 12:00:00 AM","S-303","Invoice","Rafay Homeopathic Store","Credit","","0","None","Hamza","919","0"
"421","3/11/2024 12:00:00 AM","S-304","Invoice","Ali Danish Homoeopathic Store","Credit","","0","None","Hamza","1032","0"
"422","3/11/2024 12:00:00 AM","S-305","Invoice","Chand Homoeopathic Store","Credit","","0","None","Hamza","488","0"
"423","3/11/2024 12:00:00 AM","S-306","Invoice","Faraz Ahmed SPO BM","Credit","","0","None","Hamza","374","0"
"424","3/11/2024 12:00:00 AM","S-307","Invoice","Sulaman Madical Store","Credit","","0","Alam Goods","Hamza","3168","0"
"425","3/11/2024 12:00:00 AM","S-308","Invoice","Counter","Cash","Cash In Hand","0","Sakeel Bhai","Hamza","190","150"
"426","3/11/2024 12:00:00 AM","P-111","Purchase","Ali Danish Homoeopathic Store","Credit","","0","None","Hamza","735",""
"427","3/11/2024 12:00:00 AM","S-309","Invoice","Ali Danish Homoeopathic Store","Credit","","0","None","Hamza","682","0"
"428","3/12/2024 12:00:00 AM","S-310","Invoice","Counter","Cash","Cash In Hand","0","None","Hamza","250","500"
"429","3/12/2024 12:00:00 AM","P-112","Purchase","BM Pvt LTD","Credit","","0","None","Hamza","15145",""
"430","3/12/2024 12:00:00 AM","S-311","Invoice","Counter","Credit","","0","None","Hamza","500","0"
"431","3/12/2024 12:00:00 AM","P-113","Purchase","Counter","Cash","Cash In Hand","0","None","Hamza","250",""
"432","3/12/2024 12:00:00 AM","P-114","Purchase","Counter","Credit","","0","None","Hamza","500",""
"433","3/12/2024 12:00:00 AM","S-312","Invoice","Counter","Cash","Cash In Hand","0","None","Hamza","500","500"
"434","3/12/2024 12:00:00 AM","S-313","Invoice","Muslim Homoeopathic Store LPR ","Credit","","0","None","Hamza","1966","0"
"435","3/12/2024 12:00:00 AM","S-314","Invoice","Faraz Ahmed SPO BM","Credit","","0","by Hand","Hamza","8820","0"
"436","3/12/2024 12:00:00 AM","S-315","Invoice","Counter","Cash","Cash In Hand","10","None","Hamza","1326","1500"
"437","3/12/2024 12:00:00 AM","P-115","Purchase","HFP Private Limited","Credit","","0","None","Hamza","3000",""
"438","3/12/2024 12:00:00 AM","S-316","Invoice","Counter","Cash","Cash In Hand","0","None","Hamza","200","500"
"439","3/12/2024 12:00:00 AM","S-317","Invoice","Muneer Medical Store","Credit","","0","by Hand Waheed Bhai","Hamza","1571","0"
"440","3/12/2024 12:00:00 AM","S-318","Invoice","Muslim Medical Store","Credit","","0","by Hand Waheed Bhai","Hamza","1500","0"
"441","3/12/2024 12:00:00 AM","S-319","Invoice","Talpur Medical Store (Jahan Mori)","Credit","","0","by Hand Waheed Bhai","Hamza","1288","0"
"442","3/12/2024 12:00:00 AM","S-320","Invoice","Wasaan Medical Store","Credit","","0","by Hand Waheed Bhai","Hamza","1440","0"
"443","3/12/2024 12:00:00 AM","S-321","Invoice","Zulfiqar (Jahan Mori)","Credit","","0","by Hand Waheed Bhai","Hamza","1972","0"
"444","3/12/2024 12:00:00 AM","S-322","Invoice","German Homeopathic Store (Dr Saqib Khan)","Credit","","0","None","Hamza","1110","0"
"445","3/12/2024 12:00:00 AM","S-323","Invoice","Ali Danish Homoeopathic Store","Credit","","0","None","Hamza","360","0"
"446","3/12/2024 12:00:00 AM","S-324","Invoice","Shalimar Homoeo Store LPR","Credit","","0","None","Hamza","351","0"
"447","3/12/2024 12:00:00 AM","S-325","Invoice","Shalimar Homoeo Store LPR","Credit","","0","None","Hamza","300","0"
"448","3/12/2024 12:00:00 AM","P-116","Purchase","Dr Asif Homeopathic Clinic & Store","Credit","","0","Faysal M ","Hamza","11535",""
"449","3/12/2024 12:00:00 AM","P-117","Purchase","Dr Asif Homeopathic Clinic & Store","Credit","","0","Faysal M ","Hamza","1512",""
"450","3/12/2024 12:00:00 AM","S-326","Invoice","Counter","Cash","Cash In Hand","0","None","Hamza","850","1000"
"451","3/12/2024 12:00:00 AM","P-118","Purchase","German Homeopathic Store (Dr Saqib Khan)","Credit","","0","None","Hamza","3200",""
"452","3/12/2024 12:00:00 AM","S-327","Invoice","Dr Asif Homeopathic Clinic & Store","Credit","","0","None","Hamza","1741","0"
"453","3/13/2024 12:00:00 AM","S-328","Invoice","Counter","Cash","Cash In Hand","0","None","Hamza","360","500"
"454","3/13/2024 12:00:00 AM","S-329","Invoice","Muslim Homoeopathic Store LPR ","Credit","","0","None","Hamza","234","0"
"455","3/13/2024 12:00:00 AM","S-330","Invoice","Waheed Bhai","Credit","","0","by Hand","Hamza","4400","0"
"456","3/13/2024 12:00:00 AM","S-331","Invoice","Noman Homeopathic Store","Credit","","0","None","Hamza","422","0"
"457","3/13/2024 12:00:00 AM","P-119","Purchase","Noman Homeopathic Store","Credit","","0","None","Hamza","422",""
"458","3/13/2024 12:00:00 AM","S-332","Invoice","Noman Homeopathic Store","Credit","","0","None","Hamza","442","0"
"459","3/14/2024 12:00:00 AM","S-333","Invoice","Rafay Homeopathic Store","Credit","","0","None","Hamza","1210","0"
"460","3/14/2024 12:00:00 AM","S-334","Invoice","Sufi Homeopathic Store","Credit","","0","None","Hamza","637","0"
"461","3/14/2024 12:00:00 AM","S-335","Invoice","Counter","Credit","","0","None","Hamza","500","0"
"462","3/14/2024 12:00:00 AM","P-120","Purchase","Counter","Credit","","0","None","Hamza","500",""
"463","3/14/2024 12:00:00 AM","P-121","Purchase","Counter","Cash","Cash In Hand","0","None","Hamza","500",""
"464","3/14/2024 12:00:00 AM","S-336","Invoice","Counter","Cash","Cash In Hand","0","None","Hamza","500","500"
"465","3/14/2024 12:00:00 AM","S-337","Invoice","Counter","Cash","Cash In Hand","0","None","Hamza","500","500"
"466","3/14/2024 12:00:00 AM","S-338","Invoice","Hamza Personal","Credit","Cash In Hand","0","None","Hamza","6500","0"
"467","3/14/2024 12:00:00 AM","P-122","Purchase","Sufi Homeopathic Store","Credit","","0","None","Hamza","255",""
"468","3/14/2024 12:00:00 AM","S-339","Invoice","Counter","Cash","Cash In Hand","0","None","Hamza","400","1000"
"469","3/14/2024 12:00:00 AM","S-340","Invoice","Counter","Cash","Cash In Hand","0","None","Hamza","120","120"
"470","3/14/2024 12:00:00 AM","S-341","Invoice","Rafay Homeopathic Store","Credit","","0","None","Hamza","128","0"
"471","3/14/2024 12:00:00 AM","S-342","Invoice","Sufi Homeopathic Store","Credit","","0","None","Hamza","128","0"
"472","3/14/2024 12:00:00 AM","P-123","Purchase","HFP Private Limited","Credit","","0","Faysal M ","Hamza","16125",""
"473","3/14/2024 12:00:00 AM","P-124","Purchase","Noman Homeopathic Store","Credit","","0","None","Hamza","150",""
"474","3/14/2024 12:00:00 AM","S-343","Invoice","Dua Homoeopathic Store ","Credit","","0","None","Hamza","468","0"
"475","3/14/2024 12:00:00 AM","S-344","Invoice","Chand Homoeopathic Store","Credit","","0","None","Hamza","125","0"
"476","3/14/2024 12:00:00 AM","S-345","Invoice","Star Homoeo Store","Credit","","0","None","Hamza","98","0"
"477","3/14/2024 12:00:00 AM","S-346","Invoice","Hassan Homeopathic Store","Credit","","0","None","Hamza","6739","0"
"478","3/14/2024 12:00:00 AM","P-125","Purchase","Hassan Homeopathic Store","Credit","","0","None","Hamza","1250",""
"479","3/14/2024 12:00:00 AM","P-126","Purchase","Hassan Homeopathic Store","Credit","","0","None","Hamza","1339",""
"480","3/14/2024 12:00:00 AM","S-347","Invoice","Hassan Homeopathic Store","Credit","","0","None","Hamza","2589","0"
"481","3/14/2024 12:00:00 AM","P-127","Purchase","German Homeopathic Store (Dr Saqib Khan)","Credit","","0","None","Hamza","150",""
"482","3/14/2024 12:00:00 AM","S-348","Invoice","German Homeopathic Store (Dr Saqib Khan)","Credit","","0","None","Hamza","91","0"
"483","3/14/2024 12:00:00 AM","S-349","Invoice","Counter","Cash","Cash In Hand","0","None","Hamza","1500","1500"
"484","3/14/2024 12:00:00 AM","S-350","Invoice","Counter","Cash","Cash In Hand","0","None","Hamza","200","200"
"485","3/16/2024 12:00:00 AM","P-128","Purchase","NP BM (Pvt.) Limited","Credit","","0","TCS","Hamza","10092",""
"486","3/16/2024 12:00:00 AM","S-351","Invoice","Counter","Cash","Cash In Hand","0","None","Hamza","450","500"
"487","3/16/2024 12:00:00 AM","S-352","Invoice","Muslim Homoeopathic Store LPR ","Credit","","0","None","Hamza","332","0"
"488","3/16/2024 12:00:00 AM","S-353","Invoice","Chand Homoeopathic Store","Credit","","0","None","Hamza","128","0"
"489","3/16/2024 12:00:00 AM","S-354","Invoice","Faraz Ahmed SPO BM","Credit","","0","None","Hamza","468","0"
"490","3/16/2024 12:00:00 AM","S-355","Invoice","Counter","Cash","Cash In Hand","0","None","Hamza","150","200"
"491","3/16/2024 12:00:00 AM","S-356","Invoice","Counter","Cash","Cash In Hand","0","None","Ali Raza","200","200"
"492","3/16/2024 12:00:00 AM","S-357","Invoice","Noman Homeopathic Store","Credit","","0","None","Hamza","1562","0"
"493","3/16/2024 12:00:00 AM","S-358","Invoice","Shalimar Homoeo Store LPR","Credit","","0","None","Hamza","100","0"
"494","3/16/2024 12:00:00 AM","S-359","Invoice","Counter","Cash","Cash In Hand","0","None","Hamza","1000","1000"
"495","3/16/2024 12:00:00 AM","P-129","Purchase","Shalimar Homoeo Store LPR","Credit","","0","None","Hamza","100",""
"496","3/16/2024 12:00:00 AM","P-130","Purchase","Hassan Homeopathic Store","Credit","","0","None","Hamza","101",""
"497","3/16/2024 12:00:00 AM","S-360","Invoice","Hassan Homeopathic Store","Credit","","0","None","Hamza","255","0"
"498","3/16/2024 12:00:00 AM","S-361","Invoice","Counter","Cash","Cash In Hand","0","None","Hamza","200","200"
"499","3/16/2024 12:00:00 AM","S-362","Invoice","Rafay Homeopathic Store","Credit","","0","None","Hamza","128","0"
"500","3/16/2024 12:00:00 AM","P-131","Purchase","Masood Homoeo Pharma PVT","Credit","","0","TCS","Iqbal Bhai","7784",""
"501","3/17/2024 12:00:00 AM","S-363","Invoice","Counter","Cash","Cash In Hand","0","None","Hamza","150","500"
"502","3/17/2024 12:00:00 AM","P-132","Purchase","Hassan Homeopathic Store","Credit","","0","None","Hamza","5400",""
"503","3/17/2024 12:00:00 AM","S-364","Invoice","Counter","Cash","Cash In Hand","0","None","Hamza","400","500"
"504","3/17/2024 12:00:00 AM","S-365","Invoice","Dr.Anwer Khan Khanoot","Credit","","0","by Hand Waheed Bhai","Hamza","9419","0"
"505","3/17/2024 12:00:00 AM","P-133","Purchase","Waheed Bhai","Credit","","0","None","Hamza","4400",""
"506","3/17/2024 12:00:00 AM","S-366","Invoice","Waheed Bhai","Credit","","0","None","Hamza","3600","0"
"507","3/17/2024 12:00:00 AM","S-367","Invoice","Star Homoeo Store","Credit","","0","None","Hamza","102","0"
"508","3/17/2024 12:00:00 AM","S-368","Invoice","Noman Homeopathic Store","Credit","","0","None","Hamza","395","0"
"509","3/17/2024 12:00:00 AM","S-369","Invoice","German Homeopathic Store (Dr Saqib Khan)","Credit","","0","None","Hamza","2139","0"
"510","3/17/2024 12:00:00 AM","S-370","Invoice","Counter","Cash","Cash In Hand","0","None","Hamza","450","500"
"511","3/17/2024 12:00:00 AM","S-371","Invoice","Bilal Homoeopathic Store","Credit","","0","None","Hamza","1612","0"
"512","3/17/2024 12:00:00 AM","P-134","Purchase","German Homeopathic Store (Dr Saqib Khan)","Credit","","0","None","Hamza","980",""
"513","3/17/2024 12:00:00 AM","P-135","Purchase","Counter","Cash","Cash In Hand","0","None","Hamza","90",""
"514","3/17/2024 12:00:00 AM","S-372","Invoice","Counter","Cash","Cash In Hand","0","None","Hamza","90","100"
"515","3/18/2024 12:00:00 AM","P-136","Purchase","BM Pvt LTD","Credit","","0","None","Hamza","7500",""
"516","3/18/2024 12:00:00 AM","S-373","Invoice","Counter","Cash","Cash In Hand","0","None","Hamza","400","500"
"517","3/18/2024 12:00:00 AM","P-137","Purchase","BLOSSOM ","Credit","","56940 / 56943","Aktar & Brothers","Hamza","25133",""
"518","3/18/2024 12:00:00 AM","P-138","Purchase","Counter","Cash","Cash In Hand","0","None","Hamza","192",""
"519","3/18/2024 12:00:00 AM","S-374","Invoice","Counter","Cash","Cash In Hand","0","None","Hamza","384","400"
"520","3/18/2024 12:00:00 AM","S-375","Invoice","German Homeopathic Store (Dr Saqib Khan)","Credit","","0","None","Hamza","564","0"
"521","3/18/2024 12:00:00 AM","S-376","Invoice","Noman Homeopathic Store","Credit","","0","None","Hamza","1334","0"
"522","3/18/2024 12:00:00 AM","S-377","Invoice","Rafay Homeopathic Store","Credit","","0","None","Hamza","1000","0"
"523","3/18/2024 12:00:00 AM","P-139","Purchase","German Homeopathic Store (Dr Saqib Khan)","Credit","","0","None","Hamza","450",""
"524","3/18/2024 12:00:00 AM","P-140","Purchase","BM Pvt LTD","Credit","","0","TCS","Taj ud din","26537",""
"525","3/18/2024 12:00:00 AM","S-378","Invoice","Counter","Cash","Cash In Hand","0","None","Hamza","400","500"
"526","3/19/2024 12:00:00 AM","P-141","Purchase","B.H.P Laboratory (PVT) LTD ","Credit","","0","None","Hamza","19800",""
"527","3/19/2024 12:00:00 AM","S-379","Invoice","Counter","Cash","Cash In Hand","0","None","Hamza","500","1000"
"528","3/19/2024 12:00:00 AM","S-380","Invoice","H/Dr.Irfan (T.A)","Cash","Cash In Hand","0","by Hand","Hamza","2219","2220"
"529","3/19/2024 12:00:00 AM","S-381","Invoice","Muslim Homoeopathic Store LPR ","Credit","","0","None","kashif","429","0"
"530","3/19/2024 12:00:00 AM","S-382","Invoice","Dr Akram Malik Shahdadpure","Credit","","0","None","Hamza","3879","0"
"531","3/19/2024 12:00:00 AM","S-383","Invoice","Counter","Cash","Cash In Hand","0","None","Hamza","2135","2150"
"532","3/19/2024 12:00:00 AM","P-142","Purchase","German Homeopathic Store (Dr Saqib Khan)","Credit","","0","None","Hamza","756",""
"533","3/19/2024 12:00:00 AM","P-143","Purchase","Noman Homeopathic Store","Credit","","0","None","Hamza","227",""
"534","3/19/2024 12:00:00 AM","S-384","Invoice","No.","Credit","","0","None","Hamza","227","0"
"535","3/19/2024 12:00:00 AM","S-385","Invoice","Noman Homeopathic Store","Credit","","0","None","Hamza","227","0"
"536","3/19/2024 12:00:00 AM","S-386","Invoice","German Homeopathic Store (Dr Saqib Khan)","Credit","","0","None","Hamza","2926","0"
"537","3/19/2024 12:00:00 AM","S-387","Invoice","Star Homoeo Store","Credit","","0","None","Hamza","84","0"
"538","3/19/2024 12:00:00 AM","S-388","Invoice","Hassan Homeopathic Store","Credit","","0","None","Hamza","416","0"
"539","3/19/2024 12:00:00 AM","P-144","Purchase","BM Pvt LTD","Credit","","0","TCS","Taj ud din","61543",""
"540","3/19/2024 12:00:00 AM","S-389","Invoice","Counter","Cash","Cash In Hand","0","None","Hamza","1020","5000"
"541","3/19/2024 12:00:00 AM","P-145","Purchase","BM Pvt LTD","Credit","","0","TCS","Taj ud din","31471",""
"542","3/19/2024 12:00:00 AM","P-146","Purchase","Hassan Homeopathic Store","Credit","","0","None","Hamza","452",""
"543","3/19/2024 12:00:00 AM","S-390","Invoice","Counter","Cash","Cash In Hand","0","Non.","Hamza","150","150"
"544","3/20/2024 12:00:00 AM","S-391","Invoice","Dr Asif Blossom","Credit","","0","by Hand","Hamza","2820","0"
"545","3/20/2024 12:00:00 AM","S-392","Invoice","Counter","Cash","Cash In Hand","0","None","Hamza","1914","2000"
"546","3/20/2024 12:00:00 AM","S-393","Invoice","Counter","Cash","Cash In Hand","0","None","Hamza","120","120"
"547","3/20/2024 12:00:00 AM","S-394","Invoice","Faraz Ahmed SPO BM","Credit","","0","by Hand Fraz Bhai","Hamza","2250","0"
"548","3/20/2024 12:00:00 AM","P-147","Purchase","BM Pvt LTD","Credit","","0","TCS","Taj ud din","36608",""
"549","3/20/2024 12:00:00 AM","P-148","Purchase","Dr Asif Homeopathic Clinic & Store","Credit","","0","None","Hamza","5000",""
"550","3/20/2024 12:00:00 AM","P-149","Purchase","HFP Private Limited","Credit","","0","None","Hamza","2600",""
"551","3/20/2024 12:00:00 AM","S-395","Invoice","Muslim Homoeopathic Store LPR ","Credit","","0","None","Hamza","240","0"
"552","3/20/2024 12:00:00 AM","P-150","Purchase","BM Pvt LTD","Credit","","0","TCS","Taj ud din","91080",""
"553","3/20/2024 12:00:00 AM","S-396","Invoice","BM Pvt LTD","Credit","","0","TCS","Taj ud din","44055","0"
"554","3/20/2024 12:00:00 AM","S-397","Invoice","Counter","Cash","Cash In Hand","0","None","Hamza","450","1000"
"555","3/20/2024 12:00:00 AM","P-151","Purchase","Contimade Traders","Credit","","5407","Super Itafaq ","M.Imran Qasim","12960",""
"556","3/20/2024 12:00:00 AM","P-152","Purchase","BM Pvt LTD","Credit","","0","TCS","Taj ud din","88110",""
"557","3/20/2024 12:00:00 AM","S-398","Invoice","Counter","Cash","Cash In Hand","0","None","Hamza","450","500"
"558","3/20/2024 12:00:00 AM","P-153","Purchase","Paul Brooks Homoeo Lab","Credit","","0","None","Hamza","4785",""
"559","3/20/2024 12:00:00 AM","S-399","Invoice","Noman Homeopathic Store","Credit","","0","None","Hamza","2329","0"
"560","3/20/2024 12:00:00 AM","S-400","Invoice","Counter","Cash","Cash In Hand","0","None","Hamza","230","250"
"561","3/20/2024 12:00:00 AM","S-401","Invoice","German Homeopathic Store (Dr Saqib Khan)","Credit","","0","None","Hamza","1374","0"
"562","3/20/2024 12:00:00 AM","S-402","Invoice","Rafay Homeopathic Store","Credit","","0","None","Hamza","3300","0"
"563","3/20/2024 12:00:00 AM","P-154","Purchase","Rafay Homeopathic Store","Credit","","0","None","Hamza","3300",""
"564","3/20/2024 12:00:00 AM","S-403","Invoice","Rafay Homeopathic Store","Credit","","0","None","Hamza","3084","0"
"565","3/20/2024 12:00:00 AM","S-404","Invoice","Rafay Homeopathic Store","Credit","","0","None","Hamza","600","0"
"566","3/20/2024 12:00:00 AM","P-155","Purchase","Rafay Homeopathic Store","Credit","","0","None","Hamza","600",""
"567","3/20/2024 12:00:00 AM","P-156","Purchase","German Homeopathic Store (Dr Saqib Khan)","Credit","","0","None","Hamza","94",""
"568","3/20/2024 12:00:00 AM","P-157","Purchase","BM Pvt LTD","Credit","","0","None","Taj ud din","15489",""
"569","3/20/2024 12:00:00 AM","P-158","Purchase","BM Pvt LTD","Credit","","0","TCS","Taj ud din","1618",""
"570","3/20/2024 12:00:00 AM","S-405","Invoice","Counter","Cash","Cash In Hand","0","None","Hamza","400","400"
"571","3/21/2024 12:00:00 AM","S-406","Invoice","Faraz Ahmed SPO BM","Credit","","0","by Hand Fraz Bhai","Hamza","3102","0"
"572","3/21/2024 12:00:00 AM","S-407","Invoice","Counter","Cash","Cash In Hand","0","None","Hamza","250","250"
"573","3/21/2024 12:00:00 AM","S-408","Invoice","Counter","Cash","Cash In Hand","0","None","Hamza","150","150"
"574","3/21/2024 12:00:00 AM","S-409","Invoice","Noman Homeopathic Store","Credit","","0","None","Hamza","584","0"
"575","3/21/2024 12:00:00 AM","S-410","Invoice","German Homeopathic Store (Dr Saqib Khan)","Credit","","0","None","Hamza","632","0"
"576","3/21/2024 12:00:00 AM","S-411","Invoice","Rafay Homeopathic Store","Credit","","0","None","Hamza","384","0"
"577","3/21/2024 12:00:00 AM","S-412","Invoice","Hassan Homeopathic Store","Credit","","0","None","Hamza","1786","0"
"578","3/21/2024 12:00:00 AM","P-159","Purchase","BLOSSOM ","Credit","","5970","New Pak Azad Goods","Dr Asif Ali","6125",""
"579","3/21/2024 12:00:00 AM","S-413","Invoice","Counter","Cash","Cash In Hand","0","None","Hamza","830","1000"
"580","3/21/2024 12:00:00 AM","P-160","Purchase","Contimade Traders","Credit","","1917","Ghaffar Azim GOODS","M.Imran Qasim","10524",""
"581","3/21/2024 12:00:00 AM","P-161","Purchase","Dr Asif Homeopathic Clinic & Store","Credit","","0","None","Hamza","4320",""
"582","3/21/2024 12:00:00 AM","S-414","Invoice","Counter","Cash","Cash In Hand","0","None","Hamza","700","1000"
"583","3/23/2024 12:00:00 AM","S-415","Invoice","Counter","Cash","Cash In Hand","0","None","Hamza","280","1000"
"584","3/23/2024 12:00:00 AM","S-416","Invoice","Counter","Cash","Cash In Hand","0","None","Hamza","1250","120"
"585","3/23/2024 12:00:00 AM","P-162","Purchase","Dr Asif Homeopathic Clinic & Store","Credit","","0","None","Hamza","3589",""
"586","3/23/2024 12:00:00 AM","S-417","Invoice","Counter","Cash","Cash In Hand","0","None","Hamza","468","470"
"587","3/23/2024 12:00:00 AM","S-418","Invoice","Muslim Homoeopathic Store LPR ","Credit","","0","None","Hamza","1691","0"
"588","3/23/2024 12:00:00 AM","S-419","Invoice","Counter","Cash","Cash In Hand","0","None","Hamza","450","550"
"589","3/23/2024 12:00:00 AM","S-420","Invoice","Dua Homoeopathic Store ","Credit","","0","None","Hamza","240","0"
"590","3/23/2024 12:00:00 AM","S-421","Invoice","German Homeopathic Store (Dr Saqib Khan)","Credit","","0","None","Hamza","3130","0"
"591","3/23/2024 12:00:00 AM","P-163","Purchase","Counter","Cash","Cash In Hand","0","None","Hamza","180",""
"592","3/23/2024 12:00:00 AM","S-422","Invoice","Rafay Homeopathic Store","Credit","","0","None","Hamza","770","0"
"593","3/23/2024 12:00:00 AM","S-423","Invoice","Hassan Homeopathic Store","Credit","Cash In Hand","0","None","Hamza","256","0"
"594","3/23/2024 12:00:00 AM","P-164","Purchase","Noman Homeopathic Store","Credit","","0","None","Hamza","96",""
"595","3/23/2024 12:00:00 AM","P-165","Purchase","Rafay Homeopathic Store","Credit","","0","None","Hamza","770",""
"596","3/23/2024 12:00:00 AM","S-424","Invoice","Counter","Cash","Cash In Hand","0","None","Hamza","1300","1500"
"597","3/23/2024 12:00:00 AM","P-166","Purchase","Dua Homoeopathic Store ","Credit","","0","None","Hamza","240",""
"598","3/23/2024 12:00:00 AM","S-425","Invoice","Dua Homoeopathic Store ","Cash","Cash In Hand","0","None","Hamza","224","224"
"599","3/23/2024 12:00:00 AM","S-426","Invoice","Rafay Homeopathic Store","Credit","","0","None","Hamza","187","0"
"600","3/23/2024 12:00:00 AM","P-167","Purchase","Counter","Credit","","0","None","Hamza","187",""
"601","3/23/2024 12:00:00 AM","P-168","Purchase","Rafay Homeopathic Store","Credit","","0","None","Hamza","187",""
"602","3/23/2024 12:00:00 AM","S-427","Invoice","Counter","Cash","Cash In Hand","0","None","Hamza","750","750"
"603","3/23/2024 12:00:00 AM","S-428","Invoice","Counter","Cash","Cash In Hand","0","None","Hamza","130","130"
"604","3/23/2024 12:00:00 AM","S-429","Invoice","German Homeopathic Store (Dr Saqib Khan)","Credit","","0","None","Hamza","114","0"
"605","3/23/2024 12:00:00 AM","P-169","Purchase","German Homeopathic Store (Dr Saqib Khan)","Credit","","0","None","Hamza","3130",""
"606","3/23/2024 12:00:00 AM","S-430","Invoice","German Homeopathic Store (Dr Saqib Khan)","Credit","","0","None","Hamza","3130","0"
"607","3/24/2024 12:00:00 AM","S-431","Invoice","Counter","Cash","Cash In Hand","0","None","Hamza","270","270"
"608","3/24/2024 12:00:00 AM","P-170","Purchase","BLOSSOM ","Credit","","35967","Aktar & Brothers","Dr Asif Ali","6758",""
"609","3/24/2024 12:00:00 AM","S-432","Invoice","Counter","Cash","Cash In Hand","0","None","Hamza","200","200"
"610","3/24/2024 12:00:00 AM","S-433","Invoice","Faraz Ahmed SPO BM","Credit","","0","None","Hamza","270","0"
"611","3/24/2024 12:00:00 AM","S-434","Invoice","Counter","Cash","Cash In Hand","0","None","Hamza","1200","1200"
"612","3/24/2024 12:00:00 AM","S-435","Invoice","Dr Asif Homeopathic Clinic & Store","Credit","","0","Faysal M ","Hamza","5250","0"
"613","3/24/2024 12:00:00 AM","S-436","Invoice","Counter","Cash","Cash In Hand","0","None","Hamza","860","1000"
"614","3/24/2024 12:00:00 AM","S-437","Invoice","L/Dr Najma Bloch ","Credit","","0","None","Hazma","1080","0"
"615","3/24/2024 12:00:00 AM","S-438","Invoice","Muslim Homoeopathic Store LPR ","Credit","","0","None","Hamza","117","0"
"616","3/24/2024 12:00:00 AM","P-171","Purchase","Muslim Homoeopathic Store LPR ","Credit","","0","None","Hamza","255",""
"617","3/24/2024 12:00:00 AM","S-439","Invoice","Muslim Homoeopathic Store LPR ","Credit","","0","None","Hamza","255","0"
"618","3/24/2024 12:00:00 AM","S-440","Invoice","Counter","Cash","Cash In Hand","0","None","Hamza","130","1000"
"619","3/24/2024 12:00:00 AM","P-172","Purchase","Counter","Cash","Cash In Hand","0","None","Hamza","130",""
"620","3/24/2024 12:00:00 AM","S-441","Invoice","Counter","Cash","Cash In Hand","0","None","Hamza","100","100"
"621","3/24/2024 12:00:00 AM","S-442","Invoice","Hassan Homeopathic Store","Credit","","0","None","Hamza","416","0"
"622","3/24/2024 12:00:00 AM","S-443","Invoice","Noman Homeopathic Store","Credit","","0","None","Hamza","1383","0"
"623","3/24/2024 12:00:00 AM","S-444","Invoice","Counter","Cash","Cash In Hand","0","None","Hamza","700","700"
"624","3/24/2024 12:00:00 AM","S-445","Invoice","German Homeopathic Store (Dr Saqib Khan)","Credit","","0","None","Hamza","446","0"
"625","3/24/2024 12:00:00 AM","S-446","Invoice","Tawaqal Homoeopathic Store","Credit","","0","None","Hamza","244","0"
"626","3/24/2024 12:00:00 AM","S-447","Invoice","Counter","Cash","Cash In Hand","0","None","Hamza","1050","1050"
"627","3/24/2024 12:00:00 AM","S-448","Invoice","Counter","Cash","Cash In Hand","0","None","Hamza","800","1000"
"628","3/24/2024 12:00:00 AM","S-449","Invoice","Rafay Homeopathic Store","Credit","","0","None","Hamza","996","0"
"629","3/24/2024 12:00:00 AM","P-173","Purchase","German Homeopathic Store (Dr Saqib Khan)","Credit","","0","None","Hamza","784",""
"630","3/24/2024 12:00:00 AM","S-450","Invoice","German Homeopathic Store (Dr Saqib Khan)","Credit","","0","None","Hamza","88","0"
"631","3/24/2024 12:00:00 AM","S-451","Invoice","Hassan Homeopathic Store","Credit","","0","None","Hamza","416","0"
"632","3/24/2024 12:00:00 AM","S-452","Invoice","Noman Homeopathic Store","Credit","","0","None","Hamza","288","0"
"633","3/25/2024 12:00:00 AM","S-453","Invoice","Counter","Cash","Cash In Hand","0","None","Hamza","500","500"
"634","3/25/2024 12:00:00 AM","S-454","Invoice","Counter","Cash","Cash In Hand","0","None","Hamza","150","150"
"635","3/25/2024 12:00:00 AM","S-455","Invoice","Counter","Cash","Cash In Hand","0","None","Hamza","200","200"
"636","3/25/2024 12:00:00 AM","S-456","Invoice","Dr Aftab Ahmed","Credit","","0","None","Hamza","12870","0"
"637","3/25/2024 12:00:00 AM","P-174","Purchase","Counter","Cash","Cash In Hand","0","None","Hamza","200",""
"638","3/25/2024 12:00:00 AM","S-457","Invoice","Counter","Cash","Cash In Hand","0","None","Hamza","170","170"
"639","3/25/2024 12:00:00 AM","S-458","Invoice","Counter","Cash","Cash In Hand","0","None","Hamza","400","400"
"640","3/25/2024 12:00:00 AM","S-459","Invoice","Counter","Cash","Cash In Hand","0","None","Hamza","260","260"
"641","3/25/2024 12:00:00 AM","S-460","Invoice","Counter","Credit","","0","None","Hamza","396","0"
"642","3/25/2024 12:00:00 AM","S-461","Invoice","Muslim Homoeopathic Store LPR ","Credit","","0","None","Hamza","396","0"
"643","3/25/2024 12:00:00 AM","P-175","Purchase","Counter","Credit","","0","None","Hamza","396",""
"644","3/25/2024 12:00:00 AM","S-462","Invoice","Noman Homeopathic Store","Credit","","0","None","Hamza","1458","0"
"645","3/25/2024 12:00:00 AM","S-463","Invoice","Counter","Cash","Cash In Hand","0","None","Hamza","180","200"
"646","3/25/2024 12:00:00 AM","S-464","Invoice","Faraz Ahmed SPO BM","Credit","","0","None","Hamza","770","0"
"647","3/25/2024 12:00:00 AM","S-465","Invoice","German Homeopathic Store (Dr Saqib Khan)","Credit","","0","None","Hamza","227","0"
"648","3/25/2024 12:00:00 AM","S-466","Invoice","Sufi Homeopathic Store","Credit","","0","None","Hamza","128","0"
"649","3/25/2024 12:00:00 AM","S-467","Invoice","Counter","Cash","Cash In Hand","0","None","Hamza","550","600"
"650","3/25/2024 12:00:00 AM","S-468","Invoice","H/Dr.Irfan (T.A)","Cash","Cash In Hand","0","None","Hamza","1300","1300"
"651","3/25/2024 12:00:00 AM","S-469","Invoice","Contimade Traders","Cash","Cash In Hand","0","None","Hamza","480","500"
"652","3/25/2024 12:00:00 AM","S-470","Invoice","Counter","Cash","Cash In Hand","0","None","Hamza","192","200"
"653","3/26/2024 12:00:00 AM","S-471","Invoice","Counter","Cash","Cash In Hand","0","None","Hamza","200","200"
"654","3/26/2024 12:00:00 AM","S-472","Invoice","Counter","Cash","Cash In Hand","0","None","Hamza","500","500"
"655","3/26/2024 12:00:00 AM","S-473","Invoice","Counter","Cash","Cash In Hand","0","None","Hamza","200","200"
"656","3/26/2024 12:00:00 AM","S-474","Invoice","Counter","Cash","Cash In Hand","0","None","Hamza","1600","1600"
"657","3/26/2024 12:00:00 AM","S-475","Invoice","Sufi Homeopathic Store","Credit","","0","None","Hamza","128","0"
"658","3/26/2024 12:00:00 AM","S-476","Invoice","Muslim Homoeopathic Store LPR ","Credit","","0","None","Hamza","94","0"
"659","3/26/2024 12:00:00 AM","S-477","Invoice","Dr Asif Homeopathic Clinic & Store","Credit","","0","Faysal M ","Hamza","4165","0"
"660","3/26/2024 12:00:00 AM","S-478","Invoice","Noman Homeopathic Store","Credit","","0","None","Hamza","435","0"
"661","3/26/2024 12:00:00 AM","S-479","Invoice","Counter","Cash","Cash In Hand","0","None","Hamza","140","140"
"662","3/26/2024 12:00:00 AM","S-480","Invoice","Chand Homoeopathic Store","Credit","","0","None","Hamza","275","0"
"663","3/26/2024 12:00:00 AM","P-176","Purchase","Sufi Homeopathic Store","Credit","","0","None","Hamza","128",""
"664","3/26/2024 12:00:00 AM","P-177","Purchase","Chand Homoeopathic Store","Credit","","0","None","Hamza","275",""
"665","3/26/2024 12:00:00 AM","S-481","Invoice","Chand Homoeopathic Store","Credit","","0","None","Hamza","275","0"
"666","3/26/2024 12:00:00 AM","P-178","Purchase","German Homeopathic Store (Dr Saqib Khan)","Credit","","0","None","Hamza","227",""
"667","3/26/2024 12:00:00 AM","S-482","Invoice","German Homeopathic Store (Dr Saqib Khan)","Credit","","0","None","Hamza","552","0"
"668","3/26/2024 12:00:00 AM","S-483","Invoice","Noman Homeopathic Store","Credit","","0","None","Hamza","300","0"
"669","3/26/2024 12:00:00 AM","S-484","Invoice","German Homeopathic Store (Dr Saqib Khan)","Credit","","0","None","Hamza","192","0"
"670","3/26/2024 12:00:00 AM","S-485","Invoice","Hassan Homeopathic Store","Credit","","0","None","Hamza","1050","0"
"671","3/27/2024 12:00:00 AM","P-179","Purchase","Counter","Cash","Cash In Hand","0","None","Hamza","1610",""
"672","3/27/2024 12:00:00 AM","S-486","Invoice","Counter","Cash","Cash In Hand","0","None","Hamza","2248","2250"
"673","3/27/2024 12:00:00 AM","S-487","Invoice","Counter","Cash","Cash In Hand","0","None","Hamza","390","400"
"674","3/27/2024 12:00:00 AM","S-488","Invoice","Counter","Cash","Cash In Hand","0","None","Hamza","180","200"
"675","3/27/2024 12:00:00 AM","S-489","Invoice","Noman Homeopathic Store","Credit","","0","None","Hamza","1767","0"
"676","3/27/2024 12:00:00 AM","S-490","Invoice","German Homeopathic Store (Dr Saqib Khan)","Credit","","0","None","Hamza","339","0"
"677","3/27/2024 12:00:00 AM","S-491","Invoice","Rafay Homeopathic Store","Credit","","0","None","Hamza","192","0"
"678","3/27/2024 12:00:00 AM","S-492","Invoice","Kent Homoeopathic Pharmacy","Credit","","0","None","Hamza","351","0"
"679","3/27/2024 12:00:00 AM","S-493","Invoice","Bilal Homoeopathic Store","Credit","","0","None","Hamza","351","0"
"680","3/27/2024 12:00:00 AM","S-494","Invoice","Hassan Homeopathic Store","Credit","","0","None","Hamza","1914","0"
"681","3/27/2024 12:00:00 AM","S-495","Invoice","Counter","Cash","Cash In Hand","0","None","Hamza","200","200"
"682","3/27/2024 12:00:00 AM","S-496","Invoice","Counter","Cash","Cash In Hand","0","None","Hamza","1700","2000"
"683","3/28/2024 12:00:00 AM","S-497","Invoice","Faraz Ahmed SPO BM","Credit","","0","by Hand Fraz Bhai","Hamza","1470","0"
"684","3/28/2024 12:00:00 AM","S-498","Invoice","Counter","Cash","Cash In Hand","0","None","Hamza","200","200"
"685","3/28/2024 12:00:00 AM","S-499","Invoice","Pakistan H/S LPR","Credit","","0","None","Hamza","120","0"
"686","3/28/2024 12:00:00 AM","S-500","Invoice","Muslim Homoeopathic Store LPR ","Credit","","0","None","Hamza","94","0"
"687","3/28/2024 12:00:00 AM","S-501","Invoice","Counter","Cash","Cash In Hand","0","None","Hamza","5813","6000"
"688","3/28/2024 12:00:00 AM","S-502","Invoice","Counter","Cash","Cash In Hand","0","None","Hamza","1246","1250"
"689","3/28/2024 12:00:00 AM","P-180","Purchase","T.S Laboratories ","Credit","","2883","Haji Sardar","Hamza","222840",""
"690","3/28/2024 12:00:00 AM","S-503","Invoice","Hassan Homeopathic Store","Credit","","0","None","Hamza","2750","0"
"691","3/28/2024 12:00:00 AM","P-181","Purchase","German Homeopathic Store (Dr Saqib Khan)","Credit","","0","None","Hamza","1568",""
"692","3/28/2024 12:00:00 AM","P-182","Purchase","Kent Homoeopathic Pharmacy","Credit","","0","None","Hamza","351",""
"693","3/28/2024 12:00:00 AM","S-504","Invoice","Dr Asif Homeopathic Clinic & Store","Credit","","0","None","Hamza","6300","0"
"694","3/29/2024 12:00:00 AM","P-183","Purchase","Paul Brooks Homoeo Lab","Credit","","526","New Shakeel And Asif Goods","Hamza","42491",""
"695","3/29/2024 12:00:00 AM","S-505","Invoice","Dr Shabbir ","Credit","","0","None","Hamza","16380","0"
"696","3/30/2024 12:00:00 AM","S-506","Invoice","Counter","Cash","Cash In Hand","0","None","Hamza","3300","3500"
"697","3/30/2024 12:00:00 AM","S-507","Invoice","Counter","Cash","Cash In Hand","0","None","Hamza","500","500"
"698","3/30/2024 12:00:00 AM","P-184","Purchase","NP BM (Pvt.) Limited","Credit","","0","TCS","M.Waseem","3245",""
"699","3/30/2024 12:00:00 AM","S-508","Invoice","Counter","Cash","Cash In Hand","0","None","Hamza","200","500"
"700","3/30/2024 12:00:00 AM","S-509","Invoice","Counter","Cash","Cash In Hand","0","None","Hamza","1000","1000"
"701","3/30/2024 12:00:00 AM","S-510","Invoice","Counter","Cash","Cash In Hand","0","None","Hamza","350","500"
"702","3/30/2024 12:00:00 AM","S-511","Invoice","Counter","Cash","Cash In Hand","0","None","Hamza","400","500"
"703","3/30/2024 12:00:00 AM","S-512","Invoice","Counter","Cash","Cash In Hand","0","None","Hamza","950","1000"
"704","3/30/2024 12:00:00 AM","S-513","Invoice","Counter","Cash","Cash In Hand","0","None","Hamza","790","1000"
"705","3/30/2024 12:00:00 AM","P-185","Purchase","W.S Pharmacy & Research Center","Credit","","0","TCS","M.Humaiyon","150350",""
"706","3/30/2024 12:00:00 AM","S-514","Invoice","Muslim Homoeopathic Store LPR ","Credit","","0","None","Hamza","220","0"
"707","3/30/2024 12:00:00 AM","S-515","Invoice","Counter","Cash","Cash In Hand","0","None","Hamza","380","500"
"708","3/30/2024 12:00:00 AM","S-516","Invoice","Noman Homeopathic Store","Credit","","0","None","Hamza","176","0"
"709","3/30/2024 12:00:00 AM","S-517","Invoice","Rafay Homeopathic Store","Credit","","0","None","Hamza","442","0"
"710","3/30/2024 12:00:00 AM","S-518","Invoice","Chand Homoeopathic Store","Credit","","0","None","Hamza","160","0"
"711","3/30/2024 12:00:00 AM","S-519","Invoice","Pakistan H/S LPR","Credit","","0","None","Hamza","200","0"
"712","3/30/2024 12:00:00 AM","S-520","Invoice","Jameel H/S LPR","Credit","","0","None","Hamza","272","0"
"713","3/30/2024 12:00:00 AM","S-521","Invoice","Counter","Cash","Cash In Hand","0","None","Hamza","545","550"
"714","3/30/2024 12:00:00 AM","S-522","Invoice","Counter","Cash","Cash In Hand","0","None","Hamza","400","500"
"715","3/30/2024 12:00:00 AM","P-186","Purchase","Jameel H/S LPR","Credit","","0","None","Hamza","182",""
"716","3/30/2024 12:00:00 AM","S-523","Invoice","Hassan Homeopathic Store","Credit","","0","None","Hamza","2870","0"
"717","3/30/2024 12:00:00 AM","P-187","Purchase","Hassan Homeopathic Store","Credit","","0","None","Hamza","110",""
"718","3/30/2024 12:00:00 AM","S-524","Invoice","Noman Homeopathic Store","Credit","","0","None","Hamza","437","0"
"719","3/30/2024 12:00:00 AM","P-188","Purchase","Hassan Homeopathic Store","Credit","","0","None","Hamza","2358",""
"720","3/30/2024 12:00:00 AM","S-525","Invoice","Hassan Homeopathic Store","Credit","","0","None","Hamza","2238","0"
"721","3/30/2024 12:00:00 AM","P-189","Purchase","German Homeopathic Store (Dr Saqib Khan)","Credit","","0","None","Hamza","784",""
"722","3/30/2024 12:00:00 AM","S-526","Invoice","German Homeopathic Store (Dr Saqib Khan)","Credit","","0","None","Hamza","296","0"
"723","3/30/2024 12:00:00 AM","S-527","Invoice","Counter","Cash","Cash In Hand","0","None","Hamza","120","200"
"724","3/31/2024 12:00:00 AM","S-528","Invoice","Counter","Cash","Cash In Hand","0","None","Hamza","200","200"
"725","3/31/2024 12:00:00 AM","S-529","Invoice","Dr Asif Homeopathic Clinic & Store","Credit","","0","None","Hamza","199","0"
"726","3/31/2024 12:00:00 AM","S-530","Invoice","Counter","Cash","Cash In Hand","0","None","Hamza","1500","1500"
"727","3/31/2024 12:00:00 AM","S-531","Invoice","Counter","Cash","Cash In Hand","0","None","Hamza","750","1000"
"728","3/31/2024 12:00:00 AM","P-190","Purchase","Counter","Cash","Cash In Hand","0","None","Hamza","50",""
"729","3/31/2024 12:00:00 AM","S-532","Invoice","Counter","Cash","Cash In Hand","0","None","Babu","370","500"
"730","3/31/2024 12:00:00 AM","S-533","Invoice","German Homeopathic Store (Dr Saqib Khan)","Credit","","","None","Hamza","2178","0"
"731","3/31/2024 12:00:00 AM","S-534","Invoice","Chand Homoeopathic Store","Credit","","0","None","Hamza","182","0"
"732","3/31/2024 12:00:00 AM","S-535","Invoice","Hassan Homeopathic Store","Credit","","0","None","Hamza","192","0"
"733","3/31/2024 12:00:00 AM","S-536","Invoice","Counter","Cash","Cash In Hand","0","None","Hamza","730","750"
"734","3/31/2024 12:00:00 AM","S-537","Invoice","Noman Homeopathic Store","Credit","","0","None","Hamza","745","0"
"735","3/31/2024 12:00:00 AM","S-538","Invoice","Counter","Cash","Cash In Hand","0","None","Hamza","370","400"
"736","3/31/2024 12:00:00 AM","S-539","Invoice","Counter","Cash","Cash In Hand","0","None","Hamza","250","300"
"737","3/31/2024 12:00:00 AM","S-540","Invoice","Dr Zahoor T.Adam","Credit","","0","None","Hamza","12330","0"
"738","3/31/2024 12:00:00 AM","S-541","Invoice","Counter","Cash","Cash In Hand","0","None","Hamza","2000","2000"
"739","3/31/2024 12:00:00 AM","S-542","Invoice","Counter","Cash","Cash In Hand","0","None","Hamza","200","200"
"740","4/1/2024 12:00:00 AM","S-543","Invoice","Counter","Cash","Cash In Hand","0","None","Hamza","330","350"
"741","4/1/2024 12:00:00 AM","S-544","Invoice","Counter","Cash","Cash In Hand","0","None","Hamza","324","330"
"742","4/1/2024 12:00:00 AM","S-545","Invoice","Noman Homeopathic Store","Credit","","0","None","Hamza","892","0"
"743","4/1/2024 12:00:00 AM","S-546","Invoice","Hassan Homeopathic Store","Credit","","0","None","Hamza","308","0"
"744","4/1/2024 12:00:00 AM","P-191","Purchase","Hassan Homeopathic Store","Credit","","0","None","Hamza","308",""
"745","4/1/2024 12:00:00 AM","P-192","Purchase","German Homeopathic Store (Dr Saqib Khan)","Credit","","0","None","Hamza","784",""
"746","4/1/2024 12:00:00 AM","S-547","Invoice","Hassan Homeopathic Store","Credit","","0","None","Hamza","280","0"
"747","4/1/2024 12:00:00 AM","S-548","Invoice","Counter","Cash","Cash In Hand","0","None","Hamza","900","1000"
"748","4/1/2024 12:00:00 AM","S-549","Invoice","Counter","Cash","Cash In Hand","0","None","Hamza","300","300"
"749","4/1/2024 12:00:00 AM","S-550","Invoice","Counter","Cash","Cash In Hand","0","None","Hamza","500","500"
"750","4/2/2024 12:00:00 AM","S-551","Invoice","Counter","Cash","Cash In Hand","0","None","Hamza","180","200"
"751","4/2/2024 12:00:00 AM","S-552","Invoice","Counter","Cash","Cash In Hand","0","None","Hamza","220","250"
"752","4/2/2024 12:00:00 AM","S-553","Invoice","Counter","Cash","Cash In Hand","0","None","Hamza","150","150"
"753","4/2/2024 12:00:00 AM","S-554","Invoice","Counter","Cash","Cash In Hand","0","None","Hamza","150","150"
"754","4/2/2024 12:00:00 AM","S-555","Invoice","Faraz Ahmed SPO BM","Credit","","0","None","Hamza","4140","0"
"755","4/2/2024 12:00:00 AM","S-556","Invoice","Dr Akram Malik Shahdadpure","Credit","","0","None","Hamza","831","0"
"756","4/2/2024 12:00:00 AM","S-557","Invoice","Counter","Credit","","0","None","Hamza","3746","0"
"757","4/2/2024 12:00:00 AM","S-558","Invoice","Tawaqal Homoeopathic Store","Credit","","0","None","Hamza","161","0"
"758","4/2/2024 12:00:00 AM","S-559","Invoice","Rafay Homeopathic Store","Credit","","0","None","Hamza","352","0"
"759","4/2/2024 12:00:00 AM","S-560","Invoice","Noman Homeopathic Store","Credit","","0","None","Hamza","3581","0"
"760","4/2/2024 12:00:00 AM","S-561","Invoice","Noman Homeopathic Store","Credit","","0","None","Hamza","165","0"
"761","4/2/2024 12:00:00 AM","P-193","Purchase","Noman Homeopathic Store","Credit","","0","None","Hamza","330",""
"762","4/2/2024 12:00:00 AM","P-194","Purchase","Counter","Credit","","0","None","Hamza","3746",""
"763","4/2/2024 12:00:00 AM","S-562","Invoice","German Homeopathic Store (Dr Saqib Khan)","Credit","","0","None","Hamza","3700","0"
"764","4/2/2024 12:00:00 AM","S-563","Invoice","Counter","Cash","Cash In Hand","0","None","Hamza","600","1000"
"765","4/2/2024 12:00:00 AM","S-564","Invoice","Bilal Homoeopathic Store","Credit","","0","None","Hamza","1630","0"
"766","4/2/2024 12:00:00 AM","S-565","Invoice","Hassan Homeopathic Store","Credit","","0","None","Hamza","150","0"
"767","4/2/2024 12:00:00 AM","P-195","Purchase","Hassan Homeopathic Store","Credit","","0","None","Hamza","452",""
"768","4/2/2024 12:00:00 AM","S-566","Invoice","Star Homoeo Store","Credit","","0","None","Hamza","397","0"
"769","4/2/2024 12:00:00 AM","S-567","Invoice","Sindh Homeopathic Store","Credit","","0","None","Hamza","220","0"
"770","4/2/2024 12:00:00 AM","S-568","Invoice","Dr Asif Homeopathic Clinic & Store","Credit","","0","None","Hamza","4026","0"
"771","4/2/2024 12:00:00 AM","S-569","Invoice","Counter","Cash","Cash In Hand","0","None","Hamza","250","1000"
"772","4/2/2024 12:00:00 AM","S-570","Invoice","Ali Danish Homoeopathic Store","Credit","","0","None","Hamza","94","0"
"773","4/3/2024 12:00:00 AM","S-571","Invoice","Counter","Cash","Cash In Hand","0","None","Hamza","796","1000"
"774","4/3/2024 12:00:00 AM","P-196","Purchase","German Homeopathic Store (Dr Saqib Khan)","Credit","","0","None","Hamza","784",""
"775","4/3/2024 12:00:00 AM","S-572","Invoice","Counter","Cash","Cash In Hand","0","None","Hamza","900","1000"
"776","4/3/2024 12:00:00 AM","S-573","Invoice","Counter","Cash","Cash In Hand","0","None","Hamza","700","1000"
"777","4/3/2024 12:00:00 AM","P-197","Purchase","Hassan Homeopathic Store","Credit","","0","None","Hamza","452",""
"778","4/3/2024 12:00:00 AM","S-574","Invoice","Noman Homeopathic Store","Credit","","0","None","Hamza","1068","0"
"779","4/3/2024 12:00:00 AM","S-575","Invoice","Rafay Homeopathic Store","Credit","","0","None","Hamza","135","0"
"780","4/3/2024 12:00:00 AM","S-576","Invoice","Counter","Cash","Cash In Hand","0","None","Hamza","500","1000"
"781","4/3/2024 12:00:00 AM","S-577","Invoice","Baba Homoeo Store","Credit","","0","None","Hamza","140","0"
"782","4/3/2024 12:00:00 AM","P-198","Purchase","Hassan Homeopathic Store","Credit","","0","None","Hamza","452",""
"783","4/3/2024 12:00:00 AM","S-578","Invoice","Sohail Homoeo & Harbal Store","Credit","","0","None","Hamza","300","0"
"784","4/3/2024 12:00:00 AM","S-579","Invoice","Pakistan H/S LPR","Credit","","0","None","Hamza","550","0"
"785","4/3/2024 12:00:00 AM","S-580","Invoice","German Homeopathic Store (Dr Saqib Khan)","Credit","","0","None","Hamza","424","0"
"786","4/3/2024 12:00:00 AM","S-581","Invoice","Counter","Cash","Cash In Hand","0","None","Hamza","140","150"
"787","4/3/2024 12:00:00 AM","S-582","Invoice","Hassan Homeopathic Store","Credit","","0","None","Hamza","3630","0"
"788","4/3/2024 12:00:00 AM","S-583","Invoice","Hassan Homeopathic Store","Credit","","0","None","Hamza","72","0"
"789","4/3/2024 12:00:00 AM","S-584","Invoice","Baba Homoeo Store","Credit","","0","None","Hamza","60","0"
"790","4/3/2024 12:00:00 AM","S-585","Invoice","Counter","Cash","Cash In Hand","0","None","Hamza","1500","1500"
"791","4/3/2024 12:00:00 AM","S-586","Invoice","Hassan Homeopathic Store","Credit","","0","None","Hamza","192","0"
"792","4/3/2024 12:00:00 AM","S-587","Invoice","Counter","Cash","Cash In Hand","0","None","Hamza","700","1000"
"793","4/4/2024 12:00:00 AM","S-588","Invoice","Counter","Cash","Cash In Hand","0","None","Hamza","200","200"
"794","4/4/2024 12:00:00 AM","S-589","Invoice","Counter","Cash","Cantimade Traders","0","None","Hamza","170","170"
"795","4/4/2024 12:00:00 AM","S-590","Invoice","Counter","Cash","Cantimade Traders","0","None","Hamza","200","200"
"796","4/4/2024 12:00:00 AM","S-591","Invoice","Noman Homeopathic Store","Credit","","0","None","Hamza","2189","0"
"797","4/4/2024 12:00:00 AM","S-592","Invoice","Baba Homoeo Store","Credit","","0","None","Hamza","240","0"
"798","4/4/2024 12:00:00 AM","S-593","Invoice","Ali Danish Homoeopathic Store","Credit","","0","None","Hamza","354","0"
"799","4/4/2024 12:00:00 AM","S-594","Invoice","Hassan Homeopathic Store","Credit","","0","None","Hamza","695","0"
"800","4/4/2024 12:00:00 AM","S-595","Invoice","Counter","Cash","Cash In Hand","0","None","Hamza","2000","2000"
"801","4/4/2024 12:00:00 AM","S-596","Invoice","German Homeopathic Store (Dr Saqib Khan)","Credit","","0","None 0","Hamza","1575","0"
"802","4/4/2024 12:00:00 AM","S-597","Invoice","Counter","Cash","Cash In Hand","0","None","Hamza","800","800"
"803","4/6/2024 12:00:00 AM","S-598","Invoice","Counter","Cash","Cash In Hand","0","None","Hamza","3400","3500"
"804","4/6/2024 12:00:00 AM","S-599","Invoice","Counter","Cash","Cash In Hand","0","None","Hamza","500","500"
"805","4/6/2024 12:00:00 AM","S-600","Invoice","Muslim Homoeopathic Store LPR ","Credit","","0","None","Hamza","3163","0"
"806","4/6/2024 12:00:00 AM","S-601","Invoice","Counter","Cash","Cash In Hand","0","None","Hamza","600","600"
"807","4/6/2024 12:00:00 AM","P-199","Purchase","Muslim Homoeopathic Store LPR ","Credit","","0","None","Hamza","440",""
"808","4/6/2024 12:00:00 AM","S-602","Invoice","Counter","Cash","Cash In Hand","0","None","Hamza","400","400"
"809","4/6/2024 12:00:00 AM","S-603","Invoice","Dr Akram Malik Shahdadpure","Credit","","0","None","Hamza","6864","0"
"810","4/6/2024 12:00:00 AM","S-604","Invoice","Dr Akram Malik Shahdadpure","Credit","","0","None","Hamza","960","0"
"811","4/6/2024 12:00:00 AM","S-605","Invoice","Noman Homeopathic Store","Credit","","0","None","Hamza","1343","0"
"812","4/6/2024 12:00:00 AM","S-606","Invoice","Counter","Cash","Cash In Hand","0","None","Hamza","770","1000"
"813","4/6/2024 12:00:00 AM","S-607","Invoice","German Homeopathic Store (Dr Saqib Khan)","Credit","","0","None","Hamza","209","0"
"814","4/6/2024 12:00:00 AM","S-608","Invoice","Rafay Homeopathic Store","Credit","","0","None","Hamza","3027","0"
"815","4/6/2024 12:00:00 AM","S-609","Invoice","Pakistan H/S LPR","Credit","","0","None","Hamza","358","0"
"816","4/6/2024 12:00:00 AM","S-610","Invoice","Jameel H/S LPR","Credit","","0","None","Hamza","150","0"
"817","4/6/2024 12:00:00 AM","P-200","Purchase","Noman Homeopathic Store","Credit","","0","None","Hamza","600",""
"818","4/6/2024 12:00:00 AM","S-611","Invoice","Noman Homeopathic Store","Credit","","0","None","Hamza","550","0"
"819","4/6/2024 12:00:00 AM","S-612","Invoice","Hassan Homeopathic Store","Credit","","0","None","Hamza","17513","0"
"820","4/6/2024 12:00:00 AM","P-201","Purchase","Dr Asif Homeopathic Clinic & Store","Credit","","0","None","Hamza","5000",""
"821","4/6/2024 12:00:00 AM","P-202","Purchase","Dr Asif Homeopathic Clinic & Store","Credit","","0","None","Hamza","30900",""
"822","4/6/2024 12:00:00 AM","S-613","Invoice","Counter","Cash","Cash In Hand","0","None","Hamza","100","100"
"823","4/6/2024 12:00:00 AM","P-203","Purchase","German Homeopathic Store (Dr Saqib Khan)","Credit","","0","None","Hamza","209",""
"824","4/6/2024 12:00:00 AM","P-204","Purchase","Hassan Homeopathic Store","Credit","","0","None","Hamza","11917",""
"825","4/6/2024 12:00:00 AM","S-614","Invoice","Hassan Homeopathic Store","Cash","Cash In Hand","0","None","Hamza","10569","10569"
"826","4/6/2024 12:00:00 AM","S-615","Invoice","Counter","Cash","Cash In Hand","0","None","Hamza","210","210"
"827","4/6/2024 12:00:00 AM","S-616","Invoice","Counter","Cash","Cash In Hand","0","None","Hamza3.","700","1000"
"828","4/7/2024 12:00:00 AM","S-617","Invoice","H/Dr.Irfan (T.A)","Cash","Cash In Hand","0","None","Hamza","2011","2010"
"829","4/7/2024 12:00:00 AM","S-618","Invoice","Counter","Cash","Cash In Hand","0","None","Hamza","3552","5000"
"830","4/7/2024 12:00:00 AM","S-619","Invoice","Counter","Cash","Cash In Hand","0","None","Hamza","450","500"
"831","4/7/2024 12:00:00 AM","S-620","Invoice","Counter","Cash","Cash In Hand","0","None","Hamza","800","1000"
"832","4/7/2024 12:00:00 AM","S-621","Invoice","Counter","Cash","Cash In Hand","0","None","Hamza","1350","2000"
"833","4/7/2024 12:00:00 AM","P-205","Purchase","Hakeem Sikander Ameer","Credit","","2829","Ghaffar Azeem Goods","Hamza","63000",""
"834","4/7/2024 12:00:00 AM","S-622","Invoice","Noman Homeopathic Store","Credit","","0","None","Hamza","1369","0"
"835","4/7/2024 12:00:00 AM","S-623","Invoice","Mr Waheed HFP SPO","Cash","Waheed Bhai","0","N one","raza","5500","5500"
"836","4/7/2024 12:00:00 AM","S-624","Invoice","H/Dr Yousuf (Kotri)","Credit","","0","None","Hamza","24850","0"
"837","4/7/2024 12:00:00 AM","P-206","Purchase","Rafay Homeopathic Store","Credit","","0","None","Hamza","9216",""
"838","4/7/2024 12:00:00 AM","S-625","Invoice","Shalimar Homoeo Store LPR","Credit","","0","Ali Raza By Hand","Hamza","2060","0"
"839","4/7/2024 12:00:00 AM","S-626","Invoice","Bilal Homoeopathic Store","Credit","","0","None","Hamza","161","0"
"840","4/7/2024 12:00:00 AM","S-627","Invoice","Counter","Cash","Cash In Hand","0","None","Hamza","120","150"
"841","4/7/2024 12:00:00 AM","P-207","Purchase","Hassan Homeopathic Store","Credit","","0","None","Hamza","452",""
"842","4/7/2024 12:00:00 AM","P-208","Purchase","German Homeopathic Store (Dr Saqib Khan)","Credit","","0","None","Hamza","2000",""
"843","4/7/2024 12:00:00 AM","S-628","Invoice","German Homeopathic Store (Dr Saqib Khan)","Credit","","0","None","Hamza","6302","0"
"844","4/7/2024 12:00:00 AM","S-629","Invoice","Rafay Homeopathic Store","Credit","","0","None","Hamza","1957","0"
"845","4/7/2024 12:00:00 AM","S-630","Invoice","Hassan Homeopathic Store","Credit","","0","None","Hamza","420","0"
"846","4/7/2024 12:00:00 AM","P-209","Purchase","German Homeopathic Store (Dr Saqib Khan)","Cash","Cash In Hand","0","None","Hamza","102",""
"847","4/7/2024 12:00:00 AM","S-631","Invoice","Counter","Cash","Cash In Hand","0","None","Hamza","1100","1500"
"848","4/8/2024 12:00:00 AM","S-632","Invoice","Counter","Cash","Cash In Hand","0","None","Hamza","250","250"
"849","4/8/2024 12:00:00 AM","S-633","Invoice","Counter","Cash","Cash In Hand","0","None","Hamza","161","500"
"850","4/8/2024 12:00:00 AM","P-210","Purchase","German Homeopathic Store (Dr Saqib Khan)","Credit","","0","None","Hamza","2440",""
"851","4/8/2024 12:00:00 AM","S-634","Invoice","Counter","Cash","Cash In Hand","0","None","Hamza","3072","3100"
"852","4/8/2024 12:00:00 AM","S-635","Invoice","Abdul Wahab Pansar Store","Credit","","0","None","Hamza","10770","0"
"853","4/8/2024 12:00:00 AM","S-636","Invoice","Dr Ghulam Asghar  (Pir Jo Goth)","Credit","","0","None","Hamza","15100","0"
"854","4/8/2024 12:00:00 AM","P-211","Purchase","BM Pvt LTD","Credit","","0","TCS","Taj ud din","22209",""
"855","4/8/2024 12:00:00 AM","S-637","Invoice","Counter","Cash","Cash In Hand","0","None","Hamza","120","200"
"856","4/8/2024 12:00:00 AM","S-638","Invoice","Counter","Cash","Cash In Hand","0","None","Hamza","400","500"
"857","4/8/2024 12:00:00 AM","S-639","Invoice","Noman Homeopathic Store","Credit","","0","None","Hamza","841","0"
"858","4/8/2024 12:00:00 AM","S-640","Invoice","Faraz Ahmed SPO BM","Credit","","0","by Hand Fraz Bhai","Hamza","456","0"
"859","4/8/2024 12:00:00 AM","S-641","Invoice","Rafay Homeopathic Store","Credit","","0","None","Hamza","1392","0"
"860","4/8/2024 12:00:00 AM","S-642","Invoice","Baba Homoeo Store","Credit","","0","None","Hamza","175","0"
"861","4/8/2024 12:00:00 AM","S-643","Invoice","Muslim Homoeopathic Store LPR ","Credit","","0","None","Hamza","302","0"
"862","4/8/2024 12:00:00 AM","S-644","Invoice","Sohail Homoeo & Harbal Store","Credit","","0","None","Hamza","618","0"
"863","4/8/2024 12:00:00 AM","S-645","Invoice","Sheroze H/S Muzzamil ","Credit","","0","None","Hamza","845","0"
"864","4/8/2024 12:00:00 AM","S-646","Invoice","Jameel H/S LPR","Credit","","0","None","Hamza","585","0"
"865","4/8/2024 12:00:00 AM","S-647","Invoice","Counter","Cash","Cash In Hand","0","None","Hamza","300","500"
"866","4/8/2024 12:00:00 AM","P-212","Purchase","Rafay Homeopathic Store","Credit","","0","None","Hamza","720",""
"867","4/8/2024 12:00:00 AM","S-648","Invoice","Rafay Homeopathic Store","Credit","","0","None","Hamza","576","0"
"868","4/8/2024 12:00:00 AM","S-649","Invoice","German Homeopathic Store (Dr Saqib Khan)","Credit","","0","None","Hamza","450","0"
"869","4/8/2024 12:00:00 AM","P-213","Purchase","Sohail Homoeo & Harbal Store","Credit","","0","None","Hamza","390",""
"870","4/8/2024 12:00:00 AM","S-650","Invoice","Sohail Homoeo & Harbal Store","Credit","","0","None","Hamza","360","0"
"871","4/8/2024 12:00:00 AM","S-651","Invoice","Counter","Cash","Cash In Hand","0","None","Hamza","600","1000"
"872","4/8/2024 12:00:00 AM","S-652","Invoice","Counter","Cash","Cash In Hand","0","None","Hamza","600","1000"
"873","4/8/2024 12:00:00 AM","P-214","Purchase","Counter","Cash","Cash In Hand","0","None","Hamza","600",""
"874","4/8/2024 12:00:00 AM","P-215","Purchase","German Homeopathic Store (Dr Saqib Khan)","Credit","","0","None","Hamza","214",""
"875","4/8/2024 12:00:00 AM","S-653","Invoice","Counter","Cash","Cash In Hand","0","None","Hamza","390","1000"
"876","4/9/2024 12:00:00 AM","S-654","Invoice","Waheed Bhai","Cash","Cash In Hand","0","None","Hamza","1100","1100"
"877","4/9/2024 12:00:00 AM","S-655","Invoice","Waheed Bhai","Credit","","0","None","Hamza","5500","0"
"878","4/9/2024 12:00:00 AM","S-656","Invoice","Counter","Cash","Cash In Hand","0","None","Hamza","400","500"
"879","4/9/2024 12:00:00 AM","S-657","Invoice","Counter","Cash","Cash In Hand","0","None","Hamza","500","500"
"880","4/9/2024 12:00:00 AM","S-658","Invoice","Counter","Cash","Cash In Hand","0","None","Hamza","950","1000"
"881","4/9/2024 12:00:00 AM","S-659","Invoice","Counter","Cash","Cash In Hand","0","None","Hamza","900","1000"
"882","4/9/2024 12:00:00 AM","S-660","Invoice","Noman Homeopathic Store","Credit","","0","None","Hamza","1578","0"
"883","4/9/2024 12:00:00 AM","S-661","Invoice","Counter","Cash","Cash In Hand","0","None","Hamza","530","550"
"884","4/9/2024 12:00:00 AM","S-662","Invoice","German Homeopathic Store (Dr Saqib Khan)","Credit","","0","None","Hamza","360","0"
"885","4/9/2024 12:00:00 AM","S-663","Invoice","Rafay Homeopathic Store","Credit","","0","None","Hamza","495","0"
"886","4/9/2024 12:00:00 AM","S-664","Invoice","Muslim Homoeopathic Store LPR ","Credit","","0","None","Hamza","446","0"
"887","4/9/2024 12:00:00 AM","P-216","Purchase","Hassan Homeopathic Store","Credit","","0","None","Hamza","452",""
"888","4/9/2024 12:00:00 AM","S-665","Invoice","Hassan Homeopathic Store","Credit","","0","None","Hamza","5500","0"
"889","4/9/2024 12:00:00 AM","P-217","Purchase","Dr Asif Homeopathic Clinic & Store","Credit","","0","Faysal M ","Hamza","5000",""
"890","4/9/2024 12:00:00 AM","P-218","Purchase","German Homeopathic Store (Dr Saqib Khan)","Credit","","0","None","Hamza","172",""
"891","4/9/2024 12:00:00 AM","S-666","Invoice","Counter","Cash","Cash In Hand","0","None","Hamza","270","500"
"892","4/13/2024 12:00:00 AM","S-667","Invoice","Counter","Cash","Cash In Hand","0","None","Hamza","370","500"
"893","4/13/2024 12:00:00 AM","P-219","Purchase","Counter","Cash","Cash In Hand","0","None","Hamza","750",""
"894","4/13/2024 12:00:00 AM","S-668","Invoice","Counter","Cash","Cash In Hand","0","None","Hamza","3570","3600"
"895","4/13/2024 12:00:00 AM","S-669","Invoice","Counter","Cash","Cash In Hand","0","None","Hamza","470","500"
"896","4/13/2024 12:00:00 AM","S-670","Invoice","Counter","Cash","Cash In Hand","0","None","Hamza","96","100"
"897","4/13/2024 12:00:00 AM","S-671","Invoice","Noman Homeopathic Store","Credit","","0","None","Hamza","4290","0"
"898","4/13/2024 12:00:00 AM","P-220","Purchase","German Homeopathic Store (Dr Saqib Khan)","Credit","","0","None","Hamza","1008",""
"899","4/13/2024 12:00:00 AM","S-672","Invoice","German Homeopathic Store (Dr Saqib Khan)","Credit","","0","None","Hamza","2820","0"
"900","4/13/2024 12:00:00 AM","S-673","Invoice","Rafay Homeopathic Store","Credit","","0","None","Hamza","576","0"
"901","4/13/2024 12:00:00 AM","S-674","Invoice","Baba Homoeo Store","Credit","","0","None","Hamza","248","0"
"902","4/13/2024 12:00:00 AM","S-675","Invoice","Bilal Homoeopathic Store","Credit","","0","None","Hamza","1008","0"
"903","4/13/2024 12:00:00 AM","S-676","Invoice","Muslim Homoeopathic Store LPR ","Credit","","0","None","Hamza","140","0"
"904","4/13/2024 12:00:00 AM","S-677","Invoice","Sohail Homoeo & Harbal Store","Credit","","0","None","Hamza","2759","0"
"905","4/13/2024 12:00:00 AM","P-221","Purchase","German Homeopathic Store (Dr Saqib Khan)","Credit","","0","None","Hamza","819",""
"906","4/13/2024 12:00:00 AM","P-222","Purchase","German Homeopathic Store (Dr Saqib Khan)","Credit","","0","None","Hamza","756",""
"907","4/13/2024 12:00:00 AM","S-678","Invoice","German Homeopathic Store (Dr Saqib Khan)","Credit","","0","None","Hamza","1512","0"
"908","4/13/2024 12:00:00 AM","S-679","Invoice","Counter","Cash","Cash In Hand","0","None","Hamza","451","500"
"909","4/14/2024 12:00:00 AM","S-680","Invoice","Counter","Cash","Cash In Hand","0","None","Hamza","480","500"
"910","4/14/2024 12:00:00 AM","S-681","Invoice","Noman Homeopathic Store","Credit","","0","None","Hamza","421","0"
"911","4/14/2024 12:00:00 AM","P-223","Purchase","Noman Homeopathic Store","Credit","","0","None","Hamza","421",""
"912","4/14/2024 12:00:00 AM","S-682","Invoice","German Homeopathic Store (Dr Saqib Khan)","Credit","","0","None","Hamza","439","0"
"913","4/14/2024 12:00:00 AM","S-683","Invoice","Rafay Homeopathic Store","Credit","","0","None","Hamza","383","0"
"914","4/14/2024 12:00:00 AM","S-684","Invoice","Pakistan H/S LPR","Credit","","0","None","Hamza","550","0"
"915","4/14/2024 12:00:00 AM","P-224","Purchase","Noman Homeopathic Store","Credit","","0","None","Hamza","110",""
"916","4/14/2024 12:00:00 AM","S-685","Invoice","Noman Homeopathic Store","Credit","","0","None","Hamza","100","0"
"917","4/14/2024 12:00:00 AM","S-686","Invoice","Muslim Homoeopathic Store LPR ","Credit","","0","None","Hamza","873","0"
"918","4/14/2024 12:00:00 AM","S-687","Invoice","Counter","Cash","Cash In Hand","0","None","Hamza","300","1000"
"919","4/15/2024 12:00:00 AM","S-688","Invoice","H/Dr.Irfan (T.A)","Cash","Cash In Hand","0","None","Hamza","550","550"
"920","4/15/2024 12:00:00 AM","S-689","Invoice","Counter","Cash","Cash In Hand","0","None","Hamza","365","365"
"921","4/15/2024 12:00:00 AM","S-690","Invoice","Counter","Cash","Cash In Hand","0","None","Hamza","1500","1500"
"922","4/15/2024 12:00:00 AM","S-691","Invoice","Noman Homeopathic Store","Credit","","0","None","Hamza","465","0"
"923","4/15/2024 12:00:00 AM","S-692","Invoice","Dua Homoeopathic Store ","Credit","","0","None","Hamza","280","0"
"924","4/15/2024 12:00:00 AM","S-693","Invoice","German Homeopathic Store (Dr Saqib Khan)","Credit","","0","None","Hamza","2397","0"
"925","4/15/2024 12:00:00 AM","S-694","Invoice","Tawaqal Homoeopathic Store","Credit","","0","None","Hamza","468","0"
"926","4/15/2024 12:00:00 AM","S-695","Invoice","Noman Homeopathic Store","Credit","","0","None","Hamza","2962","0"
"927","4/15/2024 12:00:00 AM","S-696","Invoice","Rafay Homeopathic Store","Credit","","0","None","Hamza","5106","0"
"928","4/15/2024 12:00:00 AM","S-697","Invoice","Muslim Homoeopathic Store LPR ","Credit","","0","None","Hamza","446","0"
"929","4/15/2024 12:00:00 AM","S-698","Invoice","Counter","Cash","Cash In Hand","0","None","Hamza","1000","1000"
"930","4/15/2024 12:00:00 AM","S-699","Invoice","Ali Danish Homoeopathic Store","Credit","","0","None","Hamza","94","0"
"931","4/15/2024 12:00:00 AM","S-700","Invoice","Sohail Homoeo & Harbal Store","Credit","","0","None","Hamza","427","0"
"932","4/15/2024 12:00:00 AM","S-701","Invoice","Hassan Homeopathic Store","Credit","","0","None","Hamza","9916","0"
"933","4/15/2024 12:00:00 AM","P-225","Purchase","Rafay Homeopathic Store","Credit","","0","None","Hamza","5106",""
"934","4/15/2024 12:00:00 AM","S-702","Invoice","Rafay Homeopathic Store","Credit","","0","None","Hamza","4572","0"
"935","4/15/2024 12:00:00 AM","P-226","Purchase","German Homeopathic Store (Dr Saqib Khan)","Credit","","0","None","Hamza","440",""
"936","4/15/2024 12:00:00 AM","P-227","Purchase","German Homeopathic Store (Dr Saqib Khan)","Credit","","0","None","Hamza","525",""
"937","4/15/2024 12:00:00 AM","S-703","Invoice","German Homeopathic Store (Dr Saqib Khan)","Credit","","0","None","Hamza","472","0"
"938","4/15/2024 12:00:00 AM","P-228","Purchase","Hassan Homeopathic Store","Credit","","0","None","Hamza","6715",""
"939","4/15/2024 12:00:00 AM","S-704","Invoice","Hassan Homeopathic Store","Credit","","0","None","Hamza","5855","0"
"940","4/16/2024 12:00:00 AM","S-705","Invoice","Counter","Cash","Cash In Hand","0","None","Hamza","425","450"
"941","4/16/2024 12:00:00 AM","S-706","Invoice","Noman Homeopathic Store","Credit","","0","None","Hamza","225","0"
"942","4/16/2024 12:00:00 AM","S-707","Invoice","German Homeopathic Store (Dr Saqib Khan)","Credit","","0","None","Hamza","2353","0"
"943","4/16/2024 12:00:00 AM","S-708","Invoice","Rafay Homeopathic Store","Credit","","0","None","Hamza","5672","0"
"944","4/16/2024 12:00:00 AM","S-709","Invoice","Muslim Homoeopathic Store LPR ","Credit","","0","None","Hamza","2784","0"
"945","4/16/2024 12:00:00 AM","S-710","Invoice","Hassan Homeopathic Store","Credit","","0","None","Hamza","2513","0"
"946","4/16/2024 12:00:00 AM","S-711","Invoice","Sohail Homoeo & Harbal Store","Credit","","0","None","Hamza","90","0"
"947","4/16/2024 12:00:00 AM","S-712","Invoice","Jameel H/S LPR","Credit","","0","None","Hamza","240","0"
"948","4/16/2024 12:00:00 AM","S-713","Invoice","German Homeopathic Store (Dr Saqib Khan)","Credit","","0","None","Hamza","270","0"
"949","4/17/2024 12:00:00 AM","S-714","Invoice","Counter","Cash","Cash In Hand","0","None","Hamza","300","300"
"950","4/17/2024 12:00:00 AM","S-715","Invoice","Counter","Cash","Cash In Hand","0","None","Hamza","240","250"
"951","4/17/2024 12:00:00 AM","S-716","Invoice","Counter","Cash","Cash In Hand","0","None","Hamza","899","1000"
"952","4/17/2024 12:00:00 AM","P-229","Purchase","Dr Asif Homeopathic Clinic & Store","Credit","","0","None","Hamza","7000",""
"953","4/17/2024 12:00:00 AM","S-717","Invoice","Counter","Cash","Cash In Hand","0","None","Hamza","2200","2200"
"954","4/17/2024 12:00:00 AM","S-718","Invoice","Counter","Cash","Cash In Hand","0","None","Hamza","950","1000"
"955","4/17/2024 12:00:00 AM","S-719","Invoice","Counter","Cash","Cash In Hand","0","None","Hamza","250","250"
"956","4/17/2024 12:00:00 AM","S-720","Invoice","Counter","Cash","Cash In Hand","0","None","Hamza","120","120"
"957","4/17/2024 12:00:00 AM","S-721","Invoice","Counter","Cash","Cash In Hand","0","None","Hamza","400","400"
"958","4/17/2024 12:00:00 AM","P-230","Purchase","German Homeopathic Store (Dr Saqib Khan)","Credit","","0","None","Hamza","784",""
"959","4/17/2024 12:00:00 AM","S-722","Invoice","Counter","Cash","Cash In Hand","0","None","Hamza","900","1000"
"960","4/17/2024 12:00:00 AM","S-723","Invoice","Noman Homeopathic Store","Credit","","0","None","Hamza","866","0"
"961","4/17/2024 12:00:00 AM","S-724","Invoice","Shalimar Homoeo Store LPR","Credit","","0","None","Hamza","210","0"
"962","4/17/2024 12:00:00 AM","P-231","Purchase","Rafay Homeopathic Store","Credit","","0","None","Hamza","416",""
"963","4/17/2024 12:00:00 AM","S-725","Invoice","Shalimar Homoeo Store LPR","Credit","","0","None","Hamza","420","0"
"964","4/17/2024 12:00:00 AM","S-726","Invoice","Rafay Homeopathic Store","Credit","","0","None","Hamza","3372","0"
"965","4/17/2024 12:00:00 AM","S-727","Invoice","Muslim Homoeopathic Store LPR ","Credit","","0","None","Hamza","780","0"
"966","4/17/2024 12:00:00 AM","S-728","Invoice","Ali Danish Homoeopathic Store","Credit","","0","None","Hamza","360","0"
"967","4/17/2024 12:00:00 AM","S-729","Invoice","Hassan Homeopathic Store","Credit","","0","None","Hamza","1677","0"
"968","4/17/2024 12:00:00 AM","S-730","Invoice","Star Homoeo Store","Credit","","0","None","Hamza.","170","0"
"969","4/17/2024 12:00:00 AM","S-731","Invoice","Counter","Cash","Cash In Hand","0","None","Hamza","1031","1200"
"970","4/18/2024 12:00:00 AM","S-732","Invoice","Counter","Cash","Cash In Hand","0","None","Hamza","500","500"
"971","4/18/2024 12:00:00 AM","S-733","Invoice","Counter","Cash","Cash In Hand","0","None","Hamza","150","150"
"972","4/18/2024 12:00:00 AM","S-734","Invoice","Faraz Ahmed SPO BM","Credit","","0","None","Hamza","1672","0"
"973","4/18/2024 12:00:00 AM","P-232","Purchase","Faraz Ahmed SPO BM","Credit","","0","None","Hamza","468",""
"974","4/18/2024 12:00:00 AM","S-735","Invoice","Faraz Ahmed SPO BM","Credit","","0","None","Hamza","468","0"
"975","4/18/2024 12:00:00 AM","S-736","Invoice","Counter","Cash","Cash In Hand","0","None","Hamza","2900","3000"
"976","4/18/2024 12:00:00 AM","S-737","Invoice","Makka Homoeopathic Store Nawabshah ","Cash","Cash In Hand","0","None","Hamza","2500","2500"
"977","4/18/2024 12:00:00 AM","S-738","Invoice","Noman Homeopathic Store","Credit","","0","None","Hamza","1872","0"
"978","4/18/2024 12:00:00 AM","P-233","Purchase","German Homeopathic Store (Dr Saqib Khan)","Credit","","0","None","Hamza","128",""
"979","4/18/2024 12:00:00 AM","S-739","Invoice","German Homeopathic Store (Dr Saqib Khan)","Credit","","0","None","Hamza","5630","0"
"980","4/18/2024 12:00:00 AM","S-740","Invoice","Rafay Homeopathic Store","Credit","","0","None","Hamza","1824","0"
"981","4/18/2024 12:00:00 AM","S-741","Invoice","Muslim Homoeopathic Store LPR ","Credit","","0","None","Hamza","289","0"
"982","4/18/2024 12:00:00 AM","S-742","Invoice","Chand Homoeopathic Store","Credit","","0","None","Hamza","162","0"
"983","4/18/2024 12:00:00 AM","S-743","Invoice","Hassan Homeopathic Store","Credit","","0","None","Hamza","246","0"
"984","4/18/2024 12:00:00 AM","S-744","Invoice","Sohail Homoeo & Harbal Store","Credit","","0","None","Hamza","120","0"
"985","4/18/2024 12:00:00 AM","S-745","Invoice","Shalimar Homoeo Store LPR","Credit","","0","None","Hamza","1970","0"
"986","4/18/2024 12:00:00 AM","S-746","Invoice","Jameel H/S LPR","Credit","","0","None","Hamza","94","0"
"987","4/18/2024 12:00:00 AM","S-747","Invoice","Hassan Homeopathic Store","Credit","","0","None","Hamza","752","0"
"988","4/18/2024 12:00:00 AM","P-234","Purchase","Hassan Homeopathic Store","Credit","","0","None","Hamza","752",""
"989","4/20/2024 12:00:00 AM","S-748","Invoice","Counter","Cash","Cash In Hand","0","None","Hamza","555","555"
"990","4/20/2024 12:00:00 AM","S-749","Invoice","Counter","Cash","Cash In Hand","0","None","Hamza","140","140"
"991","4/20/2024 12:00:00 AM","S-750","Invoice","Counter","Cash","Cash In Hand","0","None","Hamza","1046","1050"
"992","4/20/2024 12:00:00 AM","S-751","Invoice","Counter","Cash","Cash In Hand","0","None","Hamza","550","1000"
"993","4/20/2024 12:00:00 AM","S-752","Invoice","Dr Saleem Qazi (NAWABSHAH)","Credit","","0","None","Hamza","7224","0"
"994","4/20/2024 12:00:00 AM","S-753","Invoice","Faraz Ahmed SPO BM","Credit","","0","by Hand Fraz Bhai","Hamza","1816","0"
"995","4/20/2024 12:00:00 AM","S-754","Invoice","Abdul Wahab Pansar Store","Credit","","0","None","Hamza","8800","0"
"996","4/20/2024 12:00:00 AM","S-755","Invoice","Noman Homeopathic Store","Credit","","0","None","Hamza","2553","0"
"997","4/20/2024 12:00:00 AM","S-756","Invoice","German Homeopathic Store (Dr Saqib Khan)","Credit","","0","None","Hamza","1116","0"
"998","4/20/2024 12:00:00 AM","S-757","Invoice","Rafay Homeopathic Store","Credit","","0","None","Hamza","952","0"
"999","4/20/2024 12:00:00 AM","S-758","Invoice","Bilal Homoeopathic Store","Credit","","0","None","Hamza","420","0"
"1000","4/20/2024 12:00:00 AM","S-759","Invoice","Muslim Homoeopathic Store LPR ","Credit","","0","None","Hamza","2645","0"
"1001","4/20/2024 12:00:00 AM","S-760","Invoice","H/Dr.Irfan (T.A)","Cash","Cash In Hand","0","None","Hamza","1100","1100"
"1002","4/20/2024 12:00:00 AM","S-761","Invoice","Ali Danish Homoeopathic Store","Credit","","0","None","Hamza","446","0"
"1003","4/20/2024 12:00:00 AM","S-762","Invoice","Hassan Homeopathic Store","Credit","","0","None","Hamza","1510","0"
"1004","4/20/2024 12:00:00 AM","S-763","Invoice","Sohail Homoeo & Harbal Store","Credit","","0","None","Hamza","1575","0"
"1005","4/20/2024 12:00:00 AM","P-235","Purchase","Rafay Homeopathic Store","Credit","","0","None","Hamza","60",""
"1006","4/20/2024 12:00:00 AM","P-236","Purchase","Muneer Medical Store","Credit","","0","None","Hamza","1530",""
"1007","4/20/2024 12:00:00 AM","P-237","Purchase","Muslim Homoeopathic Store LPR ","Credit","","0","None","Hamza","1530",""
"1008","4/20/2024 12:00:00 AM","S-764","Invoice","Muneer Medical Store","Credit","","0","None","Hamza","1530","0"
"1009","4/20/2024 12:00:00 AM","P-238","Purchase","German Homeopathic Store (Dr Saqib Khan)","Credit","","0","None","Hamza","1756",""
"1010","4/20/2024 12:00:00 AM","P-239","Purchase","German Homeopathic Store (Dr Saqib Khan)","Credit","","0","None","Hamza","3900",""
"1011","4/20/2024 12:00:00 AM","S-765","Invoice","German Homeopathic Store (Dr Saqib Khan)","Credit","","0","None","Hamza","3400","0"
"1012","4/20/2024 12:00:00 AM","P-240","Purchase","Hassan Homeopathic Store","Credit","","0","None","Hamza","452",""
"1013","4/20/2024 12:00:00 AM","P-241","Purchase","Bilal Homoeopathic Store","Credit","","0","None","Hamza","210",""
"1014","4/20/2024 12:00:00 AM","S-766","Invoice","Bilal Homoeopathic Store","Credit","","0","None","Hamza","210","0"
"1015","4/20/2024 12:00:00 AM","S-767","Invoice","Counter","Cash","Cash In Hand","0","None","Hamza","450","400"
"1016","4/21/2024 12:00:00 AM","S-768","Invoice","Dr Farhad Khanoot","Credit","","0","by Hand Waheed Bhai","Hamza","2088","0"
"1017","4/21/2024 12:00:00 AM","S-769","Invoice","Dr Waqeel (KHANOOT)","Credit","","0","by Hand Waheed Bhai","Hamza","4535","0"
"1018","4/21/2024 12:00:00 AM","S-770","Invoice","Dr Waqeel (KHANOOT)","Credit","","0","by Hand Waheed Bhai","Hamza","1008","0"
"1019","4/21/2024 12:00:00 AM","S-771","Invoice","Dr Adalat Khan (Khanoot)","Credit","","0","by Hand Waheed Bhai","Hamza","4530","0"
"1020","4/21/2024 12:00:00 AM","S-772","Invoice","Dr Anwar Khan (Khanoot)","Credit","","0","None","Hamza","1122","0"
"1021","4/21/2024 12:00:00 AM","S-773","Invoice","Dr Ajaab Khan (Khanoot)","Credit","","0","by Hand Waheed Bhai","Hamza","693","0"
"1022","4/21/2024 12:00:00 AM","S-774","Invoice","Counter","Credit","","0","None","Hamza","102","0"
"1023","4/21/2024 12:00:00 AM","S-775","Invoice","Counter","Cash","Cash In Hand","0","None","Hamza","200","200"
"1024","4/21/2024 12:00:00 AM","S-776","Invoice","Counter","Cash","Cash In Hand","0","None","Hamza","102","100"
"1025","4/21/2024 12:00:00 AM","S-777","Invoice","Counter","Cash","Cash In Hand","0","None","Hamza","400","450"
"1026","4/21/2024 12:00:00 AM","S-778","Invoice","Counter","Cash","Cash In Hand","0","None","Hamza","220","250"
"1027","4/21/2024 12:00:00 AM","S-779","Invoice","Counter","Cash","Cash In Hand","0","None","Hamza","450","500"
"1028","4/21/2024 12:00:00 AM","S-780","Invoice","Counter","Cash","Cash In Hand","0","None","Hamza","100","100"
"1029","4/21/2024 12:00:00 AM","S-781","Invoice","Rahib Madical Store (Tando Bhago)","Credit","","0","None","Hamza","2150","0"
"1030","4/21/2024 12:00:00 AM","S-782","Invoice","Ali Danish Homoeopathic Store","Credit","","0","None","Hamza","824","0"
"1031","4/21/2024 12:00:00 AM","S-783","Invoice","Star Homoeo Store","Credit","","0","None","Hamza","170","0"
"1032","4/21/2024 12:00:00 AM","S-784","Invoice","Rafay Homeopathic Store","Credit","","0","None","Hamza","446","0"
"1033","4/21/2024 12:00:00 AM","S-785","Invoice","German Homeopathic Store (Dr Saqib Khan)","Credit","","0","None","Hamza","2551","0"
"1034","4/21/2024 12:00:00 AM","S-786","Invoice","Ali Danish Homoeopathic Store","Credit","","0","None","Hamza","209","0"
"1035","4/21/2024 12:00:00 AM","S-787","Invoice","Jameel H/S LPR","Credit","","0","None","Hamza","351","0"
"1036","4/21/2024 12:00:00 AM","S-788","Invoice","Hassan Homeopathic Store","Credit","","0","None","Hamza","492","0"
"1037","4/21/2024 12:00:00 AM","S-789","Invoice","Sheroze H/S Muzzamil ","Credit","","0","None","Hamza","468","0"
"1038","4/21/2024 12:00:00 AM","S-790","Invoice","Sufi Homeopathic Store","Credit","","0","None","Hamza","585","0"
"1039","4/21/2024 12:00:00 AM","S-791","Invoice","Noman Homeopathic Store","Credit","","0","None","Hamza","3053","0"
"1040","4/21/2024 12:00:00 AM","P-242","Purchase","Noman Homeopathic Store","Credit","","0","None","Hamza","192",""
"1041","4/21/2024 12:00:00 AM","P-243","Purchase","Sheroze H/S Muzzamil ","Credit","","0","None","Hamza","234",""
"1042","4/21/2024 12:00:00 AM","S-792","Invoice","Hakeem Dainsh (kunri)","Credit","","0","None","Hamza","55589","0"
"1043","4/22/2024 12:00:00 AM","S-793","Invoice","Dr Saleem Qazi (NAWABSHAH)","Credit","","0","None","Hamza","11138","0"
"1044","4/22/2024 12:00:00 AM","S-794","Invoice","Faraz Ahmed SPO BM","Credit","","","None","Hamza","2000","0"
"1045","4/22/2024 12:00:00 AM","S-795","Invoice","Faraz Ahmed SPO BM","Credit","","0","None","Hamza","5964","0"
"1046","4/22/2024 12:00:00 AM","S-796","Invoice","Bilal Homoeopathic Store","Credit","","0","None","Hamza","117","0"
"1047","4/22/2024 12:00:00 AM","S-797","Invoice","German Homeopathic Store (Dr Saqib Khan)","Credit","","0","None","Hamza","999","0"
"1048","4/22/2024 12:00:00 AM","S-798","Invoice","Hassan Homeopathic Store","Credit","","0","None","Hamza","4170","0"
"1049","4/22/2024 12:00:00 AM","S-799","Invoice","German Homeopathic Store (Dr Saqib Khan)","Credit","","0","None","Hamza","1014","0"
"1050","4/22/2024 12:00:00 AM","S-800","Invoice","Sohail Homoeo & Harbal Store","Credit","","0","None","Hamza","300","0"
"1051","4/22/2024 12:00:00 AM","S-801","Invoice","Counter","Cash","Cash In Hand","0","None","Hamza","250","250"
"1052","4/22/2024 12:00:00 AM","S-802","Invoice","Counter","Cash","Cash In Hand","0","None","Hamza","250","250"
"1053","4/22/2024 12:00:00 AM","P-244","Purchase","Counter","Cash","Cash In Hand","0","None","Hamza","500",""
"1054","4/22/2024 12:00:00 AM","P-245","Purchase","Noman Homeopathic Store","Credit","","0","None","Hamza","600",""
"1055","4/22/2024 12:00:00 AM","S-803","Invoice","Noman Homeopathic Store","Credit","","0","None","Hamza","550","0"
"1056","4/22/2024 12:00:00 AM","S-804","Invoice","Noman Homeopathic Store","Credit","","0","None","Hamza","1790","0"
"1057","4/22/2024 12:00:00 AM","S-805","Invoice","Tawaqal Homoeopathic Store","Credit","","0","None","Hamza","500","0"
"1058","4/22/2024 12:00:00 AM","S-806","Invoice","Counter","Cash","Cash In Hand","0","None","Hamza","300","300"
"1059","4/22/2024 12:00:00 AM","S-807","Invoice","Dr Jamaal Nasir (T.M.K)","Credit","","0","None","Hamza","2072","0"
"1060","4/22/2024 12:00:00 AM","P-246","Purchase","German Homeopathic Store (Dr Saqib Khan)","Credit","","0","None","Hamza","160",""
"1061","4/22/2024 12:00:00 AM","S-808","Invoice","Dr Bhagwan DazZ (RATO DERO)","Credit","","0","None","Hamza","3610","0"
"1062","4/23/2024 12:00:00 AM","S-809","Invoice","Counter","Cash","Cash In Hand","0","None","Hamza","1900","1900"
"1063","4/23/2024 12:00:00 AM","P-247","Purchase","BM Pvt LTD","Credit","","0","TCS","Taj ud din","19788",""
"1064","4/23/2024 12:00:00 AM","S-810","Invoice","Al-Haseeb Clanic (Hala)","Credit","","0","None","Hamza","2901","0"
"1065","4/23/2024 12:00:00 AM","S-811","Invoice","Counter","Cash","Cash In Hand","0","None","Hamza","200","200"
"1066","4/23/2024 12:00:00 AM","S-812","Invoice","L/Dr Najma Bloch ","Cash","Cash In Hand","0","None","Hamza","5797","5800"
"1067","4/23/2024 12:00:00 AM","P-248","Purchase","German Homeopathic Store (Dr Saqib Khan)","Credit","","0","None","Hamza","232",""
"1068","4/23/2024 12:00:00 AM","P-249","Purchase","Hassan Homeopathic Store","Credit","","0","None","Hamza","1043",""
"1069","4/23/2024 12:00:00 AM","S-813","Invoice","Faraz Ahmed SPO BM","Credit","","0","None","Hamza","1467","0"
"1070","4/23/2024 12:00:00 AM","S-814","Invoice","Rafay Homeopathic Store","Credit","","0","None","Hamza","891","0"
"1071","4/23/2024 12:00:00 AM","S-815","Invoice","German Homeopathic Store (Dr Saqib Khan)","Credit","","0","None","Hamza","4413","0"
"1072","4/23/2024 12:00:00 AM","S-816","Invoice","Hassan Homeopathic Store","Credit","","0","None","Hamza","448","0"
"1073","4/23/2024 12:00:00 AM","S-817","Invoice","Sheroze H/S Muzzamil ","Credit","","0","None","Hamza","964","0"
"1074","4/23/2024 12:00:00 AM","S-818","Invoice","Noman Homeopathic Store","Credit","","0","None","Hamza","2185","0"
"1075","4/23/2024 12:00:00 AM","S-819","Invoice","Muslim Homoeopathic Store LPR ","Credit","","0","None","Hamza","176","0"
"1076","4/23/2024 12:00:00 AM","P-250","Purchase","German Homeopathic Store (Dr Saqib Khan)","Credit","","0","None","Hamza","462",""
"1077","4/23/2024 12:00:00 AM","P-251","Purchase","German Homeopathic Store (Dr Saqib Khan)","Credit","","0","None","Hamza","3283",""
"1078","4/23/2024 12:00:00 AM","S-820","Invoice","Chand Homoeopathic Store","Credit","","0","None","Hamza","156","0"
"1079","4/23/2024 12:00:00 AM","S-821","Invoice","Muslim Homoeopathic Store LPR ","Credit","","0","None","Hamza","446","0"
"1080","4/23/2024 12:00:00 AM","P-252","Purchase","Hassan Homeopathic Store","Credit","","0","None","Hamza","96",""
"1081","4/23/2024 12:00:00 AM","S-822","Invoice","Ali Danish Homoeopathic Store","Credit","","0","None","Hamza","88","0"
"1082","4/23/2024 12:00:00 AM","P-253","Purchase","Hassan Homeopathic Store","Credit","","0","None","Hamza","500",""
"1083","4/24/2024 12:00:00 AM","P-254","Purchase","BLOSSOM ","Credit","","3184","New Pak Azad Goods","Hamza","12848",""
"1084","4/24/2024 12:00:00 AM","S-823","Invoice","Faraz Ahmed SPO BM","Credit","","0","None","Hamza","2331","0"
"1085","4/24/2024 12:00:00 AM","S-824","Invoice","Muzamil Homoeo Store (D.K.M)","Credit","","0","None","Hamza","12094","0"
"1086","4/24/2024 12:00:00 AM","S-825","Invoice","Counter","Cash","Cash In Hand","0","None","Hamza","290","300"
"1087","4/24/2024 12:00:00 AM","P-255","Purchase","Waheed Bhai","Credit","","0","None","Hamza","3600",""
"1088","4/24/2024 12:00:00 AM","S-826","Invoice","Dr Shabbir ","Credit","","0","None","Hamza","3600","0"
"1089","4/24/2024 12:00:00 AM","S-827","Invoice","Dr Shabbir ","Credit","","0","None","Hamza","11630","0"
"1090","4/24/2024 12:00:00 AM","S-828","Invoice","Rafay Homeopathic Store","Credit","","0","None","Hamza","616","0"
"1091","4/24/2024 12:00:00 AM","S-829","Invoice","German Homeopathic Store (Dr Saqib Khan)","Credit","","0","None","Hamza","3105","0"
"1092","4/24/2024 12:00:00 AM","S-830","Invoice","Hassan Homeopathic Store","Credit","","0","None","Hamza","1265","0"
"1093","4/24/2024 12:00:00 AM","S-831","Invoice","Noman Homeopathic Store","Credit","","0","None","Hamza","3256","0"
"1094","4/24/2024 12:00:00 AM","S-832","Invoice","Pakistan H/S LPR","Credit","","0","None","Hamza","105","0"
"1095","4/24/2024 12:00:00 AM","S-833","Invoice","Muslim Homoeopathic Store LPR ","Credit","","0","None","Hamza","786","0"
"1096","4/24/2024 12:00:00 AM","S-834","Invoice","Hassan Homeopathic Store","Credit","","0","None","Hamza","500","0"
"1097","4/24/2024 12:00:00 AM","P-256","Purchase","Hassan Homeopathic Store","Credit","","0","None","Hamza","452",""
"1098","4/24/2024 12:00:00 AM","P-257","Purchase","Hassan Homeopathic Store","Credit","","0","None","Hamza","1265",""
"1099","4/24/2024 12:00:00 AM","S-835","Invoice","Hassan Homeopathic Store","Credit","","0","None","Hamza","1265","0"
"1100","4/24/2024 12:00:00 AM","S-836","Invoice","Dr Dav Kumar (Odero Lal)","Credit","","0","None","Hamza","2970","0"
"1101","4/25/2024 12:00:00 AM","S-837","Invoice","Ameer M/S (TMK)","Credit","","0","None","Hamza","2133","0"
"1102","4/25/2024 12:00:00 AM","S-838","Invoice","Dr Ghulam Qadir Baloch (Ghulab Lagri)","Credit","","0","None","Hamza","5270","0"
"1103","4/25/2024 12:00:00 AM","S-839","Invoice","Panjetan Pak M/S (DKM)","Credit","","0","None","Hamza","6303","0"
"1104","4/25/2024 12:00:00 AM","S-840","Invoice","Faraz Ahmed SPO BM","Credit","","0","by Hand Fraz Bhai","Hamza","2460","0"
"1105","4/25/2024 12:00:00 AM","S-841","Invoice","Panjetan Pak M/S (DKM)","Credit","","0","None","Hamza","588","0"
"1106","4/25/2024 12:00:00 AM","P-258","Purchase","Panjetan Pak M/S (DKM)","Credit","","0","None","Hamza","262",""
"1107","4/25/2024 12:00:00 AM","S-842","Invoice","Panjetan Pak M/S (DKM)","Credit","","0","None","Hamza","225","0"
"1108","4/25/2024 12:00:00 AM","S-843","Invoice","Counter","Cash","Cash In Hand","0","None","Hamza","900","900"
"1109","4/25/2024 12:00:00 AM","S-844","Invoice","Bilal Homoeopathic Store","Credit","","0","None","Hamza","500","0"
"1110","4/25/2024 12:00:00 AM","P-259","Purchase","Panjetan Pak M/S (DKM)","Credit","","0","None","Hamza","866",""
"1111","4/25/2024 12:00:00 AM","S-845","Invoice","Panjetan Pak M/S (DKM)","Credit","","0","None","Hamza","1017","0"
"1112","4/25/2024 12:00:00 AM","S-846","Invoice","German Homeopathic Store (Dr Saqib Khan)","Credit","","0","None","Hamza","9203","0"
"1113","4/25/2024 12:00:00 AM","S-847","Invoice","Hassan Homeopathic Store","Credit","","0","None","Hamza","3422","0"
"1114","4/25/2024 12:00:00 AM","S-848","Invoice","Noman Homeopathic Store","Credit","","0","None","Hamza","1325","0"
"1115","4/25/2024 12:00:00 AM","S-849","Invoice","Shalimar Homoeo Store LPR","Credit","","0","None","Hamza","105","0"
"1116","4/25/2024 12:00:00 AM","P-260","Purchase","Counter","Cash","Cash In Hand","0","None","Hamza","900",""
"1117","4/25/2024 12:00:00 AM","P-261","Purchase","German Homeopathic Store (Dr Saqib Khan)","Credit","","0","None","Hamza","8296",""
"1118","4/25/2024 12:00:00 AM","P-262","Purchase","German Homeopathic Store (Dr Saqib Khan)","Credit","","0","None","Hamza","292",""
"1119","4/25/2024 12:00:00 AM","P-263","Purchase","German Homeopathic Store (Dr Saqib Khan)","Credit","","0","None","Hamza","465",""
"1120","4/25/2024 12:00:00 AM","S-850","Invoice","Counter","Cash","Cash In Hand","0","None","Hamza","2950","3000"
"1121","4/25/2024 12:00:00 AM","S-851","Invoice","Counter","Cash","Cash In Hand","0","None","Hamza","195","200"
"1122","4/25/2024 12:00:00 AM","S-852","Invoice","Counter","Cash","Cash In Hand","0","None","Hamza","300","300"
"1123","4/25/2024 12:00:00 AM","P-264","Purchase","Dr Asif (Investment)","Cash","Cash In Hand","0","None","Hamza","1626",""
"1124","4/25/2024 12:00:00 AM","S-853","Invoice","Counter","Cash","Cash In Hand","0","None","Hamza","900","1000"
"1125","4/25/2024 12:00:00 AM","S-854","Invoice","Counter","Cash","Cash In Hand","0","None","Hamza","2000","2000"
"1126","4/25/2024 12:00:00 AM","S-855","Invoice","Counter","Cash","Cash In Hand","0","None","Hamza","400","400"
"1127","4/27/2024 12:00:00 AM","S-856","Invoice","Bismillah Pansar (Pinjra Pol) HYD","Credit","","0","None","Hamza","5340","0"
"1128","4/27/2024 12:00:00 AM","S-857","Invoice","Gul M/S (Tando Jaam)","Credit","","0","None","Hamza","5750","0"
"1129","4/27/2024 12:00:00 AM","S-858","Invoice","Counter","Cash","Cash In Hand","0","None","Hamza","1030","1050"
"1130","4/27/2024 12:00:00 AM","S-859","Invoice","Danish Homoeo Store (Shadadpur)","Credit","","0","None","Hamza","8568","0"
"1131","4/27/2024 12:00:00 AM","S-860","Invoice","Counter","Cash","Cash In Hand","0","None","Hamza","495","500"
"1132","4/27/2024 12:00:00 AM","S-861","Invoice","Ali Danish Homoeopathic Store","Credit","","0","None","Hamza","274","0"
"1133","4/27/2024 12:00:00 AM","S-862","Invoice","German Homeopathic Store (Dr Saqib Khan)","Credit","","0","None","Hamza","6350","0"
"1134","4/27/2024 12:00:00 AM","P-265","Purchase","German Homeopathic Store (Dr Saqib Khan)","Credit","","0","None","Hamza","510",""
"1135","4/27/2024 12:00:00 AM","S-863","Invoice","Jameel H/S LPR","Credit","","0","None","Hamza","290","0"
"1136","4/27/2024 12:00:00 AM","S-864","Invoice","Hassan Homeopathic Store","Credit","","0","None","Hamza","2343","0"
"1137","4/27/2024 12:00:00 AM","S-865","Invoice","Al-Khadija Homoeo Store (HYD)","Credit","","0","None","Hamza","1000","0"
"1138","4/27/2024 12:00:00 AM","S-866","Invoice","Noman Homeopathic Store","Credit","","0","None","Hamza","8026","0"
"1139","4/27/2024 12:00:00 AM","S-867","Invoice","Muslim Homoeopathic Store LPR ","Credit","","0","None","Hamza","3257","0"
"1140","4/27/2024 12:00:00 AM","P-266","Purchase","Sindh Homeopathic Store","Cash","Cash In Hand","0","None","Hamza","796",""
"1141","4/27/2024 12:00:00 AM","S-868","Invoice","H/Dr Azger Mughal ","Credit","","0","None","Hamza","15629","0"
"1142","4/27/2024 12:00:00 AM","P-267","Purchase","Muslim Homoeopathic Store LPR ","Credit","","0","None","Hamza","180",""
"1143","4/27/2024 12:00:00 AM","P-268","Purchase","German Homeopathic Store (Dr Saqib Khan)","Credit","","0","None","Hamza","5856",""
"1144","4/27/2024 12:00:00 AM","S-869","Invoice","German Homeopathic Store (Dr Saqib Khan)","Credit","","0","None","Hamza","5828","0"
"1145","4/27/2024 12:00:00 AM","P-269","Purchase","German Homeopathic Store (Dr Saqib Khan)","Credit","","0","None","Hamza","460",""
"1146","4/27/2024 12:00:00 AM","S-870","Invoice","German Homeopathic Store (Dr Saqib Khan)","Credit","","0","None","Hamza","410","0"
"1147","4/27/2024 12:00:00 AM","S-871","Invoice","Sindh Homeopathic Store","Cash","Cash In Hand","0","None","Hamza","796","800"
"1148","4/27/2024 12:00:00 AM","P-270","Purchase","Sindh H/S Badin","Credit","","0","None","Hamza","796",""
"1149","4/27/2024 12:00:00 AM","P-271","Purchase","Sindh Homeopathic Store","Cash","Cash In Hand","0","None","Hamza","796",""
"1150","4/27/2024 12:00:00 AM","S-872","Invoice","Counter","Cash","Cash In Hand","0","None","Hamza","172","180"
"1151","4/27/2024 12:00:00 AM","S-873","Invoice","Counter","Cash","Cash In Hand","0","Non e","Hamza","600","600"
"1152","4/28/2024 12:00:00 AM","P-272","Purchase","Danish Homoeo Store (Shadadpur)","Credit","","0","None","Hamza","8448",""
"1153","4/28/2024 12:00:00 AM","P-273","Purchase","Danish Homoeo Store (Shadadpur)","Credit","","0","None","Hamza","120",""
"1154","4/28/2024 12:00:00 AM","S-874","Invoice","Dr Akram Malik (Shahdadpure)","Credit","","0","None","Hamza","11851","0"
"1155","4/28/2024 12:00:00 AM","S-875","Invoice","Danish Homoeo Store (Shadadpur)","Credit","","0","None","Hamza","8245","0"
"1156","4/28/2024 12:00:00 AM","S-876","Invoice","Counter","Cash","Cash In Hand","0","No3","Hamza","190","500"
"1157","4/28/2024 12:00:00 AM","S-877","Invoice","Counter","Cash","Cash In Hand","0","None","Hamza","4727","5000"
"1158","4/28/2024 12:00:00 AM","S-878","Invoice","Counter","Cash","Cash In Hand","0","None","Hamza","400","500"
"1159","4/28/2024 12:00:00 AM","S-879","Invoice","Hassan Homeopathic Store","Cash","Cash In Hand","0","None","Hamza","5760","5760"
"1160","4/28/2024 12:00:00 AM","S-880","Invoice","Counter","Cash","Cash In Hand","0","None","Hamza","316","350"
"1161","4/28/2024 12:00:00 AM","P-274","Purchase","T.S Laboratories ","Credit","","7940","Haji Sardar","Ali Raza Bukhari","198493",""
"1162","4/28/2024 12:00:00 AM","S-881","Invoice","H/Dr Danish karmani ","Credit","","0","0","Ali Raza","2716","0"
"1163","4/28/2024 12:00:00 AM","P-275","Purchase","German Homeopathic Store (Dr Saqib Khan)","Credit","","0","N one","Hamza.","408",""
"1164","4/28/2024 12:00:00 AM","P-276","Purchase","H/Dr Danish karmani ","Credit","","0","None","Hamza","2240",""
"1165","4/28/2024 12:00:00 AM","P-277","Purchase","H/Dr Danish karmani ","Credit","","0","None","Hamza","476",""
"1166","4/28/2024 12:00:00 AM","S-882","Invoice","H/Dr Danish karmani ","Credit","","0","None","Hamza","1148","0"
"1167","4/28/2024 12:00:00 AM","S-883","Invoice","Noman Homeopathic Store","Credit","","0","None","Hamza","292","0"
"1168","4/28/2024 12:00:00 AM","S-884","Invoice","Ali Danish Homoeopathic Store","Credit","","0","None","Hamza","90","0"
"1169","4/28/2024 12:00:00 AM","S-885","Invoice","Rafay Homeopathic Store","Credit","","0","None","Hamza","1392","0"
"1170","4/28/2024 12:00:00 AM","P-278","Purchase","German Homeopathic Store (Dr Saqib Khan)","Credit","","0"," none","Hamza","460",""
"1171","4/28/2024 12:00:00 AM","S-886","Invoice","Dr Talib-ud-Din (Moro)","Credit","","0","None","Hamza","400","0"
"1172","4/28/2024 12:00:00 AM","S-887","Invoice","German Homeopathic Store (Dr Saqib Khan)","Credit","","0","None","Hamza","4028","0"
"1173","4/28/2024 12:00:00 AM","S-888","Invoice","German Homeopathic Store (Dr Saqib Khan)","Credit","","0","None","Hamza","94","0"
"1174","4/28/2024 12:00:00 AM","S-889","Invoice","Hassan Homeopathic Store","Credit","","0","None","Hamza","935","0"
"1175","4/28/2024 12:00:00 AM","P-279","Purchase","Hassan Homeopathic Store","Credit","","0","None","Hamza","935",""
"1176","4/28/2024 12:00:00 AM","S-890","Invoice","Hassan Homeopathic Store","Credit","","0","None","Hamza","850","0"
"1177","4/28/2024 12:00:00 AM","S-891","Invoice","Sindh Homeopathic Store","Credit","","0","None","Hamza","800","0"
"1178","4/28/2024 12:00:00 AM","S-892","Invoice","Dr Shazad Awan (Qazi Ahmed)","Credit","","0","None","Hamza","2940","0"
"1179","4/28/2024 12:00:00 AM","P-280","Purchase","German Homeopathic Store (Dr Saqib Khan)","Credit","","0","None","Hamza","1320",""
"1180","4/28/2024 12:00:00 AM","S-893","Invoice","Muslim Homoeopathic Store LPR ","Credit","","0","None","Hamza","621","0"
"1181","4/29/2024 12:00:00 AM","S-894","Invoice","Counter","Cash","Cash In Hand","0","None","Hamza","841","1000"
"1182","4/29/2024 12:00:00 AM","S-895","Invoice","Counter","Cash","Cash In Hand","0","None","Hamza","871","1000"
"1183","4/29/2024 12:00:00 AM","S-896","Invoice","Counter","Cash","Cash In Hand","0","None","Hamza","1568","2000"
"1184","4/29/2024 12:00:00 AM","S-897","Invoice","Counter","Cash","Cash In Hand","0","None","Hamza","120","150"
"1185","4/29/2024 12:00:00 AM","S-898","Invoice","Noman Homeopathic Store","Credit","","0","None","Hamza","270","0"
"1186","4/29/2024 12:00:00 AM","P-281","Purchase","Faraz Ahmed SPO BM","Credit","","0","None","Hamza","1946",""
"1187","4/29/2024 12:00:00 AM","S-899","Invoice","Ali Danish Homoeopathic Store","Credit","","0","None","Hamza","168","0"
"1188","4/29/2024 12:00:00 AM","P-282","Purchase","Rafay Homeopathic Store","Credit","","0","None","Hamza","1122",""
"1189","4/29/2024 12:00:00 AM","S-900","Invoice","Rafay Homeopathic Store","Credit","","0","None","Hamza","187","0"
"1190","4/29/2024 12:00:00 AM","S-901","Invoice","German Homeopathic Store (Dr Saqib Khan)","Credit","","0","None","Hamza","3554","0"
"1191","4/29/2024 12:00:00 AM","S-902","Invoice","Jameel H/S LPR","Credit","","0","None","Hamza","192","0"
"1192","4/29/2024 12:00:00 AM","S-903","Invoice","Hassan Homeopathic Store","Credit","","0","None","Hamza","300","0"
"1193","4/29/2024 12:00:00 AM","S-904","Invoice","Muslim Homoeopathic Store LPR ","Credit","","0","None","Hamza","1644","0"
"1194","4/29/2024 12:00:00 AM","S-905","Invoice","Dr Asif Homeopathic Clinic & Store","Credit","","0","None","Hamza","35333","0"
"1195","4/29/2024 12:00:00 AM","S-906","Invoice","Dr Ghafoor Malik Aman M/S (SANJHORO)","Credit","","0","None","Hamza","525","0"
"1196","4/29/2024 12:00:00 AM","P-283","Purchase","German Homeopathic Store (Dr Saqib Khan)","Credit","","0","None","Hamza","470",""
"1197","4/29/2024 12:00:00 AM","S-907","Invoice","Counter","Cash","Cash In Hand","0","None","Hamza","1300","1300"
"1198","4/29/2024 12:00:00 AM","P-284","Purchase","Counter","Cash","Cash In Hand","0","None","Hamza","1300",""
"1199","4/29/2024 12:00:00 AM","S-908","Invoice","Counter","Cash","Cash In Hand","0","None","Ha,mza","1950","1950"
"1200","4/30/2024 12:00:00 AM","S-909","Invoice","Counter","Cash","Cash In Hand","0","None","Hamza","2026","2100"
"1201","4/30/2024 12:00:00 AM","S-910","Invoice","Faraz Ahmed SPO BM","Credit","","0","None","Hamza","1000","0"
"1202","4/30/2024 12:00:00 AM","S-911","Invoice","Counter","Cash","Cash In Hand","0","None","Hamza","1111","1200"
"1203","4/30/2024 12:00:00 AM","P-285","Purchase","German Homeopathic Store (Dr Saqib Khan)","Credit","","0","None","Hamza","615",""
"1204","4/30/2024 12:00:00 AM","S-912","Invoice","Counter","Cash","Cash In Hand","0","None","Hamza","250","500"
"1205","4/30/2024 12:00:00 AM","S-913","Invoice","Counter","Cash","Cash In Hand","0","None","Hamza","670","1000"
"1206","4/30/2024 12:00:00 AM","S-914","Invoice","Counter","Cash","Cash In Hand","0","None","Hamza","400","500"
"1207","4/30/2024 12:00:00 AM","S-915","Invoice","Counter","Cash","Cash In Hand","0","None","Hamza","96","100"
"1208","4/30/2024 12:00:00 AM","P-286","Purchase","Bilal Homoeopathic Store","Credit","","0","None","Hamza","96",""
"1209","4/30/2024 12:00:00 AM","S-916","Invoice","German Homeopathic Store (Dr Saqib Khan)","Credit","","0","None","Hamza","465","0"
"1210","4/30/2024 12:00:00 AM","P-287","Purchase","Counter","Cash","Cash In Hand","0","None","Hamza","465",""
"1211","4/30/2024 12:00:00 AM","S-917","Invoice","Ali Danish Homoeopathic Store","Credit","","0","None","Hamza","120","0"
"1212","4/30/2024 12:00:00 AM","S-918","Invoice","Rafay Homeopathic Store","Credit","","0","None","Hamza","630","0"
"1213","4/30/2024 12:00:00 AM","S-919","Invoice","German Homeopathic Store (Dr Saqib Khan)","Credit","","0","None","Hamza","2064","0"
"1214","4/30/2024 12:00:00 AM","S-920","Invoice","Hassan Homeopathic Store","Credit","","0","None","Hamza","288","0"
"1215","4/30/2024 12:00:00 AM","S-921","Invoice","Noman Homeopathic Store","Credit","","0","None","Hamza","591","0"
"1216","4/30/2024 12:00:00 AM","S-922","Invoice","Shalimar Homoeo Store LPR","Credit","","0","None","Hamza","555","0"
"1217","4/30/2024 12:00:00 AM","S-923","Invoice","Muslim Homoeopathic Store LPR ","Credit","","0","None","Hamza","892","0"
"1218","4/30/2024 12:00:00 AM","P-288","Purchase","Sindh H/S Badin","Credit","","0","None","Hamza","1600",""
"1219","4/30/2024 12:00:00 AM","P-289","Purchase","Sindh Homeopathic Store","Credit","","0","None","Hamza","1600",""
"1220","4/30/2024 12:00:00 AM","S-924","Invoice","Sindh H/S Badin","Credit","","0","None","Hamza","1600","0"
"1221","4/30/2024 12:00:00 AM","S-925","Invoice","Sindh H/S Badin","Credit","","0","None","Hamza","796","0"
"1222","4/30/2024 12:00:00 AM","P-290","Purchase","German Homeopathic Store (Dr Saqib Khan)","Credit","","0","None","Hamza","960",""
"1223","4/30/2024 12:00:00 AM","S-926","Invoice","German Homeopathic Store (Dr Saqib Khan)","Credit","","0","None.","Hamza","898","0"
"1224","4/30/2024 12:00:00 AM","S-927","Invoice","Counter","Cash","Cash In Hand","0","None","Hamza","196","200"
"1225","5/1/2024 12:00:00 AM","S-928","Invoice","L/Dr Sakina Aslam TMK ","Credit","Cash In Hand","0","0","raza","907","0"
"1226","5/1/2024 12:00:00 AM","P-291","Purchase","Paul Brooks Homoeo Lab","Credit","","0","N one","usama","12621",""
"1227","5/1/2024 12:00:00 AM","S-929","Invoice","Muslim Homoeopathic Store LPR ","Credit","","0","N one","Ali Raza","128","0"
"1228","5/1/2024 12:00:00 AM","S-930","Invoice","Ali Danish Homoeopathic Store","Credit","","0","N one","Ali Raza","367","0"
"1229","5/1/2024 12:00:00 AM","S-931","Invoice","Ali Danish Homoeopathic Store","Credit","","0","N one","usama","124","0"
"1230","5/1/2024 12:00:00 AM","S-932","Invoice","German Homeopathic Store (Dr Saqib Khan)","Credit","","0","N one","usama","16663","0"
"1231","5/2/2024 12:00:00 AM","S-933","Invoice","Cash In Hand","Credit","Cash In Hand","0","Non e","Ali Raza","1780","0"
"1232","5/2/2024 12:00:00 AM","S-934","Invoice","Cash In Hand","Cash","Cash In Hand","0","Non e","Ali Raza","300","300"
"1233","5/2/2024 12:00:00 AM","S-935","Invoice","Cash In Hand","Cash","Cash In Hand","0","None",".hamza","450","450"
"1234","5/2/2024 12:00:00 AM","S-936","Invoice","Cash In Hand","Cash","Cash In Hand","0","Non e",".hamza","450","450"
"1235","5/2/2024 12:00:00 AM","P-292","Purchase","W.S Pharmacy & Research Center","Credit","","0","N one","usama","53975",""
"1236","5/2/2024 12:00:00 AM","S-937","Invoice","Dr Adil (hali road)","Credit","","0"," none","usama","2704","0"
"1237","5/2/2024 12:00:00 AM","S-938","Invoice","Noman Homeopathic Store","Credit","","0","None","shaan","3006","0"
"1238","5/2/2024 12:00:00 AM","S-939","Invoice","Cash In Hand","Cash","Cash In Hand","0","None","usama","130","130"
"1239","5/2/2024 12:00:00 AM","S-940","Invoice","Sohail Homoeo & Harbal Store","Credit","","0","None","Ali Raza","1238","0"
"1240","5/2/2024 12:00:00 AM","S-941","Invoice","Jameel H/S LPR","Credit","","0","None","Ali Raza","461","0"
"1241","5/2/2024 12:00:00 AM","S-942","Invoice","Rafay Homeopathic Store","Credit","","0","None","shaan","1612","0"
"1242","5/2/2024 12:00:00 AM","S-943","Invoice","Muslim Homoeopathic Store LPR ","Credit"," ","0","None","shaan","5156","0"
"1243","5/2/2024 12:00:00 AM","S-944","Invoice","Ali Danish Homoeopathic Store","Credit","","0","None","shaan","240","0"
"1244","5/2/2024 12:00:00 AM","S-945","Invoice","German Homeopathic Store (Dr Saqib Khan)","Credit","","0","None","shaan","3825","0"
"1245","5/2/2024 12:00:00 AM","P-293","Purchase","Bilal Homoeopathic Store","Cash","Cash In Hand","0","None","Ali Raza","150",""
"1246","5/2/2024 12:00:00 AM","P-294","Purchase","Sufi Homeopathic Store","Cash","Cash In Hand","0","None","Ali Raza","288",""
"1247","5/2/2024 12:00:00 AM","P-295","Purchase","German Homeopathic Store (Dr Saqib Khan)","Cash","Cash In Hand","0","None","Ali Raza","455",""
"1248","5/2/2024 12:00:00 AM","S-946","Invoice","Counter","Cash","Cash In Hand","0","N one","raza","412","1000"
"1249","5/4/2024 12:00:00 AM","S-947","Invoice","Cash In Hand","Cash","Cash In Hand","0","None","Ali Raza","700","750"
"1250","5/4/2024 12:00:00 AM","S-948","Invoice","Noman Homeopathic Store","Credit","","0","None","shaan","4218","0"
"1251","5/4/2024 12:00:00 AM","S-949","Invoice","Ali Danish Homoeopathic Store","Credit","","0","None","shaan","224","0"
"1252","5/4/2024 12:00:00 AM","P-296","Purchase","Dr Asif Homeopathic Clinic & Store","Credit","","0","None","Ali Raza","3220",""
"1253","5/4/2024 12:00:00 AM","S-950","Invoice","Muslim Homoeopathic Store LPR ","Credit","","0","None","shaan","1822","0"
"1254","5/4/2024 12:00:00 AM","S-951","Invoice","Chand Homoeopathic Store","Credit","","0","None","shaan","214","0"
"1255","5/4/2024 12:00:00 AM","S-952","Invoice","Shalimar Homoeo Store LPR","Credit","","0","None","shaan","864","0"
"1256","5/4/2024 12:00:00 AM","S-953","Invoice","Cash In Hand","Cash","Cash In Hand","0","None","shaan","150","150"
"1257","5/4/2024 12:00:00 AM","S-954","Invoice","Hassan Homeopathic Store","Credit","","0","None","shaan","5285","0"
"1258","5/4/2024 12:00:00 AM","S-955","Invoice","Baba Homoeo Store","Credit","","0","None","shaan","462","0"
"1259","5/4/2024 12:00:00 AM","S-956","Invoice","Rafay Homeopathic Store","Credit","","0","None","shaan","1059","0"
"1260","5/4/2024 12:00:00 AM","P-297","Purchase","Noman Homeopathic Store","Credit","","0","None","Ali Raza","175",""
"1261","5/4/2024 12:00:00 AM","S-957","Invoice","German Homeopathic Store (Dr Saqib Khan)","Credit","","0","None","shaan","434","0"
"1262","5/4/2024 12:00:00 AM","P-298","Purchase","Muslim Homoeopathic Store LPR ","Credit","","0","None","shaan","290",""
"1263","5/4/2024 12:00:00 AM","P-299","Purchase","Hassan Homeopathic Store","Credit","","0","None","shaan","1200",""
"1264","5/4/2024 12:00:00 AM","P-300","Purchase","Hassan Homeopathic Store","Credit","","0","None","shaan","525",""
"1265","5/4/2024 12:00:00 AM","P-301","Purchase","Hassan Homeopathic Store","Credit","","0","None","shaan","1575",""
"1266","5/4/2024 12:00:00 AM","S-958","Invoice","Cash In Hand","Cash","Cash In Hand","0","None","shaan","250","250"
"1267","5/5/2024 12:00:00 AM","S-959","Invoice","Cash In Hand","Cash","Cash In Hand","0","None","shaan","2000","2000"
"1268","5/5/2024 12:00:00 AM","P-302","Purchase","HFP Private Limited","Credit","","0","None","shaan","300",""
"1269","5/5/2024 12:00:00 AM","S-960","Invoice","Cash In Hand","Cash","Cash In Hand","0","None","shaan","1000","1000"
"1270","5/5/2024 12:00:00 AM","S-961","Invoice","Baba Homoeo Store","Credit","","0","None","shaan","94","0"
"1271","5/5/2024 12:00:00 AM","S-962","Invoice","Ali Danish Homoeopathic Store","Credit","","0","None","shaan","440","0"
"1272","5/5/2024 12:00:00 AM","S-963","Invoice","German Homeopathic Store (Dr Saqib Khan)","Credit","","0","None","shaan","556","0"
"1273","5/5/2024 12:00:00 AM","S-964","Invoice","Jameel H/S LPR","Credit","","0","None","shaan","440","0"
"1274","5/5/2024 12:00:00 AM","S-965","Invoice","Hassan Homeopathic Store","Credit","","0","None","shaan","3611","0"
"1275","5/5/2024 12:00:00 AM","S-966","Invoice","Sohail Homoeo & Harbal Store","Credit","","0","None","shaan","1896","0"
"1276","5/5/2024 12:00:00 AM","S-967","Invoice","Noman Homeopathic Store","Credit","","0","None","shaan","4590","0"
"1277","5/5/2024 12:00:00 AM","S-968","Invoice","Shalimar Homoeo Store LPR","Credit","","0","None","shaan","300","0"
"1278","5/5/2024 12:00:00 AM","S-969","Invoice","Muslim Homoeopathic Store LPR ","Credit","","0","None","shaan","256","0"
"1279","5/5/2024 12:00:00 AM","P-303","Purchase","Sohail Homoeo & Harbal Store","Credit","","0","None","shaan","313",""
"1280","5/5/2024 12:00:00 AM","S-970","Invoice","Muslim Homoeopathic Store LPR ","Credit","","0","None","shaan","117","0"
"1281","5/5/2024 12:00:00 AM","S-971","Invoice","Cash In Hand","Cash","Cash In Hand","0","None","shaan","150","150"
"1282","5/5/2024 12:00:00 AM","S-972","Invoice","Cash In Hand","Cash","Cash In Hand","0","None","shaan","120","150"
"1283","5/5/2024 12:00:00 AM","S-973","Invoice","Cash In Hand","Cash","Cash In Hand","0","None","shaan","250","250"
"1284","5/6/2024 12:00:00 AM","S-974","Invoice","Cash In Hand","Cash","Cash In Hand","0","None","shaan","1000","1000"
"1285","5/6/2024 12:00:00 AM","S-975","Invoice","Cash In Hand","Cash","Cash In Hand","0","None","shaan","300","300"
"1286","5/6/2024 12:00:00 AM","S-976","Invoice","Cash In Hand","Cash","Cash In Hand","0","None","shaan","150","150"
"1287","5/6/2024 12:00:00 AM","S-977","Invoice","Cash In Hand","Cash","Cash In Hand","0","None","shaan","2300","2300"
"1288","5/6/2024 12:00:00 AM","S-978","Invoice","Muslim Homoeopathic Store LPR ","Credit","","0","None","shaan","447","0"
"1289","5/6/2024 12:00:00 AM","S-979","Invoice","German Homeopathic Store (Dr Saqib Khan)","Credit","","0","None","shaan","3366","0"
"1290","5/6/2024 12:00:00 AM","S-980","Invoice","Hassan Homeopathic Store","Credit","","0","None","shaan","1927","0"
"1291","5/6/2024 12:00:00 AM","S-981","Invoice","Fazal Medical Store (Jahan Mori)","Credit","","0","None","Ali Raza","1972","0"
"1292","5/6/2024 12:00:00 AM","S-982","Invoice","Zulfiqar (Jahan Mori)","Credit","","0","None","Ali Raza","350","0"
"1293","5/6/2024 12:00:00 AM","S-983","Invoice","Wasaan Medical Store","Credit","","0","None","Ali Raza","1388","0"
"1294","5/6/2024 12:00:00 AM","S-984","Invoice","Talpur Medical Store (Jahan Mori)","Credit","","0","None","Ali Raza","1080","0"
"1295","5/6/2024 12:00:00 AM","S-985","Invoice","Naseer Medical Store (Jahan Mori)","Credit","","0","None","Ali Raza","1660","0"
"1296","5/6/2024 12:00:00 AM","S-986","Invoice","Mueer Medical Store (Jahan Mori)","Credit","","0","None","Ali Raza","2838","0"
"1297","5/6/2024 12:00:00 AM","P-304","Purchase","Hassan Homeopathic Store","Credit","","0","None","Ali Raza","1947",""
"1298","5/6/2024 12:00:00 AM","S-987","Invoice","Cash In Hand","Cash","Cash In Hand","0","None","shaan","902","900"
"1299","5/6/2024 12:00:00 AM","S-988","Invoice","Cash In Hand","Cash","Cash In Hand","0","N one","shaan","700","700"
"1300","5/6/2024 12:00:00 AM","P-305","Purchase","Noman Homeopathic Store","Credit","","0","None","shaan","107",""
"1301","5/6/2024 12:00:00 AM","S-989","Invoice","Cash In Hand","Cash","Cash In Hand","0","None","shaan","200","200"
"1302","5/6/2024 12:00:00 AM","S-990","Invoice","Cash In Hand","Cash","Cash In Hand","0","None","shaan","310","310"
"1303","5/6/2024 12:00:00 AM","P-306","Purchase","Hassan Homeopathic Store","Cash","Cash In Hand","0","None","Ali Raza","470",""
"1304","5/7/2024 12:00:00 AM","S-991","Invoice","Cash In Hand","Cash","Cash In Hand","0","None","shaan","250","250"
"1305","5/7/2024 12:00:00 AM","S-992","Invoice","Ali Danish Homoeopathic Store","Credit","","0","None","shaan","220","0"
"1306","5/7/2024 12:00:00 AM","S-993","Invoice","German Homeopathic Store (Dr Saqib Khan)","Credit","","0","None","shaan","1115","0"
"1307","5/7/2024 12:00:00 AM","S-994","Invoice","Jameel H/S LPR","Credit","","0","None","shaan","114","0"
"1308","5/7/2024 12:00:00 AM","S-995","Invoice","Hassan Homeopathic Store","Credit","","0","None","shaan","530","0"
"1309","5/7/2024 12:00:00 AM","S-996","Invoice","Pakistan H/S LPR","Credit","","0","None","shaan","182","0"
"1310","5/7/2024 12:00:00 AM","S-997","Invoice","Muslim Homoeopathic Store LPR ","Credit","","0","None","shaan","94","0"
"1311","5/7/2024 12:00:00 AM","P-307","Purchase","Pakistan H/S LPR","Credit","","0","None","shaan","182",""
"1312","5/7/2024 12:00:00 AM","S-998","Invoice","Cash In Hand","Cash","Cash In Hand","0","None","shaan","740","700"
"1313","5/7/2024 12:00:00 AM","P-308","Purchase","German Homeopathic Store (Dr Saqib Khan)","Credit","","0","None","shaan","501",""
"1314","5/7/2024 12:00:00 AM","S-999","Invoice","Dr Adil (hali road)","Cash","Cash In Hand","0","N one","usama","534","530"
"1315","5/8/2024 12:00:00 AM","P-309","Purchase","W.S Pharmacy & Research Center","Credit","","0","None","shaan","7920",""
"1316","5/8/2024 12:00:00 AM","S-1000","Invoice","Cash In Hand","Cash","Cash In Hand","0","None","shaan","450","450"
"1317","5/8/2024 12:00:00 AM","S-1001","Invoice","Baba Homoeo Store","Credit","","0","None","shaan","175","0"
"1318","5/8/2024 12:00:00 AM","S-1002","Invoice","German Homeopathic Store (Dr Saqib Khan)","Credit","","0","None","shaan","3395","0"
"1319","5/8/2024 12:00:00 AM","S-1003","Invoice","Hassan Homeopathic Store","Credit","","0","None","shaan","1291","0"
"1320","5/8/2024 12:00:00 AM","S-1004","Invoice","Noman Homeopathic Store","Credit","","0","None","shaan","802","0"
"1321","5/8/2024 12:00:00 AM","S-1005","Invoice","Shalimar Homoeo Store LPR","Credit","","0","None","shaan","351","0"
"1322","5/8/2024 12:00:00 AM","S-1006","Invoice","Muslim Homoeopathic Store LPR ","Credit","","0","None","shaan","949","0"
"1323","5/8/2024 12:00:00 AM","P-310","Purchase","German Homeopathic Store (Dr Saqib Khan)","Credit","","0","None","shaan","1214",""
"1324","5/8/2024 12:00:00 AM","S-1007","Invoice","Cash In Hand","Cash","Cash In Hand","0","None","shaan","200","200"
"1325","5/9/2024 12:00:00 AM","P-311","Purchase","HFP Private Limited","Credit","","0","None","shaan","15275",""
"1326","5/9/2024 12:00:00 AM","S-1008","Invoice","Baba Homoeo Store","Credit","","0","None","shaan","175","0"
"1327","5/9/2024 12:00:00 AM","S-1009","Invoice","Baba Homoeo Store","Credit","","0","None","shaan","212","0"
"1328","5/9/2024 12:00:00 AM","S-1010","Invoice","Cash In Hand","Cash","Cash In Hand","0","None","shaan","500","500"
"1329","5/9/2024 12:00:00 AM","S-1011","Invoice","Cash In Hand","Cash","Cash In Hand","0","None","shaan","767","770"
"1330","5/9/2024 12:00:00 AM","S-1012","Invoice","Cash In Hand","Cash","Cash In Hand","0","None","shaan","175","170"
"1331","5/9/2024 12:00:00 AM","S-1013","Invoice","Cash In Hand","Cash","Cash In Hand","0","None","shaan","800","800"
"1332","5/9/2024 12:00:00 AM","S-1014","Invoice","Ali Danish Homoeopathic Store","Credit","","0","None","shaan","886","0"
"1333","5/9/2024 12:00:00 AM","S-1015","Invoice","Sohail Homoeo & Harbal Store","Credit","","0","None","shaan","78","0"
"1334","5/9/2024 12:00:00 AM","S-1016","Invoice","Hassan Homeopathic Store","Credit","","0","None","shaan","224","0"
"1335","5/9/2024 12:00:00 AM","S-1017","Invoice","Tawaqal Homoeopathic Store","Credit","","0","None","shaan","306","0"
"1336","5/9/2024 12:00:00 AM","S-1018","Invoice","Noman Homeopathic Store","Credit","","0","None","shaan","130","0"
"1337","5/9/2024 12:00:00 AM","S-1019","Invoice","German Homeopathic Store (Dr Saqib Khan)","Credit","","0","None","shaan","1918","0"
"1338","5/9/2024 12:00:00 AM","S-1020","Invoice","Cash In Hand","Cash","Cash In Hand","0","None","shaan","420","420"
"1339","5/9/2024 12:00:00 AM","S-1021","Invoice","Cash In Hand","Cash","Cash In Hand","0","None","shaan","700","1000"
"1340","5/11/2024 12:00:00 AM","P-312","Purchase","Paul Brooks Homoeo Lab","Credit","","2039","New Shakeel And Asif Goods","M.Umair Shaikh","34112",""
"1341","5/11/2024 12:00:00 AM","S-1022","Invoice","H/Dr Azger Mughal ","Credit","","0","by Hand","Hamza","7442","0"
"1342","5/11/2024 12:00:00 AM","S-1023","Invoice","Counter","Cash","Cash In Hand","0","None","Hamza","170","200"
"1343","5/11/2024 12:00:00 AM","S-1024","Invoice","German Homeopathic Store (Dr Saqib Khan)","Credit","","0","None","Hamza","380","0"
"1344","5/11/2024 12:00:00 AM","S-1025","Invoice","Jameel H/S LPR","Credit","","0","None","Hamza","110","0"
"1345","5/11/2024 12:00:00 AM","S-1026","Invoice","Al-Khadija Homoeo Store (HYD)","Credit","","0","None","Hamza","140","0"
"1346","5/11/2024 12:00:00 AM","S-1027","Invoice","Sohail Homoeo & Harbal Store","Credit","","0","None","Haamza","319","0"
"1347","5/11/2024 12:00:00 AM","S-1028","Invoice","Muslim Homoeopathic Store LPR ","Credit","","0","None","Hamza","500","0"
"1348","5/11/2024 12:00:00 AM","S-1029","Invoice","Sohail Homoeo & Harbal Store","Credit","","0","None","Hamza","147","0"
"1349","5/11/2024 12:00:00 AM","S-1030","Invoice","German Homeopathic Store (Dr Saqib Khan)","Credit","","0","None","Hamza","1575","0"
"1350","5/11/2024 12:00:00 AM","S-1031","Invoice","Counter","Cash","Cash In Hand","0","None","Hamza","440","500"
"1351","5/11/2024 12:00:00 AM","S-1032","Invoice","Mughal H/S","Credit","","0","None","Hamza","440","0"
"1352","5/11/2024 12:00:00 AM","P-313","Purchase","BM Pvt LTD","Credit","","0","TCS","Taj ud din","123245",""
"1353","5/11/2024 12:00:00 AM","P-314","Purchase","Al-Khadija Homoeo Store (HYD)","Credit","","0","None3","Hamza","70",""
"1354","5/11/2024 12:00:00 AM","S-1033","Invoice","Counter","Cash","Cash In Hand","0","None","Hamza","200","200"
"1355","5/11/2024 12:00:00 AM","S-1034","Invoice","Counter","Credit","","0","None","Hamza","1070","0"
"1356","5/11/2024 12:00:00 AM","P-315","Purchase","Counter","Credit","","0","None","Hamza","1070",""
"1357","5/11/2024 12:00:00 AM","S-1035","Invoice","Counter","Cash","Cash In Hand","0","None","Hamza","1200","1500"
"1358","5/11/2024 12:00:00 AM","P-316","Purchase","German Homeopathic Store (Dr Saqib Khan)","Credit","","0","None","Hamza","380",""
"1359","5/11/2024 12:00:00 AM","S-1036","Invoice","German Homeopathic Store (Dr Saqib Khan)","Credit","","0","None","Hamza","343","0"
"1360","5/11/2024 12:00:00 AM","S-1037","Invoice","Counter","Cash","Cash In Hand","0","None","Hamza","500","500"
"1361","5/11/2024 12:00:00 AM","P-317","Purchase","Hassan Homeopathic Store","Credit","","0","None","Hamza","460",""
"1362","5/11/2024 12:00:00 AM","S-1038","Invoice","Hassan Homeopathic Store","Credit","","0","None","Hamza","320","0"
"1363","5/11/2024 12:00:00 AM","S-1039","Invoice","Counter","Cash","Cash In Hand","0","None","Hamza","480","500"
"1364","5/11/2024 12:00:00 AM","P-318","Purchase","Ali Danish Homoeopathic Store","Credit","","0","None","Hamza","770",""
"1365","5/12/2024 12:00:00 AM","S-1040","Invoice","Ali Danish Homoeopathic Store","Credit","","0","None","Hamza","630","0"
"1366","5/12/2024 12:00:00 AM","S-1041","Invoice","Chand Homoeopathic Store","Credit","","0","None","Hamza","228","0"
"1367","5/12/2024 12:00:00 AM","S-1042","Invoice","Dua Homoeopathic Store ","Credit","","0","None","Hamza","441","0"
"1368","5/12/2024 12:00:00 AM","S-1043","Invoice","German Homeopathic Store (Dr Saqib Khan)","Credit","","0","None","Hamza","322","0"
"1369","5/12/2024 12:00:00 AM","S-1044","Invoice","Hassan Homeopathic Store","Credit","","0","None","Hamza","1140","0"
"1370","5/12/2024 12:00:00 AM","S-1045","Invoice","Sindh Homoeo Store ","Credit","","0","None","Hamza","200","0"
"1371","5/12/2024 12:00:00 AM","S-1046","Invoice","Dr Akram Malik (Shahdadpure)","Credit","","0","None","Hamza","1560","0"
"1372","5/12/2024 12:00:00 AM","S-1047","Invoice","Mughal H/S","Credit","","0","None","Hamza","440","0"
"1373","5/12/2024 12:00:00 AM","S-1048","Invoice","Hassan Homeopathic Store","Credit","","0","None","Hamza","1628","0"
"1374","5/12/2024 12:00:00 AM","P-319","Purchase","BM Pvt LTD","Credit","","0","TCS","Taj ud din","25862",""
"1375","5/12/2024 12:00:00 AM","P-320","Purchase","Dua Homoeopathic Store ","Credit","","0","None","Hamza","441",""
"1376","5/13/2024 12:00:00 AM","P-321","Purchase","BM Pvt LTD","Credit","","0","None","Taj ud din","26787",""
"1377","5/13/2024 12:00:00 AM","P-322","Purchase","MEKTUM Pvt Ltd","Credit","","2892","Supe Mama Goods","Iqbal Bhai","33923",""
"1378","5/13/2024 12:00:00 AM","S-1049","Invoice","Counter","Cash","Cash In Hand","0","None","Hamza","150","150"
"1379","5/13/2024 12:00:00 AM","P-323","Purchase","Chand Homoeopathic Store","Credit","","0","None","Hamza","228",""
"1380","5/13/2024 12:00:00 AM","S-1050","Invoice","H/Dr Azger Mughal ","Credit","","0","by hand Usama.","Hamza","17856","0"
"1381","5/13/2024 12:00:00 AM","P-324","Purchase","BM Pvt LTD","Credit","","0","TCS","Taj ud din","61904",""
"1382","5/13/2024 12:00:00 AM","S-1051","Invoice","Dr Akram Malik (Shahdadpure)","Credit","","0","None","Hamza","4187","0"
"1383","5/13/2024 12:00:00 AM","S-1052","Invoice","Chand Homoeopathic Store","Credit","","0","None","Hamza","130","0"
"1384","5/13/2024 12:00:00 AM","S-1053","Invoice","Rafay Homeopathic Store","Credit","","0","None","Hamza","3495","0"
"1385","5/13/2024 12:00:00 AM","S-1054","Invoice","German Homeopathic Store (Dr Saqib Khan)","Credit","","0","None","Hamza","621","0"
"1386","5/13/2024 12:00:00 AM","S-1055","Invoice","Hassan Homeopathic Store","Credit","","0","None","Hamza","2354","0"
"1387","5/13/2024 12:00:00 AM","S-1056","Invoice","Dr Shah Nawaz (BANDHI)","Credit","","0","None","Hamza","297","0"
"1388","5/13/2024 12:00:00 AM","S-1057","Invoice","Noman Homeopathic Store","Credit","","0","None","Hamza","471","0"
"1389","5/13/2024 12:00:00 AM","S-1058","Invoice","Mughal H/S","Credit","","0","None","Hamza","440","0"
"1390","5/13/2024 12:00:00 AM","S-1059","Invoice","Muslim Homoeopathic Store LPR ","Credit","","0","None","Hamza","1760","0"
"1391","5/13/2024 12:00:00 AM","P-325","Purchase","Mughal H/S","Credit","","0","None","Hamza","440",""
"1392","5/13/2024 12:00:00 AM","S-1060","Invoice","Mughal H/S","Credit","","0"," none","Hamza","150","0"
"1393","5/13/2024 12:00:00 AM","S-1061","Invoice","Counter","Cash","Cash In Hand","0","None","Hamza","550","550"
"1394","5/13/2024 12:00:00 AM","S-1062","Invoice","Dr Jamaal Nasir (T.M.K)","Credit","","0","None","Hamza","900","0"
"1395","5/13/2024 12:00:00 AM","P-326","Purchase","Muslim Homoeopathic Store LPR ","Credit","","0","None","Hamza","1760",""
"1396","5/13/2024 12:00:00 AM","S-1063","Invoice","Muslim Homoeopathic Store LPR ","Credit","","0","None","Hamza","1650","0"
"1397","5/13/2024 12:00:00 AM","S-1064","Invoice","Counter","Cash","Cash In Hand","0","None","Hamza","204","200"
"1398","5/13/2024 12:00:00 AM","P-327","Purchase","Hassan Homeopathic Store","Credit","","0","None","Hamza","772",""
"1399","5/13/2024 12:00:00 AM","S-1065","Invoice","German Homeopathic Store (Dr Saqib Khan)","Credit","","0","None","Hamza","480","0"
"1400","5/13/2024 12:00:00 AM","S-1066","Invoice","Counter","Cash","Cash In Hand","0","None","Hamza","200","200"
"1401","5/13/2024 12:00:00 AM","P-328","Purchase","Counter","Cash","Cash In Hand","0","None","Hamza","350",""
"1402","5/14/2024 12:00:00 AM","S-1067","Invoice","Counter","Cash","Cash In Hand","0","None","Hamza","550","1000"
"1403","5/14/2024 12:00:00 AM","P-329","Purchase","Hassan Homeopathic Store","Credit","","0","None","Hamza","520",""
"1404","5/14/2024 12:00:00 AM","S-1068","Invoice","Counter","Cash","Cash In Hand","0","None","Hamza","900","1000"
"1405","5/14/2024 12:00:00 AM","P-330","Purchase","German Homeopathic Store (Dr Saqib Khan)","Cash","Cash In Hand","0","None","Hamza","796",""
"1406","5/14/2024 12:00:00 AM","S-1069","Invoice","German Homeopathic Store (Dr Saqib Khan)","Cash","Cash In Hand","0","None","Hamza","796","800"
"1407","5/14/2024 12:00:00 AM","P-331","Purchase","German Homeopathic Store (Dr Saqib Khan)","Credit","","0"," none","Hamza","796",""
"1408","5/14/2024 12:00:00 AM","S-1070","Invoice","Hakeem Abid Ali (GOLARCHI)","Credit","","0","None","Hamza","2637","0"
"1409","5/14/2024 12:00:00 AM","S-1071","Invoice","Noman Homeopathic Store","Credit","","0","None","Hamza","632","0"
"1410","5/14/2024 12:00:00 AM","S-1072","Invoice","Bhej Pagara Madical Store (SANGER)","Credit","","0","None","Hamza","1875","0"
"1411","5/14/2024 12:00:00 AM","S-1073","Invoice","Ali Homoeo Store (SANGER)","Credit","","0","None","Hamza","2438","0"
"1412","5/14/2024 12:00:00 AM","S-1074","Invoice","Star Homoeo Store","Credit","","0","None","Hamza","117","0"
"1413","5/14/2024 12:00:00 AM","S-1075","Invoice","German Homeopathic Store (Dr Saqib Khan)","Credit","","02","None","Hamza","245","0"
"1414","5/14/2024 12:00:00 AM","S-1076","Invoice","Hassan Homeopathic Store","Credit","","0","None","Hamza","3470","0"
"1415","5/14/2024 12:00:00 AM","S-1077","Invoice","Shalimar Homoeo Store LPR","Credit","","0","None","Hamza3","255","0"
"1416","5/14/2024 12:00:00 AM","P-332","Purchase","Dr Asif Homeopathic Clinic & Store","Credit","","0","None","Hamza","4000",""
"1417","5/14/2024 12:00:00 AM","S-1078","Invoice","Hassan Homeopathic Store","Credit","","0","None","Hamza","12786","0"
"1418","5/14/2024 12:00:00 AM","S-1079","Invoice","Hassan Homeopathic Store","Credit","","0","None","Hamza","504","0"
"1419","5/14/2024 12:00:00 AM","P-333","Purchase","Hassan Homeopathic Store","Credit","","0","None","Hamza","546",""
"1420","5/14/2024 12:00:00 AM","S-1080","Invoice","Faraz Ahmed SPO BM","Cash","Cash In Hand","0","None","Hamza","600","600"
"1421","5/14/2024 12:00:00 AM","P-334","Purchase","Faraz Ahmed SPO BM","Cash","Cash In Hand","0","None","Hamza","600",""
"1422","5/14/2024 12:00:00 AM","S-1081","Invoice","Faraz Ahmed SPO BM","Credit","","0","None","Hamza","600","0"
"1423","5/14/2024 12:00:00 AM","S-1082","Invoice","German Homeopathic Store (Dr Saqib Khan)","Credit","","0","None","Hamza","1387","0"
"1424","5/14/2024 12:00:00 AM","S-1083","Invoice","Counter","Credit","","0","None","Hamza","450","0"
"1425","5/14/2024 12:00:00 AM","P-335","Purchase","German Homeopathic Store (Dr Saqib Khan)","Credit","","0","None","Hamza","1008",""
"1426","5/14/2024 12:00:00 AM","S-1084","Invoice","German Homeopathic Store (Dr Saqib Khan)","Credit","","0","None","Hamza","944","0"
"1427","5/15/2024 12:00:00 AM","S-1085","Invoice","Counter","Cash","Cash In Hand","0","None","Hamza","150","200"
"1428","5/15/2024 12:00:00 AM","S-1086","Invoice","Noman Homeopathic Store","Credit","","0","None","Hamza","982","0"
"1429","5/15/2024 12:00:00 AM","S-1087","Invoice","Ali Danish Homoeopathic Store","Credit","","0","None","Hamza","1046","0"
"1430","5/15/2024 12:00:00 AM","S-1088","Invoice","Hassan Homeopathic Store","Credit","","0","None","Hamza","412","0"
"1431","5/15/2024 12:00:00 AM","S-1089","Invoice","Muslim Homoeopathic Store LPR ","Credit","","0","None","Hamza","556","0"
"1432","5/15/2024 12:00:00 AM","S-1090","Invoice","Counter","Cash","Cash In Hand","0","None","Hamza","500","500"
"1433","5/16/2024 12:00:00 AM","S-1091","Invoice","Counter","Cash","Cash In Hand","0","None","Hamza","1592","2000"
"1434","5/16/2024 12:00:00 AM","S-1092","Invoice","Counter","Cash","Cash In Hand","0","None","Hamza","250","250"
"1435","5/16/2024 12:00:00 AM","P-336","Purchase","Counter","Cash","Cash In Hand","","None","Hamza","1592",""
"1436","5/16/2024 12:00:00 AM","S-1093","Invoice","Counter","Cash","Cash In Hand","0","None","Hamza","600","1000"
"1437","5/16/2024 12:00:00 AM","S-1094","Invoice","Counter","Cash","Cash In Hand","0","None","Hamza","120","150"
"1438","5/16/2024 12:00:00 AM","S-1095","Invoice","Ali Danish Homoeopathic Store","Credit","","0","None","Hamza","203","0"
"1439","5/16/2024 12:00:00 AM","S-1096","Invoice","Dua Homoeopathic Store ","Credit","","0","None","Hamza","318","0"
"1440","5/16/2024 12:00:00 AM","S-1097","Invoice","Rafay Homeopathic Store","Credit","","0","None","Hamza","446","0"
"1441","5/16/2024 12:00:00 AM","S-1098","Invoice","German Homeopathic Store (Dr Saqib Khan)","Credit","","0","None","Hamza","3122","0"
"1442","5/16/2024 12:00:00 AM","S-1099","Invoice","German Homeopathic Store (Dr Saqib Khan)","Credit","","0","None","Hamza","114","0"
"1443","5/16/2024 12:00:00 AM","S-1100","Invoice","Hassan Homeopathic Store","Credit","","0","None","Hamza","2829","0"
"1444","5/16/2024 12:00:00 AM","S-1101","Invoice","Sohail Homoeo & Harbal Store","Credit","","0","None","Hamza","234","0"
"1445","5/16/2024 12:00:00 AM","S-1102","Invoice","Noman Homeopathic Store","Credit","","0","None","Hamza","949","0"
"1446","5/16/2024 12:00:00 AM","S-1103","Invoice","Muslim Homoeopathic Store LPR ","Credit","","0","None","Hamza","844","0"
"1447","5/16/2024 12:00:00 AM","S-1104","Invoice","Bilal Homoeopathic Store","Credit","","0","None","Hamza","483","0"
"1448","5/16/2024 12:00:00 AM","P-337","Purchase","Dua Homoeopathic Store ","Credit","","0","None","Hamza","120",""
"1449","5/16/2024 12:00:00 AM","S-1105","Invoice","Ghazi M/S (Kumba)","Credit","","0","None","Hamza","12350","0"
"1450","5/16/2024 12:00:00 AM","P-338","Purchase","Bilal Homoeopathic Store","Credit","","0","None","Hamza","483",""
"1451","5/16/2024 12:00:00 AM","S-1106","Invoice","Hakeem Nanumal Pansar Store (PANOAQIL)","Credit","","0","None","Hamza","17726","0"
"1452","5/16/2024 12:00:00 AM","S-1107","Invoice","Counter","Cash","Cash In Hand","0","None","Hamza","450","500"
"1453","5/16/2024 12:00:00 AM","S-1108","Invoice","Hakeem Nanumal Pansar Store (PANOAQIL)","Credit","","0","None","Hamza","3825","0"
"1454","5/16/2024 12:00:00 AM","P-339","Purchase","Hakeem Nanumal Pansar Store (PANOAQIL)","Credit","","0","None","Hamza","3720",""
"1455","5/16/2024 12:00:00 AM","S-1109","Invoice","Hakeem Nanumal Pansar Store (PANOAQIL)","Credit","","0","None","Hamza","375","0"
"1456","5/16/2024 12:00:00 AM","S-1110","Invoice","Hassan Homeopathic Store","Credit","","0","None","Hamza","450","0"
"1457","5/16/2024 12:00:00 AM","P-340","Purchase","Hassan Homeopathic Store","Credit","","0","None","Hamza","635",""
"1458","5/18/2024 12:00:00 AM","S-1111","Invoice","Counter","Cash","Cash In Hand","0","None","Hamza","300","300"
"1459","5/18/2024 12:00:00 AM","P-341","Purchase","Counter","Cash","Cash In Hand","0","None","Hamza","100",""
"1460","5/18/2024 12:00:00 AM","S-1112","Invoice","kashi ChachuU","Credit","","0","None","Hamza","1100","0"
"1461","5/18/2024 12:00:00 AM","S-1113","Invoice","Counter","Cash","Cash In Hand","0","None","Hamza","200","200"
"1462","5/18/2024 12:00:00 AM","S-1114","Invoice","Counter","Cash","Cash In Hand","0","None","Hamza","1492","1500"
"1463","5/18/2024 12:00:00 AM","S-1115","Invoice","Counter","Cash","Cash In Hand","0","None","Hamza","250","250"
"1464","5/18/2024 12:00:00 AM","P-342","Purchase","BM Pvt LTD","Credit","","0","None","Hamza","86686",""
"1465","5/18/2024 12:00:00 AM","S-1116","Invoice","Counter","Cash","Cash In Hand","0","None","Hamza","400","100"
"1466","5/18/2024 12:00:00 AM","P-343","Purchase","BLOSSOM ","Credit","","6528","New Pak Azad Goods","Hamza","12629",""
"1467","5/18/2024 12:00:00 AM","S-1117","Invoice","Counter","Cash","Cash In Hand","0","None","Hamza","150","150"
"1468","5/18/2024 12:00:00 AM","S-1118","Invoice","Noman Homeopathic Store","Credit","","0","None","Hamza","1061","0"
"1469","5/18/2024 12:00:00 AM","S-1119","Invoice","Chand Homoeopathic Store","Credit","","0","None","Hamza","300","0"
"1470","5/18/2024 12:00:00 AM","S-1120","Invoice","German Homeopathic Store (Dr Saqib Khan)","Credit","","0","None","Hamza","182","0"
"1471","5/18/2024 12:00:00 AM","S-1121","Invoice","Rafay Homeopathic Store","Credit","","0","None","Hamza","255","0"
"1472","5/18/2024 12:00:00 AM","S-1122","Invoice","Jameel H/S LPR","Credit","","0","None","Hamza","814","0"
"1473","5/18/2024 12:00:00 AM","S-1123","Invoice","Shalimar Homoeo Store LPR","Credit","","0","None","Hamza","600","0"
"1474","5/18/2024 12:00:00 AM","S-1124","Invoice","Muslim Homoeopathic Store LPR ","Credit","","0","None","Hamza","2398","0"
"1475","5/18/2024 12:00:00 AM","P-344","Purchase","Sufi Homeopathic Store","Cash","Cash In Hand","0","None","Hamza","144",""
"1476","5/19/2024 12:00:00 AM","S-1125","Invoice","Dr Waqeel (KHANOOT)","Credit","","0","None","Hamza","1750","0"
"1477","5/19/2024 12:00:00 AM","S-1126","Invoice","Dr Adalat Khan (Khanoot)","Credit","","0","None","Hamza","2970","0"
"1478","5/19/2024 12:00:00 AM","S-1127","Invoice","Counter","Cash","Cash In Hand","0","None","Hamza","1076","1500"
"1479","5/19/2024 12:00:00 AM","S-1128","Invoice","Fazal M/S (JHAND-MORI)","Credit","","0","None","Hamza","2880","0"
"1480","5/19/2024 12:00:00 AM","S-1129","Invoice","Bismillah Pansar (Pinjra Pol) HYD","Credit","","30","None","Hamza","7990","0"
"1481","5/19/2024 12:00:00 AM","P-345","Purchase","Bismillah Pansar (Pinjra Pol) HYD","Credit","","0","None","Hamza","7990",""
"1482","5/19/2024 12:00:00 AM","S-1130","Invoice","Al-Shaffa Pansar (Phulali)","Credit","","0","None","Hamza.","7990","0"
"1483","5/19/2024 12:00:00 AM","S-1131","Invoice","Noman Homeopathic Store","Credit","","0","None","Hamza","1138","0"
"1484","5/19/2024 12:00:00 AM","S-1132","Invoice","Chand Homoeopathic Store","Credit","","01","None","Hamza","446","0"
"1485","5/19/2024 12:00:00 AM","S-1133","Invoice","Dua Homoeopathic Store ","Credit","","0","None","Hamza","120","0"
"1486","5/19/2024 12:00:00 AM","S-1134","Invoice","Baba Homoeo Store","Credit","","0","None","Hamza","1132","0"
"1487","5/19/2024 12:00:00 AM","S-1135","Invoice","Rafay Homeopathic Store","Credit","","0","None","Hamza","382","0"
"1488","5/19/2024 12:00:00 AM","S-1136","Invoice","German Homeopathic Store (Dr Saqib Khan)","Credit","","0","None","Hamza","3050","0"
"1489","5/19/2024 12:00:00 AM","S-1137","Invoice","Jameel H/S LPR","Credit","","0","None","Hamza","160","0"
"1490","5/19/2024 12:00:00 AM","S-1138","Invoice","Hassan Homeopathic Store","Credit","","0","None","Hamza","2461","0"
"1491","5/19/2024 12:00:00 AM","S-1139","Invoice","Muslim Homoeopathic Store LPR ","Credit","","0","None","Hamza","1920","0"
"1492","5/19/2024 12:00:00 AM","S-1140","Invoice","Chotay MamuU","Credit","","0","by Hand","Hamza","1284","0"
"1493","5/19/2024 12:00:00 AM","S-1141","Invoice","Hassan Homeopathic Store","Credit","","0","None","Hamza","255","0"
"1494","5/19/2024 12:00:00 AM","P-346","Purchase","Hassan Homeopathic Store","Credit","","0","None","Hamza","255",""
"1495","5/19/2024 12:00:00 AM","P-347","Purchase","Al-Shaffa Pansar (Phulali)","Credit","","0","None","Hamza","2025",""
"1496","5/19/2024 12:00:00 AM","S-1142","Invoice","Al-Shaffa Pansar (Phulali)","Credit","","0","None","Hamza","2733","0"
"1497","5/19/2024 12:00:00 AM","P-348","Purchase","Muslim Homoeopathic Store LPR ","Credit","","0","None","Hamza","1920",""
"1498","5/19/2024 12:00:00 AM","S-1143","Invoice","Muslim Homoeopathic Store LPR ","Credit","","0","None","Hamza","1692","0"
"1499","5/19/2024 12:00:00 AM","S-1144","Invoice","Counter","Cash","Cash In Hand","0","None","Hamza","1600","2000"
"1500","5/19/2024 12:00:00 AM","S-1145","Invoice","Waheed Bhai","Cash","Cash In Hand","0","None","Hamza","750","750"
"1501","5/20/2024 12:00:00 AM","S-1146","Invoice","Counter","Cash","Cash In Hand","0","None","Hamza","800","1000"
"1502","5/20/2024 12:00:00 AM","P-349","Purchase","Al-Shaffa Pansar (Phulali)","Credit","","0","None","Hamza","5965",""
"1503","5/20/2024 12:00:00 AM","P-350","Purchase","Al-Shaffa Pansar (Phulali)","Credit","","0","None","Hamza","2055",""
"1504","5/20/2024 12:00:00 AM","S-1147","Invoice","Dr Ajaab Khan (Khanoot)","Credit","","0","None3","Hamza","3400","0"
"1505","5/20/2024 12:00:00 AM","S-1148","Invoice","Dr Anwar Khan (Khanoot)","Credit","","0","None","Hamza","13453","0"
"1506","5/20/2024 12:00:00 AM","S-1149","Invoice","Dr Waqeel (KHANOOT)","Credit","","0","None","Hamza","12949","0"
"1507","5/20/2024 12:00:00 AM","S-1150","Invoice","Dr Adalat Khan (Khanoot)","Credit","","0","None","Hamza","9060","0"
"1508","5/20/2024 12:00:00 AM","S-1151","Invoice","AL-Shaffa H/S (KHANOOT)","Credit","","0","None","Hamza","4460","0"
"1509","5/20/2024 12:00:00 AM","S-1152","Invoice","Noman Homeopathic Store","Credit","","0","None","Hamza","2111","0"
"1510","5/20/2024 12:00:00 AM","S-1153","Invoice","Hassan Homeopathic Store","Credit","","0","None","Hamza","115","0"
"1511","5/20/2024 12:00:00 AM","S-1154","Invoice","H/Dr.Irfan (T.A)","Cash","Cash In Hand","0","None","Hamza","1316","1300"
"1512","5/21/2024 12:00:00 AM","S-1155","Invoice","Counter","Cash","Cash In Hand","0","None","Hamza","1000","1000"
"1513","5/21/2024 12:00:00 AM","S-1156","Invoice","Bismillah M/S (DHARKI)","Credit","","0","None","Hamza","15518","0"
"1514","5/21/2024 12:00:00 AM","S-1157","Invoice","Ali Danish Homoeopathic Store","Credit","","0","None","Hamza.","480","0"
"1515","5/21/2024 12:00:00 AM","S-1158","Invoice","Bilal Homoeopathic Store","Credit","","0","None","Hamza","734","0"
"1516","5/21/2024 12:00:00 AM","S-1159","Invoice","Hassan Homeopathic Store","Credit","","0","None","Hamza","617","0"
"1517","5/21/2024 12:00:00 AM","S-1160","Invoice","Sheroze H/S Muzzamil ","Credit","","0","None","Hamza","300","0"
"1518","5/21/2024 12:00:00 AM","S-1161","Invoice","Sohail Homoeo & Harbal Store","Credit","","0","None","Hamza","4207","0"
"1519","5/21/2024 12:00:00 AM","S-1162","Invoice","Noman Homeopathic Store","Credit","","0","None","Hamza","1542","0"
"1520","5/21/2024 12:00:00 AM","S-1163","Invoice","Tawaqal Homoeopathic Store","Credit","","0","None","Hamza.","117","0"
"1521","5/21/2024 12:00:00 AM","S-1164","Invoice","Pakistan H/S LPR","Credit","","0","None","Hamza","96","0"
"1522","5/21/2024 12:00:00 AM","P-351","Purchase","Sohail Homoeo & Harbal Store","Credit","","0","None","Hamza","408",""
"1523","5/21/2024 12:00:00 AM","S-1165","Invoice","Sohail Homoeo & Harbal Store","Credit","","0","None","Hamza","352","0"
"1524","5/21/2024 12:00:00 AM","S-1166","Invoice","Hassan Homeopathic Store","Credit","","0","None","Hamza","798","0"
"1525","5/21/2024 12:00:00 AM","S-1167","Invoice","Muslim Homoeopathic Store LPR ","Credit","","0","None","Hamza","446","0"
"1526","5/21/2024 12:00:00 AM","P-352","Purchase","Hassan Homeopathic Store","Credit","","0","None","Hamza","798",""
"1527","5/21/2024 12:00:00 AM","S-1168","Invoice","Hassan Homeopathic Store","Credit","","0","None","Hamza","672","0"
"1528","5/21/2024 12:00:00 AM","S-1169","Invoice","kashi ChachuU","Cash","Cash In Hand","0","None","shaan","439","439"
"1529","5/22/2024 12:00:00 AM","P-353","Purchase","AL-Shaffa H/S (KHANOOT)","Credit","","0","None","Hamza","618",""
"1530","5/22/2024 12:00:00 AM","S-1170","Invoice","Al-Shaffa Pansar (Phulali)","Credit","","0","None","Hamza","22292","0"
"1531","5/22/2024 12:00:00 AM","P-354","Purchase","Al-Shaffa Pansar (Phulali)","Credit","","0","None","Hamza","610",""
"1532","5/22/2024 12:00:00 AM","S-1171","Invoice","AL-Shaffa H/S (KHANOOT)","Credit","","0","None","Hamza","618","0"
"1533","5/22/2024 12:00:00 AM","S-1172","Invoice","Counter","Cash","Cash In Hand","0","None","Hamza","2425","2500"
"1534","5/22/2024 12:00:00 AM","P-355","Purchase","Counter","Cash","Cash In Hand","0","None","Hamza","316",""
"1535","5/22/2024 12:00:00 AM","S-1173","Invoice","Counter","Cash","Cash In Hand","0","None","Hamza","2041","2050"
"1536","5/22/2024 12:00:00 AM","S-1174","Invoice","Hassan Homoeo Clinic Herbal Store (ODEROLAL)","Credit","","0","None","Hamza","12788","0"
"1537","5/22/2024 12:00:00 AM","S-1175","Invoice","Dr Shabbir (Odero Lal)","Credit","","0","None","Hamza","18690","0"
"1538","5/22/2024 12:00:00 AM","S-1176","Invoice","Counter","Cash","Cash In Hand","0","None","Hamza","360","500"
"1539","5/22/2024 12:00:00 AM","S-1177","Invoice","Dr Akram Malik (Shahdadpure)","Credit","","0","None","Hamza","3069","0"
"1540","5/22/2024 12:00:00 AM","P-356","Purchase","Dr Shabbir (Odero Lal)","Credit","","0","None","Hamza","3000",""
"1541","5/22/2024 12:00:00 AM","P-357","Purchase","Dr Asif Homeopathic Clinic & Store","Credit","","0","None","Hamza","2500",""
"1542","5/22/2024 12:00:00 AM","S-1178","Invoice","Dr Shabbir (Odero Lal)","Credit","","0","None","Hamza","3500","0"
"1543","5/22/2024 12:00:00 AM","S-1179","Invoice","Noman Homeopathic Store","Credit","","0","None","Hamza","1924","0"
"1544","5/22/2024 12:00:00 AM","S-1180","Invoice","Rafay Homeopathic Store","Credit","","0","None","Hamza","1035","0"
"1545","5/22/2024 12:00:00 AM","S-1181","Invoice","German Homeopathic Store (Dr Saqib Khan)","Credit","","0","None","Hamza","1815","0"
"1546","5/22/2024 12:00:00 AM","S-1182","Invoice","Hassan Homeopathic Store","Credit","","0","None","Hamza","8847","0"
"1547","5/22/2024 12:00:00 AM","S-1183","Invoice","Sohail Homoeo & Harbal Store","Credit","","0","None","Hamza","120","0"
"1548","5/22/2024 12:00:00 AM","S-1184","Invoice","Muslim Homoeopathic Store LPR ","Credit","","0","None","Hamza","1455","0"
"1549","5/22/2024 12:00:00 AM","S-1185","Invoice","Hoor M/S Lajpat Road","Credit","","0","None","Hamza","1481","0"
"1550","5/22/2024 12:00:00 AM","S-1186","Invoice","Tawaqal Homoeopathic Store","Credit","","0","None","Hamza","150","0"
"1551","5/22/2024 12:00:00 AM","S-1187","Invoice","German Homeopathic Store (Dr Saqib Khan)","Credit","","0","None","Hamza","300","0"
"1552","5/22/2024 12:00:00 AM","S-1188","Invoice","Hassan Homeopathic Store","Credit","","0","None","Hamza","128","0"
"1553","5/22/2024 12:00:00 AM","S-1189","Invoice","Hassan Homeopathic Store","Credit","","0","None","Hamza","4410","0"
"1554","5/22/2024 12:00:00 AM","P-358","Purchase","Hassan Homeopathic Store","Credit","","0","None","Hamza","5481",""
"1555","5/22/2024 12:00:00 AM","S-1190","Invoice","Hassan Homeopathic Store","Credit","","0","None","Hamza","3648","0"
"1556","5/22/2024 12:00:00 AM","P-359","Purchase","Hassan Homeopathic Store","Credit","","0","None","Ha,mza","234",""
"1557","5/22/2024 12:00:00 AM","P-360","Purchase","Hoor M/S Lajpat Road","Credit","","0","None","Hamza","431",""
"1558","5/22/2024 12:00:00 AM","S-1191","Invoice","Muslim Homoeopathic Store LPR ","Credit","","0","None","Hamza","136","0"
"1559","5/22/2024 12:00:00 AM","P-361","Purchase","German Homeopathic Store (Dr Saqib Khan)","Credit","","0","None","Hamza","4872",""
"1560","5/22/2024 12:00:00 AM","P-362","Purchase","German Homeopathic Store (Dr Saqib Khan)","Credit","","0","None","Hamza","2045",""
"1561","5/23/2024 12:00:00 AM","S-1192","Invoice","German Homeopathic Store (Dr Saqib Khan)","Credit","","0","None","Hamza","1575","0"
"1562","5/23/2024 12:00:00 AM","S-1193","Invoice","Cash In Hand","Cash","Cash In Hand","0","None","shaan","590","590"
"1563","5/23/2024 12:00:00 AM","S-1194","Invoice","Dr Asif Blossom","Credit","","0","None","Hamza","840","0"
"1564","5/23/2024 12:00:00 AM","P-363","Purchase","Faran Pharmacy ","Credit","","39934","Aktar & Brothers","Hamza","36020",""
"1565","5/23/2024 12:00:00 AM","S-1195","Invoice","Counter","Cash","Cash In Hand","0","None","Hamza","300","1000"
"1566","5/23/2024 12:00:00 AM","S-1196","Invoice","H/Dr.Irfan (T.A)","Cash","Cash In Hand","0","None","Hamza","1950","2000"
"1567","5/23/2024 12:00:00 AM","P-364","Purchase","Dr Asif Homeopathic Clinic & Store","Credit","","0","None","Hamza","7000",""
"1568","5/23/2024 12:00:00 AM","S-1197","Invoice","Counter","Cash","Cash In Hand","0.","None","Hamza","250","1000"
"1569","5/23/2024 12:00:00 AM","S-1198","Invoice","Dr Ahsan Mohsin H/S (SANGAR)","Credit","","0","None","Hamza","8750","0"
"1570","5/23/2024 12:00:00 AM","S-1199","Invoice","Ali Danish Homoeopathic Store","Credit","","0","None","Hamza","120","0"
"1571","5/23/2024 12:00:00 AM","S-1200","Invoice","German Homeopathic Store (Dr Saqib Khan)","Credit","","0","None","Hamza","3701","0"
"1572","5/23/2024 12:00:00 AM","S-1201","Invoice","Sohail Homoeo & Harbal Store","Credit","","0","None","Hamza","114","0"
"1573","5/23/2024 12:00:00 AM","S-1202","Invoice","Noman Homeopathic Store","Credit","","0","None","Hamza","1033","0"
"1574","5/23/2024 12:00:00 AM","S-1203","Invoice","Muslim Homoeopathic Store LPR ","Credit","","0"," none","Hamza","96","0"
"1575","5/23/2024 12:00:00 AM","S-1204","Invoice","Dr Alam (Tulsi) TMK","Credit","","0","None","Hamza","6250","0"
"1576","5/23/2024 12:00:00 AM","P-365","Purchase","BLOSSOM ","Credit","","0","None","Hamza","4800",""
"1577","5/23/2024 12:00:00 AM","S-1205","Invoice","Pawan M/S JAMSABAD (KGM)","Credit","","0","None","Hamza","7563","0"
"1578","5/23/2024 12:00:00 AM","P-366","Purchase","Noman Homeopathic Store","Credit","","0","None","Hamza","308",""
"1579","5/23/2024 12:00:00 AM","S-1206","Invoice","Counter","Cash","Cash In Hand","0","None","Hamza","990","1000"
"1580","5/23/2024 12:00:00 AM","S-1207","Invoice","Counter","Cash","Cash In Hand","0","None","Hamza","400","400"
"1581","5/23/2024 12:00:00 AM","S-1208","Invoice","Counter","Cash","Cash In Hand","0","None",".hamza","120","150"
"1582","5/25/2024 12:00:00 AM","S-1209","Invoice","Dr Asif Homeopathic Clinic & Store","Credit","","0","None","Hamza","64260","0"
"1583","5/25/2024 12:00:00 AM","S-1210","Invoice","Counter","Cash","Cash In Hand","0","None","Hamza","640","640"
"1584","5/25/2024 12:00:00 AM","S-1211","Invoice","Dr Asif Homeopathic Clinic & Store","Credit","","0","None","Hamza","30463","0"
"1585","5/25/2024 12:00:00 AM","S-1212","Invoice","Dr Asif Blossom","Credit","","0","None","Hamza","840","0"
"1586","5/25/2024 12:00:00 AM","S-1213","Invoice","Counter","Cash","Cash In Hand","0","None","Hamza","2805","3000"
"1587","5/25/2024 12:00:00 AM","S-1214","Invoice","Baba Homoeo Store","Credit","","0","None","Hamza","990","0"
"1588","5/25/2024 12:00:00 AM","S-1215","Invoice","Rafay Homeopathic Store","Credit","","0","None","Hamza","623","0"
"1589","5/25/2024 12:00:00 AM","S-1216","Invoice","German Homeopathic Store (Dr Saqib Khan)","Credit","","0","None","Hazmza","594","0"
"1590","5/25/2024 12:00:00 AM","S-1217","Invoice","Hassan Homeopathic Store","Credit","","0","None","Hamza","3762","0"
"1591","5/25/2024 12:00:00 AM","S-1218","Invoice","Sohail Homoeo & Harbal Store","Credit","","0","None","Hamza","192","0"
"1592","5/25/2024 12:00:00 AM","S-1219","Invoice","Noman Homeopathic Store","Credit","","0","None","Hamza","693","0"
"1593","5/25/2024 12:00:00 AM","S-1220","Invoice","Muslim Homoeopathic Store LPR ","Credit","","0","None","Hamza","351","0"
"1594","5/25/2024 12:00:00 AM","P-367","Purchase","Counter","Cash","Cash In Hand","0","None","Hamza","2805",""
"1595","5/25/2024 12:00:00 AM","S-1221","Invoice","Counter","Cash","Cash In Hand","0","None","Hamza","2481","3000"
"1596","5/25/2024 12:00:00 AM","P-368","Purchase","Baba Homoeo Store","Credit","",".0","None","Hamza","495",""
"1597","5/25/2024 12:00:00 AM","S-1222","Invoice","Muslim Homoeopathic Store LPR ","Credit","","0","None","Hamza","1498","0"
"1598","5/25/2024 12:00:00 AM","S-1223","Invoice","kashi ChachuU","Credit","","0","None","Hamza","342","0"
"1599","5/25/2024 12:00:00 AM","S-1224","Invoice","Counter","Credit","","0","None","Hamza","160","0"
"1600","5/26/2024 12:00:00 AM","P-369","Purchase","Dr Asif (Investment)","Credit","","0","None","Hamza","2592",""
"1601","5/26/2024 12:00:00 AM","S-1225","Invoice","Al-Fareed H/S Shehdadpur","Credit","","0","None","Hamza","10498","0"
"1602","5/26/2024 12:00:00 AM","S-1226","Invoice","Al-Fareed H/S Shehdadpur","Credit","","0","None","Hamza","294","0"
"1603","5/26/2024 12:00:00 AM","P-370","Purchase","German Homeopathic Store (Dr Saqib Khan)","Credit","","0","None","Hamza","2653",""
"1604","5/26/2024 12:00:00 AM","S-1227","Invoice","Counter","Cash","Cash In Hand","0","None","Hamza","400","5"
"1605","5/26/2024 12:00:00 AM","P-371","Purchase","Dr Asif (Investment)","Credit","","0","None","Hamza","2592",""
"1606","5/26/2024 12:00:00 AM","S-1228","Invoice","Aslam Belani (Tnado Bago)","Credit","","0","None","Hamza","10654","0"
"1607","5/26/2024 12:00:00 AM","S-1229","Invoice","Counter","Cash","Cash In Hand","0","None","Hamza","500","500"
"1608","5/26/2024 12:00:00 AM","S-1230","Invoice","Waheed Bhai","Cash","Cash In Hand","0","None","Hamza","3305","3300"
"1609","5/26/2024 12:00:00 AM","S-1231","Invoice","Noman Homeopathic Store","Credit","","0","None","Hamza","1631","0"
"1610","5/26/2024 12:00:00 AM","S-1232","Invoice","Bilal Homoeopathic Store","Credit","","0","None","Hamza","119","0"
"1611","5/26/2024 12:00:00 AM","P-372","Purchase","German Homeopathic Store (Dr Saqib Khan)","Credit","","0","None","Hamza","768",""
"1612","5/26/2024 12:00:00 AM","S-1233","Invoice","German Homeopathic Store (Dr Saqib Khan)","Credit","","0","None","Hamza","7161","0"
"1613","5/26/2024 12:00:00 AM","S-1234","Invoice","Jameel H/S LPR","Credit","","0","None","Hamza","503","0"
"1614","5/26/2024 12:00:00 AM","S-1235","Invoice","Hassan Homeopathic Store","Credit","","0","None","Hamza","2949","0"
"1615","5/26/2024 12:00:00 AM","S-1236","Invoice","Sohail Homoeo & Harbal Store","Credit","","0","None","Hamza","455","0"
"1616","5/26/2024 12:00:00 AM","P-373","Purchase","Noman Homeopathic Store","Credit","","0","None","Hamza","210",""
"1617","5/26/2024 12:00:00 AM","S-1237","Invoice","Noman Homeopathic Store","Credit","","0","None","Hamza","196","0"
"1618","5/26/2024 12:00:00 AM","P-374","Purchase","Muslim Homoeopathic Store LPR ","Credit","","0","None","Hamza","88",""
"1619","5/26/2024 12:00:00 AM","P-375","Purchase","Bilal Homoeopathic Store","Credit","","0","None","Hamza","119",""
"1620","5/26/2024 12:00:00 AM","P-376","Purchase","Jameel H/S LPR","Credit",".Ayobe Qurashi ","0","None","Hamza","180",""
"1621","5/26/2024 12:00:00 AM","P-377","Purchase","Paul Brooks Homoeo Lab","Credit","","0","None","Hamza","8190",""
"1622","5/26/2024 12:00:00 AM","P-378","Purchase","Paul Brooks Homoeo Lab","Credit","","0","None","Hamza","30119",""
"1623","5/26/2024 12:00:00 AM","S-1238","Invoice","Counter","Cash","Cash In Hand",".0","None","Hamza","3000","3000"
"1624","5/26/2024 12:00:00 AM","P-379","Purchase","Counter","Cash","Cash In Hand","0","None","Hamza","3000",""
"1625","5/26/2024 12:00:00 AM","S-1239","Invoice","Counter","Cash","Cash In Hand","0","None","Hamza","2538","3000"
"1626","5/27/2024 12:00:00 AM","S-1240","Invoice","Hassaan H/S (TandoBago)","Credit","","","None","Hamza","23308","0"
"1627","5/27/2024 12:00:00 AM","S-1241","Invoice","Counter","Cash","Cash In Hand","0","None","Hamza","495","500"
"1628","5/27/2024 12:00:00 AM","S-1242","Invoice","Counter","Cash","Cash In Hand","0","None","Hamza","2400","2500"
"1629","5/27/2024 12:00:00 AM","P-380","Purchase","Sindh Homeopathic Store","Credit","","0","None","Hamza","760",""
"1630","5/27/2024 12:00:00 AM","S-1243","Invoice","Chand Homoeopathic Store","Credit","","0","None","Hamza","446","0"
"1631","5/27/2024 12:00:00 AM","S-1244","Invoice","Star Homoeo Store","Credit","","0","None","Hamza","264","0"
"1632","5/27/2024 12:00:00 AM","S-1245","Invoice","German Homeopathic Store (Dr Saqib Khan)","Credit","","0","None","Hamza","2047","0"
"1633","5/27/2024 12:00:00 AM","S-1246","Invoice","Hassan Homeopathic Store","Credit","","0","None","Hamza","540","0"
"1634","5/27/2024 12:00:00 AM","S-1247","Invoice","Noman Homeopathic Store","Credit","","0","None","Hamza","523","0"
"1635","5/27/2024 12:00:00 AM","S-1248","Invoice","Muslim Homoeopathic Store LPR ","Credit","","0","None","Hamza","892","0"
"1636","5/27/2024 12:00:00 AM","S-1249","Invoice","Tawaqal Homoeopathic Store","Credit","","0","None","Hamza","70","0"
"1637","5/27/2024 12:00:00 AM","S-1250","Invoice","Hassan Homeopathic Store","Credit","","0","None.","Hamza","4797","0"
"1638","5/27/2024 12:00:00 AM","S-1251","Invoice","Hassan Homeopathic Store","Credit","","0","None","Hamza","1628","0"
"1639","5/27/2024 12:00:00 AM","S-1252","Invoice","Counter","Cash","Cash In Hand","0","None","Hamza","150","150"
"1640","5/27/2024 12:00:00 AM","S-1253","Invoice","Counter","Cash","Cash In Hand","0","None","Hamza","1965","2000"
"1641","5/27/2024 12:00:00 AM","S-1254","Invoice","Counter","Cash","Cash In Hand","0","None","Hamza","1874","2000"
"1642","5/27/2024 12:00:00 AM","P-381","Purchase","Counter","Cash","Cash In Hand","0","None","Hamza","2425",""
"1643","5/27/2024 12:00:00 AM","P-382","Purchase","Counter","Cash","Cash In Hand","0","None","Hamza","264",""
"1644","5/27/2024 12:00:00 AM","P-383","Purchase","Counter","Cash","Cash In Hand","0","None","Hamza","320",""
"1645","5/28/2024 12:00:00 AM","P-384","Purchase","T.S Laboratories ","Credit","","0","None","Ali Raza Bukhari","103453",""
"1646","5/28/2024 12:00:00 AM","S-1255","Invoice","Counter","Cash","Cash In Hand","0","None","Hamza","250","500"
"1647","5/28/2024 12:00:00 AM","S-1256","Invoice","Counter","Cash","Cash In Hand","0","None","Hamza","500","500"
"1648","5/28/2024 12:00:00 AM","P-385","Purchase","Star Homoeo Store","Credit","","0","None","Hamza","264",""
"1649","5/28/2024 12:00:00 AM","S-1257","Invoice","Star Homoeo Store","Credit","","0","None","Hamza","240","0"
"1650","5/28/2024 12:00:00 AM","S-1258","Invoice","German Homeopathic Store (Dr Saqib Khan)","Credit","","10","None","Hamza","8089","0"
"1651","5/28/2024 12:00:00 AM","S-1259","Invoice","Sohail Homoeo & Harbal Store","Credit","","0","None","Hamza","187","0"
"1652","5/28/2024 12:00:00 AM","S-1260","Invoice","Noman Homeopathic Store","Credit","","0","None","Hamza","1521","0"
"1653","5/28/2024 12:00:00 AM","S-1261","Invoice","Muslim Homoeopathic Store LPR ","Credit","","0","None","Hamza","160","0"
"1654","5/28/2024 12:00:00 AM","P-386","Purchase","Noman Homeopathic Store","Credit","","0","None","Hamza","1521",""
"1655","5/28/2024 12:00:00 AM","S-1262","Invoice","Noman Homeopathic Store","Credit","","0","None","Hamza","1521","0"
"1656","5/28/2024 12:00:00 AM","P-387","Purchase","German Homeopathic Store (Dr Saqib Khan)","Credit","","0","None","Hamza","2610",""
"1657","5/28/2024 12:00:00 AM","S-1263","Invoice","Dr Saleem Qazi (NAWABSHAH)","Credit","","0","None","Hamza","2178","0"
"1658","5/28/2024 12:00:00 AM","P-388","Purchase","Dr Saleem Qazi (NAWABSHAH)","Credit","","0","None","Hamza","7224",""
"1659","5/28/2024 12:00:00 AM","S-1264","Invoice","Counter","Cash","Cash In Hand","0","None","Hamza","550","1000"
"1660","5/28/2024 12:00:00 AM","P-389","Purchase","German Homeopathic Store (Dr Saqib Khan)","Credit","","0","None","Hamza","1573",""
"1661","5/28/2024 12:00:00 AM","S-1265","Invoice","German Homeopathic Store (Dr Saqib Khan)","Credit","","0","None","Hamza","1240","0"
"1662","5/29/2024 12:00:00 AM","S-1266","Invoice","Counter","Cash","Cash In Hand","0","None","Hamza","413","500"
"1663","5/29/2024 12:00:00 AM","P-390","Purchase","BLOSSOM ","Credit","","6948","New Pak Azad Goods","Hamza","16298",""
"1664","5/29/2024 12:00:00 AM","S-1267","Invoice","Counter","Cash","Cash In Hand","0","None","Hamza","700","1000"
"1665","5/29/2024 12:00:00 AM","S-1268","Invoice","Counter","Cash","Cash In Hand","0","None","Hamza","150","1000"
"1666","5/29/2024 12:00:00 AM","S-1269","Invoice","Noman Homeopathic Store","Credit","",".0","None","Hamza","1366","0"
"1667","5/29/2024 12:00:00 AM","P-391","Purchase","German Homeopathic Store (Dr Saqib Khan)","Credit","","0","None","Hamza","143",""
"1668","5/29/2024 12:00:00 AM","S-1270","Invoice","Rafay Homeopathic Store","Credit","","0","None","Hamza","446","0"
"1669","5/29/2024 12:00:00 AM","S-1271","Invoice","German Homeopathic Store (Dr Saqib Khan)","Credit","","0","None","Hamza","99","0"
"1670","5/29/2024 12:00:00 AM","S-1272","Invoice","Hassan Homeopathic Store","Credit","","0","None","Hamza","525","0"
"1671","5/30/2024 12:00:00 AM","S-1273","Invoice","Gul M/S (Tando Jaam)","Credit","","0","None","Hamza","5985","0"
"1672","5/30/2024 12:00:00 AM","S-1274","Invoice","Gul M/S (Tando Jaam)","Credit","","0","None","Hamza","2400","0"
"1673","5/30/2024 12:00:00 AM","S-1275","Invoice","Gul M/S (Tando Jaam)","Credit","","0","None","Hamza","1188","0"
"1674","5/30/2024 12:00:00 AM","P-392","Purchase","Dr Asif Homeopathic Clinic & Store","Credit","","0","None","Hamza","5000",""
"1675","5/30/2024 12:00:00 AM","S-1276","Invoice","Maqsood M/S (TANDO ALAYAR)","Credit","","0","None","Hamza","6260","0"
"1676","5/30/2024 12:00:00 AM","S-1277","Invoice","Ameer M/S (TMK)","Credit","","0","None","Hamza","6935","0"
"1677","5/30/2024 12:00:00 AM","S-1278","Invoice","Counter","Cash","Cash In Hand","0","None","Hamza","1000","1000"
"1678","5/30/2024 12:00:00 AM","S-1279","Invoice","Ameer M/S (TMK)","Credit","","0","None","Hamza","800","0"
"1679","5/30/2024 12:00:00 AM","P-393","Purchase","BLOSSOM ","Credit","","0","None","Hamza","10560",""
"1680","5/30/2024 12:00:00 AM","S-1280","Invoice","L/Dr Sakina Aslam TMK ","Credit","","0","None","Hamza","1488","0"
"1681","5/30/2024 12:00:00 AM","S-1281","Invoice","Dr Ismail Wasti  (TMK)","Credit","","0","by hand Usama","Hamza","910","0"
"1682","5/30/2024 12:00:00 AM","P-394","Purchase","M.A Herbal Pharmacy Kerachi","Credit","","0","None","Hamza","14310",""
"1683","5/30/2024 12:00:00 AM","S-1282","Invoice","Chand Homoeopathic Store","Credit","","0","None","Hamza","145","0"
"1684","5/30/2024 12:00:00 AM","S-1283","Invoice","German Homeopathic Store (Dr Saqib Khan)","Credit","","0","None","Hamza","3930","0"
"1685","5/30/2024 12:00:00 AM","S-1284","Invoice","Jameel H/S LPR","Credit","","0","None","Hamza","196","0"
"1686","5/30/2024 12:00:00 AM","S-1285","Invoice","Hassan Homeopathic Store","Credit","","0","None","Hamza","2353","0"
"1687","5/30/2024 12:00:00 AM","S-1286","Invoice","Noman Homeopathic Store","Credit","","0","None","Hamza","1481","0"
"1688","5/30/2024 12:00:00 AM","S-1287","Invoice","Muslim Homoeopathic Store LPR ","Credit","","0","None","Hamza","1669","0"
"1689","5/30/2024 12:00:00 AM","P-395","Purchase","Chand Homoeopathic Store","Credit","","0","None","Hamza","72",""
"1690","5/30/2024 12:00:00 AM","S-1288","Invoice","H/Dr.Irfan (T.A)","Cash","Cash In Hand","0","None","Hamza","198","2"
"1691","6/1/2024 12:00:00 AM","S-1289","Invoice","Counter","Cash","Cash In Hand","0","None","Hamza","392","500"
"1692","6/1/2024 12:00:00 AM","S-1290","Invoice","Counter","Cash","Cash In Hand","0","None","Hamza","380","500"
"1693","6/1/2024 12:00:00 AM","S-1291","Invoice","Counter","Cash","Cash In Hand","0","None","Hamza","200","200"
"1694","6/1/2024 12:00:00 AM","S-1292","Invoice","Counter","Cash","Cash In Hand","0","None","Hamza","450","1000"
"1695","6/1/2024 12:00:00 AM","P-396","Purchase","L/Dr Sakina Aslam TMK ","Credit","","0","None","Hamza","700",""
"1696","6/1/2024 12:00:00 AM","S-1293","Invoice","L/Dr Sakina Aslam TMK ","Credit","","0","None","Hamza","500","0"
"1697","6/1/2024 12:00:00 AM","S-1294","Invoice","German Homeopathic Store (Dr Saqib Khan)","Credit","","0","None","Hamza","1082","0"
"1698","6/1/2024 12:00:00 AM","S-1295","Invoice","Jameel H/S LPR","Credit","","0","None","Hamza","900","0"
"1699","6/1/2024 12:00:00 AM","S-1296","Invoice","Hassan Homeopathic Store","Credit","","0","None","Hamza","1823","0"
"1700","6/1/2024 12:00:00 AM","S-1297","Invoice","Sohail Homoeo & Harbal Store","Credit","","0","None","Hamza","320","0"
"1701","6/1/2024 12:00:00 AM","S-1298","Invoice","Noman Homeopathic Store","Credit","","0","None","Hamza","426","0"
"1702","6/1/2024 12:00:00 AM","S-1299","Invoice","Pakistan H/S LPR","Credit","",".0","None","Hamza","399","0"
"1703","6/1/2024 12:00:00 AM","S-1300","Invoice","Muslim Homoeopathic Store LPR ","Credit","","0","None","Hamza","696","0"
"1704","6/1/2024 12:00:00 AM","S-1301","Invoice","Tawaqal Homoeopathic Store","Credit","","0","None","Hamza","241","0"
"1705","6/1/2024 12:00:00 AM","S-1302","Invoice","Al-Madina M/S (New Dambalo)","Credit","","0","None","Hamza","540","0"
"1706","6/1/2024 12:00:00 AM","S-1303","Invoice","Counter","Cash","Cash In Hand","0","None","Hamza","435","500"
"1707","6/2/2024 12:00:00 AM","S-1304","Invoice","Dr Adalat Khan (Khanoot)","Credit","","0","None","Hamza","11734","0"
"1708","6/2/2024 12:00:00 AM","S-1305","Invoice","Counter","Credit","","0","None","Hamza","200","0"
"1709","6/2/2024 12:00:00 AM","S-1306","Invoice","Counter","Cash","Cash In Hand","0","None","Hamza","228","500"
"1710","6/2/2024 12:00:00 AM","P-397","Purchase","B.H.P Laboratory (PVT) LTD ","Credit","","0","None","Hamza","8003",""
"1711","6/2/2024 12:00:00 AM","S-1307","Invoice","Counter","Cash","Cash In Hand","0.","None","Hamza","358","500"
"1712","6/2/2024 12:00:00 AM","S-1308","Invoice","Counter","Cash","Cash In Hand","0","None","Hamza","248","500"
"1713","6/2/2024 12:00:00 AM","P-398","Purchase","BM Pvt LTD","Credit","","0","None","Taj ud din","8003",""
"1714","6/2/2024 12:00:00 AM","P-399","Purchase","Sohail Homoeo & Harbal Store","Credit","","0","None","Hamza","320",""
"1715","6/2/2024 12:00:00 AM","S-1309","Invoice","Counter","Cash","Cash In Hand","0","None","Hamza","1500","200"
"1716","6/2/2024 12:00:00 AM","S-1310","Invoice","Hassan Homeopathic Store","Credit","","0","None","Hamza","3149","0"
"1717","6/2/2024 12:00:00 AM","S-1311","Invoice","Noman Homeopathic Store","Credit","","0","None","Hamza","4743","0"
"1718","6/2/2024 12:00:00 AM","S-1312","Invoice","Muslim Homoeopathic Store LPR ","Credit","","0","None","Hamza","96","0"
"1719","6/2/2024 12:00:00 AM","S-1313","Invoice","Rafay Homeopathic Store","Credit","","0","None","Hamza","96","0"
"1720","6/2/2024 12:00:00 AM","S-1314","Invoice","Counter","Cash","Cash In Hand","0","None","Hamza","530","600"
"1721","6/2/2024 12:00:00 AM","S-1315","Invoice","Counter","Cash","Cash In Hand","0","None","Hamza","120","500"
"1722","6/2/2024 12:00:00 AM","S-1316","Invoice","H/Dr Danish karmani ","Credit","","0","None","Hamza","540","0"
"1723","6/2/2024 12:00:00 AM","S-1317","Invoice","Counter","Cash","Cash In Hand","0","None","Hamza","900","1000"
"1724","6/2/2024 12:00:00 AM","P-400","Purchase","Hassan Homeopathic Store","Credit","","0","None","Hamza","196",""
"1725","6/2/2024 12:00:00 AM","S-1318","Invoice","Counter","Cash","Cash In Hand","0","None","Hamza","270","270"
"1726","6/2/2024 12:00:00 AM","S-1319","Invoice","Counter","Cash","Cash In Hand","0","None","Hamza","180","1000"
"1727","6/3/2024 12:00:00 AM","S-1320","Invoice","Counter","Cash","Caesh In Hand","0","Non e","Hamza","200","200"
"1728","6/3/2024 12:00:00 AM","S-1321","Invoice","Counter","Cash","Cash In Hand","0","None","Hamza","1800","2000"
"1729","6/3/2024 12:00:00 AM","P-401","Purchase","(GHR) HOMOEO PHARMA ","Credit","","0","None","Hamza","117801",""
"1730","6/3/2024 12:00:00 AM","S-1322","Invoice","Counter","Cash","Cash In Hand","0","None","usama","1900","2000"
"1731","6/3/2024 12:00:00 AM","S-1323","Invoice","Noman Homeopathic Store","Credit","","0","None","Hamza","1165","0"
"1732","6/3/2024 12:00:00 AM","S-1324","Invoice","Pakistan H/S LPR","Credit","","0","None","Hamza","240","0"
"1733","6/3/2024 12:00:00 AM","S-1325","Invoice","Counter","Credit","","0","None","Hamza","96","0"
"1734","6/3/2024 12:00:00 AM","S-1326","Invoice","Noman Homeopathic Store","Credit","","0","None","Hamza","819","0"
"1735","6/3/2024 12:00:00 AM","S-1327","Invoice","Tawaqal Homoeopathic Store","Credit","","0","None","Hamza","259","0"
"1736","6/3/2024 12:00:00 AM","S-1328","Invoice","Hassan Homeopathic Store","Credit","","0","None","Hamza","2677","0"
"1737","6/3/2024 12:00:00 AM","P-402","Purchase","Hassan Homeopathic Store","Credit","","0","None","Hamza","892",""
"1738","6/3/2024 12:00:00 AM","S-1329","Invoice","Hassan Homeopathic Store","Credit","","0","None","Hamza","382","0"
"1739","6/3/2024 12:00:00 AM","S-1330","Invoice","German Homeopathic Store (Dr Saqib Khan)","Credit","","0","None","Hamza","1671","0"
"1740","6/3/2024 12:00:00 AM","P-403","Purchase","German Homeopathic Store (Dr Saqib Khan)","Credit","","0","None","Hamza","1590",""
"1741","6/3/2024 12:00:00 AM","S-1331","Invoice","Counter","Cash","Cash In Hand","0","None","Hamza.","1600","2000"
"1742","6/3/2024 12:00:00 AM","P-404","Purchase","Counter","Cash","Cash In Hand","0","None","Hamza","1600",""
"1743","6/3/2024 12:00:00 AM","S-1332","Invoice","Counter","Cash","Cash In Hand","0","None","Hamza","1500","2000"
"1744","6/4/2024 12:00:00 AM","S-1333","Invoice","Counter","Cash","Cash In Hand","0","None","Hamza","3835","4000"
"1745","6/4/2024 12:00:00 AM","P-405","Purchase","Hakeem Sikander Ameer","Credit","","0","None","Hamza.","63000",""
"1746","6/4/2024 12:00:00 AM","S-1334","Invoice","Counter","Cash","Cash In Hand","0","None","Hamza","245","500"
"1747","6/4/2024 12:00:00 AM","S-1335","Invoice","Dr Rasheed Kashmiri (Tando Alayar)","Credit","","0","None","Hamza","9971","0"
"1748","6/4/2024 12:00:00 AM","S-1336","Invoice","Counter","Cash","Cash In Hand","0","None","Hamza","300","500"
"1749","6/4/2024 12:00:00 AM","S-1337","Invoice","Rooshan Pansar (Tando Alayar)","Credit","","0","None","Hamza","2400","0"
"1750","6/4/2024 12:00:00 AM","S-1338","Invoice","Chand Homoeopathic Store","Credit","","0","None","Hamza","96","0"
"1751","6/4/2024 12:00:00 AM","S-1339","Invoice","Star Homoeo Store","Credit","","0","None","Hamza","145","0"
"1752","6/4/2024 12:00:00 AM","S-1340","Invoice","Rafay Homeopathic Store","Credit","","0","None","Hamza","542","0"
"1753","6/4/2024 12:00:00 AM","S-1341","Invoice","German Homeopathic Store (Dr Saqib Khan)","Credit","","0","None","Hamza","1056","0"
"1754","6/4/2024 12:00:00 AM","S-1342","Invoice","Hassan Homeopathic Store","Credit","","0","None","Hamza","192","0"
"1755","6/4/2024 12:00:00 AM","S-1343","Invoice","Sohail Homoeo & Harbal Store","Credit","","0","None","Hamza","94","0"
"1756","6/4/2024 12:00:00 AM","S-1344","Invoice","Noman Homeopathic Store","Credit","","0","None","Hamza","255","0"
"1757","6/4/2024 12:00:00 AM","P-406","Purchase","Rafay Homeopathic Store","Credit","","0","None","Hamza","383",""
"1758","6/4/2024 12:00:00 AM","S-1345","Invoice","W.S Pharmacy & Research Center","Credit","","0","None","Hamza","11760","0"
"1759","6/4/2024 12:00:00 AM","P-407","Purchase","W.S Pharmacy & Research Center","Credit","","0","None","Hamza","12480",""
"1760","6/4/2024 12:00:00 AM","S-1346","Invoice","WajuU Bhai W/S Saleman","Credit","","0","None","Hamza","6600","0"
"1761","6/4/2024 12:00:00 AM","S-1347","Invoice","Jindran M/S (Tando Adam)","Credit","","0","None","Hamza","25808","0"
"1762","6/4/2024 12:00:00 AM","S-1348","Invoice","Jindran M/S (Tando Adam)","Credit","","0","None","Hamza","1287","0"
"1763","6/5/2024 12:00:00 AM","S-1349","Invoice","Counter","Cash","Cash In Hand","0","None","Hamza","450","500"
"1764","6/5/2024 12:00:00 AM","P-408","Purchase","Dr Asif Homeopathic Clinic & Store","Credit","","0.","None","Hamza","5000",""
"1765","6/5/2024 12:00:00 AM","P-409","Purchase","Counter","Cash","Cash In Hand","0","None","Hamza","865",""
"1766","6/5/2024 12:00:00 AM","S-1350","Invoice","Counter","Cash","Cash In Hand","0","None","Hamza","2295","2500"
"1767","6/5/2024 12:00:00 AM","S-1351","Invoice","Counter","Cash","Cash In Hand",".0","None","Hamza","450","500"
"1768","6/5/2024 12:00:00 AM","S-1352","Invoice","Counter","Cash","Cash In Hand","0","None","Hamza","1000","1000"
"1769","6/5/2024 12:00:00 AM","S-1353","Invoice","Counter","Credit","Cash In Hand","0","None","Hamza","2400","0"
"1770","6/5/2024 12:00:00 AM","P-410","Purchase","Counter","Credit","","0","None","Hamza","2400",""
"1771","6/5/2024 12:00:00 AM","S-1354","Invoice","Counter","Cash","Cash In Hand","0","None","Hamza","2400","2500"
"1772","6/5/2024 12:00:00 AM","S-1355","Invoice","Counter","Cash","Cash In Hand","0","None","Hamza","1200","1500"
"1773","6/5/2024 12:00:00 AM","S-1356","Invoice","Counter","Cash","Cash In Hand","0","None","Hamza","1160","1200"
"1774","6/5/2024 12:00:00 AM","S-1357","Invoice","Counter","Cash","Cash In Hand","0","None","Hamza","300","500"
"1775","6/5/2024 12:00:00 AM","S-1358","Invoice","Baloch Homoeo Clinic (Gulab Lagari)","Credit","","0","None","Hamza","20437","0"
"1776","6/5/2024 12:00:00 AM","S-1359","Invoice","Chand Homoeopathic Store","Credit","","0","None","Hamza","96","0"
"1777","6/5/2024 12:00:00 AM","S-1360","Invoice","Star Homoeo Store","Credit","","0","None","Hamza","720","0"
"1778","6/5/2024 12:00:00 AM","S-1361","Invoice","Rafay Homeopathic Store","Credit","","0","None","Hamza","351","0"
"1779","6/5/2024 12:00:00 AM","S-1362","Invoice","German Homeopathic Store (Dr Saqib Khan)","Credit","","0","None","Hamza","781","0"
"1780","6/5/2024 12:00:00 AM","S-1363","Invoice","Noman Homeopathic Store","Credit","","0","None","Hamza","2983","0"
"1781","6/5/2024 12:00:00 AM","S-1364","Invoice","Muslim Homoeopathic Store LPR ","Credit","","0","None","Hamza","1164","0"
"1782","6/5/2024 12:00:00 AM","S-1365","Invoice","Hassan Homeopathic Store","Credit","","0","None","Hamza","377","0"
"1783","6/5/2024 12:00:00 AM","P-411","Purchase","Hassan Homeopathic Store","Credit","","0","None","Hamza","3093",""
"1784","6/5/2024 12:00:00 AM","P-412","Purchase","German Homeopathic Store (Dr Saqib Khan)","Credit","","0","None","Hamza","1000",""
"1785","6/5/2024 12:00:00 AM","P-413","Purchase","German Homeopathic Store (Dr Saqib Khan)","Credit","","0","None.","Hamza","189",""
"1786","6/6/2024 12:00:00 AM","S-1366","Invoice","Dr Hanif Jokhiyo (Dolat Pur)","Credit","","0","None","Hamza","43915","0"
"1787","6/6/2024 12:00:00 AM","S-1367","Invoice","Counter","Cash","Cash In Hand","0","None","Hamza","1800","2000"
"1788","6/6/2024 12:00:00 AM","P-414","Purchase","Jindran M/S (Tando Adam)","Credit","","0","None","Hamza","280",""
"1789","6/6/2024 12:00:00 AM","S-1368","Invoice","Dr Rasheed Kashmiri (Tando Alayar)","Credit","","0","None","Hamza","8330","0"
"1790","6/6/2024 12:00:00 AM","S-1369","Invoice","Al-Fareed H/S DR Hader Garwar","Credit","","0","None","Hamza","5658","0"
"1791","6/6/2024 12:00:00 AM","S-1370","Invoice","Rooshan Pansar (Tando Alayar)","Credit","","0","None","Hamza","4040","0"
"1792","6/6/2024 12:00:00 AM","S-1371","Invoice","Dr Shahid Ahmed (Tando Alayar)","Credit","","0","None","Hamza","12083","0"
"1793","6/6/2024 12:00:00 AM","S-1372","Invoice","Dr Shahid Ahmed (Tando Alayar)","Credit","","0","None","Hamza","1836","0"
"1794","6/6/2024 12:00:00 AM","P-415","Purchase","Dr Rasheed Kashmiri (Tando Alayar)","Credit","","0","None","Hamza","8330",""
"1795","6/6/2024 12:00:00 AM","S-1373","Invoice","Dr Rasheed Kashmiri (Tando Alayar)","Credit","","0","None","Hamza","9345","0"
"1796","6/6/2024 12:00:00 AM","P-416","Purchase","Kent Homoeopathic Pharmacy","Credit","","0","None","Hamza","172044",""
"1797","6/6/2024 12:00:00 AM","S-1374","Invoice","Counter","Cash","Cash In Hand","0","None","Hamza","200","200"
"1798","6/6/2024 12:00:00 AM","S-1375","Invoice","Bilal Homoeopathic Store","Credit","","0","None","Hamza","120","0"
"1799","6/6/2024 12:00:00 AM","S-1376","Invoice","Al-Haseeb Clanic (Hala)","Credit","","0","None","Hamza","481","0"
"1800","6/6/2024 12:00:00 AM","S-1377","Invoice","Baba Homoeo Store","Credit","","0","None","Hamza","117","0"
"1801","6/6/2024 12:00:00 AM","S-1378","Invoice","German Homeopathic Store (Dr Saqib Khan)","Credit","","0","None","Hamza","2097","0"
"1802","6/6/2024 12:00:00 AM","S-1379","Invoice","Noman Homeopathic Store","Credit","","0","None","Hamza","273","0"
"1803","6/6/2024 12:00:00 AM","S-1380","Invoice","Tawaqal Homoeopathic Store","Credit","","0","None","Hamza","416","0"
"1804","6/6/2024 12:00:00 AM","S-1381","Invoice","Counter","Cash","Cash In Hand","0","None","Hamza","180","200"
"1805","6/6/2024 12:00:00 AM","S-1382","Invoice","Counter","Cash","Cash In Hand","0","None","Hamza","1795","1800"
"1806","6/8/2024 12:00:00 AM","S-1383","Invoice","Counter","Cash","Cash In Hand","0","None","Hamza","450","500"
"1807","6/8/2024 12:00:00 AM","S-1384","Invoice","Rafay Homeopathic Store","Credit","","0","None","Hamza","446","0"
"1808","6/8/2024 12:00:00 AM","S-1385","Invoice","German Homeopathic Store (Dr Saqib Khan)","Credit","","0","None","Hamza","615","0"
"1809","6/8/2024 12:00:00 AM","S-1386","Invoice","Hassan Homeopathic Store","Credit","","0","None","Hamza","2093","0"
"1810","6/8/2024 12:00:00 AM","S-1387","Invoice","Noman Homeopathic Store","Credit","","0","None","Hamza","315","0"
"1811","6/8/2024 12:00:00 AM","S-1388","Invoice","Muslim Homoeopathic Store LPR ","Credit","","0","None","Hamza","725","0"
"1812","6/8/2024 12:00:00 AM","S-1389","Invoice","Al-Fareed H/S Shehdadpur","Credit","","0","None","Hamza","702","0"
"1813","6/8/2024 12:00:00 AM","S-1390","Invoice","Counter","Credit","","0","None","Hamza","168","0"
"1814","6/8/2024 12:00:00 AM","P-417","Purchase","Counter","Credit","","0","None","Hamza","168",""
"1815","6/8/2024 12:00:00 AM","S-1391","Invoice","Counter","Cash","Cash In Hand","0","None","Hamza","168","200"
"1816","6/8/2024 12:00:00 AM","P-418","Purchase","Hassan Homeopathic Store","Credit","","0","None","Hamza","90",""
"1817","6/8/2024 12:00:00 AM","S-1392","Invoice","Hassan Homeopathic Store","Credit","","0","None","Hamza","2750","0"
"1818","6/8/2024 12:00:00 AM","S-1393","Invoice","Counter","Cash","Cash In Hand","0","None","Hamza","150","200"
"1819","6/8/2024 12:00:00 AM","S-1394","Invoice","Hassan Homeopathic Store","Credit","","0","None","Hamza","1100","0"
"1820","6/9/2024 12:00:00 AM","S-1395","Invoice","Counter","Cash","Cash In Hand","0","None","Hamza","800","1000"
"1821","6/9/2024 12:00:00 AM","S-1396","Invoice","Counter","Cash","Cash In Hand","0","None","Hamza","400","500"
"1822","6/9/2024 12:00:00 AM","P-419","Purchase","German Homeopathic Store (Dr Saqib Khan)","Credit","","0","None","Hamza.","924",""
"1823","6/9/2024 12:00:00 AM","S-1397","Invoice","Counter","Cash","Cash In Hand","0","None","Hamza","530","1000"
"1824","6/9/2024 12:00:00 AM","S-1398","Invoice","Rafay Homeopathic Store","Credit","","0","None","Hamza","1338","0"
"1825","6/9/2024 12:00:00 AM","S-1399","Invoice","Hassan Homeopathic Store","Credit","","0","None","Hamza","2484","0"
"1826","6/9/2024 12:00:00 AM","S-1400","Invoice","Noman Homeopathic Store","Credit","","0","None","Hamza","1216","0"
"1827","6/9/2024 12:00:00 AM","S-1401","Invoice","Mughal H/S","Credit","","0","None","Hamza","1130","0"
"1828","6/9/2024 12:00:00 AM","S-1402","Invoice","Muslim Homoeopathic Store LPR ","Credit","","0","None","Hamza","161","0"
"1829","6/9/2024 12:00:00 AM","P-420","Purchase","Hassan Homeopathic Store","Credit","","0","None","Hamza","428",""
"1830","6/9/2024 12:00:00 AM","S-1403","Invoice","German Homeopathic Store (Dr Saqib Khan)","Credit","","0","None","Hamza","477","0"
"1831","6/9/2024 12:00:00 AM","P-421","Purchase","German Homeopathic Store (Dr Saqib Khan)","Credit","","0","None","Hamza","90",""
"1832","6/10/2024 12:00:00 AM","S-1404","Invoice","Talha M/S (TMK)","Credit","","0","None","Hamza","7035","0"
"1833","6/10/2024 12:00:00 AM","S-1405","Invoice","Talha M/S (TMK)","Credit","","0","None","Hamza","1056","0"
"1834","6/10/2024 12:00:00 AM","S-1406","Invoice","Talha M/S (TMK)","Credit","","0","None","Hamza","2750","0"
"1835","6/10/2024 12:00:00 AM","S-1407","Invoice","Shokat M/S (TMK)","Credit","","0","None","Hamza","3000","0"
"1836","6/10/2024 12:00:00 AM","S-1408","Invoice","MADINA M/S (TMK)","Credit","","0","None","Hamza","7340","0"
"1837","6/10/2024 12:00:00 AM","S-1409","Invoice","MADINA M/S (TMK)","Credit","","0","None","Hamza","1310","0"
"1838","6/10/2024 12:00:00 AM","S-1410","Invoice","Counter","Cash","Cash In Hand","0","None","Hamza","250","500"
"1839","6/10/2024 12:00:00 AM","S-1411","Invoice","Counter","Cash","Cash In Hand","0","None","Hamza","900","1000"
"1840","6/10/2024 12:00:00 AM","S-1412","Invoice","Noman Homeopathic Store","Credit","","0","None","Hamza","4167","0"
"1841","6/10/2024 12:00:00 AM","S-1413","Invoice","German Homeopathic Store (Dr Saqib Khan)","Credit","","0","None","Hamza","3439","0"
"1842","6/10/2024 12:00:00 AM","S-1414","Invoice","Hassan Homeopathic Store","Credit","","0","None","Hamza","3848","0"
"1843","6/10/2024 12:00:00 AM","S-1415","Invoice","Sufi Homeopathic Store","Credit","","0","None","Hamza","1338","0"
"1844","6/10/2024 12:00:00 AM","S-1416","Invoice","Muslim Homoeopathic Store LPR ","Credit","","0","None","Hamza","715","0"
"1845","6/10/2024 12:00:00 AM","S-1417","Invoice","Sheroze H/S Muzzamil ","Credit","","0","None","Hamza","522","0"
"1846","6/10/2024 12:00:00 AM","P-422","Purchase","Sufi Homeopathic Store","Credit","","0","None","Hamza","144",""
"1847","6/10/2024 12:00:00 AM","P-423","Purchase","Muslim Homoeopathic Store LPR ","Credit","","0","None","Hamza","175",""
"1848","6/10/2024 12:00:00 AM","S-1418","Invoice","Muslim Homoeopathic Store LPR ","Credit","","0","None","Hamza","250","0"
"1849","6/10/2024 12:00:00 AM","S-1419","Invoice","Rafay Homeopathic Store","Credit","","0","None","Hamza","621","0"
"1850","6/10/2024 12:00:00 AM","P-424","Purchase","Hassan Homeopathic Store","Credit","","0","None","Hamza","2688",""
"1851","6/10/2024 12:00:00 AM","S-1420","Invoice","Hassan Homeopathic Store","Credit","","0","None","Hamza","2487","0"
"1852","6/10/2024 12:00:00 AM","P-425","Purchase","German Homeopathic Store (Dr Saqib Khan)","Credit","","0","None","Hamza","384",""
"1853","6/10/2024 12:00:00 AM","S-1421","Invoice","German Homeopathic Store (Dr Saqib Khan)","Credit","","0","None","Hamza","360","0"
"1854","6/10/2024 12:00:00 AM","P-426","Purchase","German Homeopathic Store (Dr Saqib Khan)","Credit","","0","None","Hamza","114",""
"1855","6/10/2024 12:00:00 AM","P-427","Purchase","Rafay Homeopathic Store","Credit","","0","None","Hamza","446",""
"1856","6/11/2024 12:00:00 AM","S-1422","Invoice","Counter","Cash","Cash In Hand",".0","None","Hamza","2050","2500"
"1857","6/11/2024 12:00:00 AM","S-1423","Invoice","Counter","Cash","Cash In Hand","1","None","Hamza","250","500"
"1858","6/11/2024 12:00:00 AM","S-1424","Invoice","Counter","Cash","Cash In Hand","0","None","Hamza","500","500"
"1859","6/11/2024 12:00:00 AM","S-1425","Invoice","Al-Madina M/S (New Dambalo)","Credit","","0","None","Hamza","753","0"
"1860","6/11/2024 12:00:00 AM","S-1426","Invoice","Dr Jamaal Nasir (T.M.K)","Credit","","0","None","Hamza","11623","0"
"1861","6/11/2024 12:00:00 AM","P-428","Purchase","Kent Homoeopathic Pharmacy","Credit","","0","None","Hamza","211",""
"1862","6/11/2024 12:00:00 AM","S-1427","Invoice","Chand Homoeopathic Store","Credit","","0","None","Hamza","211","0"
"1863","6/11/2024 12:00:00 AM","S-1428","Invoice","Chand Homoeopathic Store","Credit","","0","None","Hamza","211","0"
"1864","6/11/2024 12:00:00 AM","S-1429","Invoice","Hassan Homeopathic Store","Credit","","0","None","Hamza","3764","0"
"1865","6/11/2024 12:00:00 AM","S-1430","Invoice","Noman Homeopathic Store","Credit","","0","None","Hamza","1010","0"
"1866","6/11/2024 12:00:00 AM","S-1431","Invoice","Makka Homoeopathic Store Nawabshah ","Credit","","0","None","Hamza","2131","0"
"1867","6/11/2024 12:00:00 AM","S-1432","Invoice","Muslim Homoeopathic Store LPR ","Credit","","0","None","Hamza","446","0"
"1868","6/11/2024 12:00:00 AM","P-429","Purchase","Hassan Homeopathic Store","Credit","","0","None","Hamza","108",""
"1869","6/11/2024 12:00:00 AM","S-1433","Invoice","Counter","Cash","Cash In Hand","0","None","Hamza","230","230"
"1870","6/11/2024 12:00:00 AM","S-1434","Invoice","Tawaqal Homoeopathic Store","Credit","","0","None","Hamza","150","0"
"1871","6/11/2024 12:00:00 AM","S-1435","Invoice","Muslim Homoeopathic Store LPR ","Credit","","0","None","Hamza","359","0"
"1872","6/11/2024 12:00:00 AM","S-1436","Invoice","Shalimar Homoeo Store LPR","Credit","","0","None","Hamza","1125","0"
"1873","6/12/2024 12:00:00 AM","S-1437","Invoice","BLOSSOM ","Credit","","0","None","Dr Asif Ali","2909","0"
"1874","6/12/2024 12:00:00 AM","P-430","Purchase","BLOSSOM ","Credit","","8622","New Pak Azad Goods","Dr Asif Ali","5817",""
"1875","6/12/2024 12:00:00 AM","S-1438","Invoice","Counter","Cash","Cash In Hand","0","None.0.","Hamza","1000","1000"
"1876","6/12/2024 12:00:00 AM","S-1439","Invoice","Counter","Cash","Cash In Hand","0","None","Hamza","250","500"
"1877","6/12/2024 12:00:00 AM","P-431","Purchase","Paul Brooks Homoeo Lab","Credit","","8227","New Shakeel And Asif Goods","M.Umair Shaikh","61989",""
"1878","6/12/2024 12:00:00 AM","S-1440","Invoice","Counter","Cash","Cash In Hand","0","None","Hamza","1000","1000"
"1879","6/12/2024 12:00:00 AM","S-1441","Invoice","Dr Ahsan Mohsin H/S (SANGAR)","Credit","","0","None","Hamza","14040","0"
"1880","6/12/2024 12:00:00 AM","S-1442","Invoice","Noman Homeopathic Store","Credit","","0","None","Hamza","680","0"
"1881","6/12/2024 12:00:00 AM","S-1443","Invoice","German Homeopathic Store (Dr Saqib Khan)","Credit","","0","None","Hamza","3430","0"
"1882","6/12/2024 12:00:00 AM","S-1444","Invoice","Baba Homoeo Store","Credit","","0","None","Hamza","96","0"
"1883","6/12/2024 12:00:00 AM","S-1445","Invoice","Rafay Homeopathic Store","Credit","","0","None","Hamza","360","0"
"1884","6/12/2024 12:00:00 AM","S-1446","Invoice","Tawaqal Homoeopathic Store","Credit","","0","None","Hamza","196","0"
"1885","6/12/2024 12:00:00 AM","S-1447","Invoice","Noman Homeopathic Store","Credit","","0","None","Hamza","6238","0"
"1886","6/12/2024 12:00:00 AM","S-1448","Invoice","Dr Akram Malik (Shahdadpure)","Credit","","0","None","Hamza","1764","0"
"1887","6/12/2024 12:00:00 AM","S-1449","Invoice","Hassan Homeopathic Store","Credit","","0","None","Hamza","1641","0"
"1888","6/12/2024 12:00:00 AM","S-1450","Invoice","Mehran H/S Dr Akram (Shadadpur)","Credit","","0","None","Hamza","7874","0"
"1889","6/12/2024 12:00:00 AM","S-1451","Invoice","Muslim Homoeopathic Store LPR ","Credit","","0","None","Hamza","1430","0"
"1890","6/12/2024 12:00:00 AM","S-1452","Invoice","German Homeopathic Store (Dr Saqib Khan)","Credit","","0","None","Hamza","1440","0"
"1891","6/12/2024 12:00:00 AM","P-432","Purchase","German Homeopathic Store (Dr Saqib Khan)","Credit","","0","None","Hamza","3780",""
"1892","6/13/2024 12:00:00 AM","S-1453","Invoice","Hakeem Abdul Rehman (khanoot)","Credit","","0","None","Hamza","540","0"
"1893","6/13/2024 12:00:00 AM","S-1454","Invoice","Counter","Cash","Cash In Hand",".0","None","Hamza","552","1000"
"1894","6/13/2024 12:00:00 AM","S-1455","Invoice","Counter","Cash","Cash In Hand","0","None","Hamza","1338","1500"
"1895","6/13/2024 12:00:00 AM","S-1456","Invoice","Counter","Cash","Cash In Hand","0","None","Hamza","1320","1500"
"1896","6/13/2024 12:00:00 AM","S-1457","Invoice","Rafay Homeopathic Store","Credit","","0","None","Hamza","446","0"
"1897","6/13/2024 12:00:00 AM","S-1458","Invoice","Jameel H/S LPR","Credit","","0","None","Hamza","117","0"
"1898","6/13/2024 12:00:00 AM","S-1459","Invoice","Hassan Homeopathic Store","Credit","","0","None","Hamza","1949","0"
"1899","6/13/2024 12:00:00 AM","S-1460","Invoice","Counter","Cash","Cash In Hand","0","None","Hamza","550","1000"
"1900","6/13/2024 12:00:00 AM","S-1461","Invoice","Noman Homeopathic Store","Credit","","0","None","Hamza","1036","0"
"1901","6/13/2024 12:00:00 AM","S-1462","Invoice","Muslim Homoeopathic Store LPR ","Credit","",".0","None","Hamza","1736","0"
"1902","6/13/2024 12:00:00 AM","S-1463","Invoice","Counter","Cash","Cash In Hand","0","None","Hamza","440","500"
"1903","6/13/2024 12:00:00 AM","S-1464","Invoice","Counter","Cash","Cash In Hand","0","None","Hamza","800","1000"
"1904","6/13/2024 12:00:00 AM","S-1465","Invoice","Muslim Homoeopathic Store LPR ","Credit","","0","None","Hamza","221","0"
"1905","6/13/2024 12:00:00 AM","S-1466","Invoice","Counter","Cash","Cash In Hand","0","None","Hamza","550","600"
"1906","6/15/2024 12:00:00 AM","S-1467","Invoice","Wasaan Medical Store","Credit","","0","None","Hamza","1290","0"
"1907","6/15/2024 12:00:00 AM","S-1468","Invoice","Talpur Medical Store (Jahan Mori)","Credit","","0","N one","Hamza","1495","0"
"1908","6/15/2024 12:00:00 AM","S-1469","Invoice","Muneer Medical Store","Credit","","0","None","Hamza","1298","0"
"1909","6/15/2024 12:00:00 AM","S-1470","Invoice","Counter","Cash","Cash In Hand","0","None","Hamza","2250","2500"
"1910","6/15/2024 12:00:00 AM","P-433","Purchase","B.H.P Laboratory (PVT) LTD ","Credit","","0","None","Hamza","10044",""
"1911","6/15/2024 12:00:00 AM","P-434","Purchase","B.H.P Laboratory (PVT) LTD ","Credit","","0","TCS","Mirza Saleem","28305",""
"1912","6/15/2024 12:00:00 AM","S-1471","Invoice","Counter","Cash","Cash In Hand","0","None","Hamza","300","500"
"1913","6/15/2024 12:00:00 AM","S-1472","Invoice","Counter","Cash","Cash In Hand","0","None","Hamza","200","500"
"1914","6/15/2024 12:00:00 AM","S-1473","Invoice","Counter","Cash","Cash In Hand","0","None","Hamza","1499","1500"
"1915","6/15/2024 12:00:00 AM","S-1474","Invoice","Counter","Cash","Cash In Hand","0","None","Hamza","200","200"
"1916","6/15/2024 12:00:00 AM","S-1475","Invoice","Dr Manzoor (Shah Pur Janiya)","Credit","","0","None","Hamza","9615","0"
"1917","6/15/2024 12:00:00 AM","S-1476","Invoice","Rafay Homeopathic Store","Credit","","0","None","Hamza","2955","0"
"1918","6/15/2024 12:00:00 AM","S-1477","Invoice","Jameel H/S LPR","Credit","","","None","Hamza","574","0"
"1919","6/15/2024 12:00:00 AM","S-1478","Invoice","Hassan Homeopathic Store","Credit","","0","None","Hamza","1241","0"
"1920","6/15/2024 12:00:00 AM","S-1479","Invoice","Sohail Homoeo & Harbal Store","Credit","","0","None","Hamza","1402","0"
"1921","6/15/2024 12:00:00 AM","S-1480","Invoice","Noman Homeopathic Store","Credit","","0","None","Hamza","1457","0"
"1922","6/15/2024 12:00:00 AM","S-1481","Invoice","Shalimar Homoeo Store LPR","Credit","","0","None","Hamza","382","0"
"1923","6/15/2024 12:00:00 AM","S-1482","Invoice","Muslim Homoeopathic Store LPR ","Credit","","0","None","Hamza","188","0"
"1924","6/15/2024 12:00:00 AM","P-435","Purchase","Sohail Homoeo & Harbal Store","Credit","","0","None0","Hamza","96",""
"1925","6/15/2024 12:00:00 AM","S-1483","Invoice","Waheed Bhai","Cash","Cash In Hand","0","None","Hamza","2500","2500"
"1926","6/15/2024 12:00:00 AM","S-1484","Invoice","Dr Anwar Khan (Khanoot)","Credit","","0","None","Hamza","13900","0"
"1927","6/15/2024 12:00:00 AM","S-1485","Invoice","Dr Waqeel (KHANOOT)","Credit","","0","None","Hamza","6457","0"
"1928","6/15/2024 12:00:00 AM","P-436","Purchase","Dr Waqeel (KHANOOT)","Credit","","0","None","Hamza","6457",""
"1929","6/15/2024 12:00:00 AM","S-1486","Invoice","Dr Waqeel (KHANOOT)","Credit","","0","None","Hamza","6457","0"
"1930","6/15/2024 12:00:00 AM","S-1487","Invoice","Dr Manzoor (Shah Pur Janiya)","Credit","","0","None","Hamza","1260","0"
"1931","6/15/2024 12:00:00 AM","P-437","Purchase","Rafay Homeopathic Store","Credit","","0","None","Hamza","1170",""
"1932","6/15/2024 12:00:00 AM","S-1488","Invoice","Hakeem Abdul Rehman (khanoot)","Credit","","0","None","Hamza","1020","0"
"1933","6/15/2024 12:00:00 AM","P-438","Purchase","Rafay Homeopathic Store","Credit","","0","None","Hamza","431",""
"1934","6/15/2024 12:00:00 AM","P-439","Purchase","Rafay Homeopathic Store","Credit","","0","None","Hamza","2343",""
"1935","6/15/2024 12:00:00 AM","S-1489","Invoice","Rafay Homeopathic Store","Credit","","0","None","Hamza","2187","0"
"1936","6/15/2024 12:00:00 AM","P-440","Purchase","Rafay Homeopathic Store","Credit","","0","None","Hamza","140",""
"1937","6/16/2024 12:00:00 AM","S-1490","Invoice","Counter","Cash","Cash In Hand","0","None","Hamza","796","800"
"1938","6/16/2024 12:00:00 AM","S-1491","Invoice","Counter","Cash","Cash In Hand","0","None","Hamza","1100","1500"
"1939","6/16/2024 12:00:00 AM","S-1492","Invoice","Star Homoeo Store","Credit","","0","None.","Hamza","75","0"
"1940","6/16/2024 12:00:00 AM","S-1493","Invoice","Hoor M/S Lajpat Road","Credit","","0","None","Hamza","72","0"
"1941","6/16/2024 12:00:00 AM","P-441","Purchase","Star Homoeo Store","Credit","","0","None","Hamza","75",""
"1942","6/16/2024 12:00:00 AM","S-1494","Invoice","Star Homoeo Store","Credit","","0","None","Hamza","88","0"
"1943","6/16/2024 12:00:00 AM","S-1495","Invoice","German Homeopathic Store (Dr Saqib Khan)","Credit","","0","None","Hamza","4717","0"
"1944","6/16/2024 12:00:00 AM","S-1496","Invoice","Hassan Homeopathic Store","Credit","","0","None","Hamza","105","0"
"1945","6/16/2024 12:00:00 AM","S-1497","Invoice","Sohail Homoeo & Harbal Store","Credit","","0","None","Hamza","94","0"
"1946","6/16/2024 12:00:00 AM","S-1498","Invoice","Noman Homeopathic Store","Credit","","0","None","Hamza","2004","0"
"1947","6/16/2024 12:00:00 AM","S-1499","Invoice","Muslim Homoeopathic Store LPR ","Credit","","0","None","Hamza","910","0"
"1948","6/16/2024 12:00:00 AM","S-1500","Invoice","Noman Homeopathic Store","Credit","","0","None","H,mza","192","0"
"1949","6/16/2024 12:00:00 AM","P-442","Purchase","German Homeopathic Store (Dr Saqib Khan)","Credit","","0","Nonne","Hamza","315",""
"1950","6/16/2024 12:00:00 AM","S-1501","Invoice","Counter","Cash","Cash In Hand","0","N0ne","Hamza","250","250"
"1951","6/16/2024 12:00:00 AM","P-443","Purchase","Rafay Homeopathic Store","Credit","","0","None","Hamza","128",""
"1952","6/16/2024 12:00:00 AM","S-1502","Invoice","Counter","Cash","Cash In Hand","0","None","Hamza","150","150"
"1953","6/20/2024 12:00:00 AM","S-1503","Invoice","Ali Khan M/S (TALHAR)","Credit","","0","None","Hamza","5100","0"
"1954","6/20/2024 12:00:00 AM","S-1504","Invoice","Baba Homoeo Store","Credit","","0","None","Hamza","420","0"
"1955","6/20/2024 12:00:00 AM","S-1505","Invoice","Star Homoeo Store","Credit","","0","None","Hamza","252","0"
"1956","6/20/2024 12:00:00 AM","S-1506","Invoice","Rafay Homeopathic Store","Credit","","0","None","Hamza","1382","0"
"1957","6/20/2024 12:00:00 AM","S-1507","Invoice","Hassan Homeopathic Store","Credit","","0","None","Hamza","4782","0"
"1958","6/20/2024 12:00:00 AM","S-1508","Invoice","Counter","Cash","Cash In Hand","0","None","Hamza","300","500"
"1959","6/20/2024 12:00:00 AM","S-1509","Invoice","Noman Homeopathic Store","Credit","","0","None","Hamza","1723","0"
"1960","6/20/2024 12:00:00 AM","S-1510","Invoice","Muslim Homoeopathic Store LPR ","Credit","","0","None","Hamza","328","0"
"1961","6/20/2024 12:00:00 AM","S-1511","Invoice","Pakistan H/S LPR","Credit","","0","None","Hamza","161","0"
"1962","6/20/2024 12:00:00 AM","S-1512","Invoice","Hassan Homeopathic Store","Credit","","0","None","Hamza","1825","0"
"1963","6/20/2024 12:00:00 AM","P-444","Purchase","Muslim Homoeopathic Store LPR ","Credit","","0","None","Hamza","192",""
"1964","6/20/2024 12:00:00 AM","P-445","Purchase","Ali Khan M/S (TALHAR)","Credit","","0","None","Hamza","2800",""
"1965","6/22/2024 12:00:00 AM","S-1513","Invoice","Counter","Cash","Cas.","0","None","Hamza","250","250"
"1966","6/22/2024 12:00:00 AM","S-1514","Invoice","Rahib Madical Store (Tando Bhago)","Credit","","0","None","Hamza","16400","0"
"1967","6/22/2024 12:00:00 AM","S-1515","Invoice","Counter","Cash","Cash In Hand","0","None","Hamza","210","210"
"1968","6/22/2024 12:00:00 AM","S-1516","Invoice","Counter","Cash","Cash In Hand","0","None","Hamza","250","250"
"1969","6/22/2024 12:00:00 AM","S-1517","Invoice","Dr Akram Malik (Shahdadpure)","Credit","","0","None","Hamza","1404","0"
"1970","6/22/2024 12:00:00 AM","S-1518","Invoice","Dr Tayyab (Tando Adam)","Credit","","0","None","Hamza","4281","0"
"1971","6/22/2024 12:00:00 AM","S-1519","Invoice","German Homeopathic Store (Dr Saqib Khan)","Credit","","0","None","Hamza","2061","0"
"1972","6/22/2024 12:00:00 AM","S-1520","Invoice","Hassan Homeopathic Store","Credit","","0","None","Hamza","3859","0"
"1973","6/22/2024 12:00:00 AM","S-1521","Invoice","Noman Homeopathic Store","Credit","","0","None","Hamza","2079","0"
"1974","6/22/2024 12:00:00 AM","S-1522","Invoice","Mughal H/S","Credit","","0","None","Hamza","440","0"
"1975","6/22/2024 12:00:00 AM","S-1523","Invoice","Pakistan H/S LPR","Credit","","0","Non e","Hamza","99","0"
"1976","6/22/2024 12:00:00 AM","S-1524","Invoice","Muslim Homoeopathic Store LPR ","Credit","","0","None","Hamza","5011","0"
"1977","6/22/2024 12:00:00 AM","S-1525","Invoice","Tawaqal Homoeopathic Store","Credit","","20","None","Hamza","322","0"
"1978","6/22/2024 12:00:00 AM","P-446","Purchase","Muslim Homoeopathic Store LPR ","Credit","","0","None","Hamza","840",""
"1979","6/22/2024 12:00:00 AM","S-1526","Invoice","Muslim Homoeopathic Store LPR ","Credit","","0","None","Hamza","672","0"
"1980","6/23/2024 12:00:00 AM","P-447","Purchase","German Homeopathic Store (Dr Saqib Khan)","Credit","","0","Nonr","Hamza","2463",""
"1981","6/23/2024 12:00:00 AM","P-448","Purchase","German Homeopathic Store (Dr Saqib Khan)","Credit","","0","None","Hamza","3306",""
"1982","6/23/2024 12:00:00 AM","P-449","Purchase","German Homeopathic Store (Dr Saqib Khan)","Credit","","0","None","Hamza","1206",""
"1983","6/23/2024 12:00:00 AM","S-1527","Invoice","Counter","Cash","Cash In Hand","0","None","Hamza","1000","1000"
"1984","6/23/2024 12:00:00 AM","S-1528","Invoice","Counter","Cash","Cash In Hand","0","None","Hamza","220","250"
"1985","6/23/2024 12:00:00 AM","S-1529","Invoice","WajuU Bhai W/S Saleman","Credit","","0","None","Hamza","12500","0"
"1986","6/23/2024 12:00:00 AM","S-1530","Invoice","Counter","Cash","Cash In Hand","0","None","Hamza","750","1000"
"1987","6/23/2024 12:00:00 AM","S-1531","Invoice","Counter","Cash","Cash In Hand","0","None","Hamza","750","1000"
"1988","6/23/2024 12:00:00 AM","S-1532","Invoice","German Homeopathic Store (Dr Saqib Khan)","Credit","","0","None","Hamza","6175","0"
"1989","6/23/2024 12:00:00 AM","S-1533","Invoice","Hassan Homeopathic Store","Credit","","0","None","Hamza","192","0"
"1990","6/23/2024 12:00:00 AM","S-1534","Invoice","Sheroze H/S Muzzamil ","Credit","","0","None","Hamza","716","0"
"1991","6/23/2024 12:00:00 AM","S-1535","Invoice","Sohail Homoeo & Harbal Store","Credit","",".0","None","Hamza","99","0"
"1992","6/23/2024 12:00:00 AM","S-1536","Invoice","Noman Homeopathic Store","Credit","","0","None","Hamza","234","0"
"1993","6/23/2024 12:00:00 AM","S-1537","Invoice","Mughal H/S","Credit","","0","None","Hamza","945","0"
"1994","6/23/2024 12:00:00 AM","S-1538","Invoice","Shalimar Homoeo Store LPR","Credit","","10","None","Hamza","2013","0"
"1995","6/23/2024 12:00:00 AM","S-1539","Invoice","Muslim Homoeopathic Store LPR ","Credit","","0","None","Hamza","3502","0"
"1996","6/23/2024 12:00:00 AM","P-450","Purchase","Sheroze H/S Muzzamil ","Credit","","0","None","Hamza","446",""
"1997","6/23/2024 12:00:00 AM","S-1540","Invoice","Counter","Cash","Cash In Hand","0","None","Hamza","1050","1200"
"1998","6/23/2024 12:00:00 AM","S-1541","Invoice","Hassan Homoeo Store (Larkana)","Credit","","0","None","Hamza","9322","0"
"1999","6/23/2024 12:00:00 AM","S-1542","Invoice","Counter","Cash","Cash In Hand","0","None","Hamza","1258","1300"
"2000","6/23/2024 12:00:00 AM","P-451","Purchase","German Homeopathic Store (Dr Saqib Khan)","Credit","","0","None","Hamza","496",""
"2001","6/23/2024 12:00:00 AM","S-1543","Invoice","Hassan Homeopathic Store","Credit","","0","None","Hamza","180","0"
"2002","6/23/2024 12:00:00 AM","P-452","Purchase","Tawaqal Homoeopathic Store","Credit","","0","None","Hamza","160",""
"2003","6/23/2024 12:00:00 AM","P-453","Purchase","Muslim Homoeopathic Store LPR ","Credit","","0","None","Hamza","413",""
"2004","6/23/2024 12:00:00 AM","S-1544","Invoice","Muslim Homoeopathic Store LPR ","Credit","","0","None","Hamza","120","0"
"2005","6/23/2024 12:00:00 AM","S-1545","Invoice","Rafay Homeopathic Store","Credit","","0","None","Hamza","342","0"
"2006","6/24/2024 12:00:00 AM","P-454","Purchase","Hassan Homeopathic Store","Credit","","","None","Hamza","180",""
"2007","6/24/2024 12:00:00 AM","S-1546","Invoice","Counter","Cash","Cash In Hand","0","None","Hamza","850","1000"
"2008","6/24/2024 12:00:00 AM","S-1547","Invoice","Counter","Cash","Cash In Hand","0","None","Hamza","200","500"
"2009","6/24/2024 12:00:00 AM","P-455","Purchase","Rahib Madical Store (Tando Bhago)","Credit","","0","None","Hamza","16400",""
"2010","6/24/2024 12:00:00 AM","S-1548","Invoice","Bilal Homoeopathic Store","Credit","","0","None","Hamza","120","0"
"2011","6/24/2024 12:00:00 AM","S-1549","Invoice","German Homeopathic Store (Dr Saqib Khan)","Credit","","0","None","Hamza","313","0"
"2012","6/24/2024 12:00:00 AM","S-1550","Invoice","German Homeopathic Store (Dr Saqib Khan)","Credit","","0","None","Hamza","3369","0"
"2013","6/24/2024 12:00:00 AM","S-1551","Invoice","Hassan Homeopathic Store","Credit","",".0","None","Hamza","161","0"
"2014","6/24/2024 12:00:00 AM","S-1552","Invoice","Sohail Homoeo & Harbal Store","Credit","","0","None","Hamza","756","0"
"2015","6/24/2024 12:00:00 AM","S-1553","Invoice","Noman Homeopathic Store","Credit","","0","None","Hamza","723","0"
"2016","6/24/2024 12:00:00 AM","S-1554","Invoice","Pakistan H/S LPR","Credit","","0","None","Hamza","235","0"
"2017","6/24/2024 12:00:00 AM","S-1555","Invoice","Muslim Homoeopathic Store LPR ","Credit","","0","None","Hamza","714","0"
"2018","6/24/2024 12:00:00 AM","P-456","Purchase","Pakistan H/S LPR","Credit","","0","None","Hamza","133",""
"2019","6/24/2024 12:00:00 AM","S-1556","Invoice","Counter","Cash","Cash In Hand","0","None","Hamza","850","1000"
"2020","6/24/2024 12:00:00 AM","S-1557","Invoice","Dr Tayyab (Tando Adam)","Credit","","0","None","Hamza","6830","0"
"2021","6/24/2024 12:00:00 AM","S-1558","Invoice","Counter","Cash","Cash In Hand","0","None","Hamza","400","500"
"2022","6/24/2024 12:00:00 AM","P-457","Purchase","German Homeopathic Store (Dr Saqib Khan)","Credit","","0","None","Hamza","1385",""
"2023","6/24/2024 12:00:00 AM","S-1559","Invoice","Counter","Cash","Cash In Hand","0","Non e","Hamza","1000","1000"
"2024","6/25/2024 12:00:00 AM","S-1560","Invoice","Counter","Cash","Cash In Hand","0","None","Hamza","2810","3000"
"2025","6/25/2024 12:00:00 AM","S-1561","Invoice","Dr Aslam (Qazi Ahmed)","Credit","","0","None","Hamza","4782","0"
"2026","6/25/2024 12:00:00 AM","S-1562","Invoice","Dr Asif Homeopathic Clinic & Store","Credit","","0","None","Hamza","22794","0"
"2027","6/25/2024 12:00:00 AM","S-1563","Invoice","Dr Shabbir (Odero Lal)","Credit","","0","None","Hamza","12825","0"
"2028","6/25/2024 12:00:00 AM","S-1564","Invoice","Sindh Homoeo Store (Noabad)","Credit","","0","None","Hamza","4390","0"
"2029","6/25/2024 12:00:00 AM","S-1565","Invoice","Sarwari Pansar (Moro)","Credit","","0","None","Hamza","8793","0"
"2030","6/25/2024 12:00:00 AM","S-1566","Invoice","Bilal Homoeopathic Store","Credit","","0","None","Hamza","1140","0"
"2031","6/25/2024 12:00:00 AM","S-1567","Invoice","Rafay Homeopathic Store","Credit","","0","None","Ha,mza","446","0"
"2032","6/25/2024 12:00:00 AM","S-1568","Invoice","German Homeopathic Store (Dr Saqib Khan)","Credit","","0","None","Hamza","771","0"
"2033","6/25/2024 12:00:00 AM","S-1569","Invoice","Noman Homeopathic Store","Credit","","0","None","Hamza","935","0"
"2034","6/25/2024 12:00:00 AM","S-1570","Invoice","Muslim Homoeopathic Store LPR ","Credit","","0","Nonbe","Hamza","96","0"
"2035","6/25/2024 12:00:00 AM","S-1571","Invoice","Tawaqal Homoeopathic Store","Credit","","0"," none","Hamza","1321","0"
"2036","6/25/2024 12:00:00 AM","S-1572","Invoice","Hassan Homeopathic Store","Credit","","0","None","Hamza","2956","0"
"2037","6/25/2024 12:00:00 AM","S-1573","Invoice","Dr Asif Homeopathic Clinic & Store","Credit","","0","None","Hamza","3491","0"
"2038","6/25/2024 12:00:00 AM","P-458","Purchase","Tawaqal Homoeopathic Store","Credit","","0","None","Hamza","450",""
"2039","6/25/2024 12:00:00 AM","P-459","Purchase","German Homeopathic Store (Dr Saqib Khan)","Credit","","0","None","Hamza","1402",""
"2040","6/25/2024 12:00:00 AM","S-1574","Invoice","Counter","Cash","Cash In Hand","0","None","Hamza","2900","3000"
"2041","6/26/2024 12:00:00 AM","S-1575","Invoice","Counter","Cash","Cash In Hand","0","None","Hamza","150","150"
"2042","6/26/2024 12:00:00 AM","S-1576","Invoice","Counter","Cash","Cash In Hand","0","None","Hamza","1500","1500"
"2043","6/26/2024 12:00:00 AM","S-1577","Invoice","Counter","Cash","Cash In Hand","0","None","Hamza","1500","1500"
"2044","6/26/2024 12:00:00 AM","S-1578","Invoice","Dr Shabbir (Odero Lal)","Credit","","0","None","Hamza","3500","0"
"2045","6/26/2024 12:00:00 AM","S-1579","Invoice","Bilal Homoeopathic Store","Credit","","0","None","Hamza","161","0"
"2046","6/26/2024 12:00:00 AM","S-1580","Invoice","German Homeopathic Store (Dr Saqib Khan)","Credit","","0","None","Hamza","748","0"
"2047","6/26/2024 12:00:00 AM","S-1581","Invoice","Al-Khadija Homoeo Store (HYD)","Credit","","0","None","Hamza","210","0"
"2048","6/26/2024 12:00:00 AM","S-1582","Invoice","Noman Homeopathic Store","Credit","","0","None","Ha,mza","4002","0"
"2049","6/26/2024 12:00:00 AM","S-1583","Invoice","Muslim Homoeopathic Store LPR ","Credit","","0","None","Hamza","1121","0"
"2050","6/26/2024 12:00:00 AM","S-1584","Invoice","Tawaqal Homoeopathic Store","Credit","","0","None","H,mza","1008","0"
"2051","6/26/2024 12:00:00 AM","P-460","Purchase","Muslim Homoeopathic Store LPR ","Credit","","0","None","Ha,mza","161",""
"2052","6/26/2024 12:00:00 AM","S-1585","Invoice","Hassan Homeopathic Store","Credit","","0","None","Hamza","161","0"
"2053","6/26/2024 12:00:00 AM","P-461","Purchase","Hassan Homeopathic Store","Credit","","0","None","Hamza","161",""
"2054","6/26/2024 12:00:00 AM","S-1586","Invoice","Counter","Cash","Cash In Hand","0","None","Hamza","150","150"
"2055","6/26/2024 12:00:00 AM","P-462","Purchase","Tawaqal Homoeopathic Store","Credit","","0","None","Hamza","147",""
"2056","6/26/2024 12:00:00 AM","S-1587","Invoice","Tawaqal Homoeopathic Store","Credit","","0","None","Hamza","147","0"
"2057","6/26/2024 12:00:00 AM","P-463","Purchase","Tawaqal Homoeopathic Store","Credit","","0","None.","Hamza","158",""
"2058","6/26/2024 12:00:00 AM","S-1588","Invoice","Counter","Cash","Cash In Hand","0","None","Hamza","675","700"
"2059","6/27/2024 12:00:00 AM","S-1589","Invoice","Counter","Cash","Cash In Hand","0","None","Hamza","2600","3000"
"2060","6/27/2024 12:00:00 AM","S-1590","Invoice","Counter","Cash","Cash In Hand","0","None","Hamza","690","700"
"2061","6/27/2024 12:00:00 AM","S-1591","Invoice","Bilal Homoeopathic Store","Credit","","0","None","Hamza","180","0"
"2062","6/27/2024 12:00:00 AM","S-1592","Invoice","Chand Homoeopathic Store","Credit","","0","None","Hamza","840","0"
"2063","6/27/2024 12:00:00 AM","S-1593","Invoice","Star Homoeo Store","Credit","","0","None","Hamza","446","0"
"2064","6/27/2024 12:00:00 AM","S-1594","Invoice","Hassan Homeopathic Store","Credit","","0","None","Hamza","2570","0"
"2065","6/27/2024 12:00:00 AM","S-1595","Invoice","Sheroze H/S Muzzamil ","Credit","","0","None","Hamza","688","0"
"2066","6/27/2024 12:00:00 AM","S-1596","Invoice","Sindh Homeopathic Store","Credit","","0","None","Hamza","200","0"
"2067","6/27/2024 12:00:00 AM","S-1597","Invoice","Noman Homeopathic Store","Credit","","0","None","Hamza","1719","0"
"2068","6/27/2024 12:00:00 AM","S-1598","Invoice","Muslim Homoeopathic Store LPR ","Credit","","0","None","Hamza","1521","0"
"2069","6/27/2024 12:00:00 AM","P-464","Purchase","Muslim Homoeopathic Store LPR ","Credit","","0","None","Hamza","638",""
"2070","6/29/2024 12:00:00 AM","S-1599","Invoice","Counter","Cash","Cash In Hand","0","None","Hamza","700","1000"
"2071","6/29/2024 12:00:00 AM","S-1600","Invoice","Counter","Cash","Cash In Hand","","","Ha,mza","380","380"
"2072","6/29/2024 12:00:00 AM","S-1601","Invoice","Counter","Cash","Cash In Hand","0","None","Hamza","200","200"
"2073","6/29/2024 12:00:00 AM","P-465","Purchase","Rafay Homeopathic Store","Credit","","0","None","H,mza","700",""
"2074","6/29/2024 12:00:00 AM","S-1602","Invoice","Counter","Cash","Cash In Hand",".0","None","Hamza","700","1000"
"2075","6/29/2024 12:00:00 AM","S-1603","Invoice","Noman Homeopathic Store","Credit","","0","None","Hamza","1809","0"
"2076","6/29/2024 12:00:00 AM","S-1604","Invoice","Counter","Cash","Cash In Hand","0","None","Hamza","200","200"
"2077","6/29/2024 12:00:00 AM","S-1605","Invoice","Chand Homoeopathic Store","Credit","","10","None","Hamza","200","0"
"2078","6/29/2024 12:00:00 AM","S-1606","Invoice","Rafay Homeopathic Store","Credit","","0","None","Hamza","700","0"
"2079","6/29/2024 12:00:00 AM","P-466","Purchase","Rafay Homeopathic Store","Credit","","0","None","Hamza","644",""
"2080","6/29/2024 12:00:00 AM","S-1607","Invoice","German Homeopathic Store (Dr Saqib Khan)","Credit","","0","None","Hamza","565","0"
"2081","6/29/2024 12:00:00 AM","S-1608","Invoice","Hassan Homeopathic Store","Credit","","0","None","Hamza","335","0"
"2082","6/29/2024 12:00:00 AM","S-1609","Invoice","Jameel H/S LPR","Credit","","0","None","Hamza","840","0"
"2083","6/29/2024 12:00:00 AM","S-1610","Invoice","Hoor M/S Lajpat Road","Credit","","0","None","Hamza","446","0"
"2084","6/29/2024 12:00:00 AM","S-1611","Invoice","Sheroze H/S Muzzamil ","Credit","","0","None","Hamza","117","0"
"2085","6/30/2024 12:00:00 AM","S-1612","Invoice","Hamza Sohail H/S (Lajpat Road)","Credit","","0","None","Hamza","17550","0"
"2086","6/30/2024 12:00:00 AM","S-1613","Invoice","Counter","Cash","Cash In Hand","0","None","Hamza","2300","2500"
"2087","6/30/2024 12:00:00 AM","P-467","Purchase","Al-Madina M/S (New Dambalo)","Credit","","0","None","Hamza","288",""
"2088","6/30/2024 12:00:00 AM","S-1614","Invoice","Counter","Cash","Cash In Hand","0","Non e","Hamza","150","150"
"2089","6/30/2024 12:00:00 AM","S-1615","Invoice","Al-Fareed H/S Shehdadpur","Credit","","0","None","Hamza","1463","0"
"2090","6/30/2024 12:00:00 AM","S-1616","Invoice","Dua Homoeopathic Store ","Credit","","0","None0","Hamza","204","0"
"2091","6/30/2024 12:00:00 AM","S-1617","Invoice","Rafay Homeopathic Store","Credit","","0","None","Hamza","2421","0"
"2092","6/30/2024 12:00:00 AM","S-1618","Invoice","German Homeopathic Store (Dr Saqib Khan)","Credit","","0","N one","Hamza","297","0"
"2093","6/30/2024 12:00:00 AM","S-1619","Invoice","Counter","Cash","Cash In Hand","0","None","Hamza","200","200"
"2094","6/30/2024 12:00:00 AM","S-1620","Invoice","Sohail Homoeo & Harbal Store","Credit","","0","None","Hamza","117","0"
"2095","6/30/2024 12:00:00 AM","S-1621","Invoice","Noman Homeopathic Store","Credit","","0","None","Hamza","1594","0"
"2096","6/30/2024 12:00:00 AM","S-1622","Invoice","Counter","Cash","Cash In Hand","0","Noned","Hamza","800","1000"
"2097","6/30/2024 12:00:00 AM","S-1623","Invoice","Noman Homeopathic Store","Credit","","0","None","Hamza","756","0"
"2098","6/30/2024 12:00:00 AM","S-1624","Invoice","Counter","Cash","Cash In Hand","0","None","Hamza","450","500"
"2099","6/30/2024 12:00:00 AM","S-1625","Invoice","German Homeopathic Store (Dr Saqib Khan)","Credit","","0","None","Hamza3","225","0"
"2100","6/30/2024 12:00:00 AM","P-468","Purchase","German Homeopathic Store (Dr Saqib Khan)","Credit","","0","None","Hamza","434",""
"2101","6/30/2024 12:00:00 AM","P-469","Purchase","Chand Homoeopathic Store","Credit","","0","N one","Hamza","58",""
"2102","6/30/2024 12:00:00 AM","S-1626","Invoice","Chand Homoeopathic Store","Credit","","0","None","Hamza","128","0"
"2103","6/30/2024 12:00:00 AM","S-1627","Invoice","Counter","Cash","Cash In Hand","0","None","Hamza","180","180"
"2104","6/30/2024 12:00:00 AM","S-1628","Invoice","Counter","Cash","Cash In Hand","0","None","Hamza","250","250"
"2105","6/30/2024 12:00:00 AM","S-1629","Invoice","Counter","Cash","Cash In Hand","0","None","Hamza","415","500"
"2106","6/30/2024 12:00:00 AM","P-470","Purchase","Rafay Homeopathic Store","Credit","",".0","None","Hamza","1296",""
"2107","6/30/2024 12:00:00 AM","S-1630","Invoice","Rafay Homeopathic Store","Credit","","0","None","Hamza","1152","0"
"2108","7/1/2024 12:00:00 AM","S-1631","Invoice","Counter","Cash","Cash In Hand","0","None","Hamza","590","600"
"2109","7/1/2024 12:00:00 AM","S-1632","Invoice","Pawan M/S JAMSABAD (KGM)","Credit","","0","None","Hamza","2304","0"
"2110","7/1/2024 12:00:00 AM","S-1633","Invoice","Counter","Cash","Cash In Hand","0","None","Hamza","250","500"
"2111","7/1/2024 12:00:00 AM","S-1634","Invoice","Counter","Cash","Cash In Hand","0","None","Hamza","868","1000"
"2112","7/1/2024 12:00:00 AM","S-1635","Invoice","Dua Homoeopathic Store ","Credit","","0","None","Hamza","408","0"
"2113","7/1/2024 12:00:00 AM","S-1636","Invoice","Rafay Homeopathic Store","Credit","","0","None","Hamza","1080","0"
"2114","7/1/2024 12:00:00 AM","S-1637","Invoice","Hassan Homeopathic Store","Credit","","0","None","Hamza","391","0"
"2115","7/1/2024 12:00:00 AM","S-1638","Invoice","Sheroze H/S Muzzamil ","Credit","","0","None","Hamza","350","0"
"2116","7/1/2024 12:00:00 AM","S-1639","Invoice","Sohail Homoeo & Harbal Store","Credit","","0","None.0.0","Hamza.","147","0"
"2117","7/1/2024 12:00:00 AM","S-1640","Invoice","Noman Homeopathic Store","Credit","","20","None","Hamza","1461","0"
"2118","7/1/2024 12:00:00 AM","P-471","Purchase","Pawan M/S JAMSABAD (KGM)","Credit","","00","None","Hamza","2304",""
"2119","7/1/2024 12:00:00 AM","S-1641","Invoice","Pawan M/S JAMSABAD (KGM)","Credit","","0","None",".hamza","3336","0"
"2120","7/1/2024 12:00:00 AM","P-472","Purchase","Sheroze H/S Muzzamil ","Credit","","0","None","Hamza","180",""
"2121","7/1/2024 12:00:00 AM","S-1642","Invoice","Counter","Cash","Cash In Hand","0","None","Hamza","400","500"
"2122","7/1/2024 12:00:00 AM","P-473","Purchase","Rafay Homeopathic Store","Credit","","0","None","Hamza","408",""
"2123","7/2/2024 12:00:00 AM","S-1643","Invoice","Counter","Cash","Cash In Hand","0","None","Hamza","830","830"
"2124","7/2/2024 12:00:00 AM","S-1644","Invoice","Counter","Cash","Cash In Hand","0","None","Hamza","1340","1540"
"2125","7/2/2024 12:00:00 AM","S-1645","Invoice","Counter","Cash","Cash In Hand","0","Mome","Hamza","352","1000"
"2126","7/2/2024 12:00:00 AM","P-474","Purchase","German Homeopathic Store (Dr Saqib Khan)","Credit","","0","None","Hamxa","414",""
"2127","7/2/2024 12:00:00 AM","S-1646","Invoice","German Homeopathic Store (Dr Saqib Khan)","Credit","","0","None","Hamza","829","0"
"2128","7/2/2024 12:00:00 AM","S-1647","Invoice","Counter","Cash","Cash In Hand","0","None","Hamza","580","600"
"2129","7/2/2024 12:00:00 AM","S-1648","Invoice","Counter","Cash","Cash In Hand",".0","None","Hamza","700","1000"
"2130","7/2/2024 12:00:00 AM","S-1649","Invoice","Counter","Cash","Cash In Hand","0","None","Hamza","507","600"
"2131","7/2/2024 12:00:00 AM","S-1650","Invoice","Counter","Cash","Cash In Hand","0","None","Hamza","150","200"
"2132","7/2/2024 12:00:00 AM","P-475","Purchase","Noman Homeopathic Store","Credit","","0","None","Hamza","742",""
"2133","7/2/2024 12:00:00 AM","S-1651","Invoice","Noman Homeopathic Store","Credit","","0","None","Hamza","1107","0"
"2134","7/2/2024 12:00:00 AM","S-1652","Invoice","Dr Tayyab (Tando Adam)","Credit","","0","None","Hamza","2094","0"
"2135","7/2/2024 12:00:00 AM","S-1653","Invoice","Star Homoeo Store","Credit","","0","None","Hamza","2000","0"
"2136","7/2/2024 12:00:00 AM","S-1654","Invoice","Dr Tayyab (Tando Adam)","Credit","","0.","None","Hamza","370","0"
"2137","7/2/2024 12:00:00 AM","S-1655","Invoice","Rafay Homeopathic Store","Credit","","0","None","Hamza","96","0"
"2138","7/2/2024 12:00:00 AM","S-1656","Invoice","German Homeopathic Store (Dr Saqib Khan)","Credit","","0","None","Hamza","404","0"
"2139","7/2/2024 12:00:00 AM","S-1657","Invoice","Hassan Homeopathic Store","Credit","","0","None","Hamza","484","0"
"2140","7/2/2024 12:00:00 AM","S-1658","Invoice","Shalimar Homoeo Store LPR","Credit","","0","None","Hamza","2402","0"
"2141","7/2/2024 12:00:00 AM","S-1659","Invoice","Muslim Homoeopathic Store LPR ","Credit","","0","None","Hamza","540","0"
"2142","7/2/2024 12:00:00 AM","P-476","Purchase","Star Homoeo Store","Credit","","0","None","Hamza","560",""
"2143","7/2/2024 12:00:00 AM","S-1660","Invoice","Star Homoeo Store","Credit","","0","None.3","Hamza","504","0"
"2144","7/2/2024 12:00:00 AM","P-477","Purchase","Rafay Homeopathic Store","Credit","","0","None","Hamza","209",""
"2145","7/2/2024 12:00:00 AM","P-478","Purchase","Muslim Homoeopathic Store LPR ","Credit","","0","None","Hamxa","530",""
"2146","7/2/2024 12:00:00 AM","S-1661","Invoice","Counter","Cash","Cash In Hand","0","None","Hamza","292","300"
"2147","7/2/2024 12:00:00 AM","P-479","Purchase","Hassan Homeopathic Store","Credit","","0","None","Hamza","612",""
"2148","7/2/2024 12:00:00 AM","S-1662","Invoice","Counter","Cash","Cash In Hand","0","None","Hamza","500","500"
"2149","7/3/2024 12:00:00 AM","P-480","Purchase","Counter","Cash","Cash In Hand","0","None","Hamza","150",""
"2150","7/3/2024 12:00:00 AM","S-1663","Invoice","Counter","Cash","Cash In Hand","0","None","Hamza","120","150"
"2151","7/3/2024 12:00:00 AM","S-1664","Invoice","Counter","Cash","Cash In Hand","0","None","Hamza","650","1000"
"2152","7/3/2024 12:00:00 AM","S-1665","Invoice","Counter","Cash","Cash In Hand","0","None","Hamza","260","300"
"2153","7/3/2024 12:00:00 AM","S-1666","Invoice","Counter","Cash","Cash In Hand","0","None","Hamza","150","150"
"2154","7/3/2024 12:00:00 AM","S-1667","Invoice","Counter","Cash","Cash In Hand","0","None","Hamza","413","500"
"2155","7/3/2024 12:00:00 AM","S-1668","Invoice","Chand Homoeopathic Store","Credit","",".0","None","Hamza","200","0"
"2156","7/3/2024 12:00:00 AM","S-1669","Invoice","Baba Homoeo Store","Credit","","0","None","Hamza","150","0"
"2157","7/3/2024 12:00:00 AM","S-1670","Invoice","German Homeopathic Store (Dr Saqib Khan)","Credit","","0","None.0.","Hamza","3737","0"
"2158","7/3/2024 12:00:00 AM","S-1671","Invoice","Hassan Homeopathic Store","Credit","","0","None","Hamza","3320","0"
"2159","7/3/2024 12:00:00 AM","S-1672","Invoice","Noman Homeopathic Store","Credit","","0","Nione","Hamza","1296","0"
"2160","7/3/2024 12:00:00 AM","S-1673","Invoice","Counter","Cash","Cash In Hand","0","None0","Hamza","700","1000"
"2161","7/3/2024 12:00:00 AM","S-1674","Invoice","Counter","Cash","Cash In Hand","0","Mome","Hamza","172","500"
"2162","7/3/2024 12:00:00 AM","P-481","Purchase","German Homeopathic Store (Dr Saqib Khan)","Credit","","0","None","Hamza","1070",""
"2163","7/3/2024 12:00:00 AM","S-1675","Invoice","German Homeopathic Store (Dr Saqib Khan)","Credit","","0","None","Hamza","660","0"
"2164","7/4/2024 12:00:00 AM","S-1676","Invoice","Counter","Cash","Cash In Hand","","None","Hamza","200","500"
"2165","7/4/2024 12:00:00 AM","S-1677","Invoice","Rafay Homeopathic Store","Credit","","0","None","Hamza","1382","0"
"2166","7/4/2024 12:00:00 AM","S-1678","Invoice","German Homeopathic Store (Dr Saqib Khan)","Credit","","0","None","Hamza","5496","0"
"2167","7/4/2024 12:00:00 AM","S-1679","Invoice","Hassan Homeopathic Store","Credit","","0","None","Hamza","357","0"
"2168","7/4/2024 12:00:00 AM","S-1680","Invoice","Sohail Homoeo & Harbal Store","Credit","","0","None","Hamza","192","0"
"2169","7/4/2024 12:00:00 AM","S-1681","Invoice","Noman Homeopathic Store","Credit","","0","None","Hamza","2700","0"
"2170","7/4/2024 12:00:00 AM","S-1682","Invoice","Pakistan H/S LPR","Credit","","0","None","Hamza","1090","0"
"2171","7/4/2024 12:00:00 AM","S-1683","Invoice","Shalimar Homoeo Store LPR","Credit","","1","None","Hamza","585","0"
"2172","7/4/2024 12:00:00 AM","S-1684","Invoice","Muslim Homoeopathic Store LPR ","Credit","","0","None","Hamza","288","0"
"2173","7/4/2024 12:00:00 AM","S-1685","Invoice","Counter","Credit","","0","None","Hamza","949","0"
"2174","7/4/2024 12:00:00 AM","P-482","Purchase","Rafay Homeopathic Store","Credit","","0","None","Hamza","120",""
"2175","7/4/2024 12:00:00 AM","P-483","Purchase","Hassan Homeopathic Store","Credit","","0","None","Hamza","165",""
"2176","7/4/2024 12:00:00 AM","S-1686","Invoice","Counter","Credit","","0","None","Hamza","161","0"
"2177","7/4/2024 12:00:00 AM","P-484","Purchase","Rafay Homeopathic Store","Credit","","0","None","Hamza","1382",""
"2178","7/4/2024 12:00:00 AM","S-1687","Invoice","Rafay Homeopathic Store","Credit","","0","None","Hamza","1284","0"
"2179","7/4/2024 12:00:00 AM","P-485","Purchase","German Homeopathic Store (Dr Saqib Khan)","Credit","","0","None","Hamza","150",""
"2180","7/4/2024 12:00:00 AM","P-486","Purchase","German Homeopathic Store (Dr Saqib Khan)","Credit","","0","None0","Hamza","150",""
"2181","7/4/2024 12:00:00 AM","S-1688","Invoice","Counter","Cash","Cash In Hand","0","None","Hamza","630","630"
"2182","7/6/2024 12:00:00 AM","S-1689","Invoice","Counter","Cash","Cash In Hand","0","None","Hamza","900","1000"
"2183","7/6/2024 12:00:00 AM","S-1690","Invoice","Counter","Cash","Cash In Hand","0","None","Hamza","150","150"
"2184","7/6/2024 12:00:00 AM","S-1691","Invoice","Counter","Cash","Cash In Hand","0","None","Hamza","550","1000"
"2185","7/6/2024 12:00:00 AM","P-487","Purchase","German Homeopathic Store (Dr Saqib Khan)","Credit","Cash In Hand","0","None","Hamza","496",""
"2186","7/6/2024 12:00:00 AM","S-1692","Invoice","Counter","Cash","Cash In Hand","0","None","Hamza","1580","2000"
"2187","7/6/2024 12:00:00 AM","S-1693","Invoice","L/Dr Sakina Aslam TMK ","Credit","","0","None","Hamza","1025","0"
"2188","7/6/2024 12:00:00 AM","S-1694","Invoice","Chand Homoeopathic Store","Credit","","0","None","Hamza","94","0"
"2189","7/6/2024 12:00:00 AM","S-1695","Invoice","Baba Homoeo Store","Credit","","0","None","Hamza","617","0"
"2190","7/6/2024 12:00:00 AM","S-1696","Invoice","Star Homoeo Store","Credit","","none","","Hamza","228","0"
"2191","7/6/2024 12:00:00 AM","S-1697","Invoice","German Homeopathic Store (Dr Saqib Khan)","Credit","","0","No ne","Hamza","4118","0"
"2192","7/6/2024 12:00:00 AM","S-1698","Invoice","Sohail Homoeo & Harbal Store","Credit","","0","None","Hamza","322","0"
"2193","7/6/2024 12:00:00 AM","S-1699","Invoice","Noman Homeopathic Store","Credit","","0","None.","Hamza","1131","0"
"2194","7/6/2024 12:00:00 AM","S-1700","Invoice","Muslim Homoeopathic Store LPR ","Credit","","0","None","Hamza","1209","0"
"2195","7/6/2024 12:00:00 AM","S-1701","Invoice","Hassan Homeopathic Store","Credit","","0","None","Hamza","4136","0"
"2196","7/6/2024 12:00:00 AM","S-1702","Invoice","Sohail Homoeo & Harbal Store","Credit","","0","None","Hamza","94","0"
"2197","7/6/2024 12:00:00 AM","S-1703","Invoice","Counter","Cash","Cash In Hand","1","None","Hamza","150","150"
"2198","7/6/2024 12:00:00 AM","S-1704","Invoice","Counter","Cash","Cash In Hand","0","None","Hamza3","300","500"
"2199","7/6/2024 12:00:00 AM","S-1705","Invoice","Counter","Cash","Cash In Hand","0","None","Hamza","150","500"
"2200","7/6/2024 12:00:00 AM","P-488","Purchase","Noman Homeopathic Store","Credit","","0","None","Hamza","150",""
"2201","7/6/2024 12:00:00 AM","S-1706","Invoice","Hassan Homeopathic Store","Credit","",".0","None","Hamza","1518","0"
"2202","7/6/2024 12:00:00 AM","S-1707","Invoice","Tawaqal Homoeopathic Store","Credit","","0","None","Hamza","311","0"
"2203","7/6/2024 12:00:00 AM","P-489","Purchase","Hassan Homeopathic Store","Credit","","0","None","Hamza","1102",""
"2204","7/6/2024 12:00:00 AM","S-1708","Invoice","Hassan Homeopathic Store","Credit","","0","None","Hamza","980","0"
"2205","7/7/2024 12:00:00 AM","P-490","Purchase","Panjetan Pak M/S (DKM)","Credit","","0","None","Hamza","2278",""
"2206","7/7/2024 12:00:00 AM","S-1709","Invoice","Dr Asif Homeopathic Clinic & Store","Credit","","0","None","Hamza","825","0"
"2207","7/7/2024 12:00:00 AM","P-491","Purchase","Dr Asif Homeopathic Clinic & Store","Credit","","0","None","Hamza","5000",""
"2208","7/7/2024 12:00:00 AM","S-1710","Invoice","Counter","Cash","Cash In Hand","0","None","Hamza","100","100"
"2209","7/7/2024 12:00:00 AM","S-1711","Invoice","Counter","Cash","Cash In Hand","0","None","Hamza","3047","5000"
"2210","7/7/2024 12:00:00 AM","S-1712","Invoice","Counter","Cash","Cash In Hand","0","None","Hamza","970","1000"
"2211","7/7/2024 12:00:00 AM","S-1713","Invoice","Counter","Cash","Cash In Hand","0","None","Hamza","400","500"
"2212","7/7/2024 12:00:00 AM","S-1714","Invoice","Bilal Homoeopathic Store","Credit","","0","None","Hamza","143","0"
"2213","7/7/2024 12:00:00 AM","S-1715","Invoice","Rafay Homeopathic Store","Credit","","0","None","Hamza","180","0"
"2214","7/7/2024 12:00:00 AM","S-1716","Invoice","German Homeopathic Store (Dr Saqib Khan)","Credit","","0","None","Hamza","2135","0"
"2215","7/7/2024 12:00:00 AM","S-1717","Invoice","Hassan Homeopathic Store","Credit","","0","None","Hamza","351","0"
"2216","7/7/2024 12:00:00 AM","S-1718","Invoice","Sheroze H/S Muzzamil ","Credit","","0.","None","Hamza","2250","0"
"2217","7/7/2024 12:00:00 AM","S-1719","Invoice","Noman Homeopathic Store","Credit","","0","None","Hamza","1408","0"
"2218","7/7/2024 12:00:00 AM","S-1720","Invoice","Pakistan H/S LPR","Credit","","0","None","Hamza","600","0"
"2219","7/7/2024 12:00:00 AM","S-1721","Invoice","Shalimar Homoeo Store LPR","Credit","","0","None","Hamza","1100","0"
"2220","7/7/2024 12:00:00 AM","S-1722","Invoice","Muslim Homoeopathic Store LPR ","Credit","","0","None","Hamza","1320","0"
"2221","7/7/2024 12:00:00 AM","P-492","Purchase","Rafay Homeopathic Store","Credit","","0","None","Hamza","150",""
"2222","7/7/2024 12:00:00 AM","S-1723","Invoice","Counter","Cash","Cash In Hand","0","None","Hamza","100","100"
"2223","7/8/2024 12:00:00 AM","S-1724","Invoice","Counter","Cash","Cash In Hand","","None","Hamza","200","200"
"2224","7/8/2024 12:00:00 AM","S-1725","Invoice","Counter","Cash","Cash In Hand","0","None.","Hamza","140","200"
"2225","7/8/2024 12:00:00 AM","S-1726","Invoice","Dua Homoeopathic Store ","Credit","","0","None","Hamza","147","0"
"2226","7/8/2024 12:00:00 AM","S-1727","Invoice","Rafay Homeopathic Store","Credit","","0","None","Hanza","1382","0"
"2227","7/8/2024 12:00:00 AM","S-1728","Invoice","German Homeopathic Store (Dr Saqib Khan)","Credit","","0.","None","Hamza","592","0"
"2228","7/8/2024 12:00:00 AM","S-1729","Invoice","Noman Homeopathic Store","Credit","","0","None","Hamza","3445","0"
"2229","7/8/2024 12:00:00 AM","S-1730","Invoice","Shalimar Homoeo Store LPR","Credit","","0","None","Hamza","840","0"
"2230","7/8/2024 12:00:00 AM","P-493","Purchase","Rafay Homeopathic Store","Credit","","0","None","Hamza","1512",""
"2231","7/8/2024 12:00:00 AM","P-494","Purchase","Dua Homoeopathic Store ","Credit","","0","None","Hamza","147",""
"2232","7/8/2024 12:00:00 AM","S-1731","Invoice","Rafay Homeopathic Store","Credit","","0","None","Hamza","1554","0"
"2233","7/8/2024 12:00:00 AM","S-1732","Invoice","Dua Homoeopathic Store ","Credit","","0","None","Hamza","136","0"
"2234","7/8/2024 12:00:00 AM","P-495","Purchase","German Homeopathic Store (Dr Saqib Khan)","Credit","","0","None","Hamza","196",""
"2235","7/8/2024 12:00:00 AM","S-1733","Invoice","Dr Abdul Gaffar (SHADADPUR)","Credit","",".0","None","Hamza","2300","0"
"2236","7/9/2024 12:00:00 AM","S-1734","Invoice","H/Dr.Irfan (T.A)","Cash","Cash In Hand","0","None","Hamza","839","850"
"2237","7/9/2024 12:00:00 AM","P-496","Purchase","Gul M/S (Tando Jaam)","Credit","","0","None","Hamza","1592",""
"2238","7/9/2024 12:00:00 AM","S-1735","Invoice","Dr Asif Homeopathic Clinic & Store","Credit","","0","None","Hamza","13903","0"
"2239","7/9/2024 12:00:00 AM","S-1736","Invoice","Dr Asif Homeopathic Clinic & Store","Credit","","0","None","Hamza","53174","0"
"2240","7/9/2024 12:00:00 AM","S-1737","Invoice","Dr Asif Homeopathic Clinic & Store","Credit","","0","None","Hamza","25560","0"
"2241","7/9/2024 12:00:00 AM","S-1738","Invoice","Chand Homoeopathic Store","Credit","","0","None","Hamza","94","0"
"2242","7/9/2024 12:00:00 AM","S-1739","Invoice","German Homeopathic Store (Dr Saqib Khan)","Credit","","20","None","Hamza","633","0"
"2243","7/9/2024 12:00:00 AM","S-1740","Invoice","Hassan Homeopathic Store","Credit","","0","None","Hamza","1546","0"
"2244","7/9/2024 12:00:00 AM","S-1741","Invoice","Noman Homeopathic Store","Credit","","0","None","Hamza","1250","0"
"2245","7/9/2024 12:00:00 AM","S-1742","Invoice","Shalimar Homoeo Store LPR","Credit","","0","None","Hamza","450","0"
"2246","7/9/2024 12:00:00 AM","S-1743","Invoice","Muslim Homoeopathic Store LPR ","Credit","","0","None","Hamza","1028","0"
"2247","7/9/2024 12:00:00 AM","P-497","Purchase","Shalimar Homoeo Store LPR","Credit","","0","None","Hamza","450",""
"2248","7/9/2024 12:00:00 AM","S-1744","Invoice","Shalimar Homoeo Store LPR","Credit","","0","None","Hamza","450","0"
"2249","7/9/2024 12:00:00 AM","P-498","Purchase","Hassan Homeopathic Store","Credit","","0","None","Hamza","900",""
"2250","7/9/2024 12:00:00 AM","S-1745","Invoice","Hassan Homeopathic Store","Credit","","0","None","Hamza","800","0"
"2251","7/9/2024 12:00:00 AM","S-1746","Invoice","Counter","Cash","Cas.","0","Noine","Hamza","400","500"
"2252","7/9/2024 12:00:00 AM","S-1747","Invoice","Zain Dawa Khana (GOLARCHI)","Credit","","0","None","Hamza","3600","0"
"2253","7/9/2024 12:00:00 AM","S-1748","Invoice","Hassan Homeopathic Store","Credit","Cantimade Traders","0","None","Hamza","1860","0"
"2254","7/9/2024 12:00:00 AM","P-499","Purchase","Hassan Homeopathic Store","Credit","","0","None","Hamza","1860",""
"2255","7/9/2024 12:00:00 AM","S-1749","Invoice","Hassan Homeopathic Store","Credit","","0","None","Hamza","1800","0"
"2256","7/10/2024 12:00:00 AM","S-1750","Invoice","Counter","Cash","Cash In Hand","0","None","Hamza","4629","5000"
"2257","7/10/2024 12:00:00 AM","S-1751","Invoice","Counter","Cash","Cash In Hand","0","None","Hamza","752","1000"
"2258","7/10/2024 12:00:00 AM","S-1752","Invoice","Counter","Cash","Cash In Hand","0","None","Hamza","1620","2000"
"2259","7/10/2024 12:00:00 AM","P-500","Purchase","T.S Laboratories ","Credit","","0","None","Hamza","13280",""
"2260","7/10/2024 12:00:00 AM","S-1753","Invoice","Baba Homoeo Store","Credit","","0","None","Hamza","446","0"
"2261","7/10/2024 12:00:00 AM","S-1754","Invoice","German Homeopathic Store (Dr Saqib Khan)","Credit","","0","None","Hamza","2573","0"
"2262","7/10/2024 12:00:00 AM","S-1755","Invoice","Sufi Homeopathic Store","Credit","","0","None","Hamza","650","0"
"2263","7/10/2024 12:00:00 AM","S-1756","Invoice","Sohail Homoeo & Harbal Store","Credit","","0","None","Hamza","175","0"
"2264","7/10/2024 12:00:00 AM","S-1757","Invoice","Muslim Homoeopathic Store LPR ","Credit","","0","None","Hamza","396","0"
"2265","7/10/2024 12:00:00 AM","S-1758","Invoice","Hoor M/S Lajpat Road","Credit","","0","None","Hamza","128","0"
"2266","7/10/2024 12:00:00 AM","S-1759","Invoice","Tawaqal Homoeopathic Store","Credit","","0","None","Hamza","200","0"
"2267","7/10/2024 12:00:00 AM","S-1760","Invoice","Noman Homeopathic Store","Credit","","0","None","Hamza","3356","0"
"2268","7/10/2024 12:00:00 AM","P-501","Purchase","German Homeopathic Store (Dr Saqib Khan)","Credit","","0","None","Hamza","126",""
"2269","7/10/2024 12:00:00 AM","P-502","Purchase","Shalimar Homoeo Store LPR","Credit","","0","None","Hamza","450",""
"2270","7/11/2024 12:00:00 AM","S-1761","Invoice","Counter","Cash","Cash In Hand","0","None","Hamza","200","200"
"2271","7/11/2024 12:00:00 AM","S-1762","Invoice","Counter","Cash","Cash In Hand","0","No ne","Hamza","370","500"
"2272","7/11/2024 12:00:00 AM","S-1763","Invoice","Counter","Cash","Cash In Hand","0","None","Hamza","180","200"
"2273","7/11/2024 12:00:00 AM","P-503","Purchase","BM Pvt LTD","Credit","","0","None","Taj ud din","225186",""
"2274","7/11/2024 12:00:00 AM","S-1764","Invoice","Dr Asif Homeopathic Clinic & Store","Credit","","0","None","Hamza","22685","0"
"2275","7/11/2024 12:00:00 AM","S-1765","Invoice","Rafay Homeopathic Store","Credit","","0","None","Hamza","175","0"
"2276","7/11/2024 12:00:00 AM","S-1766","Invoice","Jameel H/S LPR","Credit","","0","None0","Hamza","234","0"
"2277","7/11/2024 12:00:00 AM","S-1767","Invoice","Hassan Homeopathic Store","Credit","","0","None","Hamza","3197","0"
"2278","7/11/2024 12:00:00 AM","S-1768","Invoice","Sohail Homoeo & Harbal Store","Credit","","0","None","Hamza","840","0"
"2279","7/11/2024 12:00:00 AM","S-1769","Invoice","Noman Homeopathic Store","Credit","","0","None","Hamza","2159","0"
"2280","7/11/2024 12:00:00 AM","S-1770","Invoice","Muslim Homoeopathic Store LPR ","Credit","","0","None","Hamza","1258","0"
"2281","7/11/2024 12:00:00 AM","S-1771","Invoice","Jameel H/S LPR","Credit","","0","None","Hamza","600","0"
"2282","7/11/2024 12:00:00 AM","S-1772","Invoice","Counter","Cash","Cash In Hand","0","None","Hamza","448","1000"
"2283","7/11/2024 12:00:00 AM","S-1773","Invoice","Counter","Cash","Cash In Hand","0","None","Hamza","700","1000"
"2284","7/11/2024 12:00:00 AM","S-1774","Invoice","Dr Asif Homeopathic Clinic & Store","Credit","","0","None","Hamza","5000","0"
"2285","7/11/2024 12:00:00 AM","P-504","Purchase","Counter","Cash","Cash In Hand","0","None","Hamza","200",""
"2286","7/13/2024 12:00:00 AM","S-1775","Invoice","Counter","Cash","Cash In Hand","0","None","Hamza","200","500"
"2287","7/13/2024 12:00:00 AM","S-1776","Invoice","Dr Jamaal Nasir (T.M.K)","Credit","","0","None","Hamza","7027","0"
"2288","7/13/2024 12:00:00 AM","S-1777","Invoice","DR Maqsood (Larkana)","Credit","","0","None","Hamza","12399","0"
"2289","7/13/2024 12:00:00 AM","S-1778","Invoice","Rafay Homeopathic Store","Credit","",".0","None","Hamza","868","0"
"2290","7/13/2024 12:00:00 AM","S-1779","Invoice","German Homeopathic Store (Dr Saqib Khan)","Credit","","0","None","Hamza","414","0"
"2291","7/13/2024 12:00:00 AM","S-1780","Invoice","Hassan Homeopathic Store","Credit","","0","None","Hamza","444","0"
"2292","7/13/2024 12:00:00 AM","S-1781","Invoice","Noman Homeopathic Store","Credit","","0","None","Hamza","1067","0"
"2293","7/13/2024 12:00:00 AM","S-1782","Invoice","Shalimar Homoeo Store LPR","Credit","","0","None","Hamza","348","0"
"2294","7/13/2024 12:00:00 AM","S-1783","Invoice","Muslim Homoeopathic Store LPR ","Credit","","0","Nnone","Hamza","632","0"
"2295","7/13/2024 12:00:00 AM","P-505","Purchase","Hassan Homeopathic Store","Credit","","0","None","Hamza","77",""
"2296","7/13/2024 12:00:00 AM","P-506","Purchase","Muslim Homoeopathic Store LPR ","Credit","","0","None","Hamza","446",""
"2297","7/14/2024 12:00:00 AM","S-1784","Invoice","Suni Madical Store (Tando Alayar)","Credit","","0","by Hand Waheed Bhai","Hamza","17240","0"
"2298","7/14/2024 12:00:00 AM","P-507","Purchase","M/S Labortaries","Credit","","0","None","M/S","195600",""
"2299","7/14/2024 12:00:00 AM","S-1785","Invoice","Counter","Cash","Cash In Hand","0","None","Hamza","300","500"
"2300","7/14/2024 12:00:00 AM","S-1786","Invoice","Rahib Madical Store (Tando Bhago)","Credit","","0","None","Hamza","3800","0"
"2301","7/14/2024 12:00:00 AM","S-1787","Invoice","Noman Homeopathic Store","Credit","","0","None","Hsmza","2467","0"
"2302","7/14/2024 12:00:00 AM","S-1788","Invoice","Counter","Cash","Cash In Hand","0","None","Hamza","230","230"
"2303","7/14/2024 12:00:00 AM","S-1789","Invoice","Bilal Homoeopathic Store","Credit","","0","None","Hamza","343","0"
"2304","7/14/2024 12:00:00 AM","S-1790","Invoice","Rafay Homeopathic Store","Credit","","0","None","Hamza","2818","0"
"2305","7/14/2024 12:00:00 AM","S-1791","Invoice","German Homeopathic Store (Dr Saqib Khan)","Credit","","0.","None","Hamza","117","0"
"2306","7/14/2024 12:00:00 AM","S-1792","Invoice","Hassan Homeopathic Store","Credit","","0","None","Hamza","1179","0"
"2307","7/14/2024 12:00:00 AM","S-1793","Invoice","Sheroze H/S Muzzamil ","Credit","","0","None","Hamza","332","0"
"2308","7/14/2024 12:00:00 AM","S-1794","Invoice","Al-Khadija Homoeo Store (HYD)","Credit","","0","None","Hamza","300","0"
"2309","7/14/2024 12:00:00 AM","S-1795","Invoice","Counter","Cash","Cash In Hand","0","None","Hamza","950","1000"
"2310","7/14/2024 12:00:00 AM","P-508","Purchase","Counter","Cash","Cash In Hand","0","None","Ham za","950",""
"2311","7/14/2024 12:00:00 AM","S-1796","Invoice","Counter","Cash","Cash In Hand","0","Non e","Hamza","850","1000"
"2312","7/14/2024 12:00:00 AM","P-509","Purchase","Hassan Homeopathic Store","Credit","","0","None","Hamza","1181",""
"2313","7/14/2024 12:00:00 AM","P-510","Purchase","Sheroze H/S Muzzamil ","Credit","","0","None","Hamza","204",""
"2314","7/14/2024 12:00:00 AM","S-1797","Invoice","Counter","Cash","Cash In Hand","0","None","Hamza","600","600"
"2315","7/14/2024 12:00:00 AM","S-1798","Invoice","Muslim Homoeopathic Store LPR ","Credit","Cash In Hand","0","None","Hamza","75","0"
"2316","7/14/2024 12:00:00 AM","S-1799","Invoice","Counter","Cash","Cash In Hand","0","None","Hamza","430","1000"
"2317","7/15/2024 12:00:00 AM","P-511","Purchase","Counter","Cash","Cash In Hand","0","None","Hamza","196",""
"2318","7/15/2024 12:00:00 AM","S-1800","Invoice","Counter","Cash","Cash In Hand","0","None","Hamza","4100","5000"
"2319","7/15/2024 12:00:00 AM","S-1801","Invoice","Counter","Cash","Cash In Hand","0","None","Hamza","650","1000"
"2320","7/15/2024 12:00:00 AM","S-1802","Invoice","Dr Tayyab (Tando Adam)","Credit","","0","None","Hamza","3827","0"
"2321","7/15/2024 12:00:00 AM","P-512","Purchase","Dr Tayyab (Tando Adam)","Credit","","0","None","Hamza","5160",""
"2322","7/15/2024 12:00:00 AM","S-1803","Invoice","Dr Tayyab (Tando Adam)","Credit","","0","None","Hamza","860","0"
"2323","7/15/2024 12:00:00 AM","S-1804","Invoice","Sohail Homoeo & Harbal Store","Credit","","0","None","Hamza","94","0"
"2324","7/15/2024 12:00:00 AM","S-1805","Invoice","Noman Homeopathic Store","Credit","","0","No ne","Hamza","508","0"
"2325","7/15/2024 12:00:00 AM","S-1806","Invoice","Hoor M/S Lajpat Road","Credit","","0","None","Hamza","500","0"
"2326","7/15/2024 12:00:00 AM","P-513","Purchase","Rafay Homeopathic Store","Credit","","0","None","Hamza","496",""
"2327","7/15/2024 12:00:00 AM","P-514","Purchase","Bilal Homoeopathic Store","Credit","","0","None","Hamza","192",""
"2328","7/15/2024 12:00:00 AM","P-515","Purchase","Hoor M/S Lajpat Road","Credit","","0","None","Hamza","500",""
"2329","7/15/2024 12:00:00 AM","S-1807","Invoice","Chand Homoeopathic Store","Credit","","0","None","Hamza","500","0"
"2330","7/15/2024 12:00:00 AM","S-1808","Invoice","Counter","Cash","Cash In Hand","0","None","Hamza","900","1000"
"2331","7/15/2024 12:00:00 AM","S-1809","Invoice","Counter","Cash","Cash In Hand","0","None","Hamza","520","600"
"2332","7/18/2024 12:00:00 AM","S-1810","Invoice","Mehmood Madical Store (Noabad)","Credit","","0","None","Hamza","2160","0"
"2333","7/18/2024 12:00:00 AM","P-516","Purchase","Chand Homoeopathic Store","Credit","","0","Noned","Hamza","500",""
"2334","7/18/2024 12:00:00 AM","S-1811","Invoice","Counter","Cash","Cash In Hand","0","None","Hamza","3000","300"
"2335","7/18/2024 12:00:00 AM","S-1812","Invoice","Dua Homoeopathic Store ","Credit","","0","None","Hamza","168","0"
"2336","7/18/2024 12:00:00 AM","S-1813","Invoice","Rafay Homeopathic Store","Credit","","0","None","Hamza","708","0"
"2337","7/18/2024 12:00:00 AM","P-517","Purchase","Hassan Homeopathic Store","Credit","","0","None","Hamza","3000",""
"2338","7/18/2024 12:00:00 AM","S-1814","Invoice","Hassan Homeopathic Store","Credit","","0","None","Hamza","4064","0"
"2339","7/18/2024 12:00:00 AM","S-1815","Invoice","Sheroze H/S Muzzamil ","Credit","","0","None","Hamza","462","0"
"2340","7/18/2024 12:00:00 AM","S-1816","Invoice","Sohail Homoeo & Harbal Store","Credit","","0","None","Hamza","161","0"
"2341","7/18/2024 12:00:00 AM","S-1817","Invoice","Noman Homeopathic Store","Credit","","0","None","Hamza","5162","0"
"2342","7/18/2024 12:00:00 AM","P-518","Purchase","Counter","Cash","Cash In Hand","0","None","Hamza","3000",""
"2343","7/18/2024 12:00:00 AM","P-519","Purchase","German Homeopathic Store (Dr Saqib Khan)","Credit","","0","None","Hamza","2157",""
"2344","7/18/2024 12:00:00 AM","P-520","Purchase","German Homeopathic Store (Dr Saqib Khan)","Credit","","0","None0","Hamza","117",""
"2345","7/18/2024 12:00:00 AM","S-1818","Invoice","German Homeopathic Store (Dr Saqib Khan)","Credit","","0","None","Hamza","4607","0"
"2346","7/20/2024 12:00:00 AM","S-1819","Invoice","Counter","Cash","Cash In Hand","0","None","Hamza","1100","1500"
"2347","7/20/2024 12:00:00 AM","S-1820","Invoice","Counter","Cash","Cash In Hand","0","None","Hamza","130","500"
"2348","7/20/2024 12:00:00 AM","S-1821","Invoice","Counter","Cash","Cash In Hand","0","None","Hamza","300","500"
"2349","7/20/2024 12:00:00 AM","S-1822","Invoice","Counter","Cash","Cash In Hand","0","None","Hamza","290","290"
"2350","7/20/2024 12:00:00 AM","S-1823","Invoice","Ali Homoeo Store (SANGER)","Credit","","0","None","Hamza","5640","0"
"2351","7/20/2024 12:00:00 AM","S-1824","Invoice","Al-Fareed H/S DR Hader Garwar","Credit","","0","None","Hamza","13753","0"
"2352","7/20/2024 12:00:00 AM","S-1825","Invoice","German Homeopathic Store (Dr Saqib Khan)","Credit","","0","None","Hamza","259","0"
"2353","7/20/2024 12:00:00 AM","S-1826","Invoice","Hassan Homeopathic Store","Credit","","0","None","Hamza","3479","0"
"2354","7/20/2024 12:00:00 AM","S-1827","Invoice","Noman Homeopathic Store","Credit","","0","None","Hamza","3410","0"
"2355","7/20/2024 12:00:00 AM","S-1828","Invoice","Shalimar Homoeo Store LPR","Credit","","0","None","Hamza","104","0"
"2356","7/20/2024 12:00:00 AM","S-1829","Invoice","Muslim Homoeopathic Store LPR ","Credit","","0","None","Hamza","91","0"
"2357","7/20/2024 12:00:00 AM","S-1830","Invoice","Tawaqal Homoeopathic Store","Credit","","0","None","Hamza","162","0"
"2358","7/21/2024 12:00:00 AM","S-1831","Invoice","Counter","Cash","Cash In Hand","","",".hamza","460","460"
"2359","7/21/2024 12:00:00 AM","S-1832","Invoice","Rafay Homeopathic Store","Credit","","0","None","Ham za","446","0"
"2360","7/21/2024 12:00:00 AM","S-1833","Invoice","Noman Homeopathic Store","Credit","","0","No ne","H,mza","782","0"
"2361","7/21/2024 12:00:00 AM","S-1834","Invoice","Hassaan H/S (TandoBago)","Credit","","0","HafizZ","Hamza","2445","0"
"2362","7/21/2024 12:00:00 AM","S-1835","Invoice","Pakistan H/S LPR","Credit","","0","No ne","Ha,mza","96","0"
"2363","7/21/2024 12:00:00 AM","S-1836","Invoice","Dr Alam Sher (Khanoot)","Credit","","0","No ne","Hamza","720","0"
"2364","7/21/2024 12:00:00 AM","S-1837","Invoice","Counter","Cash","Cash In Hand","0","0","H,mza","950","1000"
"2365","7/21/2024 12:00:00 AM","S-1838","Invoice","Dr Anwar Khan (Khanoot)","Credit","","0","No ne","H,mza","2440","0"
"2366","7/21/2024 12:00:00 AM","S-1839","Invoice","Dr Waqeel (KHANOOT)","Credit","","0","N one","Ham za","1200","0"
"2367","7/21/2024 12:00:00 AM","S-1840","Invoice","German Homeopathic Store (Dr Saqib Khan)","Credit","","0","No ne","Ham za","1126","0"
"2370","7/21/2024 12:00:00 AM","S-1841","Invoice","Counter","Cash","Cash In Hand","0","N one","nom","150","500"
"2371","7/21/2024 12:00:00 AM","S-1842","Invoice","German Homeopathic Store (Dr Saqib Khan)","Credit","","0","N one","nom","275","0"
"2372","7/22/2024 12:00:00 AM","S-1843","Invoice","Bilal Homoeopathic Store","Credit","","0","No ne","Hamza","196","0"
"2373","7/22/2024 12:00:00 AM","S-1844","Invoice","Jameel H/S LPR","Credit","","0","0","Hamza","132","0"
"2374","7/22/2024 12:00:00 AM","S-1845","Invoice","Hassan Homeopathic Store","Credit","","0","No ne","Hamza","806","0"
"2375","7/22/2024 12:00:00 AM","S-1846","Invoice","Sheroze H/S Muzzamil ","Credit","","0","N one","Hamza","431","0"
"2376","7/22/2024 12:00:00 AM","S-1847","Invoice","Noman Homeopathic Store","Credit","","0","0","Hamza","2975","0"
"2377","7/22/2024 12:00:00 AM","S-1848","Invoice","Muslim Homoeopathic Store LPR ","Credit","","0","0","Hamza","446","0"
"2378","7/22/2024 12:00:00 AM","S-1849","Invoice","Counter","Cash","Cash In Hand","0","0","Hamza","1560","1560"
"2379","7/23/2024 12:00:00 AM","S-1850","Invoice","Bilal Homoeopathic Store","Credit","","0","N one","BURHAN","182","0"
"2380","7/23/2024 12:00:00 AM","S-1851","Invoice","Rafay Homeopathic Store","Credit","","0","N one","BURHAN","124","0"
"2381","7/23/2024 12:00:00 AM","S-1852","Invoice","German Homeopathic Store (Dr Saqib Khan)","Credit","","0","N one","BURHAN","324","0"
"2382","7/23/2024 12:00:00 AM","S-1853","Invoice","Noman Homeopathic Store","Credit","","0","No ne","usama","797","0"
"2383","7/23/2024 12:00:00 AM","S-1854","Invoice","Jameel H/S LPR","Credit","","0","N one","usama","130","0"
"2384","7/23/2024 12:00:00 AM","S-1855","Invoice","Muslim Homoeopathic Store LPR ","Credit","","0","N one","BURHAN","1608","0"
"2386","7/23/2024 12:00:00 AM","S-1856","Invoice","Counter","Cash","Cash In Hand","0","N one","Ham za","2130","2130"
"2387","7/23/2024 12:00:00 AM","P-524","Purchase","Bilal Homoeopathic Store","Credit","","0","N one","H,mza","182",""
"2388","7/23/2024 12:00:00 AM","P-525","Purchase","Rafay Homeopathic Store","Credit","","0","N one","Ha,mza","104",""
"2389","7/23/2024 12:00:00 AM","S-1857","Invoice","Counter","Cash","Cash In Hand","0","N one","Ha,mza","810","810"
"2390","7/23/2024 12:00:00 AM","S-1858","Invoice","Sheroze H/S Muzzamil ","Credit","","0","N one","Ha,mza","234","0"
"2391","7/23/2024 12:00:00 AM","S-1859","Invoice","Hassan Homeopathic Store","Credit","","0","0","Ham za","205","0"
"2392","7/24/2024 12:00:00 AM","S-1860","Invoice","Counter","Cash","Cash In Hand","0","None","Afan","1340","1340"
"2393","7/24/2024 12:00:00 AM","P-526","Purchase","ZAM ZAM Homoeo Pharma","Credit","","123","Taj Inter national Transport Company","Ham za","5250",""
"2394","7/24/2024 12:00:00 AM","S-1861","Invoice","Bilal Homoeopathic Store","Credit","","0","N one","Hamza","228","0"
"2395","7/24/2024 12:00:00 AM","S-1862","Invoice","German Homeopathic Store (Dr Saqib Khan)","Credit","","0","N one","H,mza","715","0"
"2396","7/24/2024 12:00:00 AM","S-1863","Invoice","Hassan Homeopathic Store","Credit","","0","N one","Ham za","150","0"
"2397","7/24/2024 12:00:00 AM","S-1864","Invoice","Noman Homeopathic Store","Credit","","0","0","Ha,mza","1701","0"
"2398","7/24/2024 12:00:00 AM","S-1865","Invoice","Cash In Hand","Cash","Cash In Hand","0","None","usama","3360","3360"
"2399","7/24/2024 12:00:00 AM","P-527","Purchase","German Homeopathic Store (Dr Saqib Khan)","Credit","","0","No ne","usama","324",""
"2400","7/24/2024 12:00:00 AM","P-528","Purchase","German Homeopathic Store (Dr Saqib Khan)","Cash","Cash In Hand","0","4","usama","75",""
"2401","7/24/2024 12:00:00 AM","P-529","Purchase","Noman Homeopathic Store","Cash","Cash In Hand","0","None","usama","375",""
"2402","7/24/2024 12:00:00 AM","P-530","Purchase","Noman Homeopathic Store","Credit","","0","None","usama","318",""
"2403","7/24/2024 12:00:00 AM","S-1866","Invoice","Bilal Homoeopathic Store","Credit","","0","None","usama","478","0"
"2404","7/24/2024 12:00:00 AM","P-531","Purchase","Bilal Homoeopathic Store","Credit","","0","None","usama","956",""
"2405","7/24/2024 12:00:00 AM","P-532","Purchase","German Homeopathic Store (Dr Saqib Khan)","Credit","","0","None","usama","145",""
"2406","7/25/2024 12:00:00 AM","S-1867","Invoice","Jameel H/S LPR","Credit","","0","None","Affan","358","0"
"2407","7/25/2024 12:00:00 AM","S-1868","Invoice","Hassaan H/S (TandoBago)","Credit","","0","None","Afan","942","0"
"2408","7/25/2024 12:00:00 AM","S-1869","Invoice","Noman Homeopathic Store","Credit","","0","None","Afan","722","0"
"2409","7/25/2024 12:00:00 AM","S-1870","Invoice","Muslim Homoeopathic Store LPR ","Credit","","0","None","Afan","500","0"
"2410","7/25/2024 12:00:00 AM","S-1871","Invoice","Muslim Homoeopathic Store LPR ","Credit","","0","None","usama","500","0"
"2411","7/25/2024 12:00:00 AM","P-533","Purchase","Muslim Homoeopathic Store LPR ","Credit","","0","None","usama","500",""
"2412","7/25/2024 12:00:00 AM","P-534","Purchase","Muslim Homoeopathic Store LPR ","Credit","","0","None","usama","497",""
"2413","7/25/2024 12:00:00 AM","S-1872","Invoice","Muslim Homoeopathic Store LPR ","Credit","","0","None","usama","500","0"
"2414","7/25/2024 12:00:00 AM","P-535","Purchase","Hassaan H/S (TandoBago)","Credit","","0","None","usama","942",""
"2415","7/25/2024 12:00:00 AM","S-1873","Invoice","Hassan Homeopathic Store","Credit","","0","None","usama","942","0"
"2416","7/25/2024 12:00:00 AM","P-536","Purchase","Noman Homeopathic Store","Credit","","0","None","usama","721",""
"2417","7/25/2024 12:00:00 AM","S-1874","Invoice","Noman Homeopathic Store","Credit","","0","Non e","usama","735","0"
"2418","7/25/2024 12:00:00 AM","S-1875","Invoice","Counter","Cash","Cash In Hand","0","0","Ha,mza","3240","3240"
"2419","7/25/2024 12:00:00 AM","S-1876","Invoice","Counter","Cash","Cash In Hand","0","0","Hamza","340","340"
"2420","7/25/2024 12:00:00 AM","S-1877","Invoice","Jameel H/S LPR","Credit","","0","0","Hamza","50","0"
"2421","7/25/2024 12:00:00 AM","S-1878","Invoice","Noman Homeopathic Store","Credit","","0","0","Hamza","70","0"
"2422","7/27/2024 12:00:00 AM","S-1879","Invoice","Muslim Medical Store","Credit","","0","None","usama","910","0"
"2423","7/27/2024 12:00:00 AM","S-1880","Invoice","Muneer Medical Store","Credit","","0","None","usama","3600","0"
"2424","7/27/2024 12:00:00 AM","S-1881","Invoice","Talpur Medical Store (Jahan Mori)","Credit","","0","None","usama","2665","0"
"2425","7/27/2024 12:00:00 AM","S-1882","Invoice","Zulfiqar (Jahan Mori)","Credit","","0","None","usama","1238","0"
"2426","7/27/2024 12:00:00 AM","S-1883","Invoice","Talpur Medical Store (Jahan Mori)","Credit","","0","None","usama","288","0"
"2427","7/27/2024 12:00:00 AM","S-1884","Invoice","Cash In Hand","Cash","Cash In Hand","0","None","usama","550","550"
"2428","7/27/2024 12:00:00 AM","S-1885","Invoice","Cash In Hand","Cash","Cash In Hand","0","None","usama","550","550"
"2429","7/27/2024 12:00:00 AM","S-1886","Invoice","Cash In Hand","Cash","Cash In Hand","0","None","usama","3200","3200"
"2430","7/27/2024 12:00:00 AM","S-1887","Invoice","Star Homoeo Store","Credit","","0","N one","Hsmza","500","0"
"2431","7/27/2024 12:00:00 AM","S-1888","Invoice","Rafay Homeopathic Store","Credit","","0","0","Ha,mza","1291","0"
"2432","7/27/2024 12:00:00 AM","S-1889","Invoice","German Homeopathic Store (Dr Saqib Khan)","Credit","","0","0","0","175","0"
"2433","7/27/2024 12:00:00 AM","S-1890","Invoice","Hassan Homeopathic Store","Credit","","0","0","Hamza","2336","0"
"2434","7/27/2024 12:00:00 AM","S-1891","Invoice","German Homeopathic Store (Dr Saqib Khan)","Credit","","0","0","0","3758","0"
"2435","7/27/2024 12:00:00 AM","S-1892","Invoice","Noman Homeopathic Store","Credit","","0","0","Ha,mza","2187","0"
"2436","7/27/2024 12:00:00 AM","S-1893","Invoice","Muslim Homoeopathic Store LPR ","Credit","","0","0","Hamza","114","0"
"2437","7/27/2024 12:00:00 AM","S-1894","Invoice","Sindh Homeopathic Store","Credit","","0","0","H,mza","200","0"
"2438","7/27/2024 12:00:00 AM","S-1895","Invoice","Counter","Cash","Cash In Hand","0","0","0","2560","2560"
"2439","7/27/2024 12:00:00 AM","P-537","Purchase","Rafay Homeopathic Store","Credit","","0","0","0","410",""
"2440","7/27/2024 12:00:00 AM","S-1896","Invoice","Muslim Homoeopathic Store LPR ","Credit","","0","0","Ha,mza","75","0"
"2441","7/27/2024 12:00:00 AM","P-538","Purchase","Zulfiqar (Jahan Mori)","Credit","","0","None","usama","536",""
"2442","7/27/2024 12:00:00 AM","P-539","Purchase","Zulfiqar (Jahan Mori)","Credit","","0","None","usama","42",""
"2443","7/27/2024 12:00:00 AM","P-540","Purchase","Talpur Medical Store (Jahan Mori)","Credit","","0","None","usama","438",""
"2444","7/27/2024 12:00:00 AM","P-541","Purchase","Muslim Medical Store","Credit","","0","None","usama","300",""
"2445","7/27/2024 12:00:00 AM","S-1897","Invoice","Cash In Hand","Cash","Cash In Hand","0","None","usama","230","230"
"2446","7/27/2024 12:00:00 AM","S-1898","Invoice","Cash In Hand","Cash","Cash In Hand","0","None","usama","200","200"
"2447","7/27/2024 12:00:00 AM","S-1899","Invoice","Muzamil Homoeo Store (D.K.M)","Credit","","0","0","Ham za","6018","0"
"2448","7/28/2024 12:00:00 AM","S-1900","Invoice","Cash In Hand","Cash","Cash In Hand","0","None","usama","392","392"
"2449","7/28/2024 12:00:00 AM","S-1901","Invoice","Shahid Medical Store (Chambar)","Credit","","0","0","Affan","5628","0"
"2450","7/28/2024 12:00:00 AM","S-1902","Invoice","Bilal Homoeopathic Store","Credit","","0","No ne","Affan","694","0"
"2451","7/28/2024 12:00:00 AM","S-1903","Invoice","Chand Homoeopathic Store","Credit","","0","N0ne","Affan","158","0"
"2452","7/28/2024 12:00:00 AM","S-1904","Invoice","German Homeopathic Store (Dr Saqib Khan)","Credit","","0","0","Affan","1511","0"
"2453","7/28/2024 12:00:00 AM","S-1905","Invoice","Hassan Homeopathic Store","Credit","","0","0","Affan","1274","0"
"2454","7/28/2024 12:00:00 AM","S-1906","Invoice","Sheroze H/S Muzzamil ","Credit","","0","0","Affan","330","0"
"2455","7/28/2024 12:00:00 AM","S-1907","Invoice","Noman Homeopathic Store","Credit","","0","0","Affan","2402","0"
"2456","7/28/2024 12:00:00 AM","S-1908","Invoice","Shalimar Homoeo Store LPR","Credit","","0","0","Affan","792","0"
"2457","7/28/2024 12:00:00 AM","S-1909","Invoice","Muslim Homoeopathic Store LPR ","Credit","","0","0","Affan","840","0"
"2458","7/28/2024 12:00:00 AM","S-1910","Invoice","Chand Homoeopathic Store","Credit","","0","0","raza","880","0"
"2459","7/28/2024 12:00:00 AM","P-542","Purchase","Muslim Homoeopathic Store LPR ","Credit","","0","0","0","712",""
"2460","7/28/2024 12:00:00 AM","S-1911","Invoice","Muslim Homoeopathic Store LPR ","Credit","","0","0","0","185","0"
"2461","7/28/2024 12:00:00 AM","P-543","Purchase","Chand Homoeopathic Store","Credit","","0","0","Ha,mza","880",""
"2462","7/28/2024 12:00:00 AM","P-544","Purchase","Hassan Homeopathic Store","Credit","","0","0","0","122",""
"2463","7/28/2024 12:00:00 AM","P-545","Purchase","Bilal Homoeopathic Store","Credit","","0","0","0","316",""
"2464","7/28/2024 12:00:00 AM","P-546","Purchase","Sheroze H/S Muzzamil ","Credit","","0","0","0","30",""
"2465","7/28/2024 12:00:00 AM","S-1912","Invoice","Al-Madina M/S (New Dambalo)","Credit","","0","0","Ha,mza","1193","0"
"2466","7/28/2024 12:00:00 AM","S-1913","Invoice","Al-Madina M/S (New Dambalo)","Credit","","0","0","0","400","0"
"2467","7/28/2024 12:00:00 AM","S-1914","Invoice","Dr Yousuf Arain (Dambalo)","Credit","","0","0","raza","1778","0"
"2468","7/28/2024 12:00:00 AM","S-1915","Invoice","Counter","Cash","Cash In Hand","0","0","0","1660","1660"
"2469","7/28/2024 12:00:00 AM","S-1916","Invoice","Counter","Cash","Cash In Hand","0","0","Haza","600","600"
"2470","7/28/2024 12:00:00 AM","P-547","Purchase","Shalimar Homoeo Store LPR","Credit","","0","0","0","73",""
"2471","7/28/2024 12:00:00 AM","P-548","Purchase","German Homeopathic Store (Dr Saqib Khan)","Credit","","0","0","0","1552",""
"2472","7/29/2024 12:00:00 AM","S-1917","Invoice","Cash In Hand","Cash","Cash In Hand","0","None","usama","1000","1000"
"2473","7/29/2024 12:00:00 AM","S-1918","Invoice","Cash In Hand","Cash","Cash In Hand","","None","usama","2000","2000"
"2474","7/29/2024 12:00:00 AM","S-1919","Invoice","Cash In Hand","Cash","Cash In Hand","0","None","usama","1120","1120"
"2475","7/29/2024 12:00:00 AM","S-1920","Invoice","Dr Adil (hali road)","Credit","","0","None","usama","189","0"
"2476","7/29/2024 12:00:00 AM","S-1921","Invoice","H/Dr.Irfan (T.A)","Cash","Cash In Hand","0","None","usama","286","290"
"2477","7/29/2024 12:00:00 AM","P-549","Purchase","BM Pvt LTD","Credit","","0","0","raza","11490",""
"2478","7/29/2024 12:00:00 AM","P-550","Purchase","Dr Adil (hali road)","Cash","Cash In Hand","0","0","raza","190",""
"2479","7/29/2024 12:00:00 AM","S-1922","Invoice","Dr Adil (hali road)","Cash","Cash In Hand","0","0","raza","190","190"
"2480","7/29/2024 12:00:00 AM","S-1923","Invoice","Dua Homoeopathic Store ","Credit","","0","None","usama","358","0"
"2481","7/29/2024 12:00:00 AM","S-1924","Invoice","Star Homoeo Store","Credit","","0","None","usama","508","0"
"2482","7/29/2024 12:00:00 AM","S-1925","Invoice","Rafay Homeopathic Store","Credit","","0","N one","usama","614","0"
"2483","7/29/2024 12:00:00 AM","S-1926","Invoice","German Homeopathic Store (Dr Saqib Khan)","Credit","","0","None","usama","1605","0"
"2484","7/29/2024 12:00:00 AM","S-1927","Invoice","Sheroze H/S Muzzamil ","Credit","","0","None","usama","828","0"
"2485","7/29/2024 12:00:00 AM","S-1928","Invoice","Sohail Homoeo & Harbal Store","Credit","","0","None","usama","317","0"
"2486","7/29/2024 12:00:00 AM","S-1929","Invoice","Hassan Homeopathic Store","Credit","","0","None","usama","1291","0"
"2487","7/29/2024 12:00:00 AM","S-1930","Invoice","Pakistan H/S LPR","Credit","","0","None","usama","270","0"
"2488","7/29/2024 12:00:00 AM","S-1931","Invoice","Shalimar Homoeo Store LPR","Credit","","0","None","usama","810","0"
"2489","7/29/2024 12:00:00 AM","S-1932","Invoice","Noman Homeopathic Store","Credit","","0","None","usama","5163","0"
"2490","7/29/2024 12:00:00 AM","S-1933","Invoice","Counter","Cash","Cash In Hand","0","0","raza","4189","5000"
"2491","7/29/2024 12:00:00 AM","S-1934","Invoice","Counter","Cash","Cash In Hand","0","0","raza","1120","1120"
"2492","7/29/2024 12:00:00 AM","P-551","Purchase","German Homeopathic Store (Dr Saqib Khan)","Credit",""," 0"," none","raza","1511",""
"2493","7/29/2024 12:00:00 AM","P-552","Purchase","Sindh Homeopathic Store","Cash","Cash In Hand","0","0","Haza","638",""
"2494","7/29/2024 12:00:00 AM","P-553","Purchase","Bilal Homoeopathic Store","Cash","Cash In Hand","0","0","Ham za","726",""
"2495","7/30/2024 12:00:00 AM","P-554","Purchase","Ali Danish Homoeopathic Store","Credit","","0","None","usama","299",""
"2496","7/30/2024 12:00:00 AM","S-1935","Invoice","Hassan Homeopathic Store","Credit","","0","None","usama","276","0"
"2497","7/30/2024 12:00:00 AM","P-555","Purchase","Hassan Homeopathic Store","Credit","","0","None","usama","525",""
"2498","7/30/2024 12:00:00 AM","P-556","Purchase","Hassan Homeopathic Store","Credit","","0","None","usama","27",""
"2499","7/30/2024 12:00:00 AM","P-557","Purchase","Muslim Homoeopathic Store LPR ","Credit","","0","None","usama","78",""
"2500","7/30/2024 12:00:00 AM","P-558","Purchase","Noman Homeopathic Store","Credit","","0","None","usama","97",""
"2501","7/30/2024 12:00:00 AM","S-1936","Invoice","Cash In Hand","Cash","Cash In Hand","0","None","usama","200","200"
"2502","7/30/2024 12:00:00 AM","S-1937","Invoice","Cash In Hand","Cash","Cash In Hand","0","None","usama","250","250"
"2503","7/30/2024 12:00:00 AM","S-1938","Invoice","Cash In Hand","Cash","Cash In Hand","0","None","usama","600","600"
"2504","7/30/2024 12:00:00 AM","S-1939","Invoice","Cash In Hand","Cash","Cash In Hand","0","None","usama","500","500"
"2505","7/30/2024 12:00:00 AM","S-1940","Invoice","Cash In Hand","Cash","Cash In Hand","0","None","usama","450","450"
"2506","7/30/2024 12:00:00 AM","S-1941","Invoice","Cash In Hand","Cash","Cash In Hand","0","None","usama","1350","1350"
"2507","7/30/2024 12:00:00 AM","S-1942","Invoice","Tahir Kent SPO","Credit","","0","0","raza","960","0"
"2508","7/30/2024 12:00:00 AM","S-1943","Invoice","Jameel H/S LPR","Credit","","0","0","Affan","468","0"
"2509","7/30/2024 12:00:00 AM","S-1944","Invoice","Hassan Homeopathic Store","Credit","","0","0","Affan","287","0"
"2510","7/30/2024 12:00:00 AM","S-1945","Invoice","Sheroze H/S Muzzamil ","Credit","","0","0","Affan","344","0"
"2511","7/30/2024 12:00:00 AM","S-1946","Invoice","Sohail Homoeo & Harbal Store","Credit","","0","0","Affan","1487","0"
"2512","7/30/2024 12:00:00 AM","S-1947","Invoice","Noman Homeopathic Store","Credit","","0","0","Affan","2034","0"
"2513","7/30/2024 12:00:00 AM","S-1948","Invoice","Muslim Homoeopathic Store LPR ","Credit","","0","0","Affan","91","0"
"2514","7/30/2024 12:00:00 AM","S-1949","Invoice","Cash In Hand","Cash","Cash In Hand","0","None","usama","600","600"
"2515","7/30/2024 12:00:00 AM","S-1950","Invoice","Cash In Hand","Cash","Cash In Hand","0","None","usama","250","250"
"2516","7/30/2024 12:00:00 AM","P-559","Purchase","Counter","Cash","Cash In Hand","0","0","raza","182",""
"2517","7/30/2024 12:00:00 AM","S-1951","Invoice","Cash In Hand","Cash","Cash In Hand","0","None","usama","187","180"
"2518","7/31/2024 12:00:00 AM","P-560","Purchase","JR PHARMA","Credit","","","","Ham za","26428",""
"2519","7/31/2024 12:00:00 AM","S-1952","Invoice","Baba Homoeo Store","Credit","","0","0","Affan","91","0"
"2520","7/31/2024 12:00:00 AM","S-1953","Invoice","German Homeopathic Store (Dr Saqib Khan)","Credit","","0","None","usama","2189","0"
"2521","7/31/2024 12:00:00 AM","S-1954","Invoice","Jameel H/S LPR","Credit","","0","None","usama","360","0"
"2522","7/31/2024 12:00:00 AM","S-1955","Invoice","Hassan Homeopathic Store","Credit","","0","None","usama","168","0"
"2523","7/31/2024 12:00:00 AM","S-1956","Invoice","Noman Homeopathic Store","Credit","","0","None","usama","3452","0"
"2524","7/31/2024 12:00:00 AM","S-1957","Invoice","Muslim Homoeopathic Store LPR ","Credit","","0","None","usama","1283","0"
"2525","7/31/2024 12:00:00 AM","P-561","Purchase","HFP Private Limited","Credit","","0","None","usama","14220",""
"2526","7/31/2024 12:00:00 AM","P-562","Purchase","German Homeopathic Store (Dr Saqib Khan)","Credit","","0","None","usama","460",""
"2527","7/31/2024 12:00:00 AM","S-1958","Invoice","Cash In Hand","Cash","Cash In Hand","0","None","usama","300","300"
"2528","7/31/2024 12:00:00 AM","S-1959","Invoice","Cash In Hand","Cash","Cash In Hand","0","None","usama","1500","1500"
"2529","8/1/2024 12:00:00 AM","S-1960","Invoice","Cash In Hand","Cash","Cash In Hand","0","None","usama","200","200"
"2530","8/1/2024 12:00:00 AM","S-1961","Invoice","Cash In Hand","Cash","Cash In Hand","0","None","usama","300","300"
"2531","8/1/2024 12:00:00 AM","S-1962","Invoice","Cash In Hand","Cash","Cash In Hand","0","None","usama","240","240"
"2532","8/1/2024 12:00:00 AM","S-1963","Invoice","Cash In Hand","Cash","Cash In Hand","0","None","usama","807","800"
"2533","8/1/2024 12:00:00 AM","S-1964","Invoice","Cash In Hand","Cash","Cash In Hand","0","None","usama","170","170"
"2534","8/1/2024 12:00:00 AM","S-1965","Invoice","Dr Tayyab (Tando Adam)","Credit","","0","0","Affan","2986","0"
"2535","8/1/2024 12:00:00 AM","S-1966","Invoice","Cash In Hand","Cash","Cash In Hand","0","None","usama","180","180"
"2536","8/1/2024 12:00:00 AM","S-1967","Invoice","German Homeopathic Store (Dr Saqib Khan)","Credit","","0","None","usama","187","0"
"2537","8/1/2024 12:00:00 AM","S-1968","Invoice","Jameel H/S LPR","Credit","","0","None","usama","75","0"
"2538","8/1/2024 12:00:00 AM","S-1969","Invoice","Hassan Homeopathic Store","Credit","","0","None","uasma","2413","0"
"2539","8/1/2024 12:00:00 AM","S-1970","Invoice","Cash In Hand","Cash","Cash In Hand","0","None","uasma","240","240"
"2540","8/1/2024 12:00:00 AM","S-1971","Invoice","Noman Homeopathic Store","Credit","","0","Non e","usama","1082","0"
"2541","8/1/2024 12:00:00 AM","S-1972","Invoice","Shalimar Homoeo Store LPR","Credit","","0","None","usama","900","0"
"2542","8/1/2024 12:00:00 AM","S-1973","Invoice","Cash In Hand","Cash","Cash In Hand","0","None","usama","750","750"
"2543","8/1/2024 12:00:00 AM","S-1974","Invoice","Cash In Hand","Cash","Cash In Hand","0","None","usama","500","500"
"2544","8/1/2024 12:00:00 AM","S-1975","Invoice","Cash In Hand","Cash","Cash In Hand","0","None","usama","590","590"
"2545","8/1/2024 12:00:00 AM","S-1976","Invoice","Cash In Hand","Credit","","0","None","usama","2466","0"
"2546","8/1/2024 12:00:00 AM","S-1977","Invoice","Tawaqal Homoeopathic Store","Credit","","0","None","usama","117","0"
"2547","8/1/2024 12:00:00 AM","S-1978","Invoice","Rafay Homeopathic Store","Credit","","0","None","usama","102","0"
"2548","8/1/2024 12:00:00 AM","S-1979","Invoice","Cash In Hand","Cash","Cash In Hand","0","None","usama","1150","1150"
"2549","8/1/2024 12:00:00 AM","P-563","Purchase","Hassan Homeopathic Store","Credit","","0","None","usama","280",""
"2550","8/1/2024 12:00:00 AM","P-564","Purchase","Noman Homeopathic Store","Credit","","0","None","usama","218",""
"2551","8/1/2024 12:00:00 AM","S-1980","Invoice","Cash In Hand","Cash","Cash In Hand","0","None","uasma","330","330"
"2552","8/2/2024 12:00:00 AM","S-1981","Invoice","Cash In Hand","Cash","Cash In Hand","0","None","usama","730","730"
"2553","8/2/2024 12:00:00 AM","S-1982","Invoice","Cash In Hand","Cash","Cash In Hand","0","None","uasma","730","700"
"2554","8/2/2024 12:00:00 AM","S-1983","Invoice","Cash In Hand","Cash","Cash In Hand","0","None","usama","670","670"
"2555","8/3/2024 12:00:00 AM","P-565","Purchase","NP BM (Pvt.) Limited","Credit","","0","TCS","usama","13640",""
"2556","8/3/2024 12:00:00 AM","S-1984","Invoice","Cash In Hand","Cash","Cash In Hand","0","None","usama","900","900"
"2557","8/3/2024 12:00:00 AM","S-1985","Invoice","Cash In Hand","Cash","Cash In Hand","0","None","usama","700","700"
"2558","8/3/2024 12:00:00 AM","S-1986","Invoice","Cash In Hand","Cash","Cash In Hand","0","None","usama","180","180"
"2559","8/3/2024 12:00:00 AM","S-1987","Invoice","Cash In Hand","Credit","","0","0","Affan","290","0"
"2560","8/3/2024 12:00:00 AM","S-1988","Invoice","Cash In Hand","Cash","Cash In Hand","0","None","usama","120","120"
"2561","8/3/2024 12:00:00 AM","S-1989","Invoice","Cash In Hand","Cash","Cash In Hand","0","None","usama","100","100"
"2562","8/3/2024 12:00:00 AM","S-1990","Invoice","Cash In Hand","Cash","Cash In Hand","0","None","usama","150","150"
"2563","8/3/2024 12:00:00 AM","S-1991","Invoice","Cash In Hand","Cash","Cash In Hand","0","None","usama","900","900"
"2564","8/3/2024 12:00:00 AM","S-1992","Invoice","Cash In Hand","Cash","Cash In Hand","0","None","usama","600","600"
"2565","8/3/2024 12:00:00 AM","S-1993","Invoice","Cash In Hand","Cash","Cash In Hand","0","None","usama","250","250"
"2566","8/3/2024 12:00:00 AM","S-1994","Invoice","Cash In Hand","Cash","Cash In Hand","0","None","usama","360","360"
"2567","8/3/2024 12:00:00 AM","S-1995","Invoice","Bilal Homoeopathic Store","Credit","","0","None","usama","472","0"
"2568","8/3/2024 12:00:00 AM","S-1996","Invoice","Star Homoeo Store","Credit","","0","None","uasma","94","0"
"2569","8/3/2024 12:00:00 AM","S-1997","Invoice","Rafay Homeopathic Store","Credit","","0","None","uasma","292","0"
"2570","8/3/2024 12:00:00 AM","S-1998","Invoice","German Homeopathic Store (Dr Saqib Khan)","Credit","","0","None","uasma","400","0"
"2571","8/3/2024 12:00:00 AM","S-1999","Invoice","Hassan Homeopathic Store","Credit","","0","None","usama","1310","0"
"2572","8/3/2024 12:00:00 AM","S-2000","Invoice","Sheroze H/S Muzzamil ","Credit","","0","None","usama","1230","0"
"2573","8/3/2024 12:00:00 AM","S-2001","Invoice","Sohail Homoeo & Harbal Store","Credit","","0","None","usama","654","0"
"2574","8/3/2024 12:00:00 AM","S-2002","Invoice","Muslim Homoeopathic Store LPR ","Credit","","0","None","uasma","2414","0"
"2575","8/3/2024 12:00:00 AM","S-2003","Invoice","Noman Homeopathic Store","Credit","","0","None","uasma","4567","0"
"2576","8/3/2024 12:00:00 AM","S-2004","Invoice","Cash In Hand","Cash","Cash In Hand","0","None","usama","2130","2130"
"2577","8/3/2024 12:00:00 AM","S-2005","Invoice","Cash In Hand","Cash","Cash In Hand","0","None","uasma","1800","1800"
"2578","8/3/2024 12:00:00 AM","S-2006","Invoice","Tahir Kent SPO","Credit","","0","None","usama","741","0"
"2579","8/3/2024 12:00:00 AM","P-566","Purchase","Hassan Homeopathic Store","Credit","","0","None","usama","696",""
"2580","8/4/2024 12:00:00 AM","S-2007","Invoice","Cash In Hand","Cash","Cash In Hand","0","None","usama","940","930"
"2581","8/4/2024 12:00:00 AM","S-2008","Invoice","Cash In Hand","Cash","Cash In Hand","0","None","uasma","800","800"
"2582","8/4/2024 12:00:00 AM","S-2009","Invoice","Cash In Hand","Cash","Cash In Hand","0","None","usama","420","420"
"2583","8/4/2024 12:00:00 AM","P-567","Purchase","German Homeopathic Store (Dr Saqib Khan)","Credit","","0","None","usama","297",""
"2584","8/4/2024 12:00:00 AM","P-568","Purchase","Hassan Homeopathic Store","Credit","","0","None","Ha,mza","60",""
"2585","8/4/2024 12:00:00 AM","P-569","Purchase","Muslim Homoeopathic Store LPR ","Credit","","0","None","usama","140",""
"2586","8/4/2024 12:00:00 AM","P-570","Purchase","Rafay Homeopathic Store","Credit","","0","None","usama","128",""
"2587","8/4/2024 12:00:00 AM","S-2010","Invoice","Cash In Hand","Cash","Cash In Hand","0","None","usama","280","280"
"2588","8/4/2024 12:00:00 AM","S-2011","Invoice","Rahib Madical Store (Tando Bhago)","Credit","","0","None","usama","2688","0"
"2589","8/4/2024 12:00:00 AM","S-2012","Invoice","Waheed Bhai","Credit","","0","None","usama","500","0"
"2590","8/4/2024 12:00:00 AM","S-2013","Invoice","German Homeopathic Store (Dr Saqib Khan)","Credit","","0","None","usama","3646","0"
"2591","8/4/2024 12:00:00 AM","S-2014","Invoice","Hassan Homeopathic Store","Credit","","0","None","usama","320","0"
"2592","8/4/2024 12:00:00 AM","S-2015","Invoice","Cash In Hand bill 2","Credit","","0","None","usama","2607","0"
"2593","8/4/2024 12:00:00 AM","S-2016","Invoice","Sufi Homeopathic Store","Credit","","0","None","Affan","480","0"
"2594","8/4/2024 12:00:00 AM","S-2017","Invoice","Sohail Homoeo & Harbal Store","Credit","","0","None","Affan","124","0"
"2595","8/4/2024 12:00:00 AM","S-2018","Invoice","Shalimar Homoeo Store LPR","Credit","","0","None","usama","70","0"
"2596","8/4/2024 12:00:00 AM","S-2019","Invoice","Muslim Homoeopathic Store LPR ","Credit","","0","None","usama","475","0"
"2597","8/4/2024 12:00:00 AM","S-2020","Invoice","Noman Homeopathic Store","Credit","","0","None","uasma","4460","0"
"2598","8/4/2024 12:00:00 AM","P-571","Purchase","German Homeopathic Store (Dr Saqib Khan)","Credit","","0","None","usama","65",""
"2599","8/4/2024 12:00:00 AM","P-572","Purchase","Sohail Homoeo & Harbal Store","Credit","","0","None","usama","125",""
"2600","8/5/2024 12:00:00 AM","S-2021","Invoice","Cash In Hand","Cash","Cash In Hand","0","None","usama","400","400"
"2601","8/5/2024 12:00:00 AM","S-2022","Invoice","Cash In Hand","Cash","Cash In Hand","0","None","usama","850","850"
"2602","8/5/2024 12:00:00 AM","S-2023","Invoice","Cash In Hand","Cash","Cash In Hand","0","None","uasma","780","780"
"2603","8/5/2024 12:00:00 AM","S-2024","Invoice","Cash In Hand","Cash","Cash In Hand","0","None","uasma","1600","1600"
"2604","8/5/2024 12:00:00 AM","S-2025","Invoice","Cash In Hand","Cash","Cash In Hand","0","None","usama","1700","1990"
"2605","8/5/2024 12:00:00 AM","S-2026","Invoice","Cash In Hand","Cash","Cash In Hand","0","None","usama","300","300"
"2606","8/5/2024 12:00:00 AM","S-2027","Invoice","Cash In Hand","Cash","Cash In Hand","0","0","Affan","150","150"
"2607","8/5/2024 12:00:00 AM","S-2028","Invoice","Cash In Hand","Cash","Cash In Hand","0","None","uasma","500","500"
"2608","8/5/2024 12:00:00 AM","S-2029","Invoice","Bilal Homoeopathic Store","Credit","","0","None","usama","2698","0"
"2609","8/5/2024 12:00:00 AM","P-573","Purchase","Bilal Homoeopathic Store","Credit","","0","None","usama","472",""
"2610","8/5/2024 12:00:00 AM","S-2030","Invoice","Chand Homoeopathic Store","Credit","","0","None","usama","585","0"
"2611","8/5/2024 12:00:00 AM","S-2031","Invoice","Baba Homoeo Store","Credit","","0","None","usama","1580","0"
"2612","8/5/2024 12:00:00 AM","S-2032","Invoice","Star Homoeo Store","Credit","","0","None","usama","189","0"
"2613","8/5/2024 12:00:00 AM","S-2033","Invoice","Rafay Homeopathic Store","Credit","","0","None","usama","188","0"
"2614","8/5/2024 12:00:00 AM","S-2034","Invoice","Jameel H/S LPR","Credit","","0","None","usama","70","0"
"2615","8/5/2024 12:00:00 AM","S-2035","Invoice","Hassan Homeopathic Store","Credit","","0","None","usama","350","0"
"2616","8/5/2024 12:00:00 AM","S-2036","Invoice","Cash In Hand","Cash","Cash In Hand","0","None","usama","120","120"
"2617","8/5/2024 12:00:00 AM","S-2037","Invoice","Sohail Homoeo & Harbal Store","Credit","","0","None","usama","325","0"
"2618","8/5/2024 12:00:00 AM","S-2038","Invoice","Muslim Homoeopathic Store LPR ","Credit","","0","None","usama","120","0"
"2619","8/5/2024 12:00:00 AM","S-2039","Invoice","Noman Homeopathic Store","Credit","","0","None","uasma","3472","0"
"2620","8/5/2024 12:00:00 AM","S-2040","Invoice","Sheroze H/S Muzzamil ","Credit","","0","None","uasma","468","0"
"2621","8/5/2024 12:00:00 AM","S-2041","Invoice","Cash In Hand","Cash","Cash In Hand","0","None","usama","500","500"
"2622","8/5/2024 12:00:00 AM","S-2042","Invoice","Dr Asif Homeopathic Clinic & Store","Credit","","0","None","uasma","595","0"
"2623","8/5/2024 12:00:00 AM","S-2043","Invoice","Cash In Hand","Cash","Cash In Hand","0","No ne","usama","110","110"
"2624","8/5/2024 12:00:00 AM","S-2044","Invoice","Cash In Hand","Cash","Cash In Hand","0","None","uasma","450","450"
"2625","8/5/2024 12:00:00 AM","S-2045","Invoice","Cash In Hand","Cash","Cash In Hand","0","None","usama","800","800"
"2626","8/6/2024 12:00:00 AM","S-2046","Invoice","Cash In Hand","Cash","Cash In Hand","0","None","usama","1182","1182"
"2627","8/6/2024 12:00:00 AM","S-2047","Invoice","Cash In Hand","Cash","Cash In Hand","0","None","uasma","450","450"
"2628","8/6/2024 12:00:00 AM","S-2048","Invoice","Cash In Hand","Cash","Cash In Hand","0","None","usama","1600","1600"
"2629","8/6/2024 12:00:00 AM","S-2049","Invoice","Pawan M/S JAMSABAD (KGM)","Credit","","0","None","uasma","3648","0"
"2630","8/6/2024 12:00:00 AM","S-2050","Invoice","Cash In Hand","Cash","Cash In Hand","0","None","usama","180","180"
"2631","8/6/2024 12:00:00 AM","S-2051","Invoice","Cash In Hand","Cash","Cash In Hand","0","None","usama","900","900"
"2632","8/6/2024 12:00:00 AM","S-2052","Invoice","Baba Homoeo Store","Credit","","0","None","usama","110","0"
"2633","8/6/2024 12:00:00 AM","P-574","Purchase","Baba Homoeo Store","Credit","","0","None","usama","240",""
"2634","8/6/2024 12:00:00 AM","P-575","Purchase","German Homeopathic Store (Dr Saqib Khan)","Credit","","0","None","usama","461",""
"2635","8/6/2024 12:00:00 AM","P-576","Purchase","Hassan Homeopathic Store","Credit","","0","None","usama","72",""
"2636","8/6/2024 12:00:00 AM","P-577","Purchase","Muslim Homoeopathic Store LPR ","Credit","","0","None","usama","65",""
"2637","8/6/2024 12:00:00 AM","S-2053","Invoice","Haji Sawan","Credit","","0","None","usama","2038","0"
"2638","8/6/2024 12:00:00 AM","S-2054","Invoice","Cash In Hand","Cash","Cash In Hand","0","Non e","usama","2350","2350"
"2639","8/6/2024 12:00:00 AM","S-2055","Invoice","Cash In Hand","Cash","Cash In Hand","0","None","usama","150","150"
"2640","8/6/2024 12:00:00 AM","S-2056","Invoice","Cash In Hand","Cash","Cash In Hand","0","None","usama","160","160"
"2641","8/6/2024 12:00:00 AM","S-2057","Invoice","Cash In Hand","Cash","Cash In Hand","0","None","uasma","302","300"
"2642","8/6/2024 12:00:00 AM","P-578","Purchase","Bilal Homoeopathic Store","Credit","","0","None","usama","344",""
"2643","8/6/2024 12:00:00 AM","S-2058","Invoice","Bilal Homoeopathic Store","Credit","","0","None","usama","247","0"
"2644","8/6/2024 12:00:00 AM","P-579","Purchase","Bilal Homoeopathic Store","Credit","","0","None","usama","416",""
"2645","8/6/2024 12:00:00 AM","S-2059","Invoice","Star Homoeo Store","Credit","","0","None","usama","720","0"
"2646","8/6/2024 12:00:00 AM","S-2060","Invoice","Rafay Homeopathic Store","Credit","","0","None","usama","248","0"
"2647","8/6/2024 12:00:00 AM","S-2061","Invoice","German Homeopathic Store (Dr Saqib Khan)","Credit","","0","None","usama","397","0"
"2648","8/6/2024 12:00:00 AM","S-2062","Invoice","Hassan Homeopathic Store","Credit","","0","None","usama","719","0"
"2649","8/6/2024 12:00:00 AM","S-2063","Invoice","Sheroze H/S Muzzamil ","Credit","","0","None","usama","806","0"
"2650","8/6/2024 12:00:00 AM","S-2064","Invoice","Muslim Homoeopathic Store LPR ","Credit","","0","None","usama","114","0"
"2651","8/6/2024 12:00:00 AM","S-2065","Invoice","Tawaqal Homoeopathic Store","Credit","","0","None","usama","182","0"
"2652","8/6/2024 12:00:00 AM","S-2066","Invoice","Noman Homeopathic Store","Credit","","0","None","usama","3105","0"
"2653","8/6/2024 12:00:00 AM","P-580","Purchase","Sheroze H/S Muzzamil ","Credit","","0","None","uasma","806",""
"2654","8/6/2024 12:00:00 AM","S-2067","Invoice","Sheroze H/S Muzzamil ","Credit","","0","N one","uasma","736","0"
"2655","8/6/2024 12:00:00 AM","S-2068","Invoice","Cash In Hand","Cash","Cash In Hand","0","None","usama","650","650"
"2656","8/6/2024 12:00:00 AM","S-2069","Invoice","Cash In Hand","Cash","Cash In Hand","0","0","Affan","150","150"
"2657","8/6/2024 12:00:00 AM","S-2070","Invoice","Cash In Hand","Cash","Cash In Hand","0","None","usama","1050","1000"
"2658","8/7/2024 12:00:00 AM","S-2071","Invoice","Cash In Hand","Cash","Cash In Hand","0","None","usama","1090","1090"
"2659","8/7/2024 12:00:00 AM","P-581","Purchase","BM Pvt LTD","Credit","","0","TCS","uasma","8458",""
"2660","8/7/2024 12:00:00 AM","S-2072","Invoice","Cash In Hand","Cash","Cash In Hand","0","None","usama","600","600"
"2661","8/7/2024 12:00:00 AM","P-582","Purchase","BM Pvt LTD","Credit","","0","TCS","usama","8983",""
"2662","8/7/2024 12:00:00 AM","S-2073","Invoice","Cash In Hand","Cash","Cash In Hand","0","None","usama","274","270"
"2663","8/7/2024 12:00:00 AM","P-583","Purchase","BM Pvt LTD","Credit","","0","TCS","usama","13799",""
"2664","8/7/2024 12:00:00 AM","P-584","Purchase","BM Pvt LTD","Credit","","0","TCS","usama","16836",""
"2665","8/7/2024 12:00:00 AM","P-585","Purchase","BM Pvt LTD","Credit","","0","TCS","usama","28710",""
"2666","8/7/2024 12:00:00 AM","S-2074","Invoice","Cash In Hand","Cash","Cash In Hand","0","None","uasma","350","350"
"2667","8/7/2024 12:00:00 AM","S-2075","Invoice","Cash In Hand","Cash","Cash In Hand","0","None","usama","900","900"
"2668","8/7/2024 12:00:00 AM","S-2076","Invoice","Cash In Hand","Cash","Cash In Hand","0","None","usama","310","310"
"2669","8/7/2024 12:00:00 AM","S-2077","Invoice","Cash In Hand","Cash","Cash In Hand","0","None","usama","200","200"
"2670","8/7/2024 12:00:00 AM","S-2078","Invoice","German Homeopathic Store (Dr Saqib Khan)","Credit","","0","No ne","usama","5327","0"
"2671","8/7/2024 12:00:00 AM","S-2079","Invoice","Cash In Hand","Cash","Cash In Hand","0","None","usama","200","200"
"2672","8/7/2024 12:00:00 AM","S-2080","Invoice","Sohail Homoeo & Harbal Store","Credit","","0","None","usama","702","0"
"2673","8/7/2024 12:00:00 AM","S-2081","Invoice","Muslim Homoeopathic Store LPR ","Credit","","0","No ne","uasma","831","0"
"2674","8/7/2024 12:00:00 AM","S-2082","Invoice","Noman Homeopathic Store","Credit","","0","None","usama","4275","0"
"2675","8/7/2024 12:00:00 AM","S-2083","Invoice","Cash In Hand","Cash","Cash In Hand","0","None","usama","600","600"
"2676","8/7/2024 12:00:00 AM","P-586","Purchase","German Homeopathic Store (Dr Saqib Khan)","Credit","","0","None","uasma","1675",""
"2677","8/7/2024 12:00:00 AM","P-587","Purchase","Sheroze H/S Muzzamil ","Credit","","0","Non e","uasma","40",""
"2678","8/7/2024 12:00:00 AM","S-2084","Invoice","Cash In Hand","Cash","Cash In Hand","0","None","usama","150","150"
"2679","8/7/2024 12:00:00 AM","S-2085","Invoice","Dr Amir Sidiqui","Credit","","0","None","usama","19730","0"
"2680","8/8/2024 12:00:00 AM","S-2086","Invoice","Cash In Hand","Cash","Cash In Hand","0","None","uasma","300","300"
"2681","8/8/2024 12:00:00 AM","S-2087","Invoice","Cash In Hand","Cash","Cash In Hand","0","None","uasma","150","150"
"2682","8/8/2024 12:00:00 AM","S-2088","Invoice","Cash In Hand","Cash","Cash In Hand","0","None","uasma","450","450"
"2683","8/8/2024 12:00:00 AM","S-2089","Invoice","Cash In Hand","Cash","Cash In Hand","0","None","usama","870","870"
"2684","8/8/2024 12:00:00 AM","S-2090","Invoice","Cash In Hand","Cash","Cash In Hand","000","None","Affan","970","970"
"2685","8/8/2024 12:00:00 AM","S-2091","Invoice","Cash In Hand","Cash","Cash In Hand","0","None","usama","600","600"
"2686","8/8/2024 12:00:00 AM","S-2092","Invoice","Dr Abdul Shakoor Memon","Credit","","0","None","uasma","4576","0"
"2687","8/8/2024 12:00:00 AM","S-2093","Invoice","Dr Amir Sidiqui","Credit","","0","None","usama","4890","0"
"2688","8/8/2024 12:00:00 AM","S-2094","Invoice","Dr Jamaal Nasir (T.M.K)","Credit","","0","None","usama","3810","0"
"2689","8/8/2024 12:00:00 AM","S-2095","Invoice","Cash In Hand","Cash","Cash In Hand","0","0","Affan","950","950"
"2690","8/8/2024 12:00:00 AM","S-2096","Invoice","Cash In Hand","Cash","Cash In Hand","0","None","usama","540","540"
"2691","8/8/2024 12:00:00 AM","P-588","Purchase","Dr Abdul Shakoor Memon","Credit","","0","None","usama","56",""
"2692","8/8/2024 12:00:00 AM","S-2097","Invoice","Dr Rajesh Kumar","Credit","","0","None","usama","2150","0"
"2693","8/8/2024 12:00:00 AM","S-2098","Invoice","Cash In Hand","Cash","Cash In Hand","0","0","Affan","650","650"
"2694","8/8/2024 12:00:00 AM","S-2099","Invoice","Bilal Homoeopathic Store","Credit","","0","None","uasma","104","0"
"2695","8/8/2024 12:00:00 AM","S-2100","Invoice","Chand Homoeopathic Store","Credit","","0","None","usama","252","0"
"2696","8/8/2024 12:00:00 AM","S-2101","Invoice","German Homeopathic Store (Dr Saqib Khan)","Credit","","0","None","uasma","1631","0"
"2697","8/8/2024 12:00:00 AM","S-2102","Invoice","Sheroze H/S Muzzamil ","Credit","","0","None","usama","1424","0"
"2698","8/8/2024 12:00:00 AM","S-2103","Invoice","Sohail Homoeo & Harbal Store","Credit","","0","0","Affan","102","0"
"2699","8/8/2024 12:00:00 AM","S-2104","Invoice","Noman Homeopathic Store","Credit","","0","0","Afcfan","5370","0"
"2700","8/8/2024 12:00:00 AM","S-2105","Invoice","Muslim Homoeopathic Store LPR ","Credit","","0","None","usama","883","0"
"2701","8/8/2024 12:00:00 AM","S-2106","Invoice","Bilal Homoeopathic Store","Credit","","0","None","usama","1235","0"
"2702","8/8/2024 12:00:00 AM","P-589","Purchase","Muslim Homoeopathic Store LPR ","Credit","","0","None","uasma","158",""
"2703","8/8/2024 12:00:00 AM","P-590","Purchase","Sheroze H/S Muzzamil ","Credit","","0","None","usama","304",""
"2704","8/8/2024 12:00:00 AM","S-2107","Invoice","Cash In Hand","Credit","","0","None","usama","300","0"
"2705","8/8/2024 12:00:00 AM","P-591","Purchase","German Homeopathic Store (Dr Saqib Khan)","Credit","","0","None","uasma","1260",""
"2706","8/8/2024 12:00:00 AM","P-592","Purchase","German Homeopathic Store (Dr Saqib Khan)","Credit","","0","None","uasma","220",""
"2707","8/10/2024 12:00:00 AM","S-2108","Invoice","Cash In Hand","Cash","Cash In Hand","0","None","usama","900","900"
"2708","8/10/2024 12:00:00 AM","S-2109","Invoice","DR Danish kirmani","Credit","","0","None","usama","11241","0"
"2709","8/10/2024 12:00:00 AM","P-593","Purchase","MEKTUM Pvt Ltd","Credit","","0","Supe Mama Goods","usama","236942",""
"2710","8/10/2024 12:00:00 AM","S-2110","Invoice","Cash In Hand","Cash","Cash In Hand","0","0","Affan","200","200"
"2711","8/10/2024 12:00:00 AM","S-2111","Invoice","Cash In Hand","Credit","","0","None","usama","2800","0"
"2712","8/10/2024 12:00:00 AM","S-2112","Invoice","Cash In Hand","Cash","Cash In Hand","0","0","Affan","100","100"
"2713","8/10/2024 12:00:00 AM","S-2113","Invoice","Cash In Hand","Credit","","0","None","usama","752","0"
"2714","8/10/2024 12:00:00 AM","S-2114","Invoice","Dr Ghulam Qadir Baloch (Ghulab Lagri)","Credit","","0","None","usama","13830","0"
"2715","8/10/2024 12:00:00 AM","S-2115","Invoice","Shahid Medical Store (Chambar)","Credit","","0","None","usama","2940","0"
"2716","8/10/2024 12:00:00 AM","S-2116","Invoice","Bilal Homoeopathic Store","Credit","","0","0","usama","114","0"
"2717","8/10/2024 12:00:00 AM","S-2117","Invoice","Hassan Homeopathic Store","Credit","","0","0","usama","3710","0"
"2718","8/10/2024 12:00:00 AM","S-2118","Invoice","Sheroze H/S Muzzamil ","Credit","","0","0","uasma","1115","0"
"2719","8/10/2024 12:00:00 AM","S-2119","Invoice","Sufi Homeopathic Store","Credit","","0","0","uasma","494","0"
"2720","8/10/2024 12:00:00 AM","S-2120","Invoice","Sohail Homoeo & Harbal Store","Credit","","0","0","uasma","349","0"
"2721","8/10/2024 12:00:00 AM","S-2121","Invoice","Pakistan H/S LPR","Credit","","0","0","0","196","0"
"2722","8/10/2024 12:00:00 AM","S-2122","Invoice","Muslim Homoeopathic Store LPR ","Credit","","0","0","uasma","560","0"
"2723","8/10/2024 12:00:00 AM","S-2123","Invoice","Noman Homeopathic Store","Credit","","0","0","uasma","1866","0"
"2724","8/10/2024 12:00:00 AM","S-2124","Invoice","Cash In Hand","Cash","Cash In Hand","0","None","usama","398","390"
"2725","8/10/2024 12:00:00 AM","S-2125","Invoice","Cash In Hand","Cash","Cash In Hand","0","None","uasma","450","450"
"2726","8/10/2024 12:00:00 AM","P-594","Purchase","Hassan Homeopathic Store","Credit","","0","None","usama","300",""
"2727","8/10/2024 12:00:00 AM","S-2126","Invoice","Cash In Hand","Cash","Cash In Hand","0","None","usama","440","440"
"2728","8/10/2024 12:00:00 AM","S-2127","Invoice","Cash In Hand","Cash","Cash In Hand","0","None","usama","850","850"
"2729","8/10/2024 12:00:00 AM","S-2128","Invoice","Cash In Hand","Credit","","0","None","usama","1080","0"
"2730","8/10/2024 12:00:00 AM","S-2129","Invoice","Cash In Hand","Cash","Cash In Hand","0","None","usama","480","480"
"2731","8/11/2024 12:00:00 AM","S-2130","Invoice","Dr Shabbir (Odero Lal)","Credit","","0","None","usama","4986","0"
"2732","8/11/2024 12:00:00 AM","S-2131","Invoice","Cash In Hand","Cash","Cash In Hand","0","None","usama","160","160"
"2733","8/11/2024 12:00:00 AM","S-2132","Invoice","Cash In Hand","Cash","Cash In Hand","0","None","usama","320","320"
"2734","8/11/2024 12:00:00 AM","S-2133","Invoice","Cash In Hand","Cash","Cash In Hand","0","0","Affan","340","340"
"2735","8/11/2024 12:00:00 AM","S-2134","Invoice","Cash In Hand","Cash","Cash In Hand","","None","usama","150","150"
"2736","8/11/2024 12:00:00 AM","S-2135","Invoice","Cash In Hand","Cash","Cash In Hand","0","None","uasma","872","870"
"2737","8/11/2024 12:00:00 AM","S-2136","Invoice","Dr Naseer Ahmed","Credit","","0","None","usama","1890","0"
"2738","8/11/2024 12:00:00 AM","S-2137","Invoice","Dr Naseer Ahmed","Credit","Cash In Hand","0","None","usama","224","0"
"2739","8/11/2024 12:00:00 AM","S-2138","Invoice","Cash In Hand","Cash","Cash In Hand","0","0","Affan","130","130"
"2740","8/11/2024 12:00:00 AM","P-595","Purchase","Dr Shabbir (Odero Lal)","Credit","","0","None","usama","546",""
"2741","8/11/2024 12:00:00 AM","S-2139","Invoice","Cash In Hand","Cash","Cash In Hand","0","None","uasma","750","750"
"2742","8/11/2024 12:00:00 AM","S-2140","Invoice","Cash In Hand","Cash","Cash In Hand","0","None","uasma","150","150"
"2743","8/11/2024 12:00:00 AM","S-2141","Invoice","Counter","Cash","Cash In Hand","0","0","usama","1800","2000"
"2744","8/11/2024 12:00:00 AM","S-2142","Invoice","German Homeopathic Store (Dr Saqib Khan)","Credit","","0","0","usama","2010","0"
"2745","8/11/2024 12:00:00 AM","S-2143","Invoice","German Homeopathic Store (Dr Saqib Khan)","Credit","","0","0","usama","3042","0"
"2746","8/11/2024 12:00:00 AM","S-2144","Invoice","Baba Homoeo Store","Credit","","0","0","usama","910","0"
"2747","8/11/2024 12:00:00 AM","S-2145","Invoice","Hassaan H/S (TandoBago)","Credit","","0","0","usama","196","0"
"2748","8/11/2024 12:00:00 AM","S-2146","Invoice","Rafay Homeopathic Store","Credit","","0","0","usama","214","0"
"2749","8/11/2024 12:00:00 AM","S-2147","Invoice","Sohail Homoeo & Harbal Store","Credit","","0","0","usama","94","0"
"2750","8/11/2024 12:00:00 AM","S-2148","Invoice","Noman Homeopathic Store","Credit","","0","0","uasma","3870","0"
"2751","8/11/2024 12:00:00 AM","S-2149","Invoice","Pakistan H/S LPR","Credit","","0","0","raza","400","0"
"2752","8/11/2024 12:00:00 AM","S-2150","Invoice","Muslim Homoeopathic Store LPR ","Credit","","0","0","raza","1550","0"
"2753","8/11/2024 12:00:00 AM","S-2151","Invoice","Muslim Homoeopathic Store LPR ","Credit","","0","0","raza","162","0"
"2754","8/11/2024 12:00:00 AM","S-2152","Invoice","Cash In Hand","Cash","Cash In Hand","0","None","usama","1450","1450"
"2755","8/11/2024 12:00:00 AM","S-2153","Invoice","Cash In Hand","Cash","Cash In Hand","0","None","uasma","300","300"
"2756","8/11/2024 12:00:00 AM","P-596","Purchase","Rafay Homeopathic Store","Credit","","0","None","usama","165",""
"2757","8/11/2024 12:00:00 AM","P-597","Purchase","Sheroze H/S Muzzamil ","Credit","","0","None","uasma","114",""
"2758","8/11/2024 12:00:00 AM","P-598","Purchase","Hassaan H/S (TandoBago)","Credit","","0","None","uasma","196",""
"2759","8/11/2024 12:00:00 AM","S-2154","Invoice","Hassan Homeopathic Store","Credit","Cash In Hand","0","None","usama","308","0"
"2760","8/11/2024 12:00:00 AM","S-2155","Invoice","Cash In Hand","Cash","Cash In Hand","0","None","uasma","450","450"
"2761","8/12/2024 12:00:00 AM","S-2156","Invoice","Cash In Hand","Cash","Cash In Hand","","None","usama","664","660"
"2762","8/12/2024 12:00:00 AM","S-2157","Invoice","Cash In Hand","Cash","Cash In Hand","0","None","usama","1100","1100"
"2763","8/12/2024 12:00:00 AM","S-2158","Invoice","Cash In Hand","Cash","Cash In Hand","0","None","uasma","150","150"
"2764","8/12/2024 12:00:00 AM","S-2159","Invoice","Cash In Hand","Cash","Cash In Hand","0","0","Affan","120","120"
"2765","8/12/2024 12:00:00 AM","S-2160","Invoice","Cash In Hand","Cash","Cash In Hand","0","0","Affan","790","790"
"2766","8/12/2024 12:00:00 AM","S-2161","Invoice","Cash In Hand","Cash","Cash In Hand","0","None","usama","200","200"
"2767","8/12/2024 12:00:00 AM","S-2162","Invoice","Cash In Hand","Cash","Cash In Hand","0","None","usama","1000","1000"
"2768","8/12/2024 12:00:00 AM","S-2163","Invoice","Cash In Hand","Cash","Cash In Hand","1","None","uasma","350","350"
"2769","8/12/2024 12:00:00 AM","S-2164","Invoice","Cash In Hand","Cash","Cash In Hand","0","None","usama","1425","1430"
"2770","8/12/2024 12:00:00 AM","S-2165","Invoice","Aslam Belani (Tnado Bago)","Credit","","0","0","Afan","26405","0"
"2771","8/12/2024 12:00:00 AM","S-2166","Invoice","Chand Homoeopathic Store","Credit","","0","0","Affan","3172","0"
"2772","8/12/2024 12:00:00 AM","S-2167","Invoice","German Homeopathic Store (Dr Saqib Khan)","Credit","","0","0","Affan","3812","0"
"2773","8/12/2024 12:00:00 AM","S-2168","Invoice","Hassan Homeopathic Store","Credit","","0","0","Affan","117","0"
"2774","8/12/2024 12:00:00 AM","S-2169","Invoice","Sohail Homoeo & Harbal Store","Credit","","0","0","Affan","488","0"
"2775","8/12/2024 12:00:00 AM","S-2170","Invoice","Mughal H/S","Credit","","0","0","Affan","370","0"
"2776","8/12/2024 12:00:00 AM","S-2171","Invoice","Pakistan H/S LPR","Credit","","0","0","Affan","935","0"
"2777","8/12/2024 12:00:00 AM","S-2172","Invoice","Muslim Homoeopathic Store LPR ","Credit","","0","0","Affan","1869","0"
"2778","8/12/2024 12:00:00 AM","S-2173","Invoice","Noman Homeopathic Store","Credit","","0","0","Affan","3142","0"
"2779","8/12/2024 12:00:00 AM","S-2174","Invoice","Chand Homoeopathic Store","Credit","","0","0","Affan","1481","0"
"2780","8/12/2024 12:00:00 AM","P-599","Purchase","German Homeopathic Store (Dr Saqib Khan)","Credit","","0","None","uasma","2834",""
"2781","8/12/2024 12:00:00 AM","P-600","Purchase","German Homeopathic Store (Dr Saqib Khan)","Credit","","0","None","usama","1254",""
"2782","8/12/2024 12:00:00 AM","P-601","Purchase","Chand Homoeopathic Store","Credit","","0","None","usama","1481",""
"2783","8/12/2024 12:00:00 AM","S-2175","Invoice","Cash In Hand","Cash","Cash In Hand","0","0","Affan","1987","1987"
"2784","8/12/2024 12:00:00 AM","P-602","Purchase","Dr Asif Blossom","Credit","","","","usama","300",""
"2785","8/13/2024 12:00:00 AM","S-2176","Invoice","Cash In Hand","Cash","Cash In Hand","0","0","Affan","450","450"
"2786","8/13/2024 12:00:00 AM","S-2177","Invoice","Affan Bilal H/S (HYD)","Credit","","0","None","uasma","36680","0"
"2787","8/13/2024 12:00:00 AM","S-2178","Invoice","Affan Bilal H/S (HYD)","Credit","","0","None","usama","9000","0"
"2788","8/13/2024 12:00:00 AM","S-2179","Invoice","Affan Muslim H/S (HYD)","Credit","","0","None","uasma","10199","0"
"2789","8/13/2024 12:00:00 AM","S-2180","Invoice","Cash In Hand","Cash","Cash In Hand","0","None","usama","2200","2200"
"2790","8/13/2024 12:00:00 AM","S-2181","Invoice","Affan Noman H/S ","Credit","","0","None","usama","30437","0"
"2791","8/13/2024 12:00:00 AM","P-603","Purchase","Affan Noman H/S ","Credit","","0","None","uasma","23031",""
"2792","8/13/2024 12:00:00 AM","P-604","Purchase","Affan Noman H/S ","Credit","","0","None","uasma","7406",""
"2793","8/13/2024 12:00:00 AM","S-2182","Invoice","Affan Noman H/S ","Credit","","0","0","Affan","30437","0"
"2794","8/13/2024 12:00:00 AM","S-2183","Invoice","Affan Shalimar H/S","Credit","","0","None","usama","10331","0"
"2795","8/13/2024 12:00:00 AM","S-2184","Invoice","Affan Dua H/S","Credit","","0","None","usama","13398","0"
"2796","8/13/2024 12:00:00 AM","S-2185","Invoice","Affan Chand H/S","Credit","","0","None","usama","8380","0"
"2797","8/13/2024 12:00:00 AM","P-605","Purchase","MEKTUM Pvt Ltd","Credit","","0","0","Affan","236177",""
"2798","8/13/2024 12:00:00 AM","S-2186","Invoice","Dr Abdul Ghani (Mehar)","Credit","","0","0","Affan","10175","0"
"2799","8/13/2024 12:00:00 AM","P-606","Purchase","HFP Private Limited","Credit","","0","None","usama","136492",""
"2800","8/13/2024 12:00:00 AM","S-2187","Invoice","Affan Dua H/S","Credit","","0","0","Affan","14398","0"
"2801","8/13/2024 12:00:00 AM","S-2188","Invoice","Counter","Cash","Cash In Hand","0","0","raza","900","1000"
"2802","8/13/2024 12:00:00 AM","S-2189","Invoice","Chand Homoeopathic Store","Credit","","0","0","Affan","308","0"
"2803","8/13/2024 12:00:00 AM","S-2190","Invoice","Dua Homoeopathic Store ","Credit","","0","0","Affan","196","0"
"2804","8/13/2024 12:00:00 AM","S-2191","Invoice","Rafay Homeopathic Store","Credit","","0","0","Affan","254","0"
"2805","8/13/2024 12:00:00 AM","S-2192","Invoice","Cash In Hand","Credit","","0","0","Affan","300","0"
"2806","8/13/2024 12:00:00 AM","S-2193","Invoice","Cash In Hand","Cash","Cash In Hand","0","0","Affan","300","300"
"2807","8/13/2024 12:00:00 AM","S-2194","Invoice","German Homeopathic Store (Dr Saqib Khan)","Credit","","0","0","Affan","1114","0"
"2808","8/13/2024 12:00:00 AM","S-2195","Invoice","Sheroze H/S Muzzamil ","Credit","","0","0","Affan","1337","0"
"2809","8/13/2024 12:00:00 AM","S-2196","Invoice","Noman Homeopathic Store","Credit","","0","0","Affan","848","0"
"2810","8/13/2024 12:00:00 AM","S-2197","Invoice","Mughal H/S","Credit","","0","0","Affan","114","0"
"2811","8/13/2024 12:00:00 AM","S-2198","Invoice","Rafay Homeopathic Store","Credit","","0","None","usama","10000","0"
"2812","8/13/2024 12:00:00 AM","S-2199","Invoice","Muslim Homoeopathic Store LPR ","Credit","","0","0","Affan","656","0"
"2813","8/13/2024 12:00:00 AM","S-2200","Invoice","Cash In Hand","Cash","Cash In Hand","0","None","usama","1900","1900"
"2814","8/13/2024 12:00:00 AM","S-2201","Invoice","Cash In Hand","Credit","","0","None","usama","1100","0"
"2815","8/13/2024 12:00:00 AM","S-2202","Invoice","Cash In Hand","Cash","Cash In Hand","0","None","usama","280","280"
"2816","8/14/2024 12:00:00 AM","P-607","Purchase","Kent Homoeopathic Pharmacy","Credit","","0","0","Affan","155377",""
"2817","8/14/2024 12:00:00 AM","S-2203","Invoice","Cash In Hand","Cash","Cash In Hand","0","0","Affan","300","300"
"2818","8/14/2024 12:00:00 AM","S-2204","Invoice","Cash In Hand","Cash","Cash In Hand","0","0","Affan","200","200"
"2819","8/15/2024 12:00:00 AM","P-608","Purchase","AK","Credit","","0","None","uasma","50400",""
"2820","8/15/2024 12:00:00 AM","P-609","Purchase","AK","Credit","","0","None","usama","4592",""
"2821","8/15/2024 12:00:00 AM","P-610","Purchase","AK","Credit","","0","None","usama","130340",""
"2822","8/15/2024 12:00:00 AM","S-2205","Invoice","Cash In Hand AK","Cash","Cash In Hand","0","None","uasma","2200","2200"
"2823","8/15/2024 12:00:00 AM","S-2206","Invoice","Cash In Hand","Cash","Cash In Hand","0","None","uasma","1300","1300"
"2824","8/15/2024 12:00:00 AM","S-2207","Invoice","Cash In Hand","Cash","Cash In Hand","0","0","Affan","298","300"
"2825","8/15/2024 12:00:00 AM","S-2208","Invoice","Cash In Hand","Cash","Cash In Hand","0","0","Affan","1990","1990"
"2826","8/15/2024 12:00:00 AM","S-2209","Invoice","Cash In Hand","Cash","Cash In Hand","0","0","Affan","2500","2500"
"2827","8/15/2024 12:00:00 AM","P-611","Purchase","Cash In Hand","Cash","Cash In Hand","0","0","Affan","110",""
"2828","8/15/2024 12:00:00 AM","S-2210","Invoice","Sindh Homoeo Store (Noabad)","Credit","","0","None","uasma","5580","0"
"2829","8/15/2024 12:00:00 AM","S-2211","Invoice","Dr Tayyab (Tando Adam)","Credit","","0","None","usama","2580","0"
"2830","8/15/2024 12:00:00 AM","S-2212","Invoice","Cash In Hand","Cash","Cash In Hand","0","0","uasma","1250","1250"
"2831","8/15/2024 12:00:00 AM","S-2213","Invoice","Bilal Homoeopathic Store","Credit","","0","0","Affan","168","0"
"2832","8/15/2024 12:00:00 AM","S-2214","Invoice","Chand Homoeopathic Store","Credit","","0","0","Affan","209","0"
"2833","8/15/2024 12:00:00 AM","S-2215","Invoice","German Homeopathic Store (Dr Saqib Khan)","Credit","","0","0","Affan","999","0"
"2834","8/15/2024 12:00:00 AM","S-2216","Invoice","Sheroze H/S Muzzamil ","Credit","","0","0","Affan","1483","0"
"2835","8/15/2024 12:00:00 AM","S-2217","Invoice","Sohail Homoeo & Harbal Store","Credit","","0","0","Affan","104","0"
"2836","8/15/2024 12:00:00 AM","S-2218","Invoice","Noman Homeopathic Store","Credit","","0","0","Affan","4575","0"
"2837","8/15/2024 12:00:00 AM","S-2219","Invoice","Dr Akram Malik (Shahdadpure)","Credit","","0","None","usama","2970","0"
"2838","8/15/2024 12:00:00 AM","S-2220","Invoice","Cash In Hand","Cash","Cash In Hand","0","None","usama","1100","1100"
"2839","8/15/2024 12:00:00 AM","S-2221","Invoice","Cash In Hand","Cash","Cash In Hand","0","None","usama","300","300"
"2840","8/15/2024 12:00:00 AM","S-2222","Invoice","Cash In Hand","Cash","Cash In Hand","0","None","usama","588","588"
"2841","8/15/2024 12:00:00 AM","P-612","Purchase","German Homeopathic Store (Dr Saqib Khan)","Credit","","0","None","uasma","2035",""
"2842","8/15/2024 12:00:00 AM","S-2223","Invoice","Cash In Hand","Cash","Cash In Hand","0","None","usama","550","550"
"2843","8/15/2024 12:00:00 AM","P-613","Purchase","Noman Homeopathic Store","Credit","","0","None","usama","250",""
"2844","8/15/2024 12:00:00 AM","S-2224","Invoice","Cash In Hand","Cash","Cash In Hand","0","0","Affan","300","300"
"2845","8/16/2024 12:00:00 AM","S-2225","Invoice","Cash In Hand","Credit","","0","0","Affan","100","0"
"2846","8/16/2024 12:00:00 AM","S-2226","Invoice","Cash In Hand","Cash","Cash In Hand","0","0","Affan","100","100"
"2847","8/16/2024 12:00:00 AM","S-2227","Invoice","Cash In Hand","Cash","Cash In Hand","0","0","Affan","150","150"
"2848","8/17/2024 12:00:00 AM","P-614","Purchase","BM Pvt LTD","Credit","","0","0","Affan","125694",""
"2849","8/17/2024 12:00:00 AM","S-2228","Invoice","Pawan M/S JAMSABAD (KGM)","Credit","","0","None","uasma","4113","0"
"2850","8/17/2024 12:00:00 AM","S-2229","Invoice","Cash In Hand","Credit","","0","None","usama","130","0"
"2851","8/17/2024 12:00:00 AM","S-2230","Invoice","Dr Rafeeq Bulandi ","Credit","","0","None","uasma","836","0"
"2852","8/17/2024 12:00:00 AM","S-2231","Invoice","Cash In Hand","Cash","Cash In Hand","0","None","usama","600","600"
"2853","8/17/2024 12:00:00 AM","P-615","Purchase","BM Pvt LTD","Credit","","0","0","Affan","4740",""
"2854","8/17/2024 12:00:00 AM","S-2232","Invoice","Rafay Homeopathic Store","Credit","","0","0","BURHAN","117","0"
"2855","8/17/2024 12:00:00 AM","S-2233","Invoice","German Homeopathic Store (Dr Saqib Khan)","Credit","","0","0","BURHAN","400","0"
"2856","8/17/2024 12:00:00 AM","S-2234","Invoice","German Homeopathic Store (Dr Saqib Khan)","Credit","","0","0","BURHAN","3145","0"
"2857","8/17/2024 12:00:00 AM","S-2235","Invoice","Jameel H/S LPR","Credit","","0","0","BURHAN","304","0"
"2858","8/17/2024 12:00:00 AM","S-2236","Invoice","Mughal H/S","Credit","","0","0","BURHAN","228","0"
"2859","8/17/2024 12:00:00 AM","S-2237","Invoice","Muslim Homoeopathic Store LPR ","Credit","","0","0","BURHAN","1008","0"
"2860","8/17/2024 12:00:00 AM","P-616","Purchase","Muslim Homoeopathic Store LPR ","Credit","","0","0","Affan","1008",""
"2861","8/17/2024 12:00:00 AM","S-2238","Invoice","Tawaqal Homoeopathic Store","Credit","","0","0","BURHAN","1008","0"
"2862","8/17/2024 12:00:00 AM","S-2239","Invoice","Muslim Homoeopathic Store LPR ","Credit","","0","0","BURHAN","117","0"
"2863","8/17/2024 12:00:00 AM","P-617","Purchase","German Homeopathic Store (Dr Saqib Khan)","Credit","","0","0","Affan","398",""
"2864","8/17/2024 12:00:00 AM","S-2240","Invoice","Noman Homeopathic Store","Credit","","0","0","Affan","4271","0"
"2865","8/18/2024 12:00:00 AM","P-618","Purchase","Paul Brooks Homoeo Lab","Credit","","0","0","Affan","76757",""
"2866","8/18/2024 12:00:00 AM","S-2241","Invoice","Cash In Hand","Cash","Cash In Hand","0","00","Affan","250","250"
"2867","8/18/2024 12:00:00 AM","S-2242","Invoice","Cash In Hand","Cash","Cash In Hand","0","0","Affan","500","500"
"2868","8/18/2024 12:00:00 AM","S-2243","Invoice","Cash In Hand","Cash","Cash In Hand","0","0","Affan","1340","1340"
"2869","8/18/2024 12:00:00 AM","S-2244","Invoice","Cash In Hand","Cash","Cash In Hand","0","0","Affan","750","750"
"2870","8/18/2024 12:00:00 AM","S-2245","Invoice","Cash In Hand","Cash","Cash In Hand","0","0","Affan","150","150"
"2871","8/18/2024 12:00:00 AM","S-2246","Invoice","Cash In Hand","Cash","Cash In Hand","0","0","Affan","300","300"
"2872","8/18/2024 12:00:00 AM","S-2247","Invoice","Cash In Hand","Cash","Cash In Hand","0","0","Affan","500","500"
"2873","8/18/2024 12:00:00 AM","S-2248","Invoice","Cash In Hand","Cash","Cash In Hand","0","0","BURHAN","150","150"
"2874","8/18/2024 12:00:00 AM","S-2249","Invoice","Cash In Hand","Cash","Cash In Hand","0","0","Affan","100","100"
"2875","8/18/2024 12:00:00 AM","S-2250","Invoice","Cash In Hand","Cash","Cash In Hand","0","0","Affan","1020","1020"
"2876","8/18/2024 12:00:00 AM","S-2251","Invoice","Baba Homoeo Store","Credit","","0","None","usama","1326","0"
"2877","8/18/2024 12:00:00 AM","S-2252","Invoice","Star Homoeo Store","Credit","","0","None","usama","610","0"
"2878","8/18/2024 12:00:00 AM","S-2253","Invoice","Rafay Homeopathic Store","Credit","","0","None","uasma","690","0"
"2879","8/18/2024 12:00:00 AM","S-2254","Invoice","German Homeopathic Store (Dr Saqib Khan)","Credit","","0","None","uasma","695","0"
"2880","8/18/2024 12:00:00 AM","S-2255","Invoice","Sheroze H/S Muzzamil ","Credit","","10","None","uasma","124","0"
"2881","8/18/2024 12:00:00 AM","S-2256","Invoice","Sufi Homeopathic Store","Credit","","0","None","usama","792","0"
"2882","8/18/2024 12:00:00 AM","S-2257","Invoice","Sohail Homoeo & Harbal Store","Credit","","0","None","uasma","1735","0"
"2883","8/18/2024 12:00:00 AM","S-2258","Invoice","Pakistan H/S LPR","Credit","","0","None","usama","161","0"
"2884","8/18/2024 12:00:00 AM","S-2259","Invoice","Cash In Hand","Credit","","0","None","usama","3150","0"
"2885","8/18/2024 12:00:00 AM","S-2260","Invoice","Shalimar Homoeo Store LPR","Credit","","0","None","usama","720","0"
"2886","8/18/2024 12:00:00 AM","P-619","Purchase","Shalimar Homoeo Store LPR","Credit","","0","None","usama","840",""
"2887","8/18/2024 12:00:00 AM","S-2261","Invoice","Shalimar Homoeo Store LPR","Credit","","0","None","usama","720","0"
"2888","8/18/2024 12:00:00 AM","S-2262","Invoice","Muslim Homoeopathic Store LPR ","Credit","","0","None","uasma","1400","0"
"2889","8/18/2024 12:00:00 AM","S-2263","Invoice","Noman Homeopathic Store","Credit","","0","0","Afan","3977","0"
"2890","8/18/2024 12:00:00 AM","S-2264","Invoice","Cash In Hand","Cash","Cash In Hand","0","0","Affan","250","250"
"2891","8/19/2024 12:00:00 AM","S-2265","Invoice","Cash In Hand","Cash","Cash In Hand","","None","uasma","2200","2200"
"2892","8/19/2024 12:00:00 AM","S-2266","Invoice","Cash In Hand","Cash","Cash In Hand","0","0","Affan","300","300"
"2893","8/19/2024 12:00:00 AM","S-2267","Invoice","Cash In Hand","Cash","Cash In Hand","0","None","usama","1218","1218"
"2894","8/19/2024 12:00:00 AM","S-2268","Invoice","Cash In Hand","Cash","Cash In Hand","0","None","usama","250","250"
"2895","8/19/2024 12:00:00 AM","S-2269","Invoice","Al-Fareed H/S DR Hader Garwar","Credit","","0","0","Affan","12904","0"
"2896","8/19/2024 12:00:00 AM","S-2270","Invoice","Cash In Hand","Cash","Cash In Hand","0","0","Affan","300","300"
"2897","8/19/2024 12:00:00 AM","P-620","Purchase","Haji Sawan","Credit","","0","None","usama","400",""
"2898","8/19/2024 12:00:00 AM","S-2271","Invoice","Haji Sawan","Credit","","0","None","usama","960","0"
"2899","8/19/2024 12:00:00 AM","S-2272","Invoice","Cash In Hand","Cash","Cash In Hand","0","0","Affan","1100","1100"
"2900","8/19/2024 12:00:00 AM","S-2273","Invoice","Chand Homoeopathic Store","Credit","","0","0","uasma","720","0"
"2901","8/19/2024 12:00:00 AM","S-2274","Invoice","German Homeopathic Store (Dr Saqib Khan)","Credit","","0","0","uasma","2387","0"
"2902","8/19/2024 12:00:00 AM","S-2275","Invoice","Sheroze H/S Muzzamil ","Credit","","0","0","uasma","315","0"
"2903","8/19/2024 12:00:00 AM","S-2276","Invoice","Al-Khadija Homoeo Store (HYD)","Credit","","0","0","usama","200","0"
"2904","8/19/2024 12:00:00 AM","S-2277","Invoice","Sohail Homoeo & Harbal Store","Credit","","0","0","usama","330","0"
"2905","8/19/2024 12:00:00 AM","S-2278","Invoice","Mughal H/S","Credit","","0       ","0","usama","211","0"
"2906","8/19/2024 12:00:00 AM","S-2279","Invoice","Pakistan H/S LPR","Credit","","0","0","usama","357","0"
"2907","8/19/2024 12:00:00 AM","S-2280","Invoice","Shalimar Homoeo Store LPR","Credit","","0","0","usama","158","0"
"2908","8/19/2024 12:00:00 AM","S-2281","Invoice","Muslim Homoeopathic Store LPR ","Credit","","0","0","usama","4573","0"
"2909","8/19/2024 12:00:00 AM","S-2282","Invoice","Noman Homeopathic Store","Credit","","0","0","Affan","916","0"
"2910","8/19/2024 12:00:00 AM","S-2283","Invoice","Iqbal (MASOOD)","Credit","","0","None","usama","3900","0"
"2911","8/19/2024 12:00:00 AM","P-621","Purchase","German Homeopathic Store (Dr Saqib Khan)","Credit","","0","0","usama","2420",""
"2912","8/19/2024 12:00:00 AM","P-622","Purchase","German Homeopathic Store (Dr Saqib Khan)","Credit","","0","None","usama","520",""
"2913","8/20/2024 12:00:00 AM","S-2284","Invoice","Cash In Hand","Cash","Cash In Hand","0","0","Affan","1750","1750"
"2914","8/20/2024 12:00:00 AM","S-2285","Invoice","Cash In Hand","Cash","Cash In Hand","0","0","Affan","1440","1440"
"2915","8/20/2024 12:00:00 AM","S-2286","Invoice","Cash In Hand","Cash","Cash In Hand","0","0","BURHAN","800","800"
"2916","8/20/2024 12:00:00 AM","S-2287","Invoice","Cash In Hand","Cash","Cash In Hand","0","None","uasma","2970","2970"
"2917","8/20/2024 12:00:00 AM","S-2288","Invoice","Dr Parwar ","Credit","","0","None","usama","5936","0"
"2918","8/20/2024 12:00:00 AM","S-2289","Invoice","Cash In Hand","Cash","Cash In Hand","0","None","uasma","450","450"
"2919","8/20/2024 12:00:00 AM","S-2290","Invoice","Cash In Hand","Cash","Cash In Hand","0","None","usama","2950","2950"
"2920","8/20/2024 12:00:00 AM","S-2291","Invoice","Cash In Hand","Cash","Cash In Hand","0","None","usama","1550","1550"
"2921","8/20/2024 12:00:00 AM","S-2292","Invoice","Cash In Hand","Cash","Cash In Hand","0","None","usama","650","650"
"2922","8/20/2024 12:00:00 AM","S-2293","Invoice","Dr Abdul Shakoor Memon","Credit","","0","0","Affan","8435","0"
"2923","8/20/2024 12:00:00 AM","P-623","Purchase","Muslim Homoeopathic Store LPR ","Credit","","","None","usama","216",""
"2924","8/20/2024 12:00:00 AM","P-624","Purchase","Muslim Homoeopathic Store LPR ","Credit","","0","0","usama","530",""
"2925","8/20/2024 12:00:00 AM","P-625","Purchase","Chand Homoeopathic Store","Credit","","0","0","usama","720",""
"2926","8/20/2024 12:00:00 AM","P-626","Purchase","Star Homoeo Store","Credit","","0","0","usama","450",""
"2927","8/20/2024 12:00:00 AM","P-627","Purchase","Star Homoeo Store","Credit","","00","0","usama","150",""
"2928","8/20/2024 12:00:00 AM","P-628","Purchase","Sohail Homoeo & Harbal Store","Credit","","0","0","usama","60",""
"2929","8/20/2024 12:00:00 AM","P-629","Purchase","Sufi Homeopathic Store","Credit","","0","0","usama","65",""
"2930","8/20/2024 12:00:00 AM","S-2294","Invoice","Shalimar Homoeo Store LPR","Credit","","0","0","usama","165","0"
"2931","8/20/2024 12:00:00 AM","S-2295","Invoice","Shalimar Homoeo Store LPR","Credit","","0","0","Afan","60","0"
"2932","8/20/2024 12:00:00 AM","P-630","Purchase","Shalimar Homoeo Store LPR","Credit","","0","0","uasma","120",""
"2933","8/20/2024 12:00:00 AM","S-2296","Invoice","Cash In Hand","Cash","Cash In Hand","0","0","BURHAN","300","300"
"2934","8/20/2024 12:00:00 AM","P-631","Purchase","Paul Brooks Homoeo Lab","Credit","","0","0","usama","652",""
"2935","8/20/2024 12:00:00 AM","S-2297","Invoice","Star Homoeo Store","Credit","","0","0","Affan","94","0"
"2936","8/20/2024 12:00:00 AM","S-2298","Invoice","Rafay Homeopathic Store","Credit","","0","0","Affan","370","0"
"2937","8/20/2024 12:00:00 AM","S-2299","Invoice","German Homeopathic Store (Dr Saqib Khan)","Credit","","0","0","Affan","1400","0"
"2938","8/20/2024 12:00:00 AM","S-2300","Invoice","Sheroze H/S Muzzamil ","Credit","","0","0","Affan","228","0"
"2939","8/20/2024 12:00:00 AM","S-2301","Invoice","Sohail Homoeo & Harbal Store","Credit","","0","0","Affan","94","0"
"2940","8/20/2024 12:00:00 AM","S-2302","Invoice","Pakistan H/S LPR","Credit","","0","0","Affan","540","0"
"2941","8/20/2024 12:00:00 AM","S-2303","Invoice","Mughal H/S","Credit","","0","0","Affan","70","0"
"2942","8/20/2024 12:00:00 AM","S-2304","Invoice","Noman Homeopathic Store","Credit","","0","0","Affan","6040","0"
"2943","8/20/2024 12:00:00 AM","S-2305","Invoice","German Homeopathic Store (Dr Saqib Khan)","Credit","","0","0","Affan","1540","0"
"2944","8/20/2024 12:00:00 AM","P-632","Purchase","German Homeopathic Store (Dr Saqib Khan)","Credit","","0","0","Affan","1387",""
"2945","8/20/2024 12:00:00 AM","P-633","Purchase","German Homeopathic Store (Dr Saqib Khan)","Credit","","0","0","usama","150",""
"2946","8/20/2024 12:00:00 AM","S-2306","Invoice","Cash In Hand","Cash","Cash In Hand","0","0","Affan","200","200"
"2947","8/20/2024 12:00:00 AM","P-634","Purchase","Ak","Credit","","0","0","usama","105600",""
"2948","8/20/2024 12:00:00 AM","S-2307","Invoice","Ak","Credit","","0","0","usama","58520","0"
"2949","8/20/2024 12:00:00 AM","P-635","Purchase","Ak","Credit","","0","0","uasma","106400",""
"2950","8/21/2024 12:00:00 AM","S-2308","Invoice","Cash In Hand","Cash","Cash In Hand","0","None","usama","1000","1000"
"2951","8/21/2024 12:00:00 AM","S-2309","Invoice","DR SHAHI MAND KHANOT","Cash","Cash In Hand","0","0","Affan","5426","5426"
"2952","8/21/2024 12:00:00 AM","S-2310","Invoice","Cash In Hand","Cash","Cash In Hand","0","","uasma","1000","1000"
"2953","8/21/2024 12:00:00 AM","S-2311","Invoice","DR SHAHI MAND KHANOT","Cash","Cash In Hand","0","None","usama","595","595"
"2954","8/21/2024 12:00:00 AM","S-2312","Invoice","Cash In Hand","Cash","Cash In Hand","0","0","Affan","1200","1200"
"2955","8/21/2024 12:00:00 AM","S-2313","Invoice","Cash In Hand","Cash","Cash In Hand","0","None","usama","1600","1600"
"2956","8/21/2024 12:00:00 AM","S-2314","Invoice","Cash In Hand","Cash","Cash In Hand","0","None","usama","1000","1000"
"2957","8/21/2024 12:00:00 AM","S-2315","Invoice","Cash In Hand","Cash","Cash In Hand","0","0","Affan","150","150"
"2958","8/21/2024 12:00:00 AM","S-2316","Invoice","Cash In Hand","Cash","Cash In Hand","0","0","usama","400","400"
"2959","8/21/2024 12:00:00 AM","S-2317","Invoice","L/Dr Najma Bloch ","Credit",""," 0"," none","usama","3022","0"
"2960","8/21/2024 12:00:00 AM","S-2318","Invoice","Jameel H/S LPR","Credit","","0","0","Affan","440","0"
"2961","8/21/2024 12:00:00 AM","S-2319","Invoice","Muslim Homoeopathic Store LPR ","Credit","","0","0","Affan","1106","0"
"2962","8/21/2024 12:00:00 AM","S-2320","Invoice","Noman Homeopathic Store","Credit","","0","0","Affan","1886","0"
"2963","8/21/2024 12:00:00 AM","S-2321","Invoice","Mughal H/S","Credit","","0","0","Affan","363","0"
"2964","8/21/2024 12:00:00 AM","S-2322","Invoice","Cash In Hand","Cash","Cash In Hand","0","None","usama","1000","1000"
"2965","8/21/2024 12:00:00 AM","S-2323","Invoice","Rafay Homeopathic Store","Credit",""," 0"," none","usama","1339","0"
"2966","8/21/2024 12:00:00 AM","P-636","Purchase","Noman Homeopathic Store","Credit","","0"," none","uasma","624",""
"2967","8/21/2024 12:00:00 AM","S-2324","Invoice","Cash In Hand","Cash","Cash In Hand","0"," none","usama","700","700"
"2968","8/21/2024 12:00:00 AM","S-2325","Invoice","Cash In Hand","Cash","Cash In Hand","0","N0ne","usama","200","200"
"2969","8/22/2024 12:00:00 AM","S-2326","Invoice","Cash In Hand","Cash","Cash In Hand","0","0","Affan","450","450"
"2970","8/22/2024 12:00:00 AM","S-2327","Invoice","Cash In Hand","Cash","Cash In Hand","0"," none","usama","250","250"
"2971","8/22/2024 12:00:00 AM","S-2328","Invoice","H/Dr Azger Mughal ","Credit","","0","0","Affan","2670","0"
"2972","8/22/2024 12:00:00 AM","S-2329","Invoice","Cash In Hand","Cash","Cash In Hand","0","None","usama","1600","1600"
"2973","8/22/2024 12:00:00 AM","S-2330","Invoice","Cash In Hand","Cash","Cash In Hand","0"," none","usama","960","960"
"2974","8/22/2024 12:00:00 AM","S-2331","Invoice","Cash In Hand","Cash","Cash In Hand","","0","Affan","800","8000"
"2975","8/22/2024 12:00:00 AM","S-2332","Invoice","Cash In Hand","Cash","Cash In Hand","0","0","Affan","192","200"
"2976","8/22/2024 12:00:00 AM","S-2333","Invoice","Cash In Hand","Cash","Cash In Hand","0","0","Affan","200","200"
"2977","8/22/2024 12:00:00 AM","S-2334","Invoice","Cash In Hand","Cash","Cash In Hand","0","0","Affan","450","400"
"2978","8/22/2024 12:00:00 AM","S-2335","Invoice","Cash In Hand","Cash","Cash In Hand","0","0","Affan","90","90"
"2979","8/22/2024 12:00:00 AM","S-2336","Invoice","Cash In Hand","Cash","Cash In Hand","0","0","Affan","180","180"
"2980","8/22/2024 12:00:00 AM","S-2337","Invoice","Cash In Hand","Cash","Cash In Hand","0","0","Affan","400","400"
"2981","8/22/2024 12:00:00 AM","S-2338","Invoice","Cash In Hand","Credit","","0","0","Affan","330","0"
"2982","8/22/2024 12:00:00 AM","S-2339","Invoice","German Homeopathic Store (Dr Saqib Khan)","Credit","","0","0","Affan","715","0"
"2983","8/22/2024 12:00:00 AM","S-2340","Invoice","Chand Homoeopathic Store","Credit","","0","0","Affan","330","0"
"2984","8/22/2024 12:00:00 AM","S-2341","Invoice","Sheroze H/S Muzzamil ","Credit","","0","0","Affan","790","0"
"2985","8/22/2024 12:00:00 AM","S-2342","Invoice","Sufi Homeopathic Store","Credit","","0","0","Affan","368","0"
"2986","8/22/2024 12:00:00 AM","S-2343","Invoice","Cash In Hand","Cash","Cash In Hand","0","0","Affan","566","560"
"2987","8/22/2024 12:00:00 AM","S-2344","Invoice","Muslim Homoeopathic Store LPR ","Credit","","0","0","Affan","688","0"
"2988","8/22/2024 12:00:00 AM","S-2345","Invoice","Jameel H/S LPR","Credit","","0","0","Affan","114","0"
"2989","8/22/2024 12:00:00 AM","S-2346","Invoice","Jameel H/S LPR","Credit","","0","0","Affan","228","0"
"2990","8/22/2024 12:00:00 AM","S-2347","Invoice","Danish Medical Store (Badin)","Credit","","0","0","Affan","2370","0"
"2991","8/22/2024 12:00:00 AM","S-2348","Invoice","Noman Homeopathic Store","Credit","","0","0","Affan","5077","0"
"2992","8/22/2024 12:00:00 AM","S-2349","Invoice","Counter","Cash","Cash In Hand","0","0","Affan","540","1000"
"2993","8/22/2024 12:00:00 AM","S-2350","Invoice","Counter","Cash","Cash In Hand","0","0","Affan","500","500"
"2994","8/22/2024 12:00:00 AM","S-2351","Invoice","Cash In Hand","Cash","Cash In Hand","0"," none","usama","1100","1100"
"2995","8/22/2024 12:00:00 AM","P-637","Purchase","German Homeopathic Store (Dr Saqib Khan)","Credit","","0","0","Affan","140",""
"2996","8/22/2024 12:00:00 AM","P-638","Purchase","Muslim Homoeopathic Store LPR ","Credit","","0"," none","uasma","144",""
"2997","8/22/2024 12:00:00 AM","S-2352","Invoice","Cash In Hand","Cash","Cash In Hand","0","0","Affan","124","120"
"2998","8/24/2024 12:00:00 AM","S-2353","Invoice","Cash In Hand","Cash","Cash In Hand","0","0","Affan","250","250"
"2999","8/24/2024 12:00:00 AM","S-2354","Invoice","Cash In Hand","Cash","Cash In Hand","0","None","usama","650","650"
"3000","8/24/2024 12:00:00 AM","S-2355","Invoice","Cash In Hand","Cash","Cash In Hand","0"," none","usama","210","210"
"3001","8/24/2024 12:00:00 AM","S-2356","Invoice","Cash In Hand","Cash","Cash In Hand",""," none","uasma","300","300"
"3002","8/24/2024 12:00:00 AM","S-2357","Invoice","Cash In Hand","Cash","Cash In Hand","0","N one","usama","1120","1120"
"3003","8/24/2024 12:00:00 AM","S-2358","Invoice","Cash In Hand","Cash","Cash In Hand","0","0","Affan","1000","1000"
"3004","8/24/2024 12:00:00 AM","S-2359","Invoice","Cash In Hand","Cash","Cash In Hand","0","0","Affan","360","360"
"3005","8/24/2024 12:00:00 AM","S-2360","Invoice","Cash In Hand","Cash","Cash In Hand","0","0","Affan","250","250"
"3006","8/24/2024 12:00:00 AM","S-2361","Invoice","Cash In Hand","Cash","Cash In Hand","0","None","usama","420","400"
"3007","8/24/2024 12:00:00 AM","S-2362","Invoice","Cash In Hand","Cash","Cash In Hand","0"," none","usama","500","500"
"3008","8/24/2024 12:00:00 AM","S-2363","Invoice","Cash In Hand","Cash","Cash In Hand","0"," none","usama","270","270"
"3009","8/24/2024 12:00:00 AM","S-2364","Invoice","Cash In Hand","Cash","Cash In Hand","0"," none","usama","770","770"
"3010","8/24/2024 12:00:00 AM","S-2365","Invoice","Cash In Hand","Cash","Cash In Hand","0"," none","usama","370","370"
"3011","8/24/2024 12:00:00 AM","S-2366","Invoice","Cash In Hand","Cash","Cash In Hand","0"," none","usama","300","300"
"3012","8/24/2024 12:00:00 AM","S-2367","Invoice","Cash In Hand","Cash","Cash In Hand","0"," none","usama","140","140"
"3013","8/24/2024 12:00:00 AM","S-2368","Invoice","Dua Homoeopathic Store ","Credit","","0","0","Affan","168","0"
"3014","8/24/2024 12:00:00 AM","S-2369","Invoice","German Homeopathic Store (Dr Saqib Khan)","Credit","","0","0","Affan","348","0"
"3015","8/24/2024 12:00:00 AM","S-2370","Invoice","German Homeopathic Store (Dr Saqib Khan)","Credit","","0","0","Affan","625","0"
"3016","8/24/2024 12:00:00 AM","S-2371","Invoice","Jameel H/S LPR","Credit","","0","0","Affan","835","0"
"3017","8/24/2024 12:00:00 AM","S-2372","Invoice","Sheroze H/S Muzzamil ","Credit","","0","0","Affan","1792","0"
"3018","8/24/2024 12:00:00 AM","S-2373","Invoice","Sohail Homoeo & Harbal Store","Credit","","0","0","Affan","782","0"
"3019","8/24/2024 12:00:00 AM","S-2374","Invoice","Muslim Homoeopathic Store LPR ","Credit","","0","0","Affan","3702","0"
"3020","8/24/2024 12:00:00 AM","S-2375","Invoice","Tawaqal Homoeopathic Store","Credit","","0","0","Affan","663","0"
"3021","8/24/2024 12:00:00 AM","S-2376","Invoice","Noman Homeopathic Store","Credit","","0","0","Affan","2728","0"
"3022","8/24/2024 12:00:00 AM","S-2377","Invoice","Rafay Homeopathic Store","Credit","","0"," none","1000000000000","1481","0"
"3023","8/24/2024 12:00:00 AM","P-639","Purchase","Rafay Homeopathic Store","Credit","","0"," none","usama","175",""
"3024","8/24/2024 12:00:00 AM","S-2378","Invoice","Rafay Homeopathic Store","Credit","","0"," none","usama","40","0"
"3025","8/24/2024 12:00:00 AM","S-2379","Invoice","Mughal H/S","Credit","","0"," none","uasma","147","0"
"3026","8/24/2024 12:00:00 AM","S-2380","Invoice","Cash In Hand","Cash","Cash In Hand","0"," none","usama","300","300"
"3027","8/24/2024 12:00:00 AM","S-2381","Invoice","Cash In Hand","Cash","Cash In Hand","0"," none","usama","400","400"
"3028","8/24/2024 12:00:00 AM","P-640","Purchase","Muslim Homoeopathic Store LPR ","Credit","","0"," \","uasma","124",""
"3029","8/24/2024 12:00:00 AM","S-2382","Invoice","Cash In Hand","Cash","Cash In Hand","0"," \","usama","450","450"
"3030","8/24/2024 12:00:00 AM","S-2383","Invoice","Cash In Hand","Cash","Cash In Hand","0","N0ne","usama","1200","1200"
"3031","8/25/2024 12:00:00 AM","S-2384","Invoice","Cash In Hand","Cash","Cash In Hand",""," \","usama","1900","1900"
"3032","8/25/2024 12:00:00 AM","P-641","Purchase","Faran Pharmacy ","Credit","","0","0","Affan","11584",""
"3033","8/25/2024 12:00:00 AM","S-2385","Invoice","Cash In Hand","Cash","Cash In Hand","0","0","Affan","117","120"
"3034","8/25/2024 12:00:00 AM","S-2386","Invoice","Cash In Hand","Cash","Cash In Hand","0"," none","usama","1150","1150"
"3035","8/25/2024 12:00:00 AM","S-2387","Invoice","Ameer M/S (TMK)","Credit","","","No ne","usama","1990","0"
"3036","8/25/2024 12:00:00 AM","S-2388","Invoice","Cash In Hand","Cash","Cash In Hand","0","0","Affan","560","560"
"3037","8/25/2024 12:00:00 AM","S-2389","Invoice","GULSHAN M/S","Credit","","0","0","Affan","2820","0"
"3038","8/25/2024 12:00:00 AM","S-2390","Invoice","Cash In Hand","Cash","Cash In Hand","0","0","Affan","1000","1000"
"3039","8/25/2024 12:00:00 AM","S-2391","Invoice","Cash In Hand","Cash","Cash In Hand","0","0","Affan","1100","1100"
"3040","8/25/2024 12:00:00 AM","S-2392","Invoice","Cash In Hand","Cash","Cash In Hand","0","None","uasma","336","336"
"3041","8/25/2024 12:00:00 AM","S-2393","Invoice","Cash In Hand","Cash","Cash In Hand","0","None","Affan","300","300"
"3042","8/25/2024 12:00:00 AM","S-2394","Invoice","Dr Tayyab (Tando Adam)","Credit","","0","None","usama","6115","0"
"3043","8/25/2024 12:00:00 AM","S-2395","Invoice","Cash In Hand","Cash","Cash In Hand","0","0","Affan","1000","1000"
"3044","8/25/2024 12:00:00 AM","S-2396","Invoice","Dr Shabbir (Odero Lal)","Credit","","0","0","Affanv","8740","0"
"3045","8/25/2024 12:00:00 AM","S-2397","Invoice","Cash In Hand","Cash","Cash In Hand","0","None","usama","1900","1900"
"3046","8/25/2024 12:00:00 AM","S-2398","Invoice","Cash In Hand","Cash","Cash In Hand","0","None","Affan","400","400"
"3047","8/25/2024 12:00:00 AM","S-2399","Invoice","Cash In Hand","Cash","Cash In Hand","0","None","usama","1150","1150"
"3048","8/25/2024 12:00:00 AM","S-2400","Invoice","Cash In Hand","Cash","Cash In Hand","0.","0","Affan","300","300"
"3049","8/25/2024 12:00:00 AM","S-2401","Invoice","Star Homoeo Store","Credit","","0","0","Affan","500","0"
"3050","8/25/2024 12:00:00 AM","S-2402","Invoice","German Homeopathic Store (Dr Saqib Khan)","Credit","","0","0","Affan","1915","0"
"3051","8/25/2024 12:00:00 AM","S-2403","Invoice","Noman Homeopathic Store","Credit","","0","0","Affan","1493","0"
"3052","8/25/2024 12:00:00 AM","S-2404","Invoice","German Homeopathic Store (Dr Saqib Khan)","Credit","","0","0","Affan","700","0"
"3053","8/25/2024 12:00:00 AM","P-642","Purchase","Star Homoeo Store","Credit","","0","None","uasma","100",""
"3054","8/25/2024 12:00:00 AM","S-2405","Invoice","Cash In Hand","Cash","Cash In Hand","0","0","Affan","900","900"
"3055","8/25/2024 12:00:00 AM","P-643","Purchase","German Homeopathic Store (Dr Saqib Khan)","Credit","","0","0","Affan","1606",""
"3056","8/25/2024 12:00:00 AM","P-644","Purchase","Sufi Homeopathic Store","Credit","","0","0","Affan","370",""
"3057","8/25/2024 12:00:00 AM","S-2406","Invoice","Cash In Hand","Cash","Cash In Hand","0","0","Affan","950","950"
"3058","8/27/2024 12:00:00 AM","S-2407","Invoice","Cash In Hand","Cash","Cash In Hand","0","0","Affan","950","950"
"3059","8/27/2024 12:00:00 AM","S-2408","Invoice","Cash In Hand","Cash","Cash In Hand","0","0","Affan","1000","1000"
"3060","8/27/2024 12:00:00 AM","S-2409","Invoice","Cash In Hand","Cash","Cash In Hand","0","None","usama","1650","1650"
"3061","8/27/2024 12:00:00 AM","S-2410","Invoice","Cash In Hand","Cash","Cash In Hand","0","None","usama","5500","5500"
"3062","8/27/2024 12:00:00 AM","S-2411","Invoice","Cash In Hand","Cash","Cash In Hand","0","None","usama","2000","2000"
"3063","8/27/2024 12:00:00 AM","S-2412","Invoice","Cash In Hand","Cash","Cash In Hand","0","None","usama","1000","1000"
"3064","8/27/2024 12:00:00 AM","S-2413","Invoice","Cash In Hand","Cash","Cash In Hand","0","None","usama","4816","4820"
"3065","8/27/2024 12:00:00 AM","S-2414","Invoice","Cash In Hand","Cash","Cash In Hand","0","0","Affan","250","250"
"3066","8/27/2024 12:00:00 AM","S-2415","Invoice","Cash In Hand","Cash","Cash In Hand","0","0","Affan","1421","1420"
"3067","8/27/2024 12:00:00 AM","S-2416","Invoice","Cash In Hand","Cash","Cash In Hand","0","None","uasma","250","250"
"3068","8/27/2024 12:00:00 AM","S-2417","Invoice","Cash In Hand","Cash","Cash In Hand","0","None","uasma","810","810"
"3069","8/27/2024 12:00:00 AM","S-2418","Invoice","Cash In Hand","Cash","Cash In Hand","0","0","Affan","660","660"
"3070","8/27/2024 12:00:00 AM","S-2419","Invoice","Cash In Hand","Cash","Cash In Hand","0","0","Affan","110","110"
"3071","8/27/2024 12:00:00 AM","S-2420","Invoice","Bilal Homoeopathic Store","Credit","","0","0","Affan","117","0"
"3072","8/27/2024 12:00:00 AM","S-2421","Invoice","Baba Homoeo Store","Credit","","0","0","Affan","446","0"
"3073","8/27/2024 12:00:00 AM","S-2422","Invoice","Star Homoeo Store","Credit","","0","0","Afan","840","0"
"3074","8/27/2024 12:00:00 AM","S-2423","Invoice","German Homeopathic Store (Dr Saqib Khan)","Credit","","0","0","Affan","223","0"
"3075","8/27/2024 12:00:00 AM","S-2424","Invoice","Jameel H/S LPR","Credit","","0","0","Affan","187","0"
"3076","8/27/2024 12:00:00 AM","S-2425","Invoice","Sheroze H/S Muzzamil ","Credit","","0","0","Affan","910","0"
"3077","8/27/2024 12:00:00 AM","S-2426","Invoice","Mughal H/S","Credit","","0","0","Affan","228","0"
"3078","8/27/2024 12:00:00 AM","S-2427","Invoice","Muslim Homoeopathic Store LPR ","Credit","","0","0","Affan","380","0"
"3079","8/27/2024 12:00:00 AM","S-2428","Invoice","Noman Homeopathic Store","Credit","","0","0","Affan","945","0"
"3080","8/27/2024 12:00:00 AM","S-2429","Invoice","Cash In Hand Hassan","Credit","Cash In Hand","0","None","uasma","11000","0"
"3081","8/28/2024 12:00:00 AM","S-2430","Invoice","Cash In Hand","Cash","Cash In Hand","0","0","Affan","250","250"
"3082","8/28/2024 12:00:00 AM","S-2431","Invoice","Cash In Hand","Cash","Cash In Hand","0","0","Affan","150","150"
"3083","8/28/2024 12:00:00 AM","S-2432","Invoice","Cash In Hand","Cash","Cash In Hand","0","0","Affan","700","700"
"3084","8/29/2024 12:00:00 AM","S-2433","Invoice","Cash In Hand","Cash","Cash In Hand","0","0","Affan","160","160"
"3085","8/29/2024 12:00:00 AM","S-2434","Invoice","Cash In Hand","Cash","Cash In Hand","0","0","Affan","490","290"
"3086","8/29/2024 12:00:00 AM","S-2435","Invoice","Bilal Homoeopathic Store","Credit","","0","0","Affan","632","0"
"3087","8/29/2024 12:00:00 AM","P-645","Purchase","Baba Homoeo Store","Credit","","0","0","Affan","446",""
"3088","8/29/2024 12:00:00 AM","S-2436","Invoice","Star Homoeo Store","Credit","","0","0","Afan","240","0"
"3089","8/29/2024 12:00:00 AM","S-2437","Invoice","Rafay Homeopathic Store","Credit","","0","0","Affan","1613","0"
"3090","8/29/2024 12:00:00 AM","S-2438","Invoice","German Homeopathic Store (Dr Saqib Khan)","Credit","","0","0","Affan","450","0"
"3091","8/29/2024 12:00:00 AM","S-2439","Invoice","Jameel H/S LPR","Credit","","0","0","Affan","360","0"
"3092","8/29/2024 12:00:00 AM","S-2440","Invoice","Sheroze H/S Muzzamil ","Credit","","0","0","Affan","180","0"
"3093","8/29/2024 12:00:00 AM","S-2441","Invoice","Sohail Homoeo & Harbal Store","Credit","","0","0","Affan","396","0"
"3094","8/29/2024 12:00:00 AM","S-2442","Invoice","Pakistan H/S LPR","Credit","","0","0","Affan","520","0"
"3095","8/29/2024 12:00:00 AM","S-2443","Invoice","Muslim Homoeopathic Store LPR ","Credit","","0","0","Affan","114","0"
"3096","8/29/2024 12:00:00 AM","S-2444","Invoice","Noman Homeopathic Store","Credit","","0","0","Affan","3521","0"
"3097","8/29/2024 12:00:00 AM","P-646","Purchase","German Homeopathic Store (Dr Saqib Khan)","Credit","","0","0","Affan","100",""
"3098","8/29/2024 12:00:00 AM","P-647","Purchase","Rafay Homeopathic Store","Credit","","0","0","Affan","83",""
"3099","8/29/2024 12:00:00 AM","P-648","Purchase","Sheroze H/S Muzzamil ","Credit","","0","0","Affan","81",""
"3100","8/29/2024 12:00:00 AM","P-649","Purchase","Muslim Homoeopathic Store LPR ","Credit","","0","0","Affan","434",""
"3101","8/29/2024 12:00:00 AM","S-2445","Invoice","Cash In Hand","Cash","Cash In Hand","0","0","Affan","702","700"
"3102","8/29/2024 12:00:00 AM","S-2446","Invoice","Dr Abdul Shakoor Memon","Credit","","0","None","usama","1626","0"
"3103","8/30/2024 12:00:00 AM","S-2447","Invoice","Cash In Hand","Cash","Cash In Hand","0","None","uasma","250","250"
"3104","8/31/2024 12:00:00 AM","S-2448","Invoice","Dr Ameen","Credit","","0","None","uasma","5640","0"
"3105","8/31/2024 12:00:00 AM","S-2449","Invoice","Cash In Hand","Cash","Cash In Hand","0","None","uasma","1120","1120"
"3106","8/31/2024 12:00:00 AM","S-2450","Invoice","Cash In Hand","Cash","Cash In Hand","0","None","usama","300","300"
"3107","8/31/2024 12:00:00 AM","S-2451","Invoice","Cash In Hand","Cash","Cash In Hand","0","None","uasma","2250","2250"
"3108","8/31/2024 12:00:00 AM","S-2452","Invoice","Cash In Hand","Cash","Cash In Hand","0","None","usama","2000","2000"
"3109","8/31/2024 12:00:00 AM","S-2453","Invoice","Cash In Hand","Cash","Cash In Hand","0","0","Affan","160","160"
"3110","8/31/2024 12:00:00 AM","S-2454","Invoice","Cash In Hand","Cash","Cash In Hand","0","0","Affan","850","850"
"3111","8/31/2024 12:00:00 AM","S-2455","Invoice","Cash In Hand","Cash","Cash In Hand","0","0","Affan","350","350"
"3112","8/31/2024 12:00:00 AM","S-2456","Invoice","Cash In Hand","Cash","Cash In Hand","0","0","usama","200","200"
"3113","8/31/2024 12:00:00 AM","S-2457","Invoice","Sakhi Shahbaz H/Store (Moro)","Credit","","0","0","Affan","1400","0"
"3114","8/31/2024 12:00:00 AM","S-2458","Invoice","Shokat M/S (TMK)","Credit","","0","0","Affan","6000","0"
"3115","8/31/2024 12:00:00 AM","S-2459","Invoice","Counter","Cash","Cash In Hand","","0","Affan","400","400"
"3116","8/31/2024 12:00:00 AM","S-2460","Invoice","Cash In Hand","Cash","Cash In Hand","0","0","BURHAN","820","820"
"3117","8/31/2024 12:00:00 AM","S-2461","Invoice","Bilal Homoeopathic Store","Credit","","0","0","Affan","448","0"
"3118","8/31/2024 12:00:00 AM","S-2462","Invoice","Chand Homoeopathic Store","Credit","","0","0","Affan","200","0"
"3119","8/31/2024 12:00:00 AM","S-2463","Invoice","Dua Homoeopathic Store ","Credit","","0","0","Affan","256","0"
"3120","8/31/2024 12:00:00 AM","S-2464","Invoice","Dua Homoeopathic Store ","Credit","","0","0","Affan","244","0"
"3121","8/31/2024 12:00:00 AM","S-2465","Invoice","Rafay Homeopathic Store","Credit","","0","0","Affan","132","0"
"3122","8/31/2024 12:00:00 AM","S-2466","Invoice","Pakistan H/S LPR","Credit","","0","0","Affan","2009","0"
"3123","8/31/2024 12:00:00 AM","S-2467","Invoice","German Homeopathic Store (Dr Saqib Khan)","Credit","","0","0","Affan","2310","0"
"3124","8/31/2024 12:00:00 AM","S-2468","Invoice","Jameel H/S LPR","Credit","","0","0","Affan","2914","0"
"3125","8/31/2024 12:00:00 AM","S-2469","Invoice","Hassan Homeopathic Store","Credit","","0","0","Aff4","1275","0"
"3126","8/31/2024 12:00:00 AM","S-2470","Invoice","Sheroze H/S Muzzamil ","Credit","","0","0","Affan","124","0"
"3127","8/31/2024 12:00:00 AM","S-2471","Invoice","Sohail Homoeo & Harbal Store","Credit","","0","0","Affan","370","0"
"3128","8/31/2024 12:00:00 AM","S-2472","Invoice","Shalimar Homoeo Store LPR","Credit","","0","0","Afan","168","0"
"3129","8/31/2024 12:00:00 AM","S-2473","Invoice","Muslim Homoeopathic Store LPR ","Credit","","0","0","Affan","1317","0"
"3130","8/31/2024 12:00:00 AM","S-2474","Invoice","Tawaqal Homoeopathic Store","Credit","","0","0","Affan","112","0"
"3131","8/31/2024 12:00:00 AM","P-650","Purchase","Pakistan H/S LPR","Credit","","0","0","Affan","280",""
"3132","8/31/2024 12:00:00 AM","S-2475","Invoice","Noman Homeopathic Store","Credit","","0","0","Affan","2660","0"
"3133","8/31/2024 12:00:00 AM","P-651","Purchase","Sheroze H/S Muzzamil ","Credit","","0","0","Aff4","124",""
"3134","8/31/2024 12:00:00 AM","P-652","Purchase","Sohail Homoeo & Harbal Store","Credit","","0","0","Affan","190",""
"3135","8/31/2024 12:00:00 AM","P-653","Purchase","German Homeopathic Store (Dr Saqib Khan)","Credit","","0","0","Affan","2387",""
"3136","8/31/2024 12:00:00 AM","S-2476","Invoice","Cash In Hand","Cash","Cash In Hand","0","0","Aff4","200","200"
"3137","8/31/2024 12:00:00 AM","S-2477","Invoice","Cash In Hand","Cash","Cash In Hand","0","0","Affan","300","300"
"3138","8/31/2024 12:00:00 AM","P-654","Purchase","Dr Ameen","Credit","","0","None","uasma","5640",""
"3139","8/31/2024 12:00:00 AM","S-2478","Invoice","Cash In Hand","Cash","Cash In Hand","0","0","uasma","120","120"
"3140","9/1/2024 12:00:00 AM","S-2479","Invoice","DR Danish kirmani","Credit","","0","0","Affan","9410","0"
"3141","9/1/2024 12:00:00 AM","S-2480","Invoice","Cash In Hand","Cash","Cash In Hand","0","0","usama","580","580"
"3142","9/1/2024 12:00:00 AM","S-2481","Invoice","Cash In Hand","Cash","Cash In Hand","00","0","Affan","660","660"
"3143","9/1/2024 12:00:00 AM","S-2482","Invoice","DR Hassan (sanger)","Credit","","0","0","Affan","18162","0"
"3144","9/1/2024 12:00:00 AM","S-2483","Invoice","Cash In Hand","Cash","Cash In Hand","0","0","Afan","3600","3600"
"3145","9/1/2024 12:00:00 AM","S-2484","Invoice","DR SUHAIB RASHEED (Dar ul shifa H/S)","Credit","","0","0","Affan","24289","0"
"3146","9/1/2024 12:00:00 AM","S-2485","Invoice","Cash In Hand","Cash","Cash In Hand","0","0","Affan","1000","1000"
"3147","9/1/2024 12:00:00 AM","S-2486","Invoice","Cash In Hand","Cash","Cash In Hand","0","0","Affan","425","430"
"3148","9/1/2024 12:00:00 AM","S-2487","Invoice","Cash In Hand","Cash","Cash In Hand","0","0","Affan","1100","1100"
"3149","9/1/2024 12:00:00 AM","S-2488","Invoice","Cash In Hand","Cash","Cash In Hand","0","0","Affan","2093","2100"
"3150","9/1/2024 12:00:00 AM","S-2489","Invoice","H/Dr.Irfan (T.A)","Cash","Cash In Hand","0","0","Affan","546","550"
"3151","9/1/2024 12:00:00 AM","S-2490","Invoice","Cash In Hand","Cash","Cash In Hand","0","0","Affan","301","300"
"3152","9/1/2024 12:00:00 AM","S-2491","Invoice","Ali Khan M/S (TALHAR)","Credit","","0","0","Affan","3080","0"
"3153","9/1/2024 12:00:00 AM","S-2492","Invoice","Sufi Homeopathic Store","Cash","Cash In Hand","0","0","Affan","443","440"
"3154","9/1/2024 12:00:00 AM","S-2493","Invoice","Chand Homoeopathic Store","Credit","","0","0","Affan","234","0"
"3155","9/1/2024 12:00:00 AM","S-2494","Invoice","Dua Homoeopathic Store ","Credit","","0","0","Affan","435","0"
"3156","9/1/2024 12:00:00 AM","S-2495","Invoice","Rafay Homeopathic Store","Credit","","0","0","Affan","2419","0"
"3157","9/1/2024 12:00:00 AM","S-2496","Invoice","German Homeopathic Store (Dr Saqib Khan)","Credit","","0","0","Affan","2362","0"
"3158","9/1/2024 12:00:00 AM","S-2497","Invoice","German Homeopathic Store (Dr Saqib Khan)","Credit","","0","0","Affan","210","0"
"3159","9/1/2024 12:00:00 AM","S-2498","Invoice","Akram Pansar ","Credit","","0","0","Affan","4068","0"
"3160","9/1/2024 12:00:00 AM","S-2499","Invoice","Jameel H/S LPR","Credit","","0","0","Affan","262","0"
"3161","9/1/2024 12:00:00 AM","S-2500","Invoice","Cash In Hand","Cash","Cash In Hand","0",".0","Affan","980","980"
"3162","9/1/2024 12:00:00 AM","S-2501","Invoice","Mughal H/S","Credit","","0","0","Affan","213","0"
"3163","9/1/2024 12:00:00 AM","S-2502","Invoice","Cash In Hand","Cash","Cash In Hand","0","0","Affan","700","700"
"3164","9/1/2024 12:00:00 AM","S-2503","Invoice","Muslim Homoeopathic Store LPR ","Credit","","0","0","Affan","4861","0"
"3165","9/1/2024 12:00:00 AM","S-2504","Invoice","Tawaqal Homoeopathic Store","Credit","","0","0","Affan","241","0"
"3166","9/1/2024 12:00:00 AM","S-2505","Invoice","Cash In Hand","Cash","Cash In Hand","0","0","Affan","900","900"
"3167","9/1/2024 12:00:00 AM","S-2506","Invoice","Noman Homeopathic Store","Credit","","0","0","Affan","3177","0"
"3168","9/1/2024 12:00:00 AM","P-655","Purchase","Dua Homoeopathic Store ","Credit","","0","0","Affan","135",""
"3169","9/1/2024 12:00:00 AM","P-656","Purchase","German Homeopathic Store (Dr Saqib Khan)","Credit","","0","0","Affan","495",""
"3170","9/1/2024 12:00:00 AM","P-657","Purchase","Hassan Homeopathic Store","Credit","","0","0","Affan","85",""
"3171","9/1/2024 12:00:00 AM","P-658","Purchase","Rafay Homeopathic Store","Credit","","0","0","Affan","170",""
"3172","9/1/2024 12:00:00 AM","S-2507","Invoice","Dr Akram Malik (Shahdadpure)","Credit","","0","None","uasma","5322","0"
"3173","9/1/2024 12:00:00 AM","S-2508","Invoice","Cash In Hand","Cash","Cash In Hand","0","0","Affan","600","600"
"3174","9/1/2024 12:00:00 AM","S-2509","Invoice","Cash In Hand","Cash","Cash In Hand","0","0","Affan","90","100"
"3175","9/2/2024 12:00:00 AM","S-2510","Invoice","Cash In Hand","Cash","Cash In Hand","0","0","Affan","420","420"
"3176","9/2/2024 12:00:00 AM","S-2511","Invoice","L/Dr Najma Bloch ","Credit","","0","0","Affan","2760","0"
"3177","9/2/2024 12:00:00 AM","S-2512","Invoice","Haji Sawan","Credit","","0","0","Affan","1034","0"
"3178","9/2/2024 12:00:00 AM","S-2513","Invoice","Cash In Hand","Cash","Cash In Hand","0","0","Affan","1090","1090"
"3179","9/2/2024 12:00:00 AM","S-2514","Invoice","Cash In Hand","Cash","Cash In Hand","0","0","Affan","120","120"
"3180","9/2/2024 12:00:00 AM","P-659","Purchase","BLOSSOM ","Credit","","0","0","Affan","62430",""
"3181","9/2/2024 12:00:00 AM","S-2515","Invoice","Hassan Homeopathic Store","Cash","Cash In Hand","0","0","Affa4","938","940"
"3182","9/2/2024 12:00:00 AM","S-2516","Invoice","Bilal Homoeopathic Store","Credit","","0","0","Affan","1304","0"
"3183","9/2/2024 12:00:00 AM","S-2517","Invoice","Dua Homoeopathic Store ","Credit","","0","0","Affan","396","0"
"3184","9/2/2024 12:00:00 AM","S-2518","Invoice","Rafay Homeopathic Store","Credit","","0","0","Affan","1570","0"
"3185","9/2/2024 12:00:00 AM","S-2519","Invoice","German Homeopathic Store (Dr Saqib Khan)","Credit","","0","0","Affan","3561","0"
"3186","9/2/2024 12:00:00 AM","S-2520","Invoice","Sohail Homoeo & Harbal Store","Credit","","0","0","Affan","240","0"
"3187","9/2/2024 12:00:00 AM","S-2521","Invoice","Mughal H/S","Credit","","","0","Affa4","228","0"
"3188","9/2/2024 12:00:00 AM","S-2522","Invoice","Muslim Homoeopathic Store LPR ","Credit","","0","0","Affan","2063","0"
"3189","9/2/2024 12:00:00 AM","S-2523","Invoice","Tawaqal Homoeopathic Store","Credit","","0","0","Affan","119","0"
"3190","9/2/2024 12:00:00 AM","S-2524","Invoice","Noman Homeopathic Store","Credit","","0","0","Affan","2505","0"
"3191","9/2/2024 12:00:00 AM","S-2525","Invoice","Tahir Kent SPO","Credit","","0","0","Affan","232","0"
"3192","9/2/2024 12:00:00 AM","P-660","Purchase","German Homeopathic Store (Dr Saqib Khan)","Credit","","0","0","Affan","850",""
"3193","9/2/2024 12:00:00 AM","P-661","Purchase","Muslim Homoeopathic Store LPR ","Credit","","0","0","Affan","624",""
"3194","9/2/2024 12:00:00 AM","S-2526","Invoice","Dr Tayyab (Tando Adam)","Cash","Cash In Hand","0","0","usama","3440","3400"
"3195","9/2/2024 12:00:00 AM","S-2527","Invoice","Cash In Hand","Cash","Cash In Hand","0","0","Affan","6100","6100"
"3196","9/2/2024 12:00:00 AM","S-2528","Invoice","Cash In Hand","Cash","Cash In Hand","0","None","usama","6440","6440"
"3197","9/3/2024 12:00:00 AM","S-2529","Invoice","Cash In Hand","Cash","Cash In Hand","0","0","Affan","454","450"
"3198","9/3/2024 12:00:00 AM","S-2530","Invoice","Cash In Hand","Cash","Cash In Hand","0","0","Affan","56","60"
"3199","9/3/2024 12:00:00 AM","S-2531","Invoice","Cash In Hand","Cash","Cash In Hand","0","0","Affan","200","200"
"3200","9/3/2024 12:00:00 AM","S-2532","Invoice","Cash In Hand","Cash","Cash In Hand","0","0","Affan","202","300"
"3201","9/3/2024 12:00:00 AM","S-2533","Invoice","Cash In Hand","Cash","Cash In Hand","0","0","usama","500","500"
"3202","9/3/2024 12:00:00 AM","S-2534","Invoice","Cash In Hand","Cash","Cash In Hand","0","0","Affan","300","300"
"3203","9/3/2024 12:00:00 AM","S-2535","Invoice","Cash In Hand","Cash","Cash In Hand","0","0","Affan","1300","1300"
"3204","9/3/2024 12:00:00 AM","S-2536","Invoice","Cash In Hand","Cash","Cash In Hand","0","0","Affan","1000","1000"
"3205","9/3/2024 12:00:00 AM","S-2537","Invoice","Cash In Hand","Cash","Cash In Hand","0","0","Affan","942","940"
"3206","9/3/2024 12:00:00 AM","S-2538","Invoice","Bilal Homoeopathic Store","Credit","",".0","0","Affan","1008","0"
"3207","9/3/2024 12:00:00 AM","S-2539","Invoice","Dua Homoeopathic Store ","Credit","","0","0","Affan","1000","0"
"3208","9/3/2024 12:00:00 AM","S-2540","Invoice","Star Homoeo Store","Credit","","0","0","Affan","180","0"
"3209","9/3/2024 12:00:00 AM","S-2541","Invoice","Rafay Homeopathic Store","Credit","","0","0","Affan","566","0"
"3210","9/3/2024 12:00:00 AM","S-2542","Invoice","German Homeopathic Store (Dr Saqib Khan)","Credit","","0","0","Affan","209","0"
"3211","9/3/2024 12:00:00 AM","S-2543","Invoice","German Homeopathic Store (Dr Saqib Khan)","Credit","","0","0","Affan","221","0"
"3212","9/3/2024 12:00:00 AM","S-2544","Invoice","Jameel H/S LPR","Credit","","0","0","Affan","1298","0"
"3213","9/3/2024 12:00:00 AM","S-2545","Invoice","Hassan Homeopathic Store","Credit","","0","0","Affan","800","0"
"3214","9/3/2024 12:00:00 AM","S-2546","Invoice","Sheroze H/S Muzzamil ","Credit","","0","0","Affan","228","0"
"3215","9/3/2024 12:00:00 AM","S-2547","Invoice","Al-Khadija Homoeo Store (HYD)","Credit","","0","0","Affan","750","0"
"3216","9/3/2024 12:00:00 AM","S-2548","Invoice","German Homeopathic Store (Dr Saqib Khan)","Credit","",".0","0","Affan","114","0"
"3217","9/3/2024 12:00:00 AM","S-2549","Invoice","Cash In Hand","Credit","","0","0","Affan","200","0"
"3218","9/3/2024 12:00:00 AM","S-2550","Invoice","Sohail Homoeo & Harbal Store","Credit","","0","0.","Affan","180","0"
"3219","9/3/2024 12:00:00 AM","S-2551","Invoice","Mughal H/S","Credit","",".0","0","Affan","719","0"
"3220","9/3/2024 12:00:00 AM","S-2552","Invoice","Shalimar Homoeo Store LPR","Credit","","0","0","Affan","630","0"
"3221","9/3/2024 12:00:00 AM","S-2553","Invoice","Pakistan H/S LPR","Credit","","0","0","Affan","189","0"
"3222","9/3/2024 12:00:00 AM","S-2554","Invoice","Muslim Homoeopathic Store LPR ","Credit","","0","0","Affan","1915","0"
"3223","9/3/2024 12:00:00 AM","S-2555","Invoice","Muslim Homoeopathic Store LPR ","Credit","","0","0","Affan","143","0"
"3224","9/3/2024 12:00:00 AM","S-2556","Invoice","Noman Homeopathic Store","Credit","","0","0","Afan","516","0"
"3225","9/3/2024 12:00:00 AM","S-2557","Invoice","Cash In Hand","Cash","Cash In Hand","0","0","BURHAN","150","150"
"3226","9/3/2024 12:00:00 AM","P-662","Purchase","German Homeopathic Store (Dr Saqib Khan)","Credit","","0","0","Affa4","892",""
"3227","9/3/2024 12:00:00 AM","S-2558","Invoice","Cash In Hand","Cash","Cash In Hand","0","0","Affan","450","450"
"3228","9/4/2024 12:00:00 AM","S-2559","Invoice","Cash In Hand","Cash","Cash In Hand","0","00","Affan","180","180"
"3229","9/4/2024 12:00:00 AM","S-2560","Invoice","Cash In Hand","Cash","Cash In Hand","0","0","Affan","472","470"
"3230","9/4/2024 12:00:00 AM","S-2561","Invoice","Cash In Hand","Cash","Cash In Hand","0","0","Affan","637","640"
"3231","9/4/2024 12:00:00 AM","P-663","Purchase","Hassan Homeopathic Store","Cash","Cash In Hand","0","0","Affan","800",""
"3232","9/4/2024 12:00:00 AM","P-664","Purchase","Muslim Homoeopathic Store LPR ","Credit","","0","0","Affa4","384",""
"3233","9/4/2024 12:00:00 AM","P-665","Purchase","Hassan Homeopathic Store","Credit","","0","0","Affan","800",""
"3234","9/4/2024 12:00:00 AM","S-2562","Invoice","Cash In Hand","Cash","Cash In Hand","0","0","Affan","637","640"
"3235","9/4/2024 12:00:00 AM","S-2563","Invoice","Cash In Hand","Cash","Cash In Hand","0","0","uasma","1000","1000"
"3236","9/4/2024 12:00:00 AM","S-2564","Invoice","Cash In Hand","Cash","Cash In Hand","0","0","Affan","711","710"
"3237","9/4/2024 12:00:00 AM","S-2565","Invoice","Cash In Hand","Cash","Cash In Hand","0","0","Affan","670","670"
"3238","9/4/2024 12:00:00 AM","S-2566","Invoice","Cash In Hand","Cash","Cash In Hand","0","0","Affan","1000","1000"
"3239","9/4/2024 12:00:00 AM","P-666","Purchase","Almanan","Credit","","0","0","usama","32500",""
"3240","9/4/2024 12:00:00 AM","S-2567","Invoice","Cash In Hand","Cash","Cash In Hand","0","0","Affan","400","400"
"3241","9/4/2024 12:00:00 AM","S-2568","Invoice","Bilal Homoeopathic Store","Credit","","0","0","Affan","1015","0"
"3242","9/4/2024 12:00:00 AM","S-2569","Invoice","Chand Homoeopathic Store","Credit","","0","0","Affan","720","0"
"3243","9/4/2024 12:00:00 AM","S-2570","Invoice","Rafay Homeopathic Store","Credit","","0","0","Affan","2061","0"
"3244","9/4/2024 12:00:00 AM","S-2571","Invoice","German Homeopathic Store (Dr Saqib Khan)","Credit","","0","0","Affan","700","0"
"3245","9/4/2024 12:00:00 AM","S-2572","Invoice","Sohail Homoeo & Harbal Store","Credit","","0","0","Affan","342","0"
"3246","9/4/2024 12:00:00 AM","S-2573","Invoice","Mughal H/S","Credit","","0","0","Affan","1988","0"
"3247","9/4/2024 12:00:00 AM","S-2574","Invoice","Pakistan H/S LPR","Credit","","0","0","Affan","314","0"
"3248","9/4/2024 12:00:00 AM","S-2575","Invoice","Muslim Homoeopathic Store LPR ","Credit","","0","0","Affan","457","0"
"3249","9/4/2024 12:00:00 AM","S-2576","Invoice","Noman Homeopathic Store","Credit","","0","0","Affan","466","0"
"3250","9/4/2024 12:00:00 AM","S-2577","Invoice","Noman Homeopathic Store","Credit","","0","0","Affan","214","0"
"3251","9/4/2024 12:00:00 AM","S-2578","Invoice","German Homeopathic Store (Dr Saqib Khan)","Credit","","0","0","Affan","264","0"
"3252","9/4/2024 12:00:00 AM","S-2579","Invoice","Sheroze H/S Muzzamil ","Credit","","0","0","Affan","209","0"
"3253","9/4/2024 12:00:00 AM","S-2580","Invoice","Shahbaz Homoeo Store (Mirpur)","Credit","","0","0","Affan","6000","0"
"3254","9/4/2024 12:00:00 AM","S-2581","Invoice","Cash In Hand","Cash","Cash In Hand","0","0","Affan","400","400"
"3255","9/4/2024 12:00:00 AM","S-2582","Invoice","Cash In Hand","Cash","Cash In Hand","0","0","Affan","280","280"
"3256","9/4/2024 12:00:00 AM","S-2583","Invoice","Cash In Hand","Cash","Cash In Hand","0","0","Affan","440","440"
"3257","9/4/2024 12:00:00 AM","S-2584","Invoice","Cash In Hand","Cash","Cash In Hand","0","0","Afan","180","180"
"3258","9/5/2024 12:00:00 AM","S-2585","Invoice","Cash In Hand","Cash","Cash In Hand","0","0","Affan","700","700"
"3259","9/5/2024 12:00:00 AM","P-667","Purchase","Chand Homoeopathic Store","Credit","","0","0","Affan","65",""
"3260","9/5/2024 12:00:00 AM","P-668","Purchase","German Homeopathic Store (Dr Saqib Khan)","Credit","","0","0","Affan","174",""
"3261","9/5/2024 12:00:00 AM","P-669","Purchase","Sohail Homoeo & Harbal Store","Credit","","0","0","Affan","23",""
"3262","9/5/2024 12:00:00 AM","S-2586","Invoice","Cash In Hand","Cash","Cash In Hand","0","0","Affan","150","150"
"3263","9/5/2024 12:00:00 AM","S-2587","Invoice","Cash In Hand","Cash","Cash In Hand","0","0","Afan","250","250"
"3264","9/5/2024 12:00:00 AM","S-2588","Invoice","Cash In Hand","Cash","Cash In Hand","0","0","uasma","1000","1000"
"3265","9/5/2024 12:00:00 AM","S-2589","Invoice","Cash In Hand","Cash","Cash In Hand","0","0","Affan","500","500"
"3266","9/5/2024 12:00:00 AM","S-2590","Invoice","Dr Aslam HYDERABAD","Credit","","0","None","usama","5000","0"
"3267","9/5/2024 12:00:00 AM","S-2591","Invoice","Cash In Hand","Cash","Cash In Hand","0","0","usama","150","150"
"3268","9/5/2024 12:00:00 AM","P-670","Purchase","Paul Brooks Homoeo Lab","Credit","","0","0","usama","8068",""
"3269","9/5/2024 12:00:00 AM","S-2592","Invoice","Cash In Hand","Cash","Cash In Hand","0","None","uasma","1500","1500"
"3270","9/5/2024 12:00:00 AM","S-2593","Invoice","Cash In Hand","Cash","Cash In Hand","0","0","usama","3532","3530"
"3271","9/5/2024 12:00:00 AM","S-2594","Invoice","Cash In Hand","Cash","Cash In Hand","0","0","usama","1196","1190"
"3272","9/5/2024 12:00:00 AM","S-2595","Invoice","Bilal Homoeopathic Store","Credit","","0","0","Affan","511","0"
"3273","9/5/2024 12:00:00 AM","S-2596","Invoice","Star Homoeo Store","Credit","","0","0","Affan","776","0"
"3274","9/5/2024 12:00:00 AM","S-2597","Invoice","German Homeopathic Store (Dr Saqib Khan)","Credit","","0","0","Affan","626","0"
"3275","9/5/2024 12:00:00 AM","S-2598","Invoice","Jameel H/S LPR","Credit","","0","0","Affan","110","0"
"3276","9/5/2024 12:00:00 AM","S-2599","Invoice","Sheroze H/S Muzzamil ","Credit","","0","0","Affan","598","0"
"3277","9/5/2024 12:00:00 AM","S-2600","Invoice","Sohail Homoeo & Harbal Store","Credit","","0","0","Affan","1800","0"
"3278","9/5/2024 12:00:00 AM","S-2601","Invoice","Shalimar Homoeo Store LPR","Credit","","0","0","Affan","168","0"
"3279","9/5/2024 12:00:00 AM","S-2602","Invoice","Pakistan H/S LPR","Credit","","0","0","Affan","117","0"
"3280","9/5/2024 12:00:00 AM","S-2603","Invoice","Muslim Homoeopathic Store LPR ","Credit","","0","0","Affan","1065","0"
"3281","9/5/2024 12:00:00 AM","S-2604","Invoice","Noman Homeopathic Store","Credit","","0","0","Afffan","2757","0"
"3282","9/5/2024 12:00:00 AM","S-2605","Invoice","Cash In Hand","Cash","Cash In Hand","0","0","Affan","1120","1120"
"3283","9/5/2024 12:00:00 AM","S-2606","Invoice","Rafay Homeopathic Store","Credit","","0","0","Afan","370","0"
"3284","9/5/2024 12:00:00 AM","S-2607","Invoice","Rafay Homeopathic Store","Credit","","0","00","Affan","933","0"
"3285","9/5/2024 12:00:00 AM","P-671","Purchase","German Homeopathic Store (Dr Saqib Khan)","Credit","","0","0","Affan","1290",""
"3286","9/5/2024 12:00:00 AM","P-672","Purchase","Sheroze H/S Muzzamil ","Credit","","0","0","Affan","135",""
"3287","9/5/2024 12:00:00 AM","S-2608","Invoice","Dr Abdul Shakoor Memon","Credit","","0","0","Affan","2953","0"
"3288","9/5/2024 12:00:00 AM","S-2609","Invoice","Rafay Homeopathic Store","Credit","","0","0","Affan","161","0"
"3289","9/5/2024 12:00:00 AM","S-2610","Invoice","Sohail Homoeo & Harbal Store","Credit","","0","0","Affan","2436","0"
"3290","9/5/2024 12:00:00 AM","S-2611","Invoice","Cash In Hand","Cash","Cash In Hand","0","0","Affan","2000","2000"
"3291","9/5/2024 12:00:00 AM","S-2612","Invoice","Cash In Hand","Credit","","","0","usama","7406","0"
"3292","9/5/2024 12:00:00 AM","P-673","Purchase","Baba Homoeo Store","Credit","","0","0 ","Afan","2970",""
"3293","9/5/2024 12:00:00 AM","S-2613","Invoice","Baba Homoeo Store","Credit","","0","0","Afan","7406","0"
"3294","9/6/2024 12:00:00 AM","S-2614","Invoice","Cash In Hand","Cash","Cash In Hand","0","None","usama","854","850"
"3295","9/6/2024 12:00:00 AM","S-2615","Invoice","Cash In Hand","Cash","Cash In Hand","0","0","uasma","1000","1000"
"3296","9/6/2024 12:00:00 AM","S-2616","Invoice","Cash In Hand","Cash","Cash In Hand","0","0","uasma","1000","1000"
"3297","9/6/2024 12:00:00 AM","S-2617","Invoice","Cash In Hand","Cash","Cash In Hand","0","0","usama","850","850"
"3298","9/7/2024 12:00:00 AM","S-2618","Invoice","Cash In Hand","Cash","Cash In Hand","0","0","usama","770","770"
"3299","9/7/2024 12:00:00 AM","S-2619","Invoice","Cash In Hand","Cash","Cash In Hand","0","0","Affan","150","150"
"3300","9/7/2024 12:00:00 AM","S-2620","Invoice","Cash In Hand","Cash","Cash In Hand","0","0","Affan","2150","2150"
"3301","9/7/2024 12:00:00 AM","S-2621","Invoice","Cash In Hand","Cash","Cash In Hand","0","0","Affan","1370","1370"
"3302","9/7/2024 12:00:00 AM","S-2622","Invoice","Cash In Hand","Cash","Cash In Hand","0","0","Affan","1000","1000"
"3303","9/7/2024 12:00:00 AM","P-674","Purchase","Shwabe","Credit","","0","0","Affan","600",""
"3304","9/7/2024 12:00:00 AM","P-675","Purchase","Shwabe","Credit","","0","0","uasma","52735",""
"3305","9/7/2024 12:00:00 AM","P-676","Purchase","Shwabe","Credit","","0","0","Affan","620",""
"3306","9/7/2024 12:00:00 AM","P-677","Purchase","Shwabe","Credit","","0","0","Affan","3350",""
"3307","9/7/2024 12:00:00 AM","P-678","Purchase","Shwabe","Credit","","0","0","Affan","9385",""
"3308","9/7/2024 12:00:00 AM","P-679","Purchase","Shwabe","Credit","","0","0","Affan","995",""
"3309","9/7/2024 12:00:00 AM","P-680","Purchase","Shwabe","Credit","","0","0","Affan","32505",""
"3310","9/7/2024 12:00:00 AM","P-681","Purchase","Shwabe","Credit","","0","0","Affan","1990",""
"3311","9/7/2024 12:00:00 AM","P-682","Purchase","Shwabe","Credit","","0","0","Affan","2245",""
"3312","9/7/2024 12:00:00 AM","S-2623","Invoice","Cash In Hand","Cash","Cash In Hand","0","0","Affan","250","250"
"3313","9/7/2024 12:00:00 AM","S-2624","Invoice","Al-Haseeb Clanic (Hala)","Credit","","0","0","Affan","5769","0"
"3314","9/7/2024 12:00:00 AM","P-683","Purchase","RECK","Credit","","0","0","usama","16938",""
"3315","9/7/2024 12:00:00 AM","S-2625","Invoice","Cash In Hand","Cash","Cash In Hand","0","0","uasma","1150","1150"
"3316","9/7/2024 12:00:00 AM","P-684","Purchase","Lehning","Credit","","0","0","uasma","28433",""
"3317","9/7/2024 12:00:00 AM","S-2626","Invoice","Cash In Hand","Cash","Cash In Hand","0","0","uasma","600","600"
"3318","9/7/2024 12:00:00 AM","S-2627","Invoice","Cash In Hand","Cash","Cash In Hand","0","0","Affan","900","900"
"3319","9/7/2024 12:00:00 AM","S-2628","Invoice","Cash In Hand","Cash","Cash In Hand","0","0","usama","1150","1150"
"3320","9/7/2024 12:00:00 AM","P-685","Purchase","Lehning","Credit","","0","0","uasma","14573",""
"3321","9/7/2024 12:00:00 AM","S-2629","Invoice","Bilal Homoeopathic Store","Credit","","0","0","Affan","216","0"
"3322","9/7/2024 12:00:00 AM","S-2630","Invoice","DR Danish kirmani","Credit","","0","0","raza","1173","0"
"3323","9/7/2024 12:00:00 AM","S-2631","Invoice","Dua Homoeopathic Store ","Credit","","0","0","Affan","306","0"
"3324","9/7/2024 12:00:00 AM","S-2632","Invoice","Star Homoeo Store","Credit","","0","0","Affan","209","0"
"3325","9/7/2024 12:00:00 AM","S-2633","Invoice","German Homeopathic Store (Dr Saqib Khan)","Credit","","0","0","Affan","176","0"
"3326","9/7/2024 12:00:00 AM","S-2634","Invoice","Jameel H/S LPR","Credit","","0","0","Affan","476","0"
"3327","9/7/2024 12:00:00 AM","S-2635","Invoice","Sheroze H/S Muzzamil ","Credit","","0","0","Affan","2028","0"
"3328","9/7/2024 12:00:00 AM","S-2636","Invoice","Cash In Hand","Cash","Cash In Hand","0","0","Affan","500","500"
"3329","9/7/2024 12:00:00 AM","S-2637","Invoice","Sohail Homoeo & Harbal Store","Credit","","0","0","Affan","464","0"
"3330","9/7/2024 12:00:00 AM","S-2638","Invoice","Cash In Hand","Cash","Cash In Hand","0","0","Affan","1150","1150"
"3331","9/7/2024 12:00:00 AM","S-2639","Invoice","Mughal H/S","Credit","","0","0","Affan","154","0"
"3332","9/7/2024 12:00:00 AM","S-2640","Invoice","Shalimar Homoeo Store LPR","Credit","","0","0","Affan","976","0"
"3333","9/7/2024 12:00:00 AM","S-2641","Invoice","Pakistan H/S LPR","Credit","","0","0","Affan","94","0"
"3334","9/7/2024 12:00:00 AM","S-2642","Invoice","Muslim Homoeopathic Store LPR ","Credit","","0","00","Affan","599","0"
"3335","9/7/2024 12:00:00 AM","S-2643","Invoice","Tawaqal Homoeopathic Store","Credit","","0","0","Affan","187","0"
"3336","9/7/2024 12:00:00 AM","S-2644","Invoice","Noman Homeopathic Store","Credit","","0","0","Affan","7588","0"
"3337","9/7/2024 12:00:00 AM","P-686","Purchase","Muslim Homoeopathic Store LPR ","Credit","","0","0","Affan","326",""
"3338","9/7/2024 12:00:00 AM","P-687","Purchase","German Homeopathic Store (Dr Saqib Khan)","Credit","","0","0","Affan","154",""
"3339","9/7/2024 12:00:00 AM","S-2645","Invoice","Tawaqal Homoeopathic Store","Credit","","0","0","Affan","446","0"
"3340","9/7/2024 12:00:00 AM","S-2646","Invoice","DR KASHIF GERMAN","Credit","","0","0","Affan","500","0"
"3341","9/8/2024 12:00:00 AM","S-2647","Invoice","Cash In Hand","Cash","Cash In Hand","0","0","Affan","150","150"
"3342","9/8/2024 12:00:00 AM","P-688","Purchase","BLOSSOM ","Credit","","0","0","Affan","19800",""
"3343","9/8/2024 12:00:00 AM","S-2648","Invoice","Cash In Hand","Cash","Cash In Hand","0","0","Affan","240","240"
"3344","9/8/2024 12:00:00 AM","P-689","Purchase","Star Homoeo Store","Credit","","0","0","Affan","40",""
"3345","9/8/2024 12:00:00 AM","P-690","Purchase","RECK","Credit","","0","0","Affan","8610",""
"3346","9/8/2024 12:00:00 AM","S-2649","Invoice","Cash In Hand","Cash","Cash In Hand","0","0","Affan","200","200"
"3347","9/8/2024 12:00:00 AM","P-691","Purchase","Cash In Hand","Cash","Cash In Hand","0","0","usama","2930",""
"3348","9/8/2024 12:00:00 AM","S-2650","Invoice","Cash In Hand","Cash","Cash In Hand","0","0","Affan","2930","2930"
"3349","9/8/2024 12:00:00 AM","S-2651","Invoice","Cash In Hand","Cash","Cash In Hand","0","0","usama","1350","1350"
"3350","9/8/2024 12:00:00 AM","S-2652","Invoice","Cash In Hand","Cash","Cash In Hand","0","0","Affan","500","500"
"3351","9/8/2024 12:00:00 AM","S-2653","Invoice","Dua Homoeopathic Store ","Credit","","0","0","Affan","1110","0"
"3352","9/8/2024 12:00:00 AM","S-2654","Invoice","Rafay Homeopathic Store","Credit","","0","0","Affan","115","0"
"3353","9/8/2024 12:00:00 AM","S-2655","Invoice","German Homeopathic Store (Dr Saqib Khan)","Credit","","0","0","Affan","627","0"
"3354","9/8/2024 12:00:00 AM","S-2656","Invoice","Jameel H/S LPR","Credit","",".0.","0","Affan","446","0"
"3355","9/8/2024 12:00:00 AM","S-2657","Invoice","Sheroze H/S Muzzamil ","Credit","","0","0.0","Affan","932","0"
"3356","9/8/2024 12:00:00 AM","S-2658","Invoice","Sohail Homoeo & Harbal Store","Credit","","0","0","Affan","712","0"
"3357","9/8/2024 12:00:00 AM","S-2659","Invoice","Mughal H/S","Credit","","0","0","Affan","228","0"
"3358","9/8/2024 12:00:00 AM","S-2660","Invoice","Shalimar Homoeo Store LPR","Credit","","0","0","Affan","2272","0"
"3359","9/8/2024 12:00:00 AM","S-2661","Invoice","Pakistan H/S LPR","Credit","","0","0","Affan","275","0"
"3360","9/8/2024 12:00:00 AM","S-2662","Invoice","Muslim Homoeopathic Store LPR ","Credit","","0","0","Affan","355","0"
"3361","9/8/2024 12:00:00 AM","S-2663","Invoice","Noman Homeopathic Store","Credit","","0","00","Affan","5190","0"
"3362","9/8/2024 12:00:00 AM","S-2664","Invoice","Khilji Dawakhana (Shahdadpur)","Credit","","0","0","Affan","12891","0"
"3363","9/8/2024 12:00:00 AM","S-2665","Invoice","Cash In Hand","Cash","Cash In Hand","0","0","Affan","2700","2700"
"3364","9/8/2024 12:00:00 AM","P-692","Purchase","Dua Homoeopathic Store ","Credit","","0","0","Affan","100",""
"3365","9/8/2024 12:00:00 AM","S-2666","Invoice","Cash In Hand","Cash","Cash In Hand","0","0","usama","1872","1870"
"3366","9/9/2024 12:00:00 AM","P-693","Purchase","BM Pvt LTD","Credit","","0","0","Affan","23360",""
"3367","9/9/2024 12:00:00 AM","S-2667","Invoice","Cash In Hand","Cash","Cash In Hand","0","0","usama","2000","2000"
"3368","9/9/2024 12:00:00 AM","S-2668","Invoice","Cash In Hand","Cash","Cash In Hand","0","0","Affan","300","300"
"3369","9/9/2024 12:00:00 AM","S-2669","Invoice","Cash In Hand","Cash","Cash In Hand","0","0","usama","1150","1150"
"3370","9/9/2024 12:00:00 AM","S-2670","Invoice","Cash In Hand","Cash","Cash In Hand","0","0","Afan","179","180"
"3371","9/9/2024 12:00:00 AM","S-2671","Invoice","Cash In Hand","Cash","Cash In Hand","0","0","Affan","1000","100"
"3372","9/9/2024 12:00:00 AM","S-2672","Invoice","Cash In Hand","Cash","Cash In Hand","0","0","Affan","1150","1150"
"3373","9/9/2024 12:00:00 AM","S-2673","Invoice","Cash In Hand","Cash","Cash In Hand","0","0","Affan","1000","1000"
"3374","9/9/2024 12:00:00 AM","S-2674","Invoice","Chand Homoeopathic Store","Credit","","0","0","Affan","128","0"
"3375","9/9/2024 12:00:00 AM","S-2675","Invoice","Dua Homoeopathic Store ","Credit","","0","0","Affan","119","0"
"3376","9/9/2024 12:00:00 AM","S-2676","Invoice","German Homeopathic Store (Dr Saqib Khan)","Credit","","0","0","Affan","294","0"
"3377","9/9/2024 12:00:00 AM","S-2677","Invoice","Jameel H/S LPR","Credit","","0","0","Affan","840","0"
"3378","9/9/2024 12:00:00 AM","S-2678","Invoice","Sindh Homeopathic Store","Credit","","0","0","Affan","224","0"
"3379","9/9/2024 12:00:00 AM","S-2679","Invoice","Sohail Homoeo & Harbal Store","Credit","","0","0","Affan","276","0"
"3380","9/9/2024 12:00:00 AM","S-2680","Invoice","Muslim Homoeopathic Store LPR ","Credit","","0","0","Affan","119","0"
"3381","9/9/2024 12:00:00 AM","S-2681","Invoice","Tawaqal Homoeopathic Store","Credit","","0","0","Affan","376","0"
"3382","9/9/2024 12:00:00 AM","S-2682","Invoice","Noman Homeopathic Store","Credit","","0","0","Affan","2914","0"
"3383","9/9/2024 12:00:00 AM","S-2683","Invoice","Cash In Hand","Cash","Cash In Hand","0","0","Affan","970","970"
"3384","9/9/2024 12:00:00 AM","P-694","Purchase","German Homeopathic Store (Dr Saqib Khan)","Credit","","0","0","Affan","915",""
"3385","9/9/2024 12:00:00 AM","P-695","Purchase","Sheroze H/S Muzzamil ","Credit","","0","0","Affan","80",""
"3386","9/10/2024 12:00:00 AM","S-2684","Invoice","Cash In Hand","Cash","Cash In Hand","0","0","usama","2100","2100"
"3387","9/10/2024 12:00:00 AM","S-2685","Invoice","Cash In Hand","Cash","Cash In Hand","0","0","usama","700","700"
"3388","9/10/2024 12:00:00 AM","S-2686","Invoice","Cash In Hand","Cash","Cash In Hand","0","0","uasma","870","870"
"3389","9/10/2024 12:00:00 AM","S-2687","Invoice","Cash In Hand","Cash","Cash In Hand","0","0","usama","900","900"
"3390","9/10/2024 12:00:00 AM","S-2688","Invoice","H/Dr.Irfan (T.A)","Cash","Cash In Hand","0","0","uasma","1129","1130"
"3391","9/10/2024 12:00:00 AM","S-2689","Invoice","Cash In Hand","Cash","Cash In Hand","0","0","Affan","1300","1300"
"3392","9/10/2024 12:00:00 AM","S-2690","Invoice","Cash In Hand","Cash","Cash In Hand","0","0","Affan","200","200"
"3393","9/10/2024 12:00:00 AM","S-2691","Invoice","Cash In Hand","Cash","Cash In Hand","0","0","Affan","850","850"
"3394","9/10/2024 12:00:00 AM","S-2692","Invoice","Bilal Homoeopathic Store","Credit","","0","0","Affan","238","0"
"3395","9/10/2024 12:00:00 AM","S-2693","Invoice","Chand Homoeopathic Store","Credit","","0","0","Affan","120","0"
"3396","9/10/2024 12:00:00 AM","S-2694","Invoice","Rafay Homeopathic Store","Credit","","0","0","Affan","311","0"
"3397","9/10/2024 12:00:00 AM","S-2695","Invoice","German Homeopathic Store (Dr Saqib Khan)","Credit","","0","0","Affan","9250","0"
"3398","9/10/2024 12:00:00 AM","S-2696","Invoice","Sheroze H/S Muzzamil ","Credit","","0","0","Affan","753","0"
"3399","9/10/2024 12:00:00 AM","S-2697","Invoice","Sohail Homoeo & Harbal Store","Credit","","0","0","Affan","161","0"
"3400","9/10/2024 12:00:00 AM","S-2698","Invoice","Shalimar Homoeo Store LPR","Credit","","0","0","Affan","914","0"
"3401","9/10/2024 12:00:00 AM","S-2699","Invoice","Pakistan H/S LPR","Credit","","0","0","Affan","247","0"
"3402","9/10/2024 12:00:00 AM","S-2700","Invoice","Muslim Homoeopathic Store LPR ","Credit","","0","0","Affan","1184","0"
"3403","9/10/2024 12:00:00 AM","S-2701","Invoice","Noman Homeopathic Store","Credit","","0","0","Affan","498","0"
"3404","9/10/2024 12:00:00 AM","S-2702","Invoice","Dr Tayyab (Tando Adam)","Credit","","0","0","Affa4","2876","0"
"3405","9/10/2024 12:00:00 AM","P-696","Purchase","Rafay Homeopathic Store","Credit","","0","0","Affan","180",""
"3406","9/10/2024 12:00:00 AM","S-2703","Invoice","Sufi Homeopathic Store","Cash","Cash In Hand","0","0","Affan","1248","1250"
"3407","9/10/2024 12:00:00 AM","P-697","Purchase","German Homeopathic Store (Dr Saqib Khan)","Credit","","0","0","Affan","1644",""
"3408","9/10/2024 12:00:00 AM","P-698","Purchase","German Homeopathic Store (Dr Saqib Khan)","Credit","","0","0","Affan","168",""
"3409","9/10/2024 12:00:00 AM","S-2704","Invoice","Sohail Homoeo & Harbal Store","Cash","Cash In Hand","0","0","Affan","588","590"
"3410","9/11/2024 12:00:00 AM","S-2705","Invoice","Cash In Hand","Cash","Cash In Hand","0","0","Affan","1320","1320"
"3411","9/11/2024 12:00:00 AM","S-2706","Invoice","Cash In Hand","Cash","Cash In Hand","0","0","Affan","950","950"
"3412","9/11/2024 12:00:00 AM","S-2707","Invoice","Cash In Hand","Cash","Cash In Hand","0","0","Affan","1397","1400"
"3413","9/11/2024 12:00:00 AM","S-2708","Invoice","Cash In Hand","Cash","Cash In Hand","0","0","Affan","450","450"
"3414","9/11/2024 12:00:00 AM","S-2709","Invoice","Cash In Hand","Cash","Cash In Hand","0","0","Affan","200","200"
"3415","9/11/2024 12:00:00 AM","S-2710","Invoice","Rafay Homeopathic Store","Credit","","0","0","Affan","288","0"
"3416","9/11/2024 12:00:00 AM","S-2711","Invoice","Bilal Homoeopathic Store","Credit","","0","0","Affan","752","0"
"3417","9/11/2024 12:00:00 AM","S-2712","Invoice","Chand Homoeopathic Store","Credit","","0","0","Affan","117","0"
"3418","9/11/2024 12:00:00 AM","S-2713","Invoice","Dua Homoeopathic Store ","Credit","","0","0","Affan","1363","0"
"3419","9/11/2024 12:00:00 AM","S-2714","Invoice","Sheroze H/S Muzzamil ","Credit","","0","0","Affan","840","0"
"3420","9/11/2024 12:00:00 AM","S-2715","Invoice","Noman Homeopathic Store","Credit","","0","0","Affan","5269","0"
"3421","9/11/2024 12:00:00 AM","P-699","Purchase","Bilal Homoeopathic Store","Credit","","0","0","Affan","430",""
"3422","9/11/2024 12:00:00 AM","P-700","Purchase","Rafay Homeopathic Store","Credit","","0","0","Affan","36",""
"3423","9/11/2024 12:00:00 AM","P-701","Purchase","Shwabe","Credit","","0","0","Affan","2700",""
"3424","9/11/2024 12:00:00 AM","S-2716","Invoice","Cash In Hand","Cash","Cash In Hand","0","0","Affan","1860","1860"
"3425","9/11/2024 12:00:00 AM","P-702","Purchase","German Homeopathic Store (Dr Saqib Khan)","Credit","","0","0","Affan","800",""
"3426","9/12/2024 12:00:00 AM","S-2717","Invoice","Dr Rafeeq Bulandi ","Credit","","0","0","Afan","1400","0"
"3427","9/12/2024 12:00:00 AM","S-2718","Invoice","Cash In Hand","Cash","Cash In Hand","","0","Affan","700","700"
"3428","9/12/2024 12:00:00 AM","S-2719","Invoice","Cash In Hand","Cash","Cash In Hand","0","0","Afan","1535","1530"
"3429","9/12/2024 12:00:00 AM","S-2720","Invoice","German Homeopathic Store (Dr Saqib Khan)","Credit","","0","0","Affan","6456","0"
"3430","9/12/2024 12:00:00 AM","S-2721","Invoice","Dr Abdul Shakoor Memon","Credit","","0","0","Affan","2094","0"
"3431","9/12/2024 12:00:00 AM","S-2722","Invoice","Bilal Homoeopathic Store","Credit","","0","0","Affan","448","0"
"3432","9/12/2024 12:00:00 AM","S-2723","Invoice","Dua Homoeopathic Store ","Credit","","0","0","Affan","360","0"
"3433","9/12/2024 12:00:00 AM","S-2724","Invoice","Dua Homoeopathic Store ","Credit","","0","0","Affan","436","0"
"3434","9/12/2024 12:00:00 AM","S-2725","Invoice","Rafay Homeopathic Store","Credit","","0","0","Affan","400","0"
"3435","9/12/2024 12:00:00 AM","S-2726","Invoice","Jameel H/S LPR","Credit","","0","0","Affan","224","0"
"3436","9/12/2024 12:00:00 AM","S-2727","Invoice","Sohail Homoeo & Harbal Store","Credit","","0","0","Affan","1662","0"
"3437","9/12/2024 12:00:00 AM","S-2728","Invoice","Muslim Homoeopathic Store LPR ","Credit","","0","0","Affan","595","0"
"3438","9/12/2024 12:00:00 AM","S-2729","Invoice","Tawaqal Homoeopathic Store","Credit","","0","0","Affan","276","0"
"3439","9/12/2024 12:00:00 AM","S-2730","Invoice","Noman Homeopathic Store","Credit","","0","0","Affan","4790","0"
"3440","9/12/2024 12:00:00 AM","S-2731","Invoice","Dr Abdul Shakoor Memon","Credit","","0","0","Affan","554","0"
"3441","9/12/2024 12:00:00 AM","S-2732","Invoice","Cash In Hand","Cash","Cash In Hand","","0","usama","1400","1400"
"3442","9/12/2024 12:00:00 AM","S-2733","Invoice","Cash In Hand","Cash","Cash In Hand","0","0","Affan","1367","1370"
"3443","9/12/2024 12:00:00 AM","P-703","Purchase","Muslim Homoeopathic Store LPR ","Credit","","0","0","Afan","441",""
"3444","9/12/2024 12:00:00 AM","S-2734","Invoice","Cash In Hand","Cash","Cash In Hand","0","0","Affan","12096","12096"
"3445","9/14/2024 12:00:00 AM","S-2735","Invoice","Cash In Hand","Cash","Cash In Hand","0","0 ","usama","6900","6900"
"3446","9/14/2024 12:00:00 AM","S-2736","Invoice","Cash In Hand","Cash","Cash In Hand","0","00","Affan","1800","1800"
"3447","9/14/2024 12:00:00 AM","S-2737","Invoice","Dr Parwar ","Credit","","0","0","uasma","13200","0"
"3448","9/14/2024 12:00:00 AM","S-2738","Invoice","Cash In Hand","Cash","Cash In Hand","0","0","usama","874","880"
"3449","9/14/2024 12:00:00 AM","S-2739","Invoice","Haji Sawan","Credit","","0","0","Affan","4754","0"
"3450","9/14/2024 12:00:00 AM","S-2740","Invoice","Cash In Hand","Cash","Cash In Hand","0","0","usama","2340","2340"
"3451","9/14/2024 12:00:00 AM","S-2741","Invoice","Bilal Homoeopathic Store","Credit","","0","0","Affan","122","0"
"3452","9/14/2024 12:00:00 AM","S-2742","Invoice","Rafay Homeopathic Store","Credit","","0","0","Affan","1893","0"
"3453","9/14/2024 12:00:00 AM","S-2743","Invoice","German Homeopathic Store (Dr Saqib Khan)","Credit","","0","0","Affan","1749","0"
"3454","9/14/2024 12:00:00 AM","S-2744","Invoice","Jameel H/S LPR","Credit","","0","00","Affan","579","0"
"3455","9/14/2024 12:00:00 AM","S-2745","Invoice","Pakistan H/S LPR","Credit","","","0","Affan","115","0"
"3456","9/14/2024 12:00:00 AM","S-2746","Invoice","Muslim Homoeopathic Store LPR ","Credit","","0","0","Afan","199","0"
"3457","9/14/2024 12:00:00 AM","S-2747","Invoice","Tawaqal Homoeopathic Store","Credit","","0","00","Affan","182","0"
"3458","9/14/2024 12:00:00 AM","S-2748","Invoice","Noman Homeopathic Store","Credit","","0","0","Affan","3532","0"
"3459","9/14/2024 12:00:00 AM","S-2749","Invoice","Sohail Homoeo & Harbal Store","Credit","","0","0","Affan","358","0"
"3460","9/14/2024 12:00:00 AM","P-704","Purchase","Muslim Homoeopathic Store LPR ","Credit","","0","0","Affan","150",""
"3461","9/14/2024 12:00:00 AM","S-2750","Invoice","Muslim Homoeopathic Store LPR ","Credit","","0","0","Affan","119","0"
"3462","9/14/2024 12:00:00 AM","P-705","Purchase","Bilal Homoeopathic Store","Credit","","0","0","Affan","50",""
"3463","9/14/2024 12:00:00 AM","P-706","Purchase","Dua Homoeopathic Store ","Credit","","0","0","Affan","140",""
"3464","9/14/2024 12:00:00 AM","P-707","Purchase","Sheroze H/S Muzzamil ","Credit","","0","0","Affan","80",""
"3465","9/14/2024 12:00:00 AM","P-708","Purchase","Sohail Homoeo & Harbal Store","Credit","","0","0","Affan","24",""
"3466","9/14/2024 12:00:00 AM","S-2751","Invoice","Cash In Hand","Cash","Cash In Hand","0","0","usama","900","900"
"3467","9/14/2024 12:00:00 AM","P-709","Purchase","German Homeopathic Store (Dr Saqib Khan)","Credit","","0","0","Affan","2523",""
"3468","9/15/2024 12:00:00 AM","S-2752","Invoice","Cash In Hand","Cash","Cash In Hand","0","0","Affan","2065","2070"
"3469","9/15/2024 12:00:00 AM","S-2753","Invoice","Cash In Hand","Cash","Cash In Hand","0","0","Affan","3000","3000"
"3470","9/15/2024 12:00:00 AM","S-2754","Invoice","Chand Homoeopathic Store","Credit","","0","0","Afan","104","0"
"3471","9/15/2024 12:00:00 AM","S-2755","Invoice","Dua Homoeopathic Store ","Credit","","0","0","Affan","214","0"
"3472","9/15/2024 12:00:00 AM","S-2756","Invoice","German Homeopathic Store (Dr Saqib Khan)","Credit","","0","0","Affan","1356","0"
"3473","9/15/2024 12:00:00 AM","S-2757","Invoice","Tawaqal Homoeopathic Store","Credit","","0","0","Affan","224","0"
"3474","9/15/2024 12:00:00 AM","S-2758","Invoice","Noman Homeopathic Store","Credit","","","0","Affan","2445","0"
"3475","9/15/2024 12:00:00 AM","S-2759","Invoice","Cash In Hand","Cash","Cash In Hand","0","0","uasma","1550","1550"
"3476","9/15/2024 12:00:00 AM","S-2760","Invoice","Cash In Hand","Cash","Cash In Hand","0","0","Affan","400","400"
"3477","9/15/2024 12:00:00 AM","S-2761","Invoice","Cash In Hand","Cash","Cash In Hand","0","0","usama","3630","3600"
"3478","9/16/2024 12:00:00 AM","S-2762","Invoice","Cash In Hand","Cash","Cash In Hand","0","0","Affan","12819","12820"
"3479","9/16/2024 12:00:00 AM","S-2763","Invoice","Cash In Hand","Cash","Cash In Hand","0","0","Affan","1050","1050"
"3480","9/16/2024 12:00:00 AM","S-2764","Invoice","Cash In Hand","Cash","Cash In Hand","0","0","Affan","1791","1800"
"3481","9/16/2024 12:00:00 AM","S-2765","Invoice","Tahir Kent SPO","Credit","","0","0","Affan","2470","0"
"3482","9/16/2024 12:00:00 AM","S-2766","Invoice","Dua Homoeopathic Store ","Credit","","0","0","Affan","500","0"
"3483","9/16/2024 12:00:00 AM","S-2767","Invoice","Star Homoeo Store","Credit","","0","0","Affan","500","0"
"3484","9/16/2024 12:00:00 AM","S-2768","Invoice","Rafay Homeopathic Store","Credit","","0","0","Affan","162","0"
"3485","9/16/2024 12:00:00 AM","S-2769","Invoice","Dr Abdul Shakoor Memon","Credit","","0","0","Affan","1376","0"
"3486","9/16/2024 12:00:00 AM","S-2770","Invoice","German Homeopathic Store (Dr Saqib Khan)","Credit","","0","0","Affan","1162","0"
"3487","9/16/2024 12:00:00 AM","S-2771","Invoice","Jameel H/S LPR","Credit","","0","0","Affan","646","0"
"3488","9/16/2024 12:00:00 AM","S-2772","Invoice","Sohail Homoeo & Harbal Store","Credit","","0","0","Affan","1609","0"
"3489","9/16/2024 12:00:00 AM","S-2773","Invoice","Pakistan H/S LPR","Credit","","0","0","Affan","161","0"
"3490","9/16/2024 12:00:00 AM","S-2774","Invoice","Muslim Homoeopathic Store LPR ","Credit","","0","0","Affan","823","0"
"3491","9/16/2024 12:00:00 AM","S-2775","Invoice","Noman Homeopathic Store","Credit","","0","0","Affan","3412","0"
"3492","9/16/2024 12:00:00 AM","P-710","Purchase","German Homeopathic Store (Dr Saqib Khan)","Credit","","0","0","Affan","510",""
"3493","9/16/2024 12:00:00 AM","S-2776","Invoice","Muslim Homoeopathic Store LPR ","Credit","","0","0","Affan","165","0"
"3494","9/16/2024 12:00:00 AM","P-711","Purchase","Chand Homoeopathic Store","Credit","","0","0","Affan","100",""
"3495","9/16/2024 12:00:00 AM","P-712","Purchase","Jameel H/S LPR","Credit","","0","0","Affan","84",""
"3496","9/16/2024 12:00:00 AM","P-713","Purchase","Rafay Homeopathic Store","Credit","","0","0","Affan","90",""
"3497","9/16/2024 12:00:00 AM","P-714","Purchase","Muslim Homoeopathic Store LPR ","Credit","","0","0","Affan","36",""
"3498","9/18/2024 12:00:00 AM","S-2777","Invoice","Dr Akram Malik (Shahdadpure)","Credit","","0","0","Affan","8138","0"
"3499","9/18/2024 12:00:00 AM","S-2778","Invoice","Cash In Hand","Cash","Cash In Hand","0","0","Affan","5980","6000"
"3500","9/18/2024 12:00:00 AM","S-2779","Invoice","Dr Akram Malik (Shahdadpure)","Credit","","0","0","Affa4","1170","0"
"3501","9/18/2024 12:00:00 AM","S-2780","Invoice","Cash In Hand","Cash","Cash In Hand","0","0","Affan","1000","1000"
"3502","9/18/2024 12:00:00 AM","S-2781","Invoice","Bilal Homoeopathic Store","Credit","","0","0","Affan","446","0"
"3503","9/18/2024 12:00:00 AM","S-2782","Invoice","Dua Homoeopathic Store ","Credit","","0","0","Affan","549","0"
"3504","9/18/2024 12:00:00 AM","S-2783","Invoice","Rafay Homeopathic Store","Credit","","0","0","Affan","5175","0"
"3505","9/18/2024 12:00:00 AM","S-2784","Invoice","German Homeopathic Store (Dr Saqib Khan)","Credit","","0","0","Affan","431","0"
"3506","9/18/2024 12:00:00 AM","S-2785","Invoice","Jameel H/S LPR","Credit","","0","0","Affan","360","0"
"3507","9/18/2024 12:00:00 AM","S-2786","Invoice","Sheroze H/S Muzzamil ","Credit","","0","0","Affan","582","0"
"3508","9/18/2024 12:00:00 AM","S-2787","Invoice","Muslim Homoeopathic Store LPR ","Credit","","0","0","Affan","1117","0"
"3509","9/18/2024 12:00:00 AM","S-2788","Invoice","Noman Homeopathic Store","Credit","","0","0","Affan","938","0"
"3510","9/18/2024 12:00:00 AM","S-2789","Invoice","Cash In Hand","Cash","Cash In Hand","0","0","Affan","4422","4420"
"3511","9/19/2024 12:00:00 AM","S-2790","Invoice","Dr Ajaab Khan (Khanoot)","Credit","","0","0","Affan","7788","0"
"3512","9/19/2024 12:00:00 AM","S-2791","Invoice","Dr Alam Sher (Khanoot)","Credit","","0","0","Affan","7272","0"
"3513","9/19/2024 12:00:00 AM","S-2792","Invoice","Hakeem Abdul Rehman (khanoot)","Credit","","0","0","usama","6920","0"
"3514","9/19/2024 12:00:00 AM","S-2793","Invoice","Cash In Hand","Cash","Cash In Hand","0","0","usama","300","300"
"3515","9/19/2024 12:00:00 AM","P-715","Purchase","BM Pvt LTD","Credit","","0","0","Afan","94828",""
"3516","9/19/2024 12:00:00 AM","S-2794","Invoice","Cash In Hand","Cash","Cash In Hand","0","0","Affan","1100","1100"
"3517","9/19/2024 12:00:00 AM","S-2795","Invoice","Cash In Hand","Cash","Cash In Hand","0","0","usama","1400","1400"
"3518","9/19/2024 12:00:00 AM","P-716","Purchase","BM Pvt LTD","Credit","","0","0","Afan","1872",""
"3519","9/19/2024 12:00:00 AM","P-717","Purchase","MEKTUM Pvt Ltd","Credit","","0","0","Affan","35640",""
"3520","9/19/2024 12:00:00 AM","S-2796","Invoice","Cash In Hand","Cash","Cash In Hand","","","usama","370","370"
"3521","9/19/2024 12:00:00 AM","S-2797","Invoice","Cash In Hand","Cash","Cash In Hand","0","0","usama","1020","1020"
"3522","9/19/2024 12:00:00 AM","S-2798","Invoice","Cash In Hand","Cash","Cash In Hand","0","0","usama","1100","1100"
"3523","9/19/2024 12:00:00 AM","S-2799","Invoice","Cash In Hand","Cash","Cash In Hand","0","0","usama","660","660"
"3524","9/19/2024 12:00:00 AM","S-2800","Invoice","Cash In Hand","Cash","Cash In Hand","0","0","Affan","396","400"
"3525","9/19/2024 12:00:00 AM","S-2801","Invoice","Chand Homoeopathic Store0","Credit","","0","0","Affan","375","0"
"3526","9/19/2024 12:00:00 AM","S-2802","Invoice","Dua Homoeopathic Store ","Credit","","0","0","Affan","1510","0"
"3527","9/19/2024 12:00:00 AM","S-2803","Invoice","Star Homoeo Store","Credit","","0","00","Affan","360","0"
"3528","9/19/2024 12:00:00 AM","S-2804","Invoice","German Homeopathic Store (Dr Saqib Khan)","Credit","","0","0","Affan","1064","0"
"3529","9/19/2024 12:00:00 AM","S-2805","Invoice","Jameel H/S LPR","Credit","","0","0","Affan","161","0"
"3530","9/19/2024 12:00:00 AM","S-2806","Invoice","Sohail Homoeo & Harbal Store","Credit","","0","0","Affan","1078","0"
"3531","9/19/2024 12:00:00 AM","S-2807","Invoice","Sheroze H/S Muzzamil ","Credit","","0","0","Affan","234","0"
"3532","9/19/2024 12:00:00 AM","S-2808","Invoice","Muslim Homoeopathic Store LPR ","Credit","","0","0","Affan4","633","0"
"3533","9/19/2024 12:00:00 AM","S-2809","Invoice","Tawaqal Homoeopathic Store","Credit","","0","0","Affan","343","0"
"3534","9/19/2024 12:00:00 AM","S-2810","Invoice","Noman Homeopathic Store","Credit","","0","0","Afffan","3291","0"
"3535","9/19/2024 12:00:00 AM","S-2811","Invoice","Shahid Medical Store (Chambar)","Credit","","0","0","Affan","8217","0"
"3536","9/19/2024 12:00:00 AM","S-2812","Invoice","Taj homeo store","Credit","","0","0","Affan","10727","0"
"3537","9/19/2024 12:00:00 AM","S-2813","Invoice","Chand Homoeopathic Store","Credit","","0","0","Affan","375","0"
"3538","9/19/2024 12:00:00 AM","S-2814","Invoice","Cash In Hand","Cash","Cash In Hand","0","0","Affan","980","980"
"3539","9/19/2024 12:00:00 AM","S-2815","Invoice","Cash In Hand","Credit","","0","0","Affan","714","0"
"3540","9/19/2024 12:00:00 AM","S-2816","Invoice","H/Dr.Irfan (T.A)","Cash","Cash In Hand","0","0","Affan","714","710"
"3541","9/19/2024 12:00:00 AM","P-718","Purchase","Dua Homoeopathic Store ","Credit","","0","0","Affan","200",""
"3542","9/19/2024 12:00:00 AM","S-2817","Invoice","Latif HomoeoPathic Store (Nawabshah)","Credit","","0","0","Afan","22641","0"
"3543","9/21/2024 12:00:00 AM","S-2818","Invoice","Cash In Hand","Credit","","","","usama","1100","0"
"3544","9/21/2024 12:00:00 AM","S-2819","Invoice","DR BASHIR KHAMBO","Credit","","0","0","Affan","5000","0"
"3545","9/21/2024 12:00:00 AM","S-2820","Invoice","Cash In Hand","Cash","Cash In Hand",".00","0","Affan","1206","1200"
"3546","9/21/2024 12:00:00 AM","S-2821","Invoice","DR Munawar (badin)","Credit","","0","0","Affan","49056","0"
"3547","9/21/2024 12:00:00 AM","S-2822","Invoice","Dr Atibar Hussain (Hasnain Homoeo Clinic) Panoaqil","Credit","","0","0","Affan","2640","0"
"3548","9/21/2024 12:00:00 AM","S-2823","Invoice","Dr Ghafoor Malik Aman M/S (SANJHORO)","Credit","","0","0","Affan","2133","0"
"3549","9/21/2024 12:00:00 AM","S-2824","Invoice","Cash In Hand","Cash","Cash In Hand",".0","0","Affan","2300","2300"
"3550","9/21/2024 12:00:00 AM","S-2825","Invoice","Dr Tayyab (Tando Adam)","Credit","","0","0","Affan","322","0"
"3551","9/21/2024 12:00:00 AM","S-2826","Invoice","Cash In Hand","Cash","Cash In Hand","0","00","usama","3970","3970"
"3552","9/22/2024 12:00:00 AM","S-2827","Invoice","Cash In Hand","Cash","Cash In Hand","0","0","usama","1350","1350"
"3553","9/22/2024 12:00:00 AM","S-2828","Invoice","Cash In Hand","Cash","Cash In Hand","0","0","usama","810","810"
"3554","9/22/2024 12:00:00 AM","S-2829","Invoice","Cash In Hand","Cash","Cash In Hand","0","0","Affam","600","600"
"3555","9/22/2024 12:00:00 AM","S-2830","Invoice","Cash In Hand","Cash","Cash In Hand","0","0","usama","180","180"
"3556","9/22/2024 12:00:00 AM","S-2831","Invoice","Cash In Hand","Cash","Cash In Hand","0","0","usama","800","800"
"3557","9/22/2024 12:00:00 AM","S-2832","Invoice","H/Dr Azger Mughal ","Credit","","0","0","Affan","12432","0"
"3558","9/22/2024 12:00:00 AM","S-2833","Invoice","Muslim Homoeopathic Store LPR ","Credit","","0","0","Affan","2106","0"
"3559","9/22/2024 12:00:00 AM","S-2834","Invoice","Mughal H/S","Credit","","0","0","Affan","322","0"
"3560","9/22/2024 12:00:00 AM","S-2835","Invoice","Sohail Homoeo & Harbal Store","Credit","","0","0","Affan","150","0"
"3561","9/22/2024 12:00:00 AM","S-2836","Invoice","Dua Homoeopathic Store ","Credit","","0","0","Affan","1985","0"
"3562","9/22/2024 12:00:00 AM","S-2837","Invoice","Bilal Homoeopathic Store","Credit","","0","0","Affan","2805","0"
"3563","9/22/2024 12:00:00 AM","S-2838","Invoice","Pakistan H/S LPR","Credit","","0","0","Affan","1716","0"
"3564","9/22/2024 12:00:00 AM","S-2839","Invoice","German Homeopathic Store (Dr Saqib Khan)","Credit","","0","0","Affan","329","0"
"3565","9/22/2024 12:00:00 AM","S-2840","Invoice","Hassan Homeopathic Store","Credit","","0","0","Affan","5478","0"
"3566","9/22/2024 12:00:00 AM","S-2841","Invoice","Rafay Homeopathic Store","Credit","","0","00","Affa4","161","0"
"3567","9/22/2024 12:00:00 AM","S-2842","Invoice","Tawaqal Homoeopathic Store","Credit","","0","0","Affan","560","0"
"3568","9/22/2024 12:00:00 AM","S-2843","Invoice","Sheroze H/S Muzzamil ","Credit","","0","0","Affan","897","0"
"3569","9/22/2024 12:00:00 AM","S-2844","Invoice","Noman Homeopathic Store","Credit","","0","0","Affan","5086","0"
"3570","9/22/2024 12:00:00 AM","S-2845","Invoice","Cash In Hand","Cash","Cash In Hand","0","0","usama","4448","4448"
"3571","9/22/2024 12:00:00 AM","S-2846","Invoice","Cash In Hand","Cash","Cash In Hand","0","0","usama","420","420"
"3572","9/22/2024 12:00:00 AM","S-2847","Invoice","Cash In Hand","Cash","Cash In Hand","0","0","usama","350","350"
"3573","9/22/2024 12:00:00 AM","P-719","Purchase","Pakistan H/S LPR","Credit","","0","0","Affan","1716",""
"3574","9/22/2024 12:00:00 AM","S-2848","Invoice","Cash In Hand","Cash","Cash In Hand","0","0","Affan","652","650"
"3575","9/22/2024 12:00:00 AM","P-720","Purchase","Hassan Homeopathic Store","Credit","","0","0","Affan","1634",""
"3576","9/22/2024 12:00:00 AM","S-2849","Invoice","Cash In Hand","Cash","Cash In Hand","0","0","usama","750","750"
"3577","9/22/2024 12:00:00 AM","S-2850","Invoice","Waheed Bhai","Credit","","0","0","usama","375","0"
"3578","9/22/2024 12:00:00 AM","P-721","Purchase","Hassan Homeopathic Store","Credit","","0","0","Affan","430",""
"3579","9/22/2024 12:00:00 AM","P-722","Purchase","Baba Homoeo Store","Credit","","0","0","Affan","1400",""
"3580","9/23/2024 12:00:00 AM","P-723","Purchase","B.H.P Laboratory (PVT) LTD ","Credit","","0","0","Affan","64764",""
"3581","9/23/2024 12:00:00 AM","S-2851","Invoice","Waheed Bhai","Credit","","0","0","Affan","390","0"
"3582","9/23/2024 12:00:00 AM","P-724","Purchase","T.S Laboratories ","Credit","","0","0","Affan","70018",""
"3583","9/23/2024 12:00:00 AM","S-2852","Invoice","Cash In Hand","Cash","Cash In Hand","0","00","Affan","200","200"
"3584","9/23/2024 12:00:00 AM","S-2853","Invoice","Cash In Hand","Cash","Cash In Hand","0","0","Affan","536","540"
"3585","9/23/2024 12:00:00 AM","S-2854","Invoice","Cash In Hand","Cash","Cash In Hand","0","0","usama","1850","1850"
"3586","9/23/2024 12:00:00 AM","S-2855","Invoice","Cash In Hand","Cash","Cash In Hand","0","0","usama","1000","1000"
"3587","9/23/2024 12:00:00 AM","S-2856","Invoice","Cash In Hand","Cash","Cash In Hand","0","0","Affan","250","250"
"3588","9/23/2024 12:00:00 AM","S-2857","Invoice","Dr Abdul Shakoor Memon","Credit","","0","0","cash","3508","0"
"3589","9/23/2024 12:00:00 AM","S-2858","Invoice","Cash In Hand","Cash","Cash In Hand","","","usama","2040","2040"
"3590","9/23/2024 12:00:00 AM","S-2859","Invoice","Cash In Hand","Cash","Cash In Hand","0","0","Affan","1694","1690"
"3591","9/23/2024 12:00:00 AM","P-725","Purchase","Sheroze H/S Muzzamil ","Credit","","0","0","Affan","209",""
"3592","9/23/2024 12:00:00 AM","S-2860","Invoice","German Homeopathic Store (Dr Saqib Khan)","Credit","","0","0","Affan","520","0"
"3593","9/24/2024 12:00:00 AM","S-2861","Invoice","Memon Medical store (TANDO BHAGO)","Credit","","0","0","Affan","4900","0"
"3594","9/24/2024 12:00:00 AM","S-2862","Invoice","Al-Fareed H/S DR Hader Garwar","Credit","","0","0","Afan","23256","0"
"3595","9/24/2024 12:00:00 AM","S-2863","Invoice","Dua Homoeopathic Store ","Credit","","0","0","Affan","603","0"
"3596","9/24/2024 12:00:00 AM","S-2864","Invoice","Bilal Homoeopathic Store","Credit","","0","0","Affan","1583","0"
"3597","9/24/2024 12:00:00 AM","S-2865","Invoice","Pakistan H/S LPR","Credit","","0","0","Affan","495","0"
"3598","9/24/2024 12:00:00 AM","S-2866","Invoice","Rafay Homeopathic Store","Credit","","0","0","Affan","648","0"
"3599","9/24/2024 12:00:00 AM","S-2867","Invoice","Jameel H/S LPR","Credit","","0","0","Affan","447","0"
"3600","9/24/2024 12:00:00 AM","S-2868","Invoice","Chand Homoeopathic Store","Credit","","0","0","Affan","304","0"
"3601","9/24/2024 12:00:00 AM","S-2869","Invoice","Mughal H/S","Credit","","0","0","Affan","202","0"
"3602","9/24/2024 12:00:00 AM","S-2870","Invoice","Tawaqal Homoeopathic Store","Credit","","0","0","Affan","2208","0"
"3603","9/24/2024 12:00:00 AM","S-2871","Invoice","Noman Homeopathic Store","Credit","","0","0","Affan","3112","0"
"3604","9/24/2024 12:00:00 AM","S-2872","Invoice","Muslim Homoeopathic Store LPR ","Credit","","0","0","Affan","3312","0"
"3605","9/24/2024 12:00:00 AM","S-2873","Invoice","Dr Abdul Muiz    ","Credit","","0","0","uasma","1946","0"
"3606","9/24/2024 12:00:00 AM","S-2874","Invoice","Cash In Hand","Cash","Cash In Hand","0","0","uasma","200","200"
"3607","9/24/2024 12:00:00 AM","S-2875","Invoice","Cash In Hand","Cash","Cash In Hand","0","","usama","370","370"
"3608","9/24/2024 12:00:00 AM","S-2876","Invoice","Chand Homoeopathic Store","Credit","","0","0","Affan","540","0"
"3609","9/24/2024 12:00:00 AM","S-2877","Invoice","German Homeopathic Store (Dr Saqib Khan)","Credit","","0","0","Affan","1619","0"
"3610","9/24/2024 12:00:00 AM","S-2878","Invoice","Star Homoeo Store","Credit","","0","0","Affan","450","0"
"3611","9/24/2024 12:00:00 AM","S-2879","Invoice","Pakistan H/S LPR","Credit","","0","0","Affan","182","0"
"3612","9/24/2024 12:00:00 AM","S-2880","Invoice","Muslim Homoeopathic Store LPR ","Credit","","0","0","Affan","1994","0"
"3613","9/24/2024 12:00:00 AM","S-2881","Invoice","Hassan Homeopathic Store","Credit","","0","0","Affan","1273","0"
"3614","9/24/2024 12:00:00 AM","S-2882","Invoice","Noman Homeopathic Store","Credit","","0","0","Affan","1676","0"
"3615","9/24/2024 12:00:00 AM","S-2883","Invoice","Tawaqal Homoeopathic Store","Credit","","0","0","Affan","1331","0"
"3616","9/24/2024 12:00:00 AM","S-2884","Invoice","Cash In Hand","Cash","Cash In Hand","0","00000","usama","1100","1100"
"3617","9/24/2024 12:00:00 AM","S-2885","Invoice","Cash In Hand","Cash","Cash In Hand","0","0","uasma","900","900"
"3618","9/24/2024 12:00:00 AM","S-2886","Invoice","Hassan Homeopathic Store","Credit","","","0","Afan","527","0"
"3619","9/24/2024 12:00:00 AM","S-2887","Invoice","Cash In Hand","Cash","Cash In Hand","0","0","Affan","3380","3380"
"3620","9/24/2024 12:00:00 AM","P-726","Purchase","Shwabe","Credit","","0","0","Affan","8750",""
"3621","9/24/2024 12:00:00 AM","P-727","Purchase","Muslim Homoeopathic Store LPR ","Credit","","0","0","Affan","112",""
"3622","9/24/2024 12:00:00 AM","P-728","Purchase","Rafay Homeopathic Store","Credit","","0","0","Affan","190",""
"3623","9/25/2024 12:00:00 AM","P-729","Purchase","Hp","Credit","","0","0","Affan","168000",""
"3624","9/25/2024 12:00:00 AM","P-730","Purchase","Hp","Credit","","0","0","Affan","840",""
"3625","9/25/2024 12:00:00 AM","S-2888","Invoice","Muslim Medical Store","Credit","","0","0","Affan","2500","0"
"3626","9/25/2024 12:00:00 AM","P-731","Purchase","kamal","Credit","","0","0","Affan","192100",""
"3627","9/25/2024 12:00:00 AM","S-2889","Invoice","Cash In Hand","Cash","Cash In Hand","0","0","Affan","420","420"
"3628","9/25/2024 12:00:00 AM","P-732","Purchase","Masood Homoeo Pharma PVT","Credit","","0","0","Affan","12375",""
"3629","9/25/2024 12:00:00 AM","S-2890","Invoice","Bismillah Pansar (Pinjra Pol) HYD","Credit","","0","0","Affan","12666","0"
"3630","9/25/2024 12:00:00 AM","S-2891","Invoice","Mehran H/S Dr Akram (Shadadpur)","Credit","","0","0","Affan","2181","0"
"3631","9/25/2024 12:00:00 AM","S-2892","Invoice","Sindh Medical store (Tando Alayar)","Credit","","0","0","Affan","7740","0"
"3632","9/25/2024 12:00:00 AM","S-2893","Invoice","Dr Anwar Khan (Khanoot)","Credit","","0","0","Affan","4813","0"
"3633","9/25/2024 12:00:00 AM","S-2894","Invoice","Roshan pansar (GAMBAT)","Credit","","0","0","Affan","11592","0"
"3634","9/25/2024 12:00:00 AM","S-2895","Invoice","Cash In Hand","Cash","Cash In Hand","0","0","Affan","640","640"
"3635","9/25/2024 12:00:00 AM","S-2896","Invoice","Tahir Kent SPO","Credit","","0","0","Affan","1560","0"
"3636","9/25/2024 12:00:00 AM","S-2897","Invoice","Sheroze H/S Muzzamil ","Credit","","0","0","Affan","252","0"
"3637","9/25/2024 12:00:00 AM","S-2898","Invoice","Jameel H/S LPR","Credit","","0","0","Affan","572","0"
"3638","9/25/2024 12:00:00 AM","S-2899","Invoice","Rafay Homeopathic Store","Credit","","0","0","Affan","1456","0"
"3639","9/25/2024 12:00:00 AM","S-2900","Invoice","Muss","Credit","","0","0","Affan","359","0"
"3640","9/25/2024 12:00:00 AM","S-2901","Invoice","Bilal Homoeopathic Store","Credit","","0","0","Affan ","1914","0"
"3641","9/25/2024 12:00:00 AM","S-2902","Invoice","Tawaqal Homoeopathic Store","Credit","","0","0","Affan","672","0"
"3642","9/25/2024 12:00:00 AM","S-2903","Invoice","German Homeopathic Store (Dr Saqib Khan)","Credit","","0","0","Affan","972","0"
"3643","9/25/2024 12:00:00 AM","S-2904","Invoice","Muslim Homoeopathic Store LPR ","Credit","","0","0","Affan","349","0"
"3644","9/25/2024 12:00:00 AM","S-2905","Invoice","Noman Homeopathic Store","Credit","","0","0","Affan","2929","0"
"3645","9/25/2024 12:00:00 AM","S-2906","Invoice","Hassan Homeopathic Store","Credit","","0","0","Affan","1392","0"
"3646","9/25/2024 12:00:00 AM","S-2907","Invoice","Cash In Hand","Cash","Cash In Hand","0","0","Affan","690","690"
"3647","9/25/2024 12:00:00 AM","S-2908","Invoice","Cash In Hand","Cash","Cash In Hand","0","0","usama","2235","2235"
"3648","9/25/2024 12:00:00 AM","P-733","Purchase","Hassan Homeopathic Store","Credit","","0","0","Affan","296",""
"3649","9/25/2024 12:00:00 AM","P-734","Purchase","Muslim Homoeopathic Store LPR ","Credit","","0","0","Affan","197",""
"3650","9/25/2024 12:00:00 AM","P-735","Purchase","Rafay Homeopathic Store","Credit","","0","0","Affan","455",""
"3651","9/25/2024 12:00:00 AM","P-736","Purchase","Jameel H/S LPR","Credit","","0","0","Affan","30",""
"3652","9/26/2024 12:00:00 AM","P-737","Purchase","GR PVT (isalamabad pharma)","Credit","","0","0","Affan","48090",""
"3653","9/26/2024 12:00:00 AM","P-738","Purchase","GR PVT (isalamabad pharma)","Credit","","0","0","Affan","21435",""
"3654","9/26/2024 12:00:00 AM","S-2909","Invoice","Cash In Hand","Cash","Cash In Hand","0","0","Affan","140","140"
"3655","9/26/2024 12:00:00 AM","P-739","Purchase","Bismillah Pansar (Pinjra Pol) HYD","Credit","","0","0","Affan","218",""
"3656","9/26/2024 12:00:00 AM","S-2910","Invoice","Talpur Medical Store (Jahan Mori)","Credit","","0","0","Affan","1925","0"
"3657","9/26/2024 12:00:00 AM","S-2911","Invoice","Wasaan Medical Store","Credit","","0","0","usama","770","0"
"3658","9/26/2024 12:00:00 AM","S-2912","Invoice","Fazal M/S (JHAND-MORI)","Credit","","0","0","uasma","2544","0"
"3659","9/26/2024 12:00:00 AM","S-2913","Invoice","Mueer Medical Store (Jahan Mori)","Credit","","0","0","usama","1406","0"
"3660","9/26/2024 12:00:00 AM","S-2914","Invoice","Zulfiqar (Jahan Mori)","Credit","","0","0","usama","890","0"
"3661","9/26/2024 12:00:00 AM","S-2915","Invoice","Dr Lal Bux Gopang (Piro Lashari)","Credit","","0","0","Affan","3500","0"
"3662","9/26/2024 12:00:00 AM","S-2916","Invoice","Tahir Kent SPO","Credit","","0","0","Affan","351","0"
"3663","9/26/2024 12:00:00 AM","S-2917","Invoice","Al-Khadija Homoeo Store (HYD)","Credit","","0","0","Affan","104","0"
"3664","9/26/2024 12:00:00 AM","S-2918","Invoice","Sheroze H/S Muzzamil ","Credit","","0","0","Affan","858","0"
"3665","9/26/2024 12:00:00 AM","S-2919","Invoice","German Homeopathic Store (Dr Saqib Khan)","Credit","","0","0","Affan","2961","0"
"3666","9/26/2024 12:00:00 AM","S-2920","Invoice","Bilal Homoeopathic Store","Credit","","0","0","Affan","315","0"
"3667","9/26/2024 12:00:00 AM","S-2921","Invoice","Muslim Homoeopathic Store LPR ","Credit","","0","0","Affan","701","0"
"3668","9/26/2024 12:00:00 AM","S-2922","Invoice","Rafay Homeopathic Store","Credit","","0","0","Affan","382","0"
"3669","9/26/2024 12:00:00 AM","S-2923","Invoice","Mughal H/S","Credit","","0","0","Affan","360","0"
"3670","9/26/2024 12:00:00 AM","S-2924","Invoice","Chand Homoeopathic Store","Credit","","0","0","Affan","292","0"
"3671","9/26/2024 12:00:00 AM","S-2925","Invoice","Sohail Homoeo & Harbal Store","Credit","","0","0","Affan","840","0"
"3672","9/26/2024 12:00:00 AM","S-2926","Invoice","Pakistan H/S LPR","Credit","","0","0","Affan","176","0"
"3673","9/26/2024 12:00:00 AM","S-2927","Invoice","Hassan Homeopathic Store","Credit","","0","0","Affan","1100","0"
"3674","9/26/2024 12:00:00 AM","S-2928","Invoice","Noman Homeopathic Store","Credit","","0","0","Affan","2137","0"
"3675","9/26/2024 12:00:00 AM","S-2929","Invoice","Cash In Hand","Cash","Cash In Hand","0","0","Affan","1900","1900"
"3676","9/26/2024 12:00:00 AM","S-2930","Invoice","Pawan M/S JAMSABAD (KGM)","Credit","","0","0","Affan","5586","0"
"3677","9/26/2024 12:00:00 AM","S-2931","Invoice","Dr Abdul Shakoor Memon","Credit","","0","0","Affan","3677","0"
"3678","9/26/2024 12:00:00 AM","S-2932","Invoice","Cash In Hand","Cash","Cash In Hand",".0","0","Affan","249","250"
"3679","9/26/2024 12:00:00 AM","S-2933","Invoice","Jameel H/S LPR","Credit","","0","0","Affan","770","0"
"3680","9/26/2024 12:00:00 AM","P-740","Purchase","Sheroze H/S Muzzamil ","Credit","","0","0","Affan","429",""
"3681","9/26/2024 12:00:00 AM","S-2934","Invoice","Cash In Hand","Cash","Cash In Hand","0","0","usama","670","670"
"3682","9/26/2024 12:00:00 AM","S-2935","Invoice","Cash In Hand","Cash","Cash In Hand","0","0","usama","510","500"
"3683","9/26/2024 12:00:00 AM","S-2936","Invoice","Bismillah Pansar (Pinjra Pol) HYD","Credit","","0","0","Affan","1347","0"
"3684","9/26/2024 12:00:00 AM","P-741","Purchase","Bismillah Pansar (Pinjra Pol) HYD","Credit","","0","0","Affan","1347",""
"3685","9/26/2024 12:00:00 AM","S-2937","Invoice","Bismillah Pansar (Pinjra Pol) HYD","Credit","","0","0","Affan","1659","0"
"3686","9/27/2024 12:00:00 AM","P-742","Purchase","Boric pharma","Credit","","0","0","Affan","14000",""
"3687","9/27/2024 12:00:00 AM","P-743","Purchase","Paul Brooks Homoeo Lab","Credit","","0","0","Affan","147023",""
"3688","9/28/2024 12:00:00 AM","S-2938","Invoice","Cash In Hand","Cash","Cash In Hand","0","0","usama","350","350"
"3689","9/28/2024 12:00:00 AM","S-2939","Invoice","Dr Shabbir (Odero Lal)","Credit","","0","0","Affan","13870","0"
"3690","9/28/2024 12:00:00 AM","P-744","Purchase","T.S Laboratories ","Credit","","0","0","Affan","34560",""
"3691","9/28/2024 12:00:00 AM","S-2940","Invoice","Cash In Hand","Cash","Cash In Hand","0","0","Affan","250","250"
"3692","9/28/2024 12:00:00 AM","S-2941","Invoice","Cash In Hand","Cash","Cash In Hand","0","0","Affan","150","150"
"3693","9/28/2024 12:00:00 AM","S-2942","Invoice","Cash In Hand","Cash","Cash In Hand","0","0","Affan","700","700"
"3694","9/28/2024 12:00:00 AM","S-2943","Invoice","Cash In Hand","Cash","Cash In Hand","0","0","usama","200","200"
"3695","9/28/2024 12:00:00 AM","S-2944","Invoice","Cash In Hand","Cash","Cash In Hand","0","0","usama","400","400"
"3696","9/28/2024 12:00:00 AM","S-2945","Invoice","Cash In Hand","Cash","Cash In Hand","0","0","usama","200","200"
"3697","9/28/2024 12:00:00 AM","S-2946","Invoice","Cash In Hand","Cash","Cash In Hand","0","0","usama","300","300"
"3698","9/28/2024 12:00:00 AM","S-2947","Invoice","Cash In Hand","Cash","Cash In Hand","0","0","Affan","320","320"
"3699","9/28/2024 12:00:00 AM","S-2948","Invoice","Dr Atta ullah Thebo German Homoeo Clinic (Talhar)","Credit","","0","0","Affan","10297","0"
"3700","9/28/2024 12:00:00 AM","S-2949","Invoice","Dr Parwar ","Credit","","0","0","uasma","24576","0"
"3701","9/28/2024 12:00:00 AM","S-2950","Invoice","Cash In Hand","Cash","Cash In Hand","","0","usama","940","940"
"3702","9/28/2024 12:00:00 AM","S-2951","Invoice","Muslim Homoeopathic Store LPR ","Credit","","0","0","Affan","2854","0"
"3703","9/28/2024 12:00:00 AM","S-2952","Invoice","Jameel H/S LPR","Credit","","0","0","Affan","336","0"
"3704","9/28/2024 12:00:00 AM","S-2953","Invoice","Rafay Homeopathic Store","Credit","","0","0","Affam","360","0"
"3705","9/28/2024 12:00:00 AM","S-2954","Invoice","Bilal Homoeopathic Store","Credit","","0","0","Affan","1076","0"
"3706","9/28/2024 12:00:00 AM","S-2955","Invoice","German Homeopathic Store (Dr Saqib Khan)","Credit","","0","0","Affan","117","0"
"3707","9/28/2024 12:00:00 AM","S-2956","Invoice","Al-Khadija Homoeo Store (HYD)","Credit","","0","0","Affan","322","0"
"3708","9/28/2024 12:00:00 AM","S-2957","Invoice","Chand Homoeopathic Store","Credit","","0","0","Affan","327","0"
"3709","9/28/2024 12:00:00 AM","S-2958","Invoice","Al-Khadija Homoeo Store (HYD)","Credit","","0","0","Affan","322","0"
"3710","9/28/2024 12:00:00 AM","S-2959","Invoice","Tawaqal Homoeopathic Store","Credit","","0","0","Affan","1672","0"
"3711","9/28/2024 12:00:00 AM","S-2960","Invoice","Hassan Homeopathic Store","Credit","","0","0","Affan","1120","0"
"3712","9/28/2024 12:00:00 AM","S-2961","Invoice","Mughal H/S","Credit","","0","0","Affan","2396","0"
"3713","9/28/2024 12:00:00 AM","S-2962","Invoice","Star Homoeo Store","Credit","","0","0","Affan","1309","0"
"3714","9/28/2024 12:00:00 AM","S-2963","Invoice","Noman Homeopathic Store","Credit","","0","0","Affan","6579","0"
"3715","9/28/2024 12:00:00 AM","S-2964","Invoice","Cash In Hand","Cash","Cash In Hand","0","0","Affan","500","500"
"3716","9/28/2024 12:00:00 AM","P-745","Purchase","German Homeopathic Store (Dr Saqib Khan)","Credit","","0","0","Affan","6340",""
"3717","9/28/2024 12:00:00 AM","S-2965","Invoice","Cash In Hand","Cash","Cash In Hand","0","0","Affan","1770","1770"
"3718","9/29/2024 12:00:00 AM","S-2966","Invoice","Cash In Hand","Cash","Cash In Hand","0","0","Afan","440","440"
"3719","9/29/2024 12:00:00 AM","S-2967","Invoice","Cash In Hand","Credit","","0","0","Affan","120","0"
"3720","9/29/2024 12:00:00 AM","S-2968","Invoice","Cash In Hand","Cash","Cash In Hand","0","0","Affan","700","700"
"3721","9/29/2024 12:00:00 AM","S-2969","Invoice","Al-Khadija Homoeo Store (HYD)","Credit","","0","0","Affan","161","0"
"3722","9/29/2024 12:00:00 AM","S-2970","Invoice","Rafay Homeopathic Store","Credit","","0","00","Affan","706","0"
"3723","9/29/2024 12:00:00 AM","S-2971","Invoice","Sufi Homeopathic Store","Credit","","0","0","Affan","234","0"
"3724","9/29/2024 12:00:00 AM","S-2972","Invoice","Chand Homoeopathic Store","Credit","","0","0","Affan","260","0"
"3725","9/29/2024 12:00:00 AM","S-2973","Invoice","Dua Homoeopathic Store ","Credit","","0","0","Affan","338","0"
"3726","9/29/2024 12:00:00 AM","S-2974","Invoice","Bilal Homoeopathic Store","Credit","","0","0","Affan","633","0"
"3727","9/29/2024 12:00:00 AM","S-2975","Invoice","Muslim Homoeopathic Store LPR ","Credit","","0","0","Affan","1184","0"
"3728","9/29/2024 12:00:00 AM","S-2976","Invoice","German Homeopathic Store (Dr Saqib Khan)","Credit","","0","0","Affan","6148","0"
"3729","9/29/2024 12:00:00 AM","S-2977","Invoice","Noman Homeopathic Store","Credit","","0","0","Affan","5044","0"
"3730","9/29/2024 12:00:00 AM","S-2978","Invoice","Hassan Homeopathic Store","Credit","","0","0","Affan","2136","0"
"3731","9/29/2024 12:00:00 AM","S-2979","Invoice","Cash In Hand","Cash","Cash In Hand","0","0","Affan","300","300"
"3732","9/29/2024 12:00:00 AM","S-2980","Invoice","Cash In Hand","Cash","Cash In Hand","0","0","Affan","2200","2200"
"3733","9/29/2024 12:00:00 AM","S-2981","Invoice","Cash In Hand","Cash","Cash In Hand","0","0","Affan","700","700"
"3734","9/29/2024 12:00:00 AM","S-2982","Invoice","Cash In Hand","Cash","Cash In Hand","0","0","usama","2964","2960"
"3735","9/30/2024 12:00:00 AM","P-746","Purchase","MEKTUM Pvt Ltd","Credit","","0","0","Affan","18788",""
"3736","9/30/2024 12:00:00 AM","P-747","Purchase","Tawaqal Homoeopathic Store","Credit","","0","0","Affan ","990",""
"3737","9/30/2024 12:00:00 AM","S-2983","Invoice","Cash In Hand","Cash","Cash In Hand","","","usama","200","200"
"3738","9/30/2024 12:00:00 AM","P-748","Purchase","BLOSSOM ","Credit","","0","0","Affan","13094",""
"3739","9/30/2024 12:00:00 AM","P-749","Purchase","JR PHARMA","Credit","","0","0","Affan","8100",""
"3740","9/30/2024 12:00:00 AM","S-2984","Invoice","Cash In Hand","Cash","Cash In Hand","0","0","Affan","250","250"
"3741","9/30/2024 12:00:00 AM","S-2985","Invoice","Haji Sawan","Credit","","0","0","Affan","3218","0"
"3742","9/30/2024 12:00:00 AM","S-2986","Invoice","Cash In Hand","Cash","Cash In Hand","0","0","Affan","200","200"
"3743","9/30/2024 12:00:00 AM","S-2987","Invoice","Cash In Hand","Cash","Cash In Hand","0","0","Affan","1300","1300"
"3744","9/30/2024 12:00:00 AM","S-2988","Invoice","Cash In Hand","Cash","Cash In Hand","0","0","Affan","400","400"
"3745","9/30/2024 12:00:00 AM","S-2989","Invoice","Cash In Hand","Cash","Cash In Hand","0","0","Affan","250","250"
"3746","9/30/2024 12:00:00 AM","S-2990","Invoice","L/Dr Najma Bloch ","Credit","","0","0","Affan","3510","0"
"3747","9/30/2024 12:00:00 AM","S-2991","Invoice","Dua Homoeopathic Store ","Credit","","0","0","Affan","1000","0"
"3748","9/30/2024 12:00:00 AM","S-2992","Invoice","Chand Homoeopathic Store","Credit","","0","0","Affan","265","0"
"3749","9/30/2024 12:00:00 AM","S-2993","Invoice","Mughal H/S","Credit","","0","0","Affan","966","0"
"3750","9/30/2024 12:00:00 AM","S-2994","Invoice","Pakistan H/S LPR","Credit","","0","0","Affan","161","0"
"3751","9/30/2024 12:00:00 AM","S-2995","Invoice","Pakistan H/S LPR","Credit","","0","0","Affan","2499","0"
"3752","9/30/2024 12:00:00 AM","S-2996","Invoice","Al-Khadija Homoeo Store (HYD)","Credit","","0","0","Affan","138","0"
"3753","9/30/2024 12:00:00 AM","S-2997","Invoice","Bilal Homoeopathic Store","Credit","","0","0","Affan","500","0"
"3754","9/30/2024 12:00:00 AM","S-2998","Invoice","Jameel H/S LPR","Credit","","0","0","Affan","384","0"
"3755","9/30/2024 12:00:00 AM","S-2999","Invoice","Star Homoeo Store","Credit","","0","0","Affan","715","0"
"3756","9/30/2024 12:00:00 AM","P-750","Purchase","Sohail Homoeo & Harbal Store","Credit","","0","0","Affan","67",""
"3757","9/30/2024 12:00:00 AM","P-751","Purchase","Al-Khadija Homoeo Store (HYD)","Credit","","0","0","Affan","159",""
"3758","9/30/2024 12:00:00 AM","P-752","Purchase","Hassan Homeopathic Store","Credit","","0","0","Afan","486",""
"3759","9/30/2024 12:00:00 AM","P-753","Purchase","Pakistan H/S LPR","Credit","","0","0","Affan","2499",""
"3760","9/30/2024 12:00:00 AM","S-3000","Invoice","Cash In Hand","Cash","Cash In Hand","0","0","Affan","200","200"
"3761","9/30/2024 12:00:00 AM","S-3001","Invoice","Cash In Hand","Cash","Cash In Hand","0","0","Affan","300","300"
"3762","9/30/2024 12:00:00 AM","S-3002","Invoice","Muslim Homoeopathic Store LPR ","Credit","","0","0","Affan","2499","0"
"3763","9/30/2024 12:00:00 AM","S-3003","Invoice","Sohail Homoeo & Harbal Store","Credit","","0","0","Affan","143","0"
"3764","9/30/2024 12:00:00 AM","S-3004","Invoice","Cash In Hand","Cash","Cash In Hand","0","0","Affan","150","150"
"3765","9/30/2024 12:00:00 AM","S-3005","Invoice","German Homeopathic Store (Dr Saqib Khan)","Credit","","0","0","Affan","3239","0"
"3766","9/30/2024 12:00:00 AM","S-3006","Invoice","Noman Homeopathic Store","Credit","","0","0","Affan","2594","0"
"3767","9/30/2024 12:00:00 AM","S-3007","Invoice","Cash In Hand","Cash","Cash In Hand","0","0","Affan","210","210"
"3768","9/30/2024 12:00:00 AM","S-3008","Invoice","Hassan Homeopathic Store","Cash","Cash In Hand","0","0","usama","3457","3457"
"3769","9/30/2024 12:00:00 AM","S-3009","Invoice","Cash In Hand","Cash","Cash In Hand","0","0","Affan","3200","3200"
"3770","10/1/2024 12:00:00 AM","S-3010","Invoice","Cash In Hand","Cash","Cash In Hand","0","0","Affan","2300","2300"
"3771","10/1/2024 12:00:00 AM","S-3011","Invoice","Cash In Hand","Cash","Cash In Hand","0","0","Affan","130","130"
"3772","10/1/2024 12:00:00 AM","P-754","Purchase","T.S Laboratories ","Credit","","0","0","Afan","6480",""
"3773","10/1/2024 12:00:00 AM","S-3012","Invoice","Panjetan Pak M/S (DKM)","Credit","","0","0","Affan","6278","0"
"3774","10/1/2024 12:00:00 AM","S-3013","Invoice","H/Dr.Irfan (T.A)","Cash","Cash In Hand","0","0","usama","916","916"
"3775","10/1/2024 12:00:00 AM","S-3014","Invoice","Cash In Hand","Cash","Cash In Hand","0","0","usama","2000","2000"
"3776","10/1/2024 12:00:00 AM","S-3015","Invoice","Cash In Hand","Cash","Cash In Hand","0","0","usama","1230","1230"
"3777","10/1/2024 12:00:00 AM","S-3016","Invoice","Cash In Hand","Cash","Cash In Hand","0","0","Affan","578","580"
"3778","10/1/2024 12:00:00 AM","S-3017","Invoice","Muslim Homoeopathic Store LPR ","Credit","","0","0","Affan","2658","0"
"3779","10/1/2024 12:00:00 AM","S-3018","Invoice","Rafay Homeopathic Store","Credit","","0","0","Affan","274","0"
"3780","10/1/2024 12:00:00 AM","S-3019","Invoice","Sheroze H/S Muzzamil ","Credit","","0","0","Affan","1384","0"
"3781","10/1/2024 12:00:00 AM","S-3020","Invoice","Al-Khadija Homoeo Store (HYD)","Credit","","0","0","Afan","508","0"
"3782","10/1/2024 12:00:00 AM","S-3021","Invoice","Tawaqal Homoeopathic Store","Credit","","0","0","Affan","162","0"
"3783","10/1/2024 12:00:00 AM","S-3022","Invoice","Mughal H/S","Credit","","0","0","Affan","147","0"
"3784","10/1/2024 12:00:00 AM","S-3023","Invoice","Pakistan H/S LPR","Credit","","0","0","Affan","881","0"
"3785","10/1/2024 12:00:00 AM","S-3024","Invoice","Noman Homeopathic Store","Credit","","0","0","Afan","3976","0"
"3786","10/1/2024 12:00:00 AM","S-3025","Invoice","Sohail Homoeo & Harbal Store","Credit","","0","0","Affan","2572","0"
"3787","10/1/2024 12:00:00 AM","S-3026","Invoice","Cash In Hand","Cash","Cash In Hand","0","0","Affan","4197","4200"
"3788","10/1/2024 12:00:00 AM","S-3027","Invoice","Cash In Hand","Cash","Cash In Hand","0","0","Affan","750","750"
"3789","10/1/2024 12:00:00 AM","S-3028","Invoice","Dr Manzoor Ahmed (DolatPur)","Credit","","0","0","sheraz","26690","0"
"3790","10/1/2024 12:00:00 AM","S-3029","Invoice","Kosar M.S (T.M.K)","Credit","","0","0","sheraz","5392","0"
"3791","10/1/2024 12:00:00 AM","S-3030","Invoice","Cash In Hand","Cash","Cash In Hand","0","0","sheraz","1100","1100"
"3792","10/1/2024 12:00:00 AM","S-3031","Invoice","Cash In Hand","Cash","Cash In Hand","0","0","Affan","1895","1900"
"3793","10/2/2024 12:00:00 AM","S-3032","Invoice","Cash In Hand","Cash","Cash In Hand","0","0","Affan","380","380"
"3794","10/2/2024 12:00:00 AM","S-3033","Invoice","Cash In Hand","Cash","Cash In Hand","0","0","Afan","468","470"
"3795","10/2/2024 12:00:00 AM","S-3034","Invoice","Cash In Hand","Cash","Cash In Hand","0","0","Affan","1300","1300"
"3796","10/2/2024 12:00:00 AM","P-755","Purchase","Pawan M/S JAMSABAD (KGM)","Credit","","0","0","usama","234",""
"3797","10/2/2024 12:00:00 AM","S-3035","Invoice","Cash In Hand","Cash","Cash In Hand","0","0","Affan","420","420"
"3798","10/2/2024 12:00:00 AM","S-3036","Invoice","Al-Khadija Homoeo Store (HYD)","Credit","","0","0","Affan","396","0"
"3799","10/2/2024 12:00:00 AM","S-3037","Invoice","Muslim Homoeopathic Store LPR ","Credit","","0","0","Affan","1557","0"
"3800","10/2/2024 12:00:00 AM","S-3038","Invoice","Rafay Homeopathic Store","Credit","","0","0","Affan","3521","0"
"3801","10/2/2024 12:00:00 AM","S-3039","Invoice","Bilal Homoeopathic Store","Credit","","0","0","Affan","406","0"
"3802","10/2/2024 12:00:00 AM","S-3040","Invoice","Chand Homoeopathic Store","Credit","","0","0","Affan","196","0"
"3803","10/2/2024 12:00:00 AM","S-3041","Invoice","Sohail Homoeo & Harbal Store","Credit","","0","0","Affan","415","0"
"3804","10/2/2024 12:00:00 AM","S-3042","Invoice","Shalimar Homoeo Store LPR","Credit","","0","0","Affan","770","0"
"3805","10/2/2024 12:00:00 AM","S-3043","Invoice","Dua Homoeopathic Store ","Credit","","0","0","Affan","497","0"
"3806","10/2/2024 12:00:00 AM","S-3044","Invoice","Noman Homeopathic Store","Credit","","0","0","Affan","7396","0"
"3807","10/2/2024 12:00:00 AM","S-3045","Invoice","Bilal Homoeopathic Store","Credit","","0","0","Affan","448","0"
"3808","10/2/2024 12:00:00 AM","S-3046","Invoice","Cash In Hand","Cash","Cash In Hand","0","0","sheraz","120","120"
"3809","10/2/2024 12:00:00 AM","S-3047","Invoice","Cash In Hand","Cash","Cash In Hand","0","0","sheraz","150","150"
"3810","10/2/2024 12:00:00 AM","S-3048","Invoice","Cash In Hand","Cash","Cash In Hand","0","0","Afan","280","280"
"3811","10/2/2024 12:00:00 AM","S-3049","Invoice","Cash In Hand","Cash","Cash In Hand","0","0","Affan","150","150"
"3812","10/2/2024 12:00:00 AM","S-3050","Invoice","Cash In Hand","Cash","Cash In Hand","0","0","Affan","540","550"
"3813","10/2/2024 12:00:00 AM","P-756","Purchase","Shalimar Homoeo Store LPR","Credit","","0","0","Affan","412",""
"3814","10/2/2024 12:00:00 AM","S-3051","Invoice","Hassan Homeopathic Store","Cash","Cash In Hand","0","0","Affan","555","550"
"3815","10/2/2024 12:00:00 AM","P-757","Purchase","Rafay Homeopathic Store","Credit","","0","0","Affan","210",""
"3816","10/2/2024 12:00:00 AM","P-758","Purchase","German Homeopathic Store (Dr Saqib Khan)","Credit","","0","0","Afan","3947",""
"3817","10/2/2024 12:00:00 AM","S-3052","Invoice","German Homeopathic Store (Dr Saqib Khan)","Credit","","0","0","Affan","9008","0"
"3818","10/2/2024 12:00:00 AM","P-759","Purchase","German Homeopathic Store (Dr Saqib Khan)","Credit","","0","0","Affan","2344",""
"3819","10/2/2024 12:00:00 AM","P-760","Purchase","German Homeopathic Store (Dr Saqib Khan)","Credit","","0","0","Affan","592",""
"3820","10/2/2024 12:00:00 AM","P-761","Purchase","Noman Homeopathic Store","Credit","","0","0","usama","2962",""
"3821","10/3/2024 12:00:00 AM","S-3053","Invoice","WajuU Bhai W/S Saleman","Credit","","0","0","Affan","3240","0"
"3822","10/3/2024 12:00:00 AM","S-3054","Invoice","Dr Jamaal Nasir (T.M.K)","Credit","","0","0","Affan","9427","0"
"3823","10/3/2024 12:00:00 AM","S-3055","Invoice","GULSHAN M/S","Credit","","0","0","Affan","6740","0"
"3824","10/3/2024 12:00:00 AM","S-3056","Invoice","Dr Rafeeq Bulandi ","Credit","","0","0","Affan","900","0"
"3825","10/3/2024 12:00:00 AM","S-3057","Invoice","Cash In Hand","Cash","Cash In Hand","0","0","Hamza","7802","7802"
"3826","10/3/2024 12:00:00 AM","S-3058","Invoice","Cash In Hand","Cash","Cash In Hand","0","0","Hamza","600","600"
"3827","10/3/2024 12:00:00 AM","S-3059","Invoice","H/Dr Azger Mughal ","Credit","","0","0","Affan","28500","0"
"3828","10/3/2024 12:00:00 AM","P-762","Purchase","H/Dr Yousuf (Kotri)","Credit","","0","0","Afffan","28500",""
"3829","10/3/2024 12:00:00 AM","S-3060","Invoice","H/Dr Yousuf (Kotri)","Credit","","0","0","Affan","28500","0"
"3830","10/3/2024 12:00:00 AM","S-3061","Invoice","H/Dr Yousuf (Kotri)","Credit","","0","0","Affan","14500","0"
"3831","10/3/2024 12:00:00 AM","P-763","Purchase","H/Dr Azger Mughal ","Credit","","0","0","Affan","28500",""
"3832","10/3/2024 12:00:00 AM","S-3062","Invoice","Cash In Hand","Cash","Cash In Hand","","0","usama","300","300"
"3833","10/3/2024 12:00:00 AM","S-3063","Invoice","Rafay Homeopathic Store","Credit","","0","0","Affan","278","0"
"3834","10/3/2024 12:00:00 AM","S-3064","Invoice","Mughal H/S","Credit","","0","0","Afffan","1112","0"
"3835","10/3/2024 12:00:00 AM","S-3065","Invoice","Pakistan H/S LPR","Credit","","0","0","Affan","644","0"
"3836","10/3/2024 12:00:00 AM","S-3066","Invoice","Noman Homeopathic Store","Credit","","0","0","Affan","7471","0"
"3837","10/3/2024 12:00:00 AM","S-3067","Invoice","Shalimar Homoeo Store LPR","Credit","","0","0","Affan","694","0"
"3838","10/3/2024 12:00:00 AM","S-3068","Invoice","Bilal Homoeopathic Store","Credit","","0","0","Affan","168","0"
"3839","10/3/2024 12:00:00 AM","S-3069","Invoice","Sheroze H/S Muzzamil ","Credit","","0","0","Affan","114","0"
"3840","10/3/2024 12:00:00 AM","S-3070","Invoice","Tawaqal Homoeopathic Store","Credit","","0","0","Affan","246","0"
"3841","10/3/2024 12:00:00 AM","S-3071","Invoice","Sohail Homoeo & Harbal Store","Credit","","0","0","Affan","1985","0"
"3842","10/3/2024 12:00:00 AM","S-3072","Invoice","Muslim Homoeopathic Store LPR ","Credit","","0","0","Affan","2607","0"
"3843","10/3/2024 12:00:00 AM","S-3073","Invoice","Hassan Homeopathic Store","Credit","","0","0","Affan","272","0"
"3844","10/3/2024 12:00:00 AM","P-764","Purchase","Rafay Homeopathic Store","Credit","","0","0","Affan","278",""
"3845","10/3/2024 12:00:00 AM","S-3074","Invoice","Rafay Homeopathic Store","Credit","","0","0","Afan","120","0"
"3846","10/3/2024 12:00:00 AM","S-3075","Invoice","Dr Abdul Shakoor Memon","Credit","","0","0","Affan","4777","0"
"3847","10/3/2024 12:00:00 AM","S-3076","Invoice","Dr Abdul Shakoor Memon","Credit","","0","0","Affan","960","0"
"3848","10/3/2024 12:00:00 AM","S-3077","Invoice","Dr Abdul Shakoor Memon","Credit","","0","0","Affan","500","0"
"3849","10/3/2024 12:00:00 AM","S-3078","Invoice","Cash In Hand","Cash","Cash In Hand","0","0","Affan","150","150"
"3850","10/3/2024 12:00:00 AM","S-3079","Invoice","Cash In Hand","Cash","Cash In Hand","0","0","sheraz","1390","1390"
"3851","10/3/2024 12:00:00 AM","S-3080","Invoice","Cash In Hand","Cash","Cash In Hand","0","0","sheraz","1500","1500"
"3852","10/3/2024 12:00:00 AM","S-3081","Invoice","Cash In Hand","Cash","Cash In Hand","0","0","Affan","1150","1150"
"3853","10/3/2024 12:00:00 AM","S-3082","Invoice","Muslim Homoeopathic Store LPR ","Credit","","0","0","Affan","446","0"
"3854","10/3/2024 12:00:00 AM","P-765","Purchase","Muslim Homoeopathic Store LPR ","Credit","","0","0","Affan","220",""
"3855","10/3/2024 12:00:00 AM","P-766","Purchase","Rafay Homeopathic Store","Credit","","0","0","Affan","123",""
"3856","10/3/2024 12:00:00 AM","P-767","Purchase","Affan Bilal H/S (HYD)","Credit","","0","0","Affan","2500",""
"3857","10/3/2024 12:00:00 AM","P-768","Purchase","German Homeopathic Store (Dr Saqib Khan)","Credit","","0","0","usama","2390",""
"3858","10/3/2024 12:00:00 AM","S-3083","Invoice","Cash In Hand","Cash","Cash In Hand","0","0","usama","350","350"
"3859","10/5/2024 12:00:00 AM","P-769","Purchase","BM Pvt LTD","Credit","","0","0","Affan","11244",""
"3860","10/5/2024 12:00:00 AM","S-3084","Invoice","Cash In Hand","Cash","Cash In Hand","0","0","Affan","470","470"
"3861","10/5/2024 12:00:00 AM","S-3085","Invoice","Cash In Hand","Cash","Cash In Hand","0","0","Affan","1000","1000"
"3862","10/5/2024 12:00:00 AM","S-3086","Invoice","Cash In Hand","Cash","Cash In Hand","0","0","Affan","5103","5100"
"3863","10/5/2024 12:00:00 AM","S-3087","Invoice","Cash In Hand","Cash","Cash In Hand","0","0","Affan","1000","1000"
"3864","10/5/2024 12:00:00 AM","S-3088","Invoice","Cash In Hand","Cash","Cash In Hand","0","0","Affan","500","500"
"3865","10/5/2024 12:00:00 AM","S-3089","Invoice","Cash In Hand","Cash","Cash In Hand","0","0","Affan","1200","1200"
"3866","10/5/2024 12:00:00 AM","S-3090","Invoice","Cash In Hand","Cash","Cash In Hand","0","0","Affan","1900","1900"
"3867","10/5/2024 12:00:00 AM","S-3091","Invoice","Cash In Hand","Cash","Cash In Hand","0","0","Affan","130","130"
"3868","10/5/2024 12:00:00 AM","S-3092","Invoice","Cash In Hand","Cash","Cash In Hand","0","0","Affan","6000","6000"
"3869","10/5/2024 12:00:00 AM","S-3093","Invoice","Noman Homeopathic Store","Credit","","0","0","Affan","7936","0"
"3870","10/5/2024 12:00:00 AM","S-3094","Invoice","Shalimar Homoeo Store LPR","Credit","","0","0","Affan","2136","0"
"3871","10/5/2024 12:00:00 AM","S-3095","Invoice","Al-Khadija Homoeo Store (HYD)","Credit","","0","0","Affan","161","0"
"3872","10/5/2024 12:00:00 AM","S-3096","Invoice","Dua Homoeopathic Store ","Credit","","0","0","Affan","385","0"
"3873","10/5/2024 12:00:00 AM","S-3097","Invoice","Mughal H/S","Credit","","0","0","Affan","234","0"
"3874","10/5/2024 12:00:00 AM","S-3098","Invoice","Muslim Homoeopathic Store LPR ","Credit","","0","0","Affan","125","0"
"3875","10/5/2024 12:00:00 AM","S-3099","Invoice","Chand Homoeopathic Store","Credit","","0","0","Affa4","228","0"
"3876","10/5/2024 12:00:00 AM","S-3100","Invoice","Bilal Homoeopathic Store","Credit","","0","0","Affan","2133","0"
"3877","10/5/2024 12:00:00 AM","S-3101","Invoice","Tawaqal Homoeopathic Store","Credit","","0","0","Affan","1087","0"
"3878","10/5/2024 12:00:00 AM","S-3102","Invoice","Pakistan H/S LPR","Credit","","0","0","Affan","413","0"
"3879","10/5/2024 12:00:00 AM","S-3103","Invoice","Waheed Bhai","Credit","","0","0","usama","1089","0"
"3880","10/5/2024 12:00:00 AM","S-3104","Invoice","Waheed Bhai","Credit","","0","0","usama","691","0"
"3881","10/5/2024 12:00:00 AM","S-3105","Invoice","Hassan Homeopathic Store","Cash","Cash In Hand","0","0","Affan","1495","1500"
"3882","10/5/2024 12:00:00 AM","S-3106","Invoice","Muslim Homoeopathic Store LPR ","Credit","","0","0","Affan","241","0"
"3883","10/5/2024 12:00:00 AM","P-770","Purchase","Hassan Homeopathic Store","Credit","","0","0","Affan","1222",""
"3884","10/5/2024 12:00:00 AM","P-771","Purchase","Sheroze H/S Muzzamil ","Credit","","0","0","Affan","36",""
"3885","10/5/2024 12:00:00 AM","P-772","Purchase","Star Homoeo Store","Credit","","0","0","Affan","24",""
"3886","10/5/2024 12:00:00 AM","S-3107","Invoice","Cash In Hand","Cash","Cash In Hand","0","0","Affan","1221","1200"
"3887","10/6/2024 12:00:00 AM","S-3108","Invoice","Cash In Hand","Cash","Cash In Hand","0","0","Affan","1840","1840"
"3888","10/6/2024 12:00:00 AM","S-3109","Invoice","Cash In Hand","Cash","Cash In Hand","0","0","Affan","561","560"
"3889","10/6/2024 12:00:00 AM","S-3110","Invoice","Cash In Hand","Cash","Cash In Hand","0","0","Affan","302","300"
"3890","10/6/2024 12:00:00 AM","S-3111","Invoice","Cash In Hand","Cash","Cash In Hand","0","0","Affan","240","240"
"3891","10/6/2024 12:00:00 AM","S-3112","Invoice","Cash In Hand","Cash","Cash In Hand","0","0","Affan","5900","5900"
"3892","10/6/2024 12:00:00 AM","S-3113","Invoice","Cash In Hand","Cash","Cash In Hand","0","0","Affan","300","300"
"3893","10/6/2024 12:00:00 AM","S-3114","Invoice","Cash In Hand","Cash","Cash In Hand","0","0","Affan","350","350"
"3894","10/6/2024 12:00:00 AM","S-3115","Invoice","Cash In Hand","Cash","Cash In Hand","0","0","Affan","350","350"
"3895","10/6/2024 12:00:00 AM","S-3116","Invoice","Tawaqal Homoeopathic Store","Credit","","0","0","Affan","988","0"
"3896","10/6/2024 12:00:00 AM","S-3117","Invoice","Sheroze H/S Muzzamil ","Credit","","0","0","Afan","2963","0"
"3897","10/6/2024 12:00:00 AM","S-3118","Invoice","Muslim Homoeopathic Store LPR ","Credit","","0","0","Affan","117","0"
"3898","10/6/2024 12:00:00 AM","S-3119","Invoice","Bilal Homoeopathic Store","Credit","","0","0","Affan","238","0"
"3899","10/6/2024 12:00:00 AM","S-3120","Invoice","Noman Homeopathic Store","Credit","","0","0","Affan","1117","0"
"3900","10/6/2024 12:00:00 AM","S-3121","Invoice","Sohail Homoeo & Harbal Store","Credit","","0","0","Affan","462","0"
"3901","10/6/2024 12:00:00 AM","S-3122","Invoice","Noman Homeopathic Store","Credit","","0","0","Affan","759","0"
"3902","10/6/2024 12:00:00 AM","S-3123","Invoice","Cash In Hand","Cash","Cash In Hand","0","0","Affan","500","500"
"3903","10/6/2024 12:00:00 AM","S-3124","Invoice","Dua Homoeopathic Store ","Credit","","0","0","Affan","628","0"
"3904","10/6/2024 12:00:00 AM","S-3125","Invoice","Al-Khadija Homoeo Store (HYD)","Credit","","0","0","Affan","174","0"
"3905","10/6/2024 12:00:00 AM","S-3126","Invoice","Jameel H/S LPR","Credit","","0","0","Affan","806","0"
"3906","10/6/2024 12:00:00 AM","S-3127","Invoice","Shalimar Homoeo Store LPR","Credit","","0","0","Afan","812","0"
"3907","10/6/2024 12:00:00 AM","S-3128","Invoice","Cash In Hand","Cash","Cash In Hand","0","0","Affan","940","940"
"3908","10/6/2024 12:00:00 AM","P-773","Purchase","Bilal Homoeopathic Store","Credit","","0","0","Affan","119",""
"3909","10/6/2024 12:00:00 AM","S-3129","Invoice","Cash In Hand","Cash","Cash In Hand","0","0","Affan","1000","1000"
"3910","10/6/2024 12:00:00 AM","S-3130","Invoice","Hakeem Qurban Ali (T.G.A)","Credit","","0","0","raza","360","0"
"3911","10/7/2024 12:00:00 AM","P-774","Purchase","(GHR) HOMOEO PHARMA ","Credit","","0","0","Affan","239904",""
"3912","10/7/2024 12:00:00 AM","S-3131","Invoice","Cash In Hand","Cash","Cash In Hand","0","0","Affan","150","150"
"3913","10/7/2024 12:00:00 AM","S-3132","Invoice","Cash In Hand","Cash","Cash In Hand","0","0","Hamza","300","300"
"3914","10/7/2024 12:00:00 AM","S-3133","Invoice","Cash In Hand","Cash","Cash In Hand","0","0","Affan ","400","400"
"3915","10/7/2024 12:00:00 AM","S-3134","Invoice","Cash In Hand","Cash","Cash In Hand","0","0","Affan","850","850"
"3916","10/7/2024 12:00:00 AM","S-3135","Invoice","Akram Pansar Tando Allah Yar","Credit","","0","0","Affan","4368","0"
"3917","10/7/2024 12:00:00 AM","S-3136","Invoice","Areez pansar store (Tando Alayar)","Credit","","0","0","Affan","10483","0"
"3918","10/7/2024 12:00:00 AM","S-3137","Invoice","Cash In Hand","Cash","Cash In Hand","0","0","Affan","1100","1100"
"3919","10/7/2024 12:00:00 AM","S-3138","Invoice","Jindran M/S (Tando Adam)","Credit","","0","0","Affan","20381","0"
"3920","10/7/2024 12:00:00 AM","S-3139","Invoice","Cash In Hand","Cash","Cash In Hand","0","0","Affan","450","450"
"3921","10/7/2024 12:00:00 AM","P-775","Purchase","Pakistan H/S LPR","Credit","","0","0","Affan","413",""
"3922","10/7/2024 12:00:00 AM","S-3140","Invoice","Bilal Homoeopathic Store","Credit","","0","0","Affan","161","0"
"3923","10/7/2024 12:00:00 AM","S-3141","Invoice","Chand Homoeopathic Store","Credit","","0","0","Affan","338","0"
"3924","10/7/2024 12:00:00 AM","S-3142","Invoice","Al-Khadija Homoeo Store (HYD)","Credit","","0","0","Affan","1770","0"
"3925","10/7/2024 12:00:00 AM","S-3143","Invoice","Noman Homeopathic Store","Credit","","0","0","Affan","2308","0"
"3926","10/7/2024 12:00:00 AM","S-3144","Invoice","Dua Homoeopathic Store ","Credit","","0","0","Affan","749","0"
"3927","10/7/2024 12:00:00 AM","S-3145","Invoice","Sohail Homoeo & Harbal Store","Credit","","0","0","Affan","187","0"
"3928","10/7/2024 12:00:00 AM","S-3146","Invoice","Muslim Homoeopathic Store LPR ","Credit","","0","0","Affan","1139","0"
"3929","10/7/2024 12:00:00 AM","S-3147","Invoice","Rafay Homeopathic Store","Credit","","0","0","Affan","1045","0"
"3930","10/7/2024 12:00:00 AM","S-3148","Invoice","Star Homoeo Store","Credit","","0","0","Affan","500","0"
"3931","10/7/2024 12:00:00 AM","S-3149","Invoice","Jameel H/S LPR","Credit","","0","0","Affan","238","0"
"3932","10/7/2024 12:00:00 AM","S-3150","Invoice","Mughal H/S","Credit","","0","0","Affan","114","0"
"3933","10/7/2024 12:00:00 AM","S-3151","Invoice","Cash In Hand","Cash","Cash In Hand","0","0","Affan","200","200"
"3934","10/7/2024 12:00:00 AM","S-3152","Invoice","Cash In Hand","Cash","Cash In Hand","0","0","Affan","200","200"
"3935","10/7/2024 12:00:00 AM","S-3153","Invoice","Bhej Pagara Madical Store (SANGER)","Credit","","0","0","raza","675","0"
"3936","10/8/2024 12:00:00 AM","S-3154","Invoice","Cash In Hand","Cash","Cash In Hand","0","0","Affan","1900","1900"
"3937","10/8/2024 12:00:00 AM","S-3155","Invoice","Cash In Hand","Cash","Cash In Hand","0","0","Affan","450","450"
"3938","10/8/2024 12:00:00 AM","S-3156","Invoice","Cash In Hand","Cash","Cash In Hand","0","0","Affan","900","900"
"3939","10/8/2024 12:00:00 AM","S-3157","Invoice","Cash In Hand","Cash","Cash In Hand","0","0","Affan","500","500"
"3940","10/8/2024 12:00:00 AM","P-776","Purchase","Al-Khadija Homoeo Store (HYD)","Credit","","0","0","Affan","195",""
"3941","10/8/2024 12:00:00 AM","P-777","Purchase","Bilal Homoeopathic Store","Credit","","0","0","Affan","133",""
"3942","10/8/2024 12:00:00 AM","P-778","Purchase","Jameel H/S LPR","Credit","","0","0","Affan","796",""
"3943","10/8/2024 12:00:00 AM","P-779","Purchase","Rafay Homeopathic Store","Credit","","0","0","Affan","145",""
"3944","10/8/2024 12:00:00 AM","S-3158","Invoice","Al-Khadija Homoeo Store (HYD)","Credit","","0","0","Affan","346","0"
"3945","10/8/2024 12:00:00 AM","S-3159","Invoice","Sheroze H/S Muzzamil ","Credit","","0","0","Affsn","652","0"
"3946","10/8/2024 12:00:00 AM","S-3160","Invoice","Muslim Homoeopathic Store LPR ","Credit","","0","0","Affan","363","0"
"3947","10/8/2024 12:00:00 AM","S-3161","Invoice","Chand Homoeopathic Store","Credit","","0","0","Affan","966","0"
"3948","10/8/2024 12:00:00 AM","S-3162","Invoice","Noman Homeopathic Store","Credit","","0","0","Affan","4386","0"
"3949","10/8/2024 12:00:00 AM","S-3163","Invoice","Jameel H/S LPR","Credit","","0","0","Affan","119","0"
"3950","10/8/2024 12:00:00 AM","S-3164","Invoice","Pakistan H/S LPR","Credit","","0","0","Affan","161","0"
"3951","10/8/2024 12:00:00 AM","S-3165","Invoice","Bilal Homoeopathic Store","Credit","","00","0","Affan","290","0"
"3952","10/8/2024 12:00:00 AM","S-3166","Invoice","Dua Homoeopathic Store ","Credit","","0","0","Afan","290","0"
"3953","10/8/2024 12:00:00 AM","S-3167","Invoice","Sohail Homoeo & Harbal Store","Credit","","0","0","Affan","3663","0"
"3954","10/8/2024 12:00:00 AM","S-3168","Invoice","Rafay Homeopathic Store","Credit","","0","0","Affan","162","0"
"3955","10/8/2024 12:00:00 AM","P-780","Purchase","Muslim Homoeopathic Store LPR ","Credit","","0","0","Affan","124",""
"3956","10/8/2024 12:00:00 AM","S-3169","Invoice","Cash In Hand","Cash","Cash In Hand","0","0","Affan","608","600"
"3957","10/8/2024 12:00:00 AM","P-781","Purchase","Dua Homoeopathic Store ","Credit","","0","0","Affan","196",""
"3958","10/8/2024 12:00:00 AM","P-782","Purchase","Tawaqal Homoeopathic Store","Credit","","0","0","Affan","1000",""
"3959","10/9/2024 12:00:00 AM","S-3170","Invoice","Cash In Hand","Cash","Cash In Hand","0","0","Affan","1850","1850"
"3960","10/9/2024 12:00:00 AM","S-3171","Invoice","Cash In Hand","Cash","Cash In Hand","0","0","Affan","240","240"
"3961","10/9/2024 12:00:00 AM","S-3172","Invoice","Cash In Hand","Cash","Cash In Hand","0","0","Afan","200","200"
"3962","10/9/2024 12:00:00 AM","S-3173","Invoice","Cash In Hand","Cash","Cash In Hand","0","0","Affan","600","600"
"3963","10/9/2024 12:00:00 AM","S-3174","Invoice","Cash In Hand","Cash","Cash In Hand","0","0","Affan","150","150"
"3964","10/9/2024 12:00:00 AM","S-3175","Invoice","Cash In Hand","Cash","Cash In Hand","0","0","Affan","550","550"
"3965","10/9/2024 12:00:00 AM","S-3176","Invoice","Haji Sawan","Credit","","0","0","Affan","3385","0"
"3966","10/9/2024 12:00:00 AM","S-3177","Invoice","Cash In Hand","Cash","Cash In Hand","0","0","Affan","500","500"
"3967","10/9/2024 12:00:00 AM","S-3178","Invoice","Cash In Hand","Cash","Cash In Hand","0","0","Affan","1000","1000"
"3968","10/9/2024 12:00:00 AM","S-3179","Invoice","Dua Homoeopathic Store ","Credit","","0","0","Affan","2054","0"
"3969","10/9/2024 12:00:00 AM","S-3180","Invoice","Al-Khadija Homoeo Store (HYD)","Credit","","0","0","Affan","567","0"
"3970","10/9/2024 12:00:00 AM","S-3181","Invoice","Sohail Homoeo & Harbal Store","Credit","","0","0","Affan","161","0"
"3971","10/9/2024 12:00:00 AM","S-3182","Invoice","Muslim Homoeopathic Store LPR ","Credit","","0","0","Affan","369","0"
"3972","10/9/2024 12:00:00 AM","S-3183","Invoice","Noman Homeopathic Store","Credit","","0","0","Affan","3849","0"
"3973","10/9/2024 12:00:00 AM","S-3184","Invoice","Pakistan H/S LPR","Credit","","0","0","Affan","228","0"
"3974","10/9/2024 12:00:00 AM","S-3185","Invoice","Rafay Homeopathic Store","Credit","","0","0","Affa4","138","0"
"3975","10/9/2024 12:00:00 AM","S-3186","Invoice","Shalimar Homoeo Store LPR","Credit","","0","0","Affan","255","0"
"3976","10/9/2024 12:00:00 AM","S-3187","Invoice","Sheroze H/S Muzzamil ","Credit","","0","0","Affan","792","0"
"3977","10/9/2024 12:00:00 AM","S-3188","Invoice","Cash In Hand","Cash","Cash In Hand","0","0","Affan","1100","1100"
"3978","10/9/2024 12:00:00 AM","P-783","Purchase","Dua Homoeopathic Store ","Credit","","0","0","Affan","196",""
"3979","10/9/2024 12:00:00 AM","S-3189","Invoice","Cash In Hand","Cash","Cash In Hand","0","0","Affan","350","350"
"3980","10/9/2024 12:00:00 AM","P-784","Purchase","Noman Homeopathic Store","Credit","","0","0","Affan","714",""
"3981","10/10/2024 12:00:00 AM","S-3190","Invoice","Cash In Hand","Cash","Cash In Hand","0","0","Affan","852","850"
"3982","10/10/2024 12:00:00 AM","P-785","Purchase","BM Pvt LTD","Credit","","0","0","Affan","60008",""
"3983","10/10/2024 12:00:00 AM","S-3191","Invoice","Cash In Hand","Cash","Cash In Hand","0","0","Affan","400","400"
"3984","10/10/2024 12:00:00 AM","S-3192","Invoice","Cash In Hand","Cash","Cash In Hand","0","0","Affan","2993","2993"
"3985","10/10/2024 12:00:00 AM","S-3193","Invoice","L/Dr Najma Bloch ","Credit","","0","0","usama","2412","0"
"3986","10/10/2024 12:00:00 AM","S-3194","Invoice","Noman Homeopathic Store","Credit","","0","0","Affan","10455","0"
"3987","10/10/2024 12:00:00 AM","S-3195","Invoice","Muslim Homoeopathic Store LPR ","Credit","","0","0","Affan","1809","0"
"3988","10/10/2024 12:00:00 AM","S-3196","Invoice","Dr Abdul Shakoor Memon","Credit","","0","0","Affan","3527","0"
"3989","10/10/2024 12:00:00 AM","S-3197","Invoice","Tawaqal Homoeopathic Store","Credit","","0","0","Affan","525","0"
"3990","10/10/2024 12:00:00 AM","S-3198","Invoice","Al-Khadija Homoeo Store (HYD)","Credit","","0","0","Affan","126","0"
"3991","10/10/2024 12:00:00 AM","S-3199","Invoice","Rafay Homeopathic Store","Credit","","0","0","Affan","328","0"
"3992","10/10/2024 12:00:00 AM","S-3200","Invoice","Chand Homoeopathic Store","Credit","","0","0","Affan","182","0"
"3993","10/10/2024 12:00:00 AM","S-3201","Invoice","Jameel H/S LPR","Credit","","0","0","Affan","728","0"
"3994","10/10/2024 12:00:00 AM","S-3202","Invoice","Sufi Homeopathic Store","Credit","","0","0","Affan","864","0"
"3995","10/10/2024 12:00:00 AM","S-3203","Invoice","Cash In Hand","Cash","Cash In Hand","40","0","usama","2000","2000"
"3996","10/12/2024 12:00:00 AM","S-3204","Invoice","Dr Ajaab Khan (Khanoot)","Credit","","0","0","usama","7456","0"
"3997","10/12/2024 12:00:00 AM","S-3205","Invoice","Cash In Hand","Cash","Cash In Hand","0","0","usama","1280","1280"
"3998","10/12/2024 12:00:00 AM","S-3206","Invoice","Cash In Hand","Cash","Cash In Hand","0","0","usama","350","350"
"3999","10/12/2024 12:00:00 AM","S-3207","Invoice","Hassan Homeopathic Store","Credit","","0","0","Affan","10241","0"
"4000","10/12/2024 12:00:00 AM","P-786","Purchase","Hassan Homeopathic Store","Credit","","0","0","Affan","1485",""
"4001","10/12/2024 12:00:00 AM","P-787","Purchase","Hassan Homeopathic Store","Credit","","0","0","Affan","114",""
"4002","10/12/2024 12:00:00 AM","S-3208","Invoice","Cash In Hand","Cash","Cash In Hand","0","0","usama","400","400"
"4003","10/12/2024 12:00:00 AM","S-3209","Invoice","Muslim Homoeopathic Store LPR ","Credit","","0","0","uasma","6193","0"
"4004","10/12/2024 12:00:00 AM","S-3210","Invoice","Noman Homeopathic Store","Credit","","0","0","usama","11050","0"
"4005","10/12/2024 12:00:00 AM","S-3211","Invoice","Dua Homoeopathic Store ","Credit","","0","0","usama","1145","0"
"4006","10/12/2024 12:00:00 AM","S-3212","Invoice","Chand Homoeopathic Store","Credit","","0","0","usama","112","0"
"4007","10/12/2024 12:00:00 AM","S-3213","Invoice","Rafay Homeopathic Store","Credit","","0","0","uasma","417","0"
"4008","10/12/2024 12:00:00 AM","S-3214","Invoice","Tawaqal Homoeopathic Store","Credit","","0","0","usama","357","0"
"4009","10/12/2024 12:00:00 AM","S-3215","Invoice","Bilal Homoeopathic Store","Credit","","0","0","usama","2084","0"
"4010","10/12/2024 12:00:00 AM","S-3216","Invoice","Sohail Homoeo & Harbal Store","Credit","","0","0","usama","462","0"
"4011","10/12/2024 12:00:00 AM","S-3217","Invoice","Pakistan H/S LPR","Credit","","0","0","usama","196","0"
"4012","10/12/2024 12:00:00 AM","S-3218","Invoice","Cash In Hand","Cash","Cash In Hand","0","0","uasma","130","130"
"4013","10/12/2024 12:00:00 AM","S-3219","Invoice","Sohail Homoeo & Harbal Store","Credit","","0","0","usama","330","0"
"4014","10/12/2024 12:00:00 AM","S-3220","Invoice","Cash In Hand","Cash","Cash In Hand","0","0","usama","560","560"
"4015","10/12/2024 12:00:00 AM","S-3221","Invoice","Cash In Hand","Cash","Cash In Hand","0","0","usama","200","200"
"4016","10/12/2024 12:00:00 AM","P-788","Purchase","Dua Homoeopathic Store ","Credit","","0","0","usama","95",""
"4017","10/13/2024 12:00:00 AM","S-3222","Invoice","Cash In Hand","Cash","Cash In Hand","0","0","usama","1074","1080"
"4018","10/13/2024 12:00:00 AM","S-3223","Invoice","Cash In Hand","Cash","Cash In Hand","0","0","sheraz","140","140"
"4019","10/13/2024 12:00:00 AM","S-3224","Invoice","Cash In Hand","Cash","Cash In Hand","0","0","sheraz","150","150"
"4020","10/13/2024 12:00:00 AM","P-789","Purchase","BM Pvt LTD","Credit","","0","0","Affan","111279",""
"4021","10/13/2024 12:00:00 AM","S-3225","Invoice","Dr Lal Bux Gopang (Piro Lashari)","Credit","","0","0","Affan","4390","0"
"4022","10/13/2024 12:00:00 AM","S-3226","Invoice","Cash In Hand","Cash","Cash In Hand","0","0","uasma","2800","2800"
"4023","10/13/2024 12:00:00 AM","S-3227","Invoice","Star Homoeo Store","Credit","","0","0","Affan","170","0"
"4024","10/13/2024 12:00:00 AM","S-3228","Invoice","Bilal Homoeopathic Store","Credit","","0","0","Affan","224","0"
"4025","10/13/2024 12:00:00 AM","S-3229","Invoice","Dua Homoeopathic Store ","Credit","","-","0","Affsn","122","0"
"4026","10/13/2024 12:00:00 AM","S-3230","Invoice","Muslim Homoeopathic Store LPR ","Credit","","0","0","Affan","813","0"
"4027","10/13/2024 12:00:00 AM","S-3231","Invoice","Rafay Homeopathic Store","Credit","","0","0","Affan","360","0"
"4028","10/13/2024 12:00:00 AM","S-3232","Invoice","Tawaqal Homoeopathic Store","Credit","","0","0","Affan","209","0"
"4029","10/13/2024 12:00:00 AM","S-3233","Invoice","Noman Homeopathic Store","Credit","","0","0","Affan","2761","0"
"4030","10/13/2024 12:00:00 AM","S-3234","Invoice","Dr Tayyab (Tando Adam)","Credit","","0","0","Affan","4490","0"
"4031","10/13/2024 12:00:00 AM","S-3235","Invoice","Dr Tayyab (Tando Adam)","Credit","","0","0","Affan","114","0"
"4032","10/13/2024 12:00:00 AM","S-3236","Invoice","Hassan Homeopathic Store","Credit","","0","0","Affan","7774","0"
"4033","10/14/2024 12:00:00 AM","S-3237","Invoice","Cash In Hand","Cash","Cash In Hand","0","0","Affan","850","850"
"4034","10/14/2024 12:00:00 AM","S-3238","Invoice","Cash In Hand","Cash","Cash In Hand","0","0","Affan","150","150"
"4035","10/14/2024 12:00:00 AM","S-3239","Invoice","Cantimade Traders","Cash","Cash In Hand","00","0","Affan","200","200"
"4036","10/14/2024 12:00:00 AM","S-3240","Invoice","Danish saleman","Credit","","0","0","usama","35385","0"
"4037","10/14/2024 12:00:00 AM","S-3241","Invoice","Cash In Hand","Cash","Cash In Hand","0","0","Affan","300","0"
"4038","10/14/2024 12:00:00 AM","S-3242","Invoice","Cash In Hand","Cash","Cash In Hand","0","0","Affan","150","0"
"4039","10/14/2024 12:00:00 AM","S-3243","Invoice","Cash In Hand","Cash","Cash In Hand","0","0","Affan","680","0"
"4040","10/14/2024 12:00:00 AM","S-3244","Invoice","Noman Homeopathic Store","Credit","","0","0","Afan","1398","0"
"4041","10/14/2024 12:00:00 AM","S-3245","Invoice","Rafay Homeopathic Store","Credit","","0","0","Affan","3450","0"
"4042","10/14/2024 12:00:00 AM","S-3246","Invoice","Sohail Homoeo & Harbal Store","Credit","","0","0","Affan","209","0"
"4043","10/14/2024 12:00:00 AM","S-3247","Invoice","Muslim Homoeopathic Store LPR ","Credit","","0","0","Affan","104","0"
"4044","10/14/2024 12:00:00 AM","S-3248","Invoice","Dua Homoeopathic Store ","Credit","","0","0","Affan","350","0"
"4045","10/14/2024 12:00:00 AM","S-3249","Invoice","Sindh Homeopathic Store","Credit","","0","0","Affan","224","0"
"4046","10/14/2024 12:00:00 AM","S-3250","Invoice","Bilal Homoeopathic Store","Credit","","0","0","Affan","1336","0"
"4047","10/14/2024 12:00:00 AM","S-3251","Invoice","Tawaqal Homoeopathic Store","Credit","","0","0","Affan","245","0"
"4048","10/14/2024 12:00:00 AM","P-790","Purchase","Chand Homoeopathic Store","Credit","","0","0","Affan","614",""
"4049","10/14/2024 12:00:00 AM","S-3252","Invoice","German Homeopathic Store (Dr Saqib Khan)","Credit","","0","0","Affan","888","0"
"4050","10/14/2024 12:00:00 AM","S-3253","Invoice","German Homeopathic Store (Dr Saqib Khan)","Credit","","0","0","Affan","5832","0"
"4051","10/14/2024 12:00:00 AM","S-3254","Invoice","Hassan Homeopathic Store","Credit","","0","0","Affan","4800","0"
"4052","10/14/2024 12:00:00 AM","P-791","Purchase","Rafay Homeopathic Store","Credit","","0","0","Affan","2292",""
"4053","10/14/2024 12:00:00 AM","S-3255","Invoice","Muslim Homoeopathic Store LPR ","Credit","","0","0","usama","418","0"
"4054","10/15/2024 12:00:00 AM","S-3256","Invoice","Cash In Hand","Cash","Cash In Hand","0","0","Affan","290","0"
"4055","10/15/2024 12:00:00 AM","P-792","Purchase","BLOSSOM ","Credit","","0","0","Affan","37487",""
"4056","10/15/2024 12:00:00 AM","P-793","Purchase","Kent Homoeopathic Pharmacy","Credit","","0","0","Affan","247689",""
"4057","10/15/2024 12:00:00 AM","S-3257","Invoice","Hakeem Dainsh (kunri)","Credit","","0","0","Affan","60000","0"
"4058","10/15/2024 12:00:00 AM","S-3258","Invoice","Hakeem Dainsh (kunri)","Credit","","0","0","Affan","6240","0"
"4059","10/15/2024 12:00:00 AM","S-3259","Invoice","Dr Manzoor (Shah Pur Janiya)","Credit","","0","0","Affan","9199","0"
"4060","10/15/2024 12:00:00 AM","S-3260","Invoice","Dr Manzoor (Shah Pur Janiya)","Credit","","0","0","Affan","3130","0"
"4061","10/15/2024 12:00:00 AM","S-3261","Invoice","Dr Manzoor (Shah Pur Janiya)","Credit","","0","0","Affan","11700","0"
"4062","10/15/2024 12:00:00 AM","S-3262","Invoice","DR Maqsood (Larkana)","Credit","","0","0","Affan","5951","0"
"4063","10/15/2024 12:00:00 AM","P-794","Purchase","B.H.P Laboratory (PVT) LTD ","Credit","","0","0","Affan","29730",""
"4064","10/15/2024 12:00:00 AM","S-3263","Invoice","Dr Akram Malik (Shahdadpure)","Credit","","0","0","Affan","5873","0"
"4065","10/15/2024 12:00:00 AM","S-3264","Invoice","Bilal Homoeopathic Store","Credit","","0","0","Affan","1826","0"
"4066","10/15/2024 12:00:00 AM","S-3265","Invoice","Noman Homeopathic Store","Credit","","0","0","Affan","5902","0"
"4067","10/15/2024 12:00:00 AM","S-3266","Invoice","Hassan Homeopathic Store","Credit","","0","0","Affan","5412","0"
"4068","10/15/2024 12:00:00 AM","S-3267","Invoice","Sheroze H/S Muzzamil ","Credit","","0","0","Affan","2812","0"
"4069","10/15/2024 12:00:00 AM","S-3268","Invoice","Muslim Homoeopathic Store LPR ","Credit","","0","0","Affan","579","0"
"4070","10/15/2024 12:00:00 AM","S-3269","Invoice","German Homeopathic Store (Dr Saqib Khan)","Credit","","0","0","Affan","378","0"
"4071","10/15/2024 12:00:00 AM","S-3270","Invoice","Rafay Homeopathic Store","Credit","","0","0","Affan","2734","0"
"4072","10/15/2024 12:00:00 AM","S-3271","Invoice","Jameel H/S LPR","Credit","","0","0","Affan","553","0"
"4073","10/15/2024 12:00:00 AM","S-3272","Invoice","Pakistan H/S LPR","Credit","","0","0","Affan","357","0"
"4074","10/15/2024 12:00:00 AM","S-3273","Invoice","Cash In Hand","Cash","Cash In Hand","0","0","usama","550","0"
"4075","10/15/2024 12:00:00 AM","S-3274","Invoice","Cash In Hand","Credit","","0","0","uasma","180","0"
"4076","10/15/2024 12:00:00 AM","P-795","Purchase","Bilal Homoeopathic Store","Credit","","0","0","Affan","124",""
"4077","10/15/2024 12:00:00 AM","P-796","Purchase","German Homeopathic Store (Dr Saqib Khan)","Credit","","0","0","Affan","3330",""
"4078","10/15/2024 12:00:00 AM","P-797","Purchase","Hassan Homeopathic Store","Credit","","0","0","Affan","5959",""
"4079","10/15/2024 12:00:00 AM","P-798","Purchase","Jameel H/S LPR","Credit","","0","0","Affan","398",""
"4080","10/15/2024 12:00:00 AM","P-799","Purchase","Mughal H/S","Credit","","0","0","Affan","34",""
"4081","10/15/2024 12:00:00 AM","P-800","Purchase","Muslim Homoeopathic Store LPR ","Credit","","0","0","Affan","418",""
"4082","10/15/2024 12:00:00 AM","P-801","Purchase","Rafay Homeopathic Store","Credit","","0","0","Affan","137",""
"4083","10/15/2024 12:00:00 AM","P-802","Purchase","Shalimar Homoeo Store LPR","Credit","","0","0","Affan","11",""
"4084","10/15/2024 12:00:00 AM","P-803","Purchase","Sohail Homoeo & Harbal Store","Credit","","0","0","Affan","114",""
"4085","10/15/2024 12:00:00 AM","P-804","Purchase","Sufi Homeopathic Store","Credit","","0","0","Affan","164",""
"4086","10/15/2024 12:00:00 AM","P-805","Purchase","Star Homoeo Store","Credit","","0","0","Affan","50",""
"4087","10/16/2024 12:00:00 AM","S-3275","Invoice","Dr Shabbir (Odero Lal)","Credit","","0","0","usama","11332","0"
"4088","10/16/2024 12:00:00 AM","S-3276","Invoice","Cash In Hand","Cash","Cash In Hand","0","0","Affan","2000","0"
"4089","10/16/2024 12:00:00 AM","S-3277","Invoice","Cash In Hand","Cash","Cash In Hand","0","0","Affan","350","0"
"4090","10/16/2024 12:00:00 AM","S-3278","Invoice","Cash In Hand","Cash","Cash In Hand","0","0","sheraz","350","0"
"4091","10/16/2024 12:00:00 AM","S-3279","Invoice","Cash In Hand","Cash","Cash In Hand","0","0","Affan","161","0"
"4092","10/16/2024 12:00:00 AM","S-3280","Invoice","Danish saleman","Credit","","0","0","Affan","12497","0"
"4093","10/16/2024 12:00:00 AM","S-3281","Invoice","Shahid Medical Store (Chambar)","Credit","","0","0","Affan","3494","0"
"4094","10/16/2024 12:00:00 AM","S-3282","Invoice","Hassan Homeopathic Store","Credit","","0","0","Affan","2996","0"
"4095","10/16/2024 12:00:00 AM","S-3283","Invoice","Hassan Homeopathic Store","Credit","","0","0","Affan","428","0"
"4096","10/16/2024 12:00:00 AM","S-3284","Invoice","Muslim Homoeopathic Store LPR ","Credit","","0","0","Affan","610","0"
"4097","10/16/2024 12:00:00 AM","S-3285","Invoice","Rafay Homeopathic Store","Credit","","0","0","Affan","1456","0"
"4098","10/16/2024 12:00:00 AM","S-3286","Invoice","Jameel H/S LPR","Credit","","0","0","Affan","483","0"
"4099","10/16/2024 12:00:00 AM","P-806","Purchase","Danish saleman","Credit","","0","0","Affan","1638",""
"4100","10/16/2024 12:00:00 AM","S-3287","Invoice","Dua Homoeopathic Store ","Credit","","0","0","Affan","1000","0"
"4101","10/16/2024 12:00:00 AM","S-3288","Invoice","Al-Khadija Homoeo Store (HYD)","Credit","","0","0","Affan","331","0"
"4102","10/16/2024 12:00:00 AM","S-3289","Invoice","Chand Homoeopathic Store","Credit","","0","0","Affan","440","0"
"4103","10/16/2024 12:00:00 AM","S-3290","Invoice","Noman Homeopathic Store","Credit","","0","0","Affan","4379","0"
"4104","10/16/2024 12:00:00 AM","S-3291","Invoice","Cash In Hand","Cash","Cash In Hand","0","0","usama","300","0"
"4105","10/16/2024 12:00:00 AM","S-3292","Invoice","Cash In Hand","Cash","Cash In Hand","0","0","usama","200","0"
"4106","10/16/2024 12:00:00 AM","P-807","Purchase","Rafay Homeopathic Store","Credit","","0","0","Affan","1878",""
"4107","10/16/2024 12:00:00 AM","P-808","Purchase","Hassan Homeopathic Store","Credit","","0","0","Affan","3367",""
"4108","10/16/2024 12:00:00 AM","P-809","Purchase","Cash In Hand","Credit","","0","0","Affan","78",""
"4109","10/16/2024 12:00:00 AM","P-810","Purchase","Rafay Homeopathic Store","Credit","","0","0","Affan","78",""
"4110","10/16/2024 12:00:00 AM","S-3293","Invoice","Cash In Hand","Cash","Cash In Hand","0","0","Affan","900","0"
"4111","10/17/2024 12:00:00 AM","S-3294","Invoice","Dr Jamaal Nasir (T.M.K)","Credit","","0","0","Affan","8000","0"
"4112","10/17/2024 12:00:00 AM","S-3295","Invoice","Kosar M.S (T.M.K)","Credit","","0","0","Affan","3048","0"
"4113","10/17/2024 12:00:00 AM","P-811","Purchase","Kosar M.S (T.M.K)","Credit","","0","0","Affan","1998",""
"4114","10/17/2024 12:00:00 AM","P-812","Purchase","Ameer M/S (TMK)","Credit","","0","0","Affan ","1998",""
"4115","10/17/2024 12:00:00 AM","S-3296","Invoice","Ameer M/S (TMK)","Credit","","0","0","Affan","1998","0"
"4116","10/17/2024 12:00:00 AM","S-3297","Invoice","Ameer M/S (TMK)","Credit","","0","0","Affan","1998","0"
"4117","10/17/2024 12:00:00 AM","S-3298","Invoice","Cash In Hand","Cash","Cash In Hand","","","uasma","500","0"
"4118","10/17/2024 12:00:00 AM","S-3299","Invoice","Cash In Hand","Cash","Cash In Hand","0","0","Affan","2680","0"
"4119","10/17/2024 12:00:00 AM","S-3300","Invoice","Al-Khadija Homoeo Store (HYD)","Credit","","0","0","Affan","70","0"
"4120","10/17/2024 12:00:00 AM","S-3301","Invoice","Jameel H/S LPR","Credit","","0","0","Affan","779","0"
"4121","10/17/2024 12:00:00 AM","S-3302","Invoice","Sohail Homoeo & Harbal Store","Credit","","0","0","Affan","462","0"
"4122","10/17/2024 12:00:00 AM","S-3303","Invoice","Shalimar Homoeo Store LPR","Credit","","0","0","Affan","1294","0"
"4123","10/17/2024 12:00:00 AM","S-3304","Invoice","German Homeopathic Store (Dr Saqib Khan)","Credit","","0","0","Affan","1874","0"
"4124","10/17/2024 12:00:00 AM","S-3305","Invoice","Noman Homeopathic Store","Credit","","0","0","Affan","1668","0"
"4125","10/17/2024 12:00:00 AM","S-3306","Invoice","Cash In Hand","Cash","Cash In Hand","0","0","Affan","600","0"
"4126","10/17/2024 12:00:00 AM","S-3307","Invoice","Dr Abdul Shakoor Memon","Credit","","0","0","Affan","8749","0"
"4127","10/17/2024 12:00:00 AM","S-3308","Invoice","Cash In Hand","Cash","Cash In Hand","0","0","Affan","1500","0"
"4128","10/19/2024 12:00:00 AM","P-813","Purchase","Kosar M.S (T.M.K)","Credit","","0","0","Affan","2388",""
"4129","10/19/2024 12:00:00 AM","P-814","Purchase","Ameer M/S (TMK)","Credit","","0","0","Affan","1998",""
"4130","10/19/2024 12:00:00 AM","S-3309","Invoice","Cash In Hand","Cash","Cash In Hand","0","0","sheraz","200","0"
"4131","10/19/2024 12:00:00 AM","S-3310","Invoice","Cash In Hand","Cash","Cash In Hand","0","0","Affan","1800","0"
"4132","10/19/2024 12:00:00 AM","S-3311","Invoice","Cash In Hand","Cash","Cash In Hand","0","0","Affan","3494","0"
"4133","10/19/2024 12:00:00 AM","S-3312","Invoice","Noman Homeopathic Store","Credit","","0","0","Affan","3723","0"
"4134","10/19/2024 12:00:00 AM","S-3313","Invoice","Sheroze H/S Muzzamil ","Credit","","0","0","Affan","117","0"
"4135","10/19/2024 12:00:00 AM","S-3314","Invoice","Dua Homoeopathic Store ","Credit","","0","0","Affan","224","0"
"4136","10/19/2024 12:00:00 AM","S-3315","Invoice","Jameel H/S LPR","Credit","","0","0","Affan","1076","0"
"4137","10/19/2024 12:00:00 AM","S-3316","Invoice","German Homeopathic Store (Dr Saqib Khan)","Credit","","-","0","Affan","803","0"
"4138","10/19/2024 12:00:00 AM","S-3317","Invoice","Shalimar Homoeo Store LPR","Credit","","0","0","Affan","446","0"
"4139","10/19/2024 12:00:00 AM","S-3318","Invoice","Tawaqal Homoeopathic Store","Credit","","0","0","Affan","280","0"
"4140","10/19/2024 12:00:00 AM","S-3319","Invoice","Mughal H/S","Credit","","0","0","Affan","161","0"
"4141","10/19/2024 12:00:00 AM","S-3320","Invoice","Muslim Homoeopathic Store LPR ","Credit","","0","0","Affan","1118","0"
"4142","10/19/2024 12:00:00 AM","S-3321","Invoice","Bilal Homoeopathic Store","Credit","","0","0","Affan","1204","0"
"4143","10/19/2024 12:00:00 AM","S-3322","Invoice","Hassan Homeopathic Store","Credit","","0","0","Affan","8006","0"
"4144","10/19/2024 12:00:00 AM","S-3323","Invoice","Cash In Hand","Cash","Cash In Hand","0","0","Affan","650","0"
"4145","10/20/2024 12:00:00 AM","S-3324","Invoice","Cash In Hand","Cash","Cash In Hand","0","0","sheraz","400","0"
"4146","10/20/2024 12:00:00 AM","S-3325","Invoice","Cash In Hand","Cash","Cash In Hand","0","0","sheraz","520","0"
"4147","10/20/2024 12:00:00 AM","S-3326","Invoice","Noman Homeopathic Store","Credit","","0","0","sheraz","3494","0"
"4148","10/20/2024 12:00:00 AM","S-3327","Invoice","Sheroze H/S Muzzamil ","Credit","","0","0","sheraz","1509","0"
"4149","10/20/2024 12:00:00 AM","S-3328","Invoice","Rafay Homeopathic Store","Credit","","0","0","sheraz","80","0"
"4150","10/20/2024 12:00:00 AM","S-3329","Invoice","Muslim Homoeopathic Store LPR ","Credit","","0","0","sheraz","299","0"
"4151","10/20/2024 12:00:00 AM","S-3330","Invoice","Pakistan H/S LPR","Credit","","0","0","sheraz","540","0"
"4152","10/20/2024 12:00:00 AM","S-3331","Invoice","Hoor M/S Lajpat Road","Credit","","0","0","sheraz","114","0"
"4153","10/20/2024 12:00:00 AM","S-3332","Invoice","Shalimar Homoeo Store LPR","Credit","","0","0","sheraz","3764","0"
"4154","10/20/2024 12:00:00 AM","S-3333","Invoice","Dua Homoeopathic Store ","Credit","","0","0","sheraz","208","0"
"4155","10/20/2024 12:00:00 AM","S-3334","Invoice","Cash In Hand","Cash","Cash In Hand","0","0","sheraz","360","0"
"4156","10/20/2024 12:00:00 AM","S-3335","Invoice","Cash In Hand","Cash","Cash In Hand","0","0","sheraz","600","0"
"4157","10/20/2024 12:00:00 AM","P-815","Purchase","Shalimar Homoeo Store LPR","Credit","","0","0","usama","1771",""
"4158","10/20/2024 12:00:00 AM","P-816","Purchase","H/Dr Yousuf (Kotri)","Credit","","0","0","usama","3680",""
"4159","10/20/2024 12:00:00 AM","S-3336","Invoice","Sakhi Shahbaz H/Store (Moro)","Credit","","0","0","usama","5625","0"
"4160","10/21/2024 12:00:00 AM","S-3337","Invoice","Cash In Hand","Cash","Cash In Hand","0","0","usama","2210","0"
"4161","10/21/2024 12:00:00 AM","P-817","Purchase","Hassan Homeopathic Store","Credit","","0","0","usama","4608",""
"4162","10/21/2024 12:00:00 AM","S-3338","Invoice","Sindh Homoeo Store (Noabad)","Credit","","0","0","Affan","9116","0"
"4163","10/21/2024 12:00:00 AM","S-3339","Invoice","Krishna M/S (Noabad)","Credit","","0","0","Affan","5416","0"
"4164","10/21/2024 12:00:00 AM","S-3340","Invoice","Cash In Hand","Cash","Cash In Hand","0","0","Affan","2182","0"
"4165","10/21/2024 12:00:00 AM","P-818","Purchase","German Homeopathic Store (Dr Saqib Khan)","Credit","","0","0","Affan","2004",""
"4166","10/21/2024 12:00:00 AM","P-819","Purchase","German Homeopathic Store (Dr Saqib Khan)","Credit","","0","0","Afan","123",""
"4167","10/21/2024 12:00:00 AM","S-3341","Invoice","Dua Homoeopathic Store ","Credit","","0","0","Affan","61","0"
"4168","10/21/2024 12:00:00 AM","S-3342","Invoice","Al-Khadija Homoeo Store (HYD)","Credit","","0","0","Affan","64","0"
"4169","10/21/2024 12:00:00 AM","P-820","Purchase","Al-Khadija Homoeo Store (HYD)","Credit","","0","0","Affan","60",""
"4170","10/21/2024 12:00:00 AM","P-821","Purchase","Baba Homoeo Store","Credit","","0","0","Affan","6",""
"4171","10/21/2024 12:00:00 AM","P-822","Purchase","Hassan Homeopathic Store","Credit","","0","0","Affan","47",""
"4172","10/21/2024 12:00:00 AM","P-823","Purchase","Hoor M/S Lajpat Road","Credit","","0","0","Affan","4",""
"4173","10/21/2024 12:00:00 AM","P-824","Purchase","Jameel H/S LPR","Credit","","0","0","Affan","168",""
"4174","10/21/2024 12:00:00 AM","P-825","Purchase","Muslim Homoeopathic Store LPR ","Credit","","0","0","Affan","149",""
"4175","10/21/2024 12:00:00 AM","P-826","Purchase","Sindh Homeopathic Store","Credit","","0","00","Affan","4",""
"4176","10/21/2024 12:00:00 AM","P-827","Purchase","Sohail Homoeo & Harbal Store","Credit","","0","0","Affan","2",""
"4177","10/21/2024 12:00:00 AM","S-3343","Invoice","Cash In Hand","Cash","Cash In Hand","0","0","Affan","700","0"
"4178","10/21/2024 12:00:00 AM","S-3344","Invoice","Cash In Hand","Cash","Cash In Hand","0","0","Affan","850","0"
"4179","10/21/2024 12:00:00 AM","S-3345","Invoice","German Homeopathic Store (Dr Saqib Khan)","Credit","","0","0","Afan","10043","0"
"4180","10/21/2024 12:00:00 AM","S-3346","Invoice","Sheroze H/S Muzzamil ","Credit","","0","0","Affan","431","0"
"4181","10/21/2024 12:00:00 AM","P-828","Purchase","Shalimar Homoeo Store LPR","Credit","","0","0","Afffan","381",""
"4182","10/21/2024 12:00:00 AM","S-3347","Invoice","Shalimar Homoeo Store LPR","Credit","","0","0","Affan","717","0"
"4183","10/21/2024 12:00:00 AM","S-3348","Invoice","Shalimar Homoeo Store LPR","Credit","","0","0","Affan","972","0"
"4184","10/21/2024 12:00:00 AM","S-3349","Invoice","Rafay Homeopathic Store","Credit","","0","0","Affan","840","0"
"4185","10/21/2024 12:00:00 AM","S-3350","Invoice","Tawaqal Homoeopathic Store","Credit","","0","0","Affan","529","0"
"4186","10/21/2024 12:00:00 AM","S-3351","Invoice","Muslim Homoeopathic Store LPR ","Credit","","0","0","Affan","1434","0"
"4187","10/21/2024 12:00:00 AM","S-3352","Invoice","Chand Homoeopathic Store","Credit","","0","0","Affan","1000","0"
"4188","10/21/2024 12:00:00 AM","S-3353","Invoice","Noman Homeopathic Store","Credit","","0","0","Affan","8087","0"
"4189","10/21/2024 12:00:00 AM","S-3354","Invoice","Dr Abdul Shakoor Memon","Credit","","0","0","Affan","1716","0"
"4190","10/21/2024 12:00:00 AM","S-3355","Invoice","Hassan Homeopathic Store","Cash","Cash In Hand","0","0","Affan","6065","0"
"4191","10/22/2024 12:00:00 AM","P-829","Purchase","B.H.P Laboratory (PVT) LTD ","Credit","","0","0","Affan","59067",""
"4192","10/22/2024 12:00:00 AM","S-3356","Invoice","Cash In Hand","Cash","Cash In Hand","0","0","Affan","1100","0"
"4193","10/22/2024 12:00:00 AM","P-830","Purchase","Sakhi Shahbaz H/Store (Moro)","Credit","","0","0","Affan","375",""
"4194","10/22/2024 12:00:00 AM","S-3357","Invoice","Cash In Hand","Cash","Cash In Hand","0","0","Affsn","180","0"
"4195","10/22/2024 12:00:00 AM","S-3358","Invoice","Haji Sawan","Credit","","0","0","Affsn","2435","0"
"4196","10/22/2024 12:00:00 AM","P-831","Purchase","Haji Sawan","Credit","","0","0","Affan","510",""
"4197","10/22/2024 12:00:00 AM","S-3359","Invoice","Dr Rasheed Kashmiri (Tando Alayar)","Credit","","0","0","Affan","12740","0"
"4198","10/22/2024 12:00:00 AM","S-3360","Invoice","GULSHAN M/S","Credit","","0","0","Affan","4830","0"
"4199","10/22/2024 12:00:00 AM","P-832","Purchase","Bilal Homoeopathic Store","Credit","","0","0","Affan","1080",""
"4200","10/22/2024 12:00:00 AM","P-833","Purchase","Bilal Homoeopathic Store","Credit","","0","0","Affan","110",""
"4201","10/22/2024 12:00:00 AM","P-834","Purchase","Muslim Homoeopathic Store LPR ","Credit","","0","0","Affan","123",""
"4202","10/22/2024 12:00:00 AM","P-835","Purchase","Sheroze H/S Muzzamil ","Credit","","0","0","Affan","300",""
"4203","10/22/2024 12:00:00 AM","S-3361","Invoice","Dua Homoeopathic Store ","Credit","","00","0","Affan","1000","0"
"4204","10/22/2024 12:00:00 AM","S-3362","Invoice","Al-Khadija Homoeo Store (HYD)","Credit","","0","0","Affan","184","0"
"4205","10/22/2024 12:00:00 AM","S-3363","Invoice","Shalimar Homoeo Store LPR","Credit","","0","0","Affan","260","0"
"4206","10/22/2024 12:00:00 AM","S-3364","Invoice","Rafay Homeopathic Store","Credit","","0","0","Affan","1300","0"
"4207","10/22/2024 12:00:00 AM","S-3365","Invoice","Hassan Homeopathic Store","Credit","","0","0","Affan","161","0"
"4208","10/22/2024 12:00:00 AM","S-3366","Invoice","Muslim Homoeopathic Store LPR ","Credit","","0","0","Affan","2045","0"
"4209","10/22/2024 12:00:00 AM","S-3367","Invoice","Noman Homeopathic Store","Credit","","0","0","Affan","6933","0"
"4210","10/22/2024 12:00:00 AM","S-3368","Invoice","Cash In Hand","Cash","Cash In Hand","0","0","Affan","1300","0"
"4211","10/22/2024 12:00:00 AM","S-3369","Invoice","Cash In Hand","Cash","Cash In Hand","0","0","Affan","500","0"
"4212","10/22/2024 12:00:00 AM","P-836","Purchase","Shalimar Homoeo Store LPR","Credit","","0","0","Affan","972",""
"4213","10/22/2024 12:00:00 AM","P-837","Purchase","Rafay Homeopathic Store","Credit","","0","0","Affan","290",""
"4214","10/22/2024 12:00:00 AM","S-3370","Invoice","Cash In Hand","Cash","Cash In Hand","0","0","usama","180","0"
"4215","10/22/2024 12:00:00 AM","S-3371","Invoice","Cash In Hand","Cash","Cash In Hand","0","0","usama","400","0"
"4216","10/22/2024 12:00:00 AM","S-3372","Invoice","Ameer M/S (TMK)","Credit","","0","0","Affan","6112","0"
"4217","10/22/2024 12:00:00 AM","S-3373","Invoice","Rafay Homeopathic Store","Credit","","0","0","Affan","5000","0"
"4218","10/23/2024 12:00:00 AM","P-838","Purchase","Shalimar Homoeo Store LPR","Credit","","0","0","Affan","26",""
"4219","10/23/2024 12:00:00 AM","P-839","Purchase","Rafay Homeopathic Store","Credit","","0","0","Affan","100",""
"4220","10/23/2024 12:00:00 AM","P-840","Purchase","Al-Khadija Homoeo Store (HYD)","Credit","","0","0","Affan","114",""
"4221","10/23/2024 12:00:00 AM","S-3374","Invoice","Cash In Hand","Cash","Cash In Hand","0","0","Affan","340","0"
"4222","10/23/2024 12:00:00 AM","S-3375","Invoice","Cash In Hand","Cash","Cash In Hand","0","0","Affan","600","0"
"4223","10/23/2024 12:00:00 AM","S-3376","Invoice","DR Jabbar (Tando Jaam)","Credit","","0","0","Affan","23169","0"
"4224","10/23/2024 12:00:00 AM","S-3377","Invoice","Dr manzoor Ahmed (Tando Jaam)","Credit","","0","0","Affan","10682","0"
"4225","10/23/2024 12:00:00 AM","S-3378","Invoice","Dr manzoor Ahmed (Tando Jaam)","Credit","","0","0","Affan","6420","0"
"4226","10/23/2024 12:00:00 AM","P-841","Purchase","Dr manzoor Ahmed (Tando Jaam)","Credit","","0","0","Affan","6420",""
"4227","10/23/2024 12:00:00 AM","P-842","Purchase","DR Jabbar (Tando Jaam)","Credit","","0","0","Affan","6420",""
"4228","10/23/2024 12:00:00 AM","S-3379","Invoice","DR Jabbar (Tando Jaam)","Credit","","0","0","Affan","6420","0"
"4229","10/23/2024 12:00:00 AM","S-3380","Invoice","DR Jabbar (Tando Jaam)","Credit","","0","0","Afffan","6420","0"
"4230","10/23/2024 12:00:00 AM","S-3381","Invoice","Cash In Hand","Cash","Cash In Hand","0","0","Affan","5868","0"
"4231","10/23/2024 12:00:00 AM","S-3382","Invoice","Dr Shabbir (Odero Lal)","Credit","","0","0","Affan","19395","0"
"4232","10/23/2024 12:00:00 AM","S-3383","Invoice","Cash In Hand","Cash","Cash In Hand","0","0","Affan","1607","0"
"4233","10/23/2024 12:00:00 AM","S-3384","Invoice","Cash In Hand","Cash","Cash In Hand","0","0","Affan","1300","0"
"4234","10/23/2024 12:00:00 AM","S-3385","Invoice","Cash In Hand","Cash","Cash In Hand","0","0","Affan","600","0"
"4235","10/23/2024 12:00:00 AM","S-3386","Invoice","Cash In Hand","Cash","Cash In Hand","0","0","Affan","972","0"
"4236","10/23/2024 12:00:00 AM","S-3387","Invoice","Al-Khadija Homoeo Store (HYD)","Credit","","0","0","Affan","161","0"
"4237","10/23/2024 12:00:00 AM","S-3388","Invoice","Pakistan H/S LPR","Credit","","0","0","Affan","150","0"
"4238","10/23/2024 12:00:00 AM","S-3389","Invoice","German Homeopathic Store (Dr Saqib Khan)","Credit","","0","0","Affan","1183","0"
"4239","10/23/2024 12:00:00 AM","S-3390","Invoice","Sohail Homoeo & Harbal Store","Credit","","0","0","Affan","60","0"
"4240","10/23/2024 12:00:00 AM","S-3391","Invoice","Rafay Homeopathic Store","Credit","","0","0","Affan","873","0"
"4241","10/23/2024 12:00:00 AM","S-3392","Invoice","Shalimar Homoeo Store LPR","Credit","","0","0","Affan","3025","0"
"4242","10/23/2024 12:00:00 AM","S-3393","Invoice","Noman Homeopathic Store","Credit","","0","0","Affan","3971","0"
"4243","10/23/2024 12:00:00 AM","P-843","Purchase","Noman Homeopathic Store","Credit","","0","0","usama","500",""
"4244","10/23/2024 12:00:00 AM","S-3394","Invoice","Cash In Hand","Cash","Cash In Hand","0","0","usama","700","0"
"4245","10/23/2024 12:00:00 AM","P-844","Purchase","Shalimar Homoeo Store LPR","Credit","","0","0","Affan","231",""
"4246","10/23/2024 12:00:00 AM","S-3395","Invoice","Shalimar Homoeo Store LPR","Credit","","0","0","Affan","231","0"
"4247","10/23/2024 12:00:00 AM","P-845","Purchase","Al-Khadija Homoeo Store (HYD)","Credit","","0","0","Affan","231",""
"4248","10/23/2024 12:00:00 AM","P-846","Purchase","Rafay Homeopathic Store","Credit","","0","0","Affan","664",""
"4249","10/23/2024 12:00:00 AM","P-847","Purchase","Pakistan H/S LPR","Credit","","0","0","Affan","1585",""
"4250","10/24/2024 12:00:00 AM","S-3396","Invoice","Cash In Hand","Cash","Cash In Hand","0","0","Afan","220","0"
"4251","10/24/2024 12:00:00 AM","S-3397","Invoice","Cash In Hand","Cash","Cash In Hand","0","0","Affan","300","0"
"4252","10/24/2024 12:00:00 AM","S-3398","Invoice","Cash In Hand","Cash","Cash In Hand","0","0","Affan","378","0"
"4253","10/24/2024 12:00:00 AM","S-3399","Invoice","Cash In Hand","Cash","Cash In Hand","0","0","Affan","856","0"
"4254","10/24/2024 12:00:00 AM","S-3400","Invoice","Cash In Hand","Cash","Cash In Hand","0","0","Affan","230","0"
"4255","10/24/2024 12:00:00 AM","S-3401","Invoice","Cash In Hand","Cash","Cash In Hand","0","0","Affan","3039","0"
"4256","10/24/2024 12:00:00 AM","S-3402","Invoice","Sohail Homoeo & Harbal Store","Credit","","0","0","Afffan","1386","0"
"4257","10/24/2024 12:00:00 AM","S-3403","Invoice","Muslim Homoeopathic Store LPR ","Credit","","0","0","Affan","659","0"
"4258","10/24/2024 12:00:00 AM","S-3404","Invoice","Sufi Homeopathic Store","Credit","","0","0","Affan","161","0"
"4259","10/24/2024 12:00:00 AM","S-3405","Invoice","Bilal Homoeopathic Store","Credit","","0","0","Affan","510","0"
"4260","10/24/2024 12:00:00 AM","S-3406","Invoice","Star Homoeo Store","Credit","","0","0","Affan","600","0"
"4261","10/24/2024 12:00:00 AM","S-3407","Invoice","German Homeopathic Store (Dr Saqib Khan)","Credit","","0","0","Afan","417","0"
"4262","10/24/2024 12:00:00 AM","S-3408","Invoice","Jameel H/S LPR","Credit","","0","0","Affan","300","0"
"4263","10/24/2024 12:00:00 AM","S-3409","Invoice","Cash In Hand","Cash","Cash In Hand","0","0","Affan","150","0"
"4264","10/24/2024 12:00:00 AM","S-3410","Invoice","Al-Khadija Homoeo Store (HYD)","Credit","","0","00","Affan","420","0"
"4265","10/24/2024 12:00:00 AM","S-3411","Invoice","Noman Homeopathic Store","Credit","","0","0","Affan","4856","0"
"4266","10/25/2024 12:00:00 AM","S-3412","Invoice","Dr Rafeeq Bulandi ","Credit","","0","0","Afffan","935","0"
"4267","10/26/2024 12:00:00 AM","S-3413","Invoice","Cash In Hand","Cash","Cash In Hand","","","usama","796","0"
"4268","10/26/2024 12:00:00 AM","S-3414","Invoice","Cash In Hand","Cash","Cash In Hand","0","0","raza","340","0"
"4269","10/26/2024 12:00:00 AM","S-3415","Invoice","Cash In Hand","Cash","Cash In Hand","0","0","usama","400","0"
"4270","10/26/2024 12:00:00 AM","S-3416","Invoice","Shalimar Homoeo Store LPR","Credit","","0","0","raza","765","0"
"4272","10/26/2024 12:00:00 AM","S-3418","Invoice","Rafay Homeopathic Store","Credit","","0","0","raza","5000","0"
"4273","10/26/2024 12:00:00 AM","S-3419","Invoice","Rafay Homeopathic Store","Credit","","0","0","raza","146","0"
"4274","10/26/2024 12:00:00 AM","S-3420","Invoice","Muslim Homoeopathic Store LPR ","Credit","","0","0","raza","407","0"
"4275","10/26/2024 12:00:00 AM","S-3421","Invoice","Chand Homoeopathic Store","Credit","","0","0","raza","230","0"
"4276","10/26/2024 12:00:00 AM","S-3422","Invoice","Star Homoeo Store","Credit","","0","0","raza","250","0"
"4277","10/26/2024 12:00:00 AM","S-3423","Invoice","Noman Homeopathic Store","Credit","","0","0","raza","3191","0"
"4278","10/26/2024 12:00:00 AM","S-3424","Invoice","Sufi Homeopathic Store","Credit","","0","0","raza","238","0"
"4279","10/26/2024 12:00:00 AM","S-3425","Invoice","Noman Homeopathic Store","Credit","","0","0","raza","1295","0"
"4280","10/26/2024 12:00:00 AM","S-3426","Invoice","Mughal H/S","Credit","","0","0","raza","617","0"
"4281","10/26/2024 12:00:00 AM","S-3427","Invoice","Sheroze H/S Muzzamil ","Credit","","0","0","raza","4140","0"
"4282","10/26/2024 12:00:00 AM","S-3428","Invoice","Sohail Homoeo & Harbal Store","Credit","","0","0","raza","1862","0"
"4285","10/27/2024 12:00:00 AM","S-3429","Invoice","Cash In Hand","Cash","Cash In Hand","0","0","Afan","200","0"
"4286","10/27/2024 12:00:00 AM","S-3430","Invoice","Cash In Hand","Cash","Cash In Hand","0","0","Affan","350","0"
"4287","10/27/2024 12:00:00 AM","S-3431","Invoice","Cash In Hand","Cash","Cash In Hand","0","0","Affan","150","0"
"4288","10/27/2024 12:00:00 AM","S-3432","Invoice","Cash In Hand","Cash","Cash In Hand","0","0","Affan","800","0"
"4289","10/27/2024 12:00:00 AM","S-3433","Invoice","Cash In Hand","Cash","Cash In Hand","0","0","Affan","450","0"
"4290","10/27/2024 12:00:00 AM","P-850","Purchase","Al-Khadija Homoeo Store (HYD)","Credit","","0","0","Affan","190",""
"4291","10/27/2024 12:00:00 AM","P-851","Purchase","Jameel H/S LPR","Credit","","0","0","Affan","158",""
"4292","10/27/2024 12:00:00 AM","S-3434","Invoice","Cash In Hand","Cash","Cash In Hand","0","0","Affan","70","0"
"4293","10/27/2024 12:00:00 AM","S-3435","Invoice","Cash In Hand","Cash","Cash In Hand","0","0","Affan","412","0"
"4294","10/27/2024 12:00:00 AM","S-3436","Invoice","Noman Homeopathic Store","Credit","","0","00","Affan","1717","0"
"4295","10/27/2024 12:00:00 AM","S-3437","Invoice","Baba Homoeo Store","Cash","Cash In Hand","0","0","Affan","1000","0"
"4296","10/27/2024 12:00:00 AM","S-3438","Invoice","Chand Homoeopathic Store","Credit","","0","0","Affan","260","0"
"4297","10/27/2024 12:00:00 AM","S-3439","Invoice","Muslim Homoeopathic Store LPR ","Credit","","0","0","Affan","497","0"
"4298","10/27/2024 12:00:00 AM","S-3440","Invoice","Tawaqal Homoeopathic Store","Credit","","0","0","Affan","448","0"
"4299","10/27/2024 12:00:00 AM","S-3441","Invoice","Rafay Homeopathic Store","Credit","","0","0","Affan","946","0"
"4300","10/27/2024 12:00:00 AM","S-3442","Invoice","Sufi Homeopathic Store","Credit","","0","0","Affan","161","0"
"4301","10/27/2024 12:00:00 AM","S-3443","Invoice","Dua Homoeopathic Store ","Credit","","0","0","Affan","1000","0"
"4302","10/27/2024 12:00:00 AM","S-3444","Invoice","German Homeopathic Store (Dr Saqib Khan)","Cash","Cash In Hand","0","0","Affan","5864","0"
"4303","10/27/2024 12:00:00 AM","P-852","Purchase","Sufi Homeopathic Store","Credit","","0","0","Affan","159",""
"4304","10/27/2024 12:00:00 AM","P-853","Purchase","Rafay Homeopathic Store","Credit","","0","0","Affan","1005",""
"4305","10/27/2024 12:00:00 AM","P-854","Purchase","Rafay Homeopathic Store","Credit","","0","0","Affan","76",""
"4306","10/27/2024 12:00:00 AM","P-855","Purchase","Muslim Homoeopathic Store LPR ","Credit","","0","0","Affan","87",""
"4307","10/28/2024 12:00:00 AM","S-3445","Invoice","Cash In Hand","Cash","Cash In Hand","0","0","Affan","240","0"
"4308","10/28/2024 12:00:00 AM","S-3446","Invoice","Cash In Hand","Cash","Cash In Hand","0","0","Affan","400","0"
"4309","10/28/2024 12:00:00 AM","S-3447","Invoice","Cash In Hand","Cash","Cash In Hand","0","0","Affan","2289","0"
"4310","10/28/2024 12:00:00 AM","S-3448","Invoice","Cash In Hand","Cash","Cash In Hand","0","0","Affan","2011","0"
"4311","10/28/2024 12:00:00 AM","S-3449","Invoice","Cash In Hand","Cash","Cash In Hand","0","0","Affan","4683","0"
"4312","10/28/2024 12:00:00 AM","S-3450","Invoice","Cash In Hand","Cash","Cash In Hand","0","0","Affan","150","0"
"4313","10/28/2024 12:00:00 AM","S-3451","Invoice","Cash In Hand","Cash","Cash In Hand","0","0","Affan","923","0"
"4314","10/28/2024 12:00:00 AM","S-3452","Invoice","Cash In Hand","Cash","Cash In Hand","0","0","Affan","350","0"
"4315","10/28/2024 12:00:00 AM","S-3453","Invoice","Cash In Hand","Cash","Cash In Hand","0","0","uasma","2200","0"
"4316","10/28/2024 12:00:00 AM","S-3454","Invoice","Shalimar Homoeo Store LPR","Credit","","0","0","Affan","342","0"
"4317","10/28/2024 12:00:00 AM","S-3455","Invoice","Rafay Homeopathic Store","Credit","","0","0","Affan","705","0"
"4318","10/28/2024 12:00:00 AM","S-3456","Invoice","Dua Homoeopathic Store ","Credit","","0","0","Affan","214","0"
"4319","10/28/2024 12:00:00 AM","S-3457","Invoice","German Homeopathic Store (Dr Saqib Khan)","Credit","","0","0","Affan","1020","0"
"4320","10/28/2024 12:00:00 AM","S-3458","Invoice","Muslim Homoeopathic Store LPR ","Credit","","0","0","Affan","1835","0"
"4321","10/28/2024 12:00:00 AM","S-3459","Invoice","Noman Homeopathic Store","Credit","","0","0","Affan","3799","0"
"4322","10/28/2024 12:00:00 AM","S-3460","Invoice","Cash In Hand","Cash","Cash In Hand","","","uasma","250","0"
"4323","10/28/2024 12:00:00 AM","S-3461","Invoice","Cash In Hand","Cash","Cash In Hand","0","0","Affan","1100","0"
"4324","10/28/2024 12:00:00 AM","S-3462","Invoice","Cash In Hand","Cash","Cash In Hand","0","0","Affa n","200","0"
"4325","10/28/2024 12:00:00 AM","S-3463","Invoice","Cash In Hand","Cash","Cash In Hand","0","0","usama","2000","0"
"4326","10/28/2024 12:00:00 AM","S-3464","Invoice","Cash In Hand","Cash","Cash In Hand","0","0","usama","2867","0"
"4327","10/28/2024 12:00:00 AM","S-3465","Invoice","Cash In Hand","Cash","Cash In Hand","0","0","usama","250","0"
"4328","10/29/2024 12:00:00 AM","P-856","Purchase","B.H.P Laboratory (PVT) LTD ","Credit","","0","0","Afan","22050",""
"4329","10/29/2024 12:00:00 AM","P-857","Purchase","Eagle Homoeo & Harbal Pharma","Credit","","0","0","Affan","74100",""
"4330","10/29/2024 12:00:00 AM","S-3466","Invoice","Cash In Hand","Cash","Cash In Hand","0","0","Affan","1100","0"
"4331","10/29/2024 12:00:00 AM","S-3467","Invoice","Dr Rafeeq Bulandi ","Credit","","0","0","usama","209","0"
"4332","10/29/2024 12:00:00 AM","S-3468","Invoice","Cash In Hand","Cash","Cash In Hand","0","0","Affan","670","0"
"4333","10/29/2024 12:00:00 AM","S-3469","Invoice","L/Dr Najma Bloch ","Credit","","0","0","usama","4289","0"
"4334","10/29/2024 12:00:00 AM","S-3470","Invoice","Haji Sawan","Cash","Cash In Hand","0","0","Affan","3274","0"
"4335","10/29/2024 12:00:00 AM","S-3471","Invoice","Cash In Hand","Cash","Cash In Hand","0","0","Affan","1200","0"
"4336","10/29/2024 12:00:00 AM","S-3472","Invoice","Cash In Hand","Cash","Cash In Hand","0","0","Affan","1200","0"
"4337","10/29/2024 12:00:00 AM","S-3473","Invoice","Cash In Hand","Cash","Cash In Hand","0","0","Affan","730","0"
"4338","10/29/2024 12:00:00 AM","S-3474","Invoice","Cash In Hand","Cash","Cash In Hand","0","0","Affan","256","0"
"4339","10/29/2024 12:00:00 AM","S-3475","Invoice","Cash In Hand","Cash","Cash In Hand","0","0","shaan","100","0"
"4340","10/29/2024 12:00:00 AM","S-3476","Invoice","Sohail Homoeo & Harbal Store","Credit","","0","0","Affan","94","0"
"4341","10/29/2024 12:00:00 AM","S-3477","Invoice","Sheroze H/S Muzzamil ","Credit","","0","0","Affan","247","0"
"4342","10/29/2024 12:00:00 AM","S-3478","Invoice","Shalimar Homoeo Store LPR","Credit","","0","0","Affan","120","0"
"4343","10/29/2024 12:00:00 AM","S-3479","Invoice","Noman Homeopathic Store","Credit","","0","0","Affan","4648","0"
"4344","10/29/2024 12:00:00 AM","S-3480","Invoice","German Homeopathic Store (Dr Saqib Khan)","Credit","","0","0","Affan","480","0"
"4345","10/30/2024 12:00:00 AM","P-858","Purchase","Jameel H/S LPR","Credit","","0","0","Affan","2",""
"4346","10/30/2024 12:00:00 AM","P-859","Purchase","Dua Homoeopathic Store ","Credit","","0","0","Affan","4",""
"4347","10/30/2024 12:00:00 AM","P-860","Purchase","Hassan Homeopathic Store","Credit","","0","0","Affan","1",""
"4348","10/30/2024 12:00:00 AM","P-861","Purchase","Mughal H/S","Credit","","0","0","Affan","17",""
"4349","10/30/2024 12:00:00 AM","P-862","Purchase","Shalimar Homoeo Store LPR","Credit","","0","0","Affan","27",""
"4350","10/30/2024 12:00:00 AM","P-863","Purchase","Sheroze H/S Muzzamil ","Credit","","0","0","Affan","38",""
"4351","10/30/2024 12:00:00 AM","P-864","Purchase","Sohail Homoeo & Harbal Store","Credit","","0","0","Affan","6",""
"4352","10/30/2024 12:00:00 AM","P-865","Purchase","BLOSSOM ","Credit","","0","0","Affan","60060",""
"4353","10/30/2024 12:00:00 AM","S-3481","Invoice","Rafay H/S (Larkana)DR Abdul Malik","Credit","","0","0","Affan","128181","0"
"4354","10/30/2024 12:00:00 AM","S-3482","Invoice","Cash In Hand","Cash","Cash In Hand","0","0","Affan","1316","0"
"4355","10/30/2024 12:00:00 AM","S-3483","Invoice","Cash In Hand","Cash","Cash In Hand","0","0","Affan","180","0"
"4356","10/30/2024 12:00:00 AM","S-3484","Invoice","Cash In Hand","Cash","Cash In Hand","0","0","usama","270","0"
"4357","10/30/2024 12:00:00 AM","S-3485","Invoice","Dr Tayyab (Tando Adam)","Credit","","0","0","Affan","8159","0"
"4358","10/30/2024 12:00:00 AM","S-3486","Invoice","Noman Homeopathic Store","Credit","","0","0","Affan","5295","0"
"4359","10/30/2024 12:00:00 AM","S-3487","Invoice","Muslim Homoeopathic Store LPR ","Credit","","0","0","Affan","446","0"
"4360","10/30/2024 12:00:00 AM","S-3488","Invoice","Sohail Homoeo & Harbal Store","Credit","","0","0","Affan","448","0"
"4361","10/30/2024 12:00:00 AM","S-3489","Invoice","Bilal Homoeopathic Store","Credit","","0","0","Affan","161","0"
"4362","10/30/2024 12:00:00 AM","S-3490","Invoice","Bilal Homoeopathic Store","Credit","","0","0","Affan","266","0"
"4363","10/30/2024 12:00:00 AM","S-3491","Invoice","Rafay Homeopathic Store","Credit","","0","0","Affan","228","0"
"4364","10/30/2024 12:00:00 AM","S-3492","Invoice","Jameel H/S LPR","Credit","","0","0","Affan","448","0"
"4365","10/30/2024 12:00:00 AM","S-3493","Invoice","Dr Tayyab (Tando Adam)","Credit","","0","0","Affan","780","0"
"4366","10/30/2024 12:00:00 AM","S-3494","Invoice","German Homeopathic Store (Dr Saqib Khan)","Credit","","0","0","Affan","7750","0"
"4367","10/30/2024 12:00:00 AM","S-3495","Invoice","Sheroze H/S Muzzamil ","Credit","","0","0","Affan","554","0"
"4368","10/30/2024 12:00:00 AM","S-3496","Invoice","Cash In Hand","Cash","Cash In Hand","0","0","Affan","220","0"
"4369","10/30/2024 12:00:00 AM","S-3497","Invoice","Cash In Hand","Cash","Cash In Hand","0","0","Affan","300","0"
"4370","10/30/2024 12:00:00 AM","P-866","Purchase","German Homeopathic Store (Dr Saqib Khan)","Credit","","0","0","Affan","5870",""
"4371","10/30/2024 12:00:00 AM","P-867","Purchase","German Homeopathic Store (Dr Saqib Khan)","Credit","","0","0","Affan","5446",""
"4372","10/30/2024 12:00:00 AM","P-868","Purchase","German Homeopathic Store (Dr Saqib Khan)","Credit","","0","0","Affan","3870",""
"4373","10/31/2024 12:00:00 AM","S-3498","Invoice","Cash In Hand","Cash","Cash In Hand","0","0","usama","1000","0"
"4374","10/31/2024 12:00:00 AM","S-3499","Invoice","Cash In Hand","Cash","Cash In Hand","0","0","Affan","428","0"
"4375","10/31/2024 12:00:00 AM","S-3500","Invoice","Cash In Hand","Cash","Cash In Hand","0","0","Affan","4612","0"
"4376","10/31/2024 12:00:00 AM","S-3501","Invoice","Cash In Hand","Cash","Cash In Hand","0","0","uasma","300","0"
"4377","10/31/2024 12:00:00 AM","S-3502","Invoice","Cash In Hand","Cash","Cash In Hand","0","0","usama","5000","0"
"4378","10/31/2024 12:00:00 AM","S-3503","Invoice","Cash In Hand","Cash","Cash In Hand","0","0","usama","3450","0"
"4379","10/31/2024 12:00:00 AM","S-3504","Invoice","Cash In Hand","Cash","Cash In Hand","0","0","usama","300","0"
"4380","10/31/2024 12:00:00 AM","S-3505","Invoice","Cash In Hand","Cash","Cash In Hand","0","0","usama","2949","0"
"4381","10/31/2024 12:00:00 AM","S-3506","Invoice","Shalimar Homoeo Store LPR","Credit","","0","0","usama","168","0"
"4382","10/31/2024 12:00:00 AM","S-3507","Invoice","Noman Homeopathic Store","Credit","","0","0","uasma","3075","0"
"4383","10/31/2024 12:00:00 AM","S-3508","Invoice","Dr Rajesh Kumar","Credit","","0","0","raza","1410","0"
"4384","10/31/2024 12:00:00 AM","S-3509","Invoice","Muslim Homoeopathic Store LPR ","Credit","","0","0","usama","436","0"
"4385","10/31/2024 12:00:00 AM","S-3510","Invoice","Jameel H/S LPR","Credit","","0","0","usama","585","0"
"4386","10/31/2024 12:00:00 AM","S-3511","Invoice","Al-Khadija Homoeo Store (HYD)","Credit","","0","0","usama","250","0"
"4387","10/31/2024 12:00:00 AM","S-3512","Invoice","Bilal Homoeopathic Store","Credit","","0","0","usama","161","0"
"4388","10/31/2024 12:00:00 AM","S-3513","Invoice","Sohail Homoeo & Harbal Store","Credit","","0","0","uasma","592","0"
"4389","10/31/2024 12:00:00 AM","P-869","Purchase","Jameel H/S LPR","Credit","","0","0","Affan","163",""
"4390","10/31/2024 12:00:00 AM","S-3514","Invoice","Al-Khadija Homoeo Store (HYD)","Credit","","0","0","Affan","20","0"
"4391","10/31/2024 12:00:00 AM","P-870","Purchase","Al-Khadija Homoeo Store (HYD)","Credit","","0","0","Affan","40",""
"4392","11/2/2024 12:00:00 AM","S-3515","Invoice","Cash In Hand","Cash","Cash In Hand","","","usama","990","0"
"4393","11/2/2024 12:00:00 AM","S-3516","Invoice","Cash In Hand","Cash","Cash In Hand","0","0","usama","184","0"
"4394","11/2/2024 12:00:00 AM","S-3517","Invoice","Cash In Hand","Cash","Cash In Hand","0","0","Affan","441","0"
"4395","11/2/2024 12:00:00 AM","S-3518","Invoice","Cash In Hand","Cash","Cash In Hand","0","0","Affan","420","0"
"4396","11/2/2024 12:00:00 AM","S-3519","Invoice","Cash In Hand","Cash","Cash In Hand","0","0","usama","600","0"
"4397","11/2/2024 12:00:00 AM","S-3520","Invoice","Rafay H/S (Larkana)DR Abdul Malik","Credit","","0","0","Affan","21571","0"
"4398","11/2/2024 12:00:00 AM","S-3521","Invoice","Rafay H/S (Larkana)DR Abdul Malik","Credit","","0","0","Affan","2840","0"
"4399","11/2/2024 12:00:00 AM","S-3522","Invoice","Cash In Hand","Cash","Cash In Hand","0","0","Affan","805","0"
"4400","11/2/2024 12:00:00 AM","S-3523","Invoice","Cash In Hand","Cash","Cash In Hand","0","0","Affan","4033","0"
"4401","11/2/2024 12:00:00 AM","S-3524","Invoice","Cash In Hand","Cash","Cash In Hand","0","0","Afan","200","0"
"4402","11/2/2024 12:00:00 AM","S-3525","Invoice","Shalimar Homoeo Store LPR","Credit","","0","0","Affan","2220","0"
"4403","11/2/2024 12:00:00 AM","S-3526","Invoice","Bilal Homoeopathic Store","Credit","","0","0","Affan","161","0"
"4404","11/2/2024 12:00:00 AM","S-3527","Invoice","Sheroze H/S Muzzamil ","Credit","","0","0","Affan","430","0"
"4405","11/2/2024 12:00:00 AM","S-3528","Invoice","Dua Homoeopathic Store ","Credit","","0","0","Affan","433","0"
"4406","11/2/2024 12:00:00 AM","S-3529","Invoice","German Homeopathic Store (Dr Saqib Khan)","Credit","","0","0","Affan","805","0"
"4407","11/2/2024 12:00:00 AM","S-3530","Invoice","Sohail Homoeo & Harbal Store","Credit","","0","0","Affan","114","0"
"4408","11/2/2024 12:00:00 AM","S-3531","Invoice","Jameel H/S LPR","Credit","","0","0","Affan","161","0"
"4409","11/2/2024 12:00:00 AM","S-3532","Invoice","Pakistan H/S LPR","Credit","","0","0","Affan","161","0"
"4410","11/2/2024 12:00:00 AM","S-3533","Invoice","Muslim Homoeopathic Store LPR ","Credit","","0","0","Affan","2192","0"
"4411","11/2/2024 12:00:00 AM","S-3534","Invoice","Noman Homeopathic Store","Credit","","0","0","Affaana","772","0"
"4412","11/2/2024 12:00:00 AM","S-3535","Invoice","Dr Shair Alam (Khairpur)","Credit","","0","0","raza","7638","0"
"4413","11/2/2024 12:00:00 AM","P-871","Purchase","Muslim Homoeopathic Store LPR ","Credit","","0","0","Affan","168",""
"4414","11/2/2024 12:00:00 AM","P-872","Purchase","Dua Homoeopathic Store ","Credit","","0","0","Affan","103",""
"4415","11/2/2024 12:00:00 AM","P-873","Purchase","Shalimar Homoeo Store LPR","Credit","","0","0","Affan","98",""
"4416","11/2/2024 12:00:00 AM","P-874","Purchase","Bilal Homoeopathic Store","Credit","","0","0","Affan","162",""
"4417","11/3/2024 12:00:00 AM","S-3536","Invoice","Cash In Hand","Cash","Cash In Hand","0","0","Affan","841","0"
"4418","11/3/2024 12:00:00 AM","S-3537","Invoice","Cash In Hand","Cash","Cash In Hand","0","0","Affan","9904","0"
"4419","11/3/2024 12:00:00 AM","S-3538","Invoice","Cash In Hand","Cash","Cash In Hand","0","0","Affan","897","0"
"4420","11/3/2024 12:00:00 AM","S-3539","Invoice","Cash In Hand","Cash","Cash In Hand","0","0","Affan","650","0"
"4421","11/3/2024 12:00:00 AM","P-875","Purchase","Hassan Homeopathic Store","Credit","","0","0","Affan","1732",""
"4422","11/3/2024 12:00:00 AM","S-3540","Invoice","Cash In Hand","Cash","Cash In Hand","0","0","uasma","500","0"
"4423","11/3/2024 12:00:00 AM","S-3541","Invoice","Cash In Hand","Cash","Cash In Hand","0","0","uasma","1140","0"
"4424","11/3/2024 12:00:00 AM","S-3542","Invoice","Cash In Hand","Cash","Cash In Hand","0","0","uasma","400","0"
"4425","11/3/2024 12:00:00 AM","S-3543","Invoice","Cash In Hand","Cash","Cash In Hand","0","0","uasma","250","0"
"4426","11/3/2024 12:00:00 AM","S-3544","Invoice","Cash In Hand","Cash","Cash In Hand","0","0","usama","100","0"
"4427","11/3/2024 12:00:00 AM","S-3545","Invoice","Cash In Hand","Cash","Cash In Hand","0","0","usama","200","0"
"4428","11/3/2024 12:00:00 AM","S-3546","Invoice","Cash In Hand","Cash","Cash In Hand","0","0","Affan","400","0"
"4429","11/3/2024 12:00:00 AM","S-3547","Invoice","Cash In Hand","Cash","Cash In Hand","0","0","Affan","500","0"
"4430","11/3/2024 12:00:00 AM","S-3548","Invoice","Cash In Hand","Cash","Cash In Hand","0","0","Affan","1200","0"
"4431","11/3/2024 12:00:00 AM","P-876","Purchase","Cash In Hand","Cash","Cash In Hand","0","0","usama","1050",""
"4432","11/3/2024 12:00:00 AM","S-3549","Invoice","Chand Homoeopathic Store","Credit","","0","0","Affan","648","0"
"4433","11/3/2024 12:00:00 AM","S-3550","Invoice","Al-Khadija Homoeo Store (HYD)","Credit","","0","0","Affan","378","0"
"4434","11/3/2024 12:00:00 AM","S-3551","Invoice","Tawaqal Homoeopathic Store","Credit","","0","0","Affan","119","0"
"4435","11/3/2024 12:00:00 AM","S-3552","Invoice","Noman Homeopathic Store","Credit","","0","0","Affan7","1397","0"
"4436","11/3/2024 12:00:00 AM","S-3553","Invoice","Bilal Homoeopathic Store","Credit","","0","0","Affan","133","0"
"4437","11/3/2024 12:00:00 AM","S-3554","Invoice","Muslim Homoeopathic Store LPR ","Credit","","0","0","Afan","1774","0"
"4438","11/3/2024 12:00:00 AM","S-3555","Invoice","Rafay Homeopathic Store","Credit","","0","0","Affan","647","0"
"4439","11/3/2024 12:00:00 AM","S-3556","Invoice","German Homeopathic Store (Dr Saqib Khan)","Credit","","0","0","Affan","2399","0"
"4440","11/3/2024 12:00:00 AM","P-877","Purchase","Rafay Homeopathic Store","Credit","","0","0","Affan","615",""
"4441","11/3/2024 12:00:00 AM","P-878","Purchase","German Homeopathic Store (Dr Saqib Khan)","Credit","","0","0","Affan","3587",""
"4442","11/3/2024 12:00:00 AM","P-879","Purchase","Rafay Homeopathic Store","Credit","","0","0","Affan","32",""
"4443","11/4/2024 12:00:00 AM","S-3557","Invoice","Cash In Hand","Cash","Cash In Hand","0","0","uasma","300","0"
"4444","11/4/2024 12:00:00 AM","S-3558","Invoice","Cash In Hand","Cash","Cash In Hand","0","0","usama","190","0"
"4445","11/4/2024 12:00:00 AM","S-3559","Invoice","Cash In Hand","Credit","","0","0","Affan","480","0"
"4446","11/4/2024 12:00:00 AM","P-880","Purchase","NP BM (Pvt.) Limited","Credit","","0","0","Affan","28354",""
"4447","11/4/2024 12:00:00 AM","S-3560","Invoice","Cash In Hand","Cash","Cash In Hand","0","0","usama","400","0"
"4448","11/4/2024 12:00:00 AM","S-3561","Invoice","Cash In Hand","Cash","Cash In Hand","0","0","shaan","200","0"
"4449","11/4/2024 12:00:00 AM","S-3562","Invoice","Cash In Hand","Cash","Cash In Hand","0","0","Affan","150","0"
"4450","11/4/2024 12:00:00 AM","S-3563","Invoice","Cash In Hand","Cash","Cash In Hand","0","0","shaan","1960","0"
"4451","11/4/2024 12:00:00 AM","S-3564","Invoice","Dr Tayyab (Tando Adam)","Credit","","0","0","Affan","3152","0"
"4452","11/4/2024 12:00:00 AM","S-3565","Invoice","Cash In Hand","Cash","Cash In Hand","0","0","Affan","600","0"
"4453","11/4/2024 12:00:00 AM","S-3566","Invoice","Chand Homoeopathic Store","Credit","","0","0","Affan","104","0"
"4454","11/4/2024 12:00:00 AM","S-3567","Invoice","Mughal H/S","Credit","","0","0","Affan","462","0"
"4455","11/4/2024 12:00:00 AM","S-3568","Invoice","German Homeopathic Store (Dr Saqib Khan)","Credit","","0","0","Affan","1430","0"
"4456","11/4/2024 12:00:00 AM","S-3569","Invoice","Noman Homeopathic Store","Credit","","0","0","Affan","2056","0"
"4457","11/4/2024 12:00:00 AM","S-3570","Invoice","Muslim Homoeopathic Store LPR ","Credit","","0","0","Affan","472","0"
"4458","11/4/2024 12:00:00 AM","S-3571","Invoice","Rafay Homeopathic Store","Credit","","0","0","Affan","150","0"
"4459","11/4/2024 12:00:00 AM","S-3572","Invoice","Al-Khadija Homoeo Store (HYD)","Credit","","0","0","Affan4","136","0"
"4460","11/4/2024 12:00:00 AM","S-3573","Invoice","Cash In Hand","Cash","Cash In Hand","0","0","Affan","222","0"
"4461","11/5/2024 12:00:00 AM","S-3574","Invoice","Cash In Hand","Cash","Cash In Hand","0","0","uasma","1400","0"
"4462","11/5/2024 12:00:00 AM","S-3575","Invoice","Cash In Hand","Cash","Cash In Hand","0","0","uasma","350","0"
"4463","11/5/2024 12:00:00 AM","S-3576","Invoice","Cash In Hand","Cash","Cash In Hand","0","0","Affan","300","0"
"4464","11/5/2024 12:00:00 AM","S-3577","Invoice","H/Dr.Irfan (T.A)","Cash","Cash In Hand","0","0","uasma","1219","0"
"4465","11/5/2024 12:00:00 AM","S-3578","Invoice","Cash In Hand","Cash","Cash In Hand","0","0","usama","350","0"
"4466","11/5/2024 12:00:00 AM","S-3579","Invoice","Cash In Hand","Cash","Cash In Hand","0","0","uasma","450","0"
"4467","11/5/2024 12:00:00 AM","S-3580","Invoice","Cash In Hand","Cash","Cash In Hand","0","0","uasma","1100","0"
"4468","11/5/2024 12:00:00 AM","S-3581","Invoice","Cash In Hand","Cash","Cash In Hand","0","0","usama","1080","0"
"4469","11/5/2024 12:00:00 AM","S-3582","Invoice","Cash In Hand","Cash","Cash In Hand","0","0","Affan","920","0"
"4470","11/5/2024 12:00:00 AM","S-3583","Invoice","Cash In Hand","Cash","Cash In Hand","0","0","Afan7","980","0"
"4471","11/5/2024 12:00:00 AM","S-3584","Invoice","Tawaqal Homoeopathic Store","Credit","","0","0","Affan","259","0"
"4472","11/5/2024 12:00:00 AM","S-3585","Invoice","Pakistan H/S LPR","Credit","","0","0","Affan","198","0"
"4473","11/5/2024 12:00:00 AM","S-3586","Invoice","German Homeopathic Store (Dr Saqib Khan)","Credit","","0","0","Affan","2327","0"
"4474","11/5/2024 12:00:00 AM","S-3587","Invoice","Shalimar Homoeo Store LPR","Credit","","0","0","Affan","126","0"
"4475","11/5/2024 12:00:00 AM","S-3588","Invoice","Dua Homoeopathic Store ","Credit","","0","0","Affan","900","0"
"4476","11/5/2024 12:00:00 AM","S-3589","Invoice","Sufi Homeopathic Store","Credit","","0","0","Affan","603","0"
"4477","11/5/2024 12:00:00 AM","S-3590","Invoice","Muslim Homoeopathic Store LPR ","Credit","","0","0","Affan","1326","0"
"4478","11/5/2024 12:00:00 AM","S-3591","Invoice","Noman Homeopathic Store","Credit","","0","0","Affan","2220","0"
"4479","11/5/2024 12:00:00 AM","P-881","Purchase","Rafay Homeopathic Store","Credit","","0","0","Affan","2390",""
"4480","11/5/2024 12:00:00 AM","S-3592","Invoice","Cash In Hand","Cash","Cash In Hand","0","0","Affan","266","0"
"4481","11/5/2024 12:00:00 AM","S-3593","Invoice","Cash In Hand","Cash","Cash In Hand","0","0","Affan","900","0"
"4482","11/5/2024 12:00:00 AM","S-3594","Invoice","Cash In Hand","Cash","Cash In Hand","0","0","Affan","500","0"
"4483","11/5/2024 12:00:00 AM","P-882","Purchase","German Homeopathic Store (Dr Saqib Khan)","Credit","","0","0","Affan","1710",""
"4484","11/6/2024 12:00:00 AM","P-883","Purchase","Public Pharma (faisalabad)","Credit","","0","0","Affan","78230",""
"4485","11/6/2024 12:00:00 AM","P-884","Purchase","Sheroze H/S Muzzamil ","Credit","","0","0","Affan","24",""
"4486","11/6/2024 12:00:00 AM","S-3595","Invoice","Cash In Hand","Cash","Cash In Hand","0","0","Affan","570","0"
"4487","11/6/2024 12:00:00 AM","S-3596","Invoice","Cash In Hand","Cash","Cash In Hand","0","0","uasma","2650","0"
"4488","11/6/2024 12:00:00 AM","S-3597","Invoice","Cash In Hand","Cash","Cash In Hand","0","0","Affan","1400","0"
"4489","11/6/2024 12:00:00 AM","S-3598","Invoice","Cash In Hand","Cash","Cash In Hand","0","0","Affan","1000","0"
"4490","11/6/2024 12:00:00 AM","S-3599","Invoice","Sindh Homeopathic Store","Credit","","0","0","shaan","3374","0"
"4491","11/6/2024 12:00:00 AM","S-3600","Invoice","Mughal H/S","Credit","","0","0","shaan","114","0"
"4492","11/6/2024 12:00:00 AM","S-3601","Invoice","Dua Homoeopathic Store ","Credit","","0","0","shaan","408","0"
"4493","11/6/2024 12:00:00 AM","S-3602","Invoice","Noman Homeopathic Store","Credit","","0","0","shaan","3545","0"
"4494","11/6/2024 12:00:00 AM","S-3603","Invoice","Baba Homoeo Store","Credit","","0","0","usama","550","0"
"4495","11/6/2024 12:00:00 AM","S-3604","Invoice","Sohail Homoeo & Harbal Store","Credit","","0","0","uasma","446","0"
"4496","11/6/2024 12:00:00 AM","S-3605","Invoice","German Homeopathic Store (Dr Saqib Khan)","Credit","","0","0","uasma","221","0"
"4497","11/6/2024 12:00:00 AM","S-3606","Invoice","Rafay H/S (Larkana)DR Abdul Malik","Credit","","0","0","uasma","115","0"
"4498","11/6/2024 12:00:00 AM","S-3607","Invoice","Cash In Hand","Cash","Cash In Hand","0","0","usama","182","0"
"4499","11/6/2024 12:00:00 AM","S-3608","Invoice","Al-Khadija Homoeo Store (HYD)","Credit","","0","0","usama","182","0"
"4500","11/6/2024 12:00:00 AM","S-3609","Invoice","Cash In Hand","Cash","Cash In Hand","0","0","usama","2130","0"
"4501","11/6/2024 12:00:00 AM","S-3610","Invoice","Al-Fareed H/S DR Hader Garwar","Credit","","0","0","Affan","29481","0"
"4502","11/6/2024 12:00:00 AM","P-885","Purchase","Rafay H/S (Larkana)DR Abdul Malik","Credit","","0","0","Affan","115",""
"4503","11/6/2024 12:00:00 AM","S-3611","Invoice","Rafay Homeopathic Store","Credit","","0","0","Affan","115","0"
"4504","11/6/2024 12:00:00 AM","S-3612","Invoice","Sheroze H/S Muzzamil ","Credit","","0","0","Affan","160","0"
"4505","11/6/2024 12:00:00 AM","S-3613","Invoice","Bilal Homoeopathic Store","Credit","","0","0","Affan","287","0"
"4506","11/6/2024 12:00:00 AM","S-3614","Invoice","Cash In Hand","Cash","Cash In Hand","0","0","uasma","250","0"
"4507","11/6/2024 12:00:00 AM","S-3615","Invoice","Pawan M/S JAMSABAD (KGM)","Credit","","0","0","uasma","3666","0"
"4508","11/6/2024 12:00:00 AM","P-886","Purchase","Al-Khadija Homoeo Store (HYD)","Credit","","0","0","Affan","182",""
"4509","11/6/2024 12:00:00 AM","P-887","Purchase","Dua Homoeopathic Store ","Credit","","0","0","Affan","458",""
"4510","11/6/2024 12:00:00 AM","P-888","Purchase","Bilal Homoeopathic Store","Credit","","0","0","Affan","287",""
"4511","11/6/2024 12:00:00 AM","P-889","Purchase","Sufi Homeopathic Store","Credit","","0","0","Affan","153",""
"4512","11/6/2024 12:00:00 AM","P-890","Purchase","Muslim Homoeopathic Store LPR ","Credit","","0","0","Affan","672",""
"4513","11/6/2024 12:00:00 AM","S-3616","Invoice","Cash In Hand","Cash","Cash In Hand",".0","0","Affan","204","0"
"4514","11/7/2024 12:00:00 AM","S-3617","Invoice","Cash In Hand","Cash","Cash In Hand","0","0","uasma","250","0"
"4515","11/7/2024 12:00:00 AM","S-3618","Invoice","Cash In Hand","Cash","Cash In Hand","0","0","uasma","350","0"
"4516","11/7/2024 12:00:00 AM","S-3619","Invoice","Cash In Hand","Cash","Cash In Hand","0","0","Affan","180","0"
"4517","11/7/2024 12:00:00 AM","S-3620","Invoice","Cash In Hand","Cash","Cash In Hand","0","0","Affan","180","0"
"4518","11/7/2024 12:00:00 AM","S-3621","Invoice","Cash In Hand","Cash","Cash In Hand","0","0","Affan","320","0"
"4519","11/7/2024 12:00:00 AM","S-3622","Invoice","Noman Homeopathic Store","Credit","","0","0","Affan","3392","0"
"4520","11/7/2024 12:00:00 AM","S-3623","Invoice","Tawaqal Homoeopathic Store","Credit","","0","0","Affan","65","0"
"4521","11/7/2024 12:00:00 AM","S-3624","Invoice","Muslim Homoeopathic Store LPR ","Credit","","0","0","Affan","1771","0"
"4522","11/7/2024 12:00:00 AM","S-3625","Invoice","German Homeopathic Store (Dr Saqib Khan)","Credit","","0","0","Affan","1575","0"
"4523","11/7/2024 12:00:00 AM","S-3626","Invoice","Rafay Homeopathic Store","Credit","","0","0","Affan","114","0"
"4524","11/7/2024 12:00:00 AM","S-3627","Invoice","Mughal H/S","Credit","","0","0","Affan","342","0"
"4525","11/7/2024 12:00:00 AM","S-3628","Invoice","Cash In Hand","Cash","Cash In Hand","0","0","Affan","297","0"
"4526","11/7/2024 12:00:00 AM","P-891","Purchase","Cash In Hand","Cash","Cash In Hand","0","0","Affan","490",""
"4527","11/7/2024 12:00:00 AM","S-3629","Invoice","Cash In Hand","Cash","Cash In Hand","0","0","Affan","980","0"
"4528","11/7/2024 12:00:00 AM","P-892","Purchase","Affan Chand H/S","Credit","","0","0","Affan","460",""
"4529","11/7/2024 12:00:00 AM","S-3630","Invoice","Cash In Hand","Cash","Cash In Hand","0","0","Afan","825","0"
"4530","11/7/2024 12:00:00 AM","S-3631","Invoice","Cash In Hand","Cash","Cash In Hand","0","0","Affan","5342","0"
"4531","11/7/2024 12:00:00 AM","S-3632","Invoice","Cash In Hand","Cash","Cash In Hand","0","0","Affan","700","0"
"4532","11/9/2024 12:00:00 AM","S-3633","Invoice","Cash In Hand","Cash","Cash In Hand","0","0","Affan","140","0"
"4533","11/9/2024 12:00:00 AM","S-3634","Invoice","Cash In Hand","Cash","Cash In Hand","0","0","Affan","240","0"
"4534","11/9/2024 12:00:00 AM","S-3635","Invoice","Cash In Hand","Cash","Cash In Hand","0","0","Affan","1400","0"
"4535","11/9/2024 12:00:00 AM","S-3636","Invoice","Cash In Hand","Cash","Cash In Hand","0","0","Affan","750","0"
"4536","11/9/2024 12:00:00 AM","S-3637","Invoice","Cash In Hand","Cash","Cash In Hand","0","0","Affan","400","0"
"4537","11/9/2024 12:00:00 AM","S-3638","Invoice","Cash In Hand","Cash","Cash In Hand","0","0","Affan","1700","0"
"4538","11/9/2024 12:00:00 AM","S-3639","Invoice","Cash In Hand","Cash","Cash In Hand","0","0","usama","448","0"
"4539","11/9/2024 12:00:00 AM","S-3640","Invoice","Cash In Hand","Cash","Cash In Hand","0","0","Affan","550","0"
"4540","11/9/2024 12:00:00 AM","S-3641","Invoice","Cash In Hand","Cash","Cash In Hand","0","0","Affan","2800","0"
"4541","11/9/2024 12:00:00 AM","S-3642","Invoice","Dr Rafeeq Bulandi ","Credit","","0","0","Affan","836","0"
"4542","11/9/2024 12:00:00 AM","S-3643","Invoice","Dr Rafeeq Bulandi ","Credit","","","","uasma","550","0"
"4543","11/9/2024 12:00:00 AM","S-3644","Invoice","Cash In Hand","Cash","Cash In Hand","0","0","Affan","700","0"
"4544","11/9/2024 12:00:00 AM","S-3645","Invoice","Cash In Hand","Cash","Cash In Hand","0","0","Affan","250","0"
"4545","11/9/2024 12:00:00 AM","S-3646","Invoice","Noman Homeopathic Store","Credit","","0","0","Affan","3090","0"
"4546","11/9/2024 12:00:00 AM","S-3647","Invoice","Cash In Hand","Cash","Cash In Hand","0","0","Affan","400","0"
"4547","11/9/2024 12:00:00 AM","S-3648","Invoice","Rafay Homeopathic Store","Credit","","0","0","Affan","1569","0"
"4548","11/9/2024 12:00:00 AM","S-3649","Invoice","Chand Homoeopathic Store","Credit","","0","00","Affan","96","0"
"4549","11/9/2024 12:00:00 AM","S-3650","Invoice","Jameel H/S LPR","Credit","","0","0","Affan","110","0"
"4550","11/9/2024 12:00:00 AM","S-3651","Invoice","Bilal Homoeopathic Store","Credit","","0","0","Afffan","133","0"
"4551","11/9/2024 12:00:00 AM","S-3652","Invoice","German Homeopathic Store (Dr Saqib Khan)","Credit","","0","0","Affan","161","0"
"4552","11/9/2024 12:00:00 AM","S-3653","Invoice","Shalimar Homoeo Store LPR","Credit","","0","0","Affan","3140","0"
"4553","11/9/2024 12:00:00 AM","S-3654","Invoice","Sohail Homoeo & Harbal Store","Credit","","0","0","Affan","1761","0"
"4554","11/9/2024 12:00:00 AM","S-3655","Invoice","Pakistan H/S LPR","Credit","","0","0","Affan","196","0"
"4555","11/9/2024 12:00:00 AM","P-893","Purchase","German Homeopathic Store (Dr Saqib Khan)","Credit","","0","0","Affan","1562",""
"4556","11/9/2024 12:00:00 AM","S-3656","Invoice","Cash In Hand","Cash","Cash In Hand","0","0","Affan","1266","0"
"4557","11/9/2024 12:00:00 AM","S-3657","Invoice","Cash In Hand","Cash","Cash In Hand","0","0","usama","300","0"
"4558","11/9/2024 12:00:00 AM","S-3658","Invoice","Cash In Hand","Cash","Cash In Hand","0","0","Affa n","1000","0"
"4559","11/10/2024 12:00:00 AM","S-3659","Invoice","Cash In Hand","Cash","Cash In Hand","0","0","usama","460","0"
"4560","11/10/2024 12:00:00 AM","S-3660","Invoice","Cash In Hand","Cash","Cash In Hand","0","0","usama","1750","0"
"4561","11/10/2024 12:00:00 AM","S-3661","Invoice","Cash In Hand","Cash","Cash In Hand","0","0","uasma","250","0"
"4562","11/10/2024 12:00:00 AM","S-3662","Invoice","Cash In Hand","Cash","Cash In Hand","0","0","uasma","210","0"
"4563","11/10/2024 12:00:00 AM","S-3663","Invoice","Cash In Hand","Cash","Cash In Hand","0","0","uasma","250","0"
"4564","11/10/2024 12:00:00 AM","S-3664","Invoice","Counter","Cash","Cash In Hand","0","None","Haamza","200","0"
"4565","11/10/2024 12:00:00 AM","S-3665","Invoice","Muslim Homoeopathic Store LPR ","Credit","","0","0","usama","143","0"
"4566","11/10/2024 12:00:00 AM","S-3666","Invoice","German Homeopathic Store (Dr Saqib Khan)","Credit","","0","0","usama","2114","0"
"4567","11/10/2024 12:00:00 AM","S-3667","Invoice","Noman Homeopathic Store","Credit","","0","0","usama","1788","0"
"4568","11/10/2024 12:00:00 AM","S-3668","Invoice","Bilal Homoeopathic Store","Credit","","0","00","uasma","147","0"
"4569","11/10/2024 12:00:00 AM","S-3669","Invoice","Cash In Hand","Cash","Cash In Hand","0","0","uasma","150","0"
"4570","11/10/2024 12:00:00 AM","S-3670","Invoice","Cash In Hand","Cash","Cash In Hand","0","0","usama","360","0"
"4571","11/10/2024 12:00:00 AM","S-3671","Invoice","Cash In Hand","Cash","Cash In Hand","0","0","usama","299","0"
"4572","11/10/2024 12:00:00 AM","S-3672","Invoice","Cash In Hand","Cash","Cash In Hand","0","0","uasma","158","0"
"4573","11/10/2024 12:00:00 AM","S-3673","Invoice","Cash In Hand","Cash","Cash In Hand","0","0","usama","1500","0"
"4574","11/10/2024 12:00:00 AM","S-3674","Invoice","Cash In Hand","Cash","Cash In Hand","0","0","uasma","202","0"
"4575","11/11/2024 12:00:00 AM","S-3675","Invoice","Cash In Hand","Cash","Cash In Hand","0","0","uasma","500","0"
"4576","11/11/2024 12:00:00 AM","S-3676","Invoice","Cash In Hand","Cash","Cash In Hand","0","0","Affan","300","0"
"4577","11/11/2024 12:00:00 AM","S-3677","Invoice","Dr Parwar ","Credit","","0","0","uasma","5400","0"
"4578","11/11/2024 12:00:00 AM","S-3678","Invoice","Cash In Hand","Cash","Cash In Hand","0","0","Affan","380","0"
"4579","11/11/2024 12:00:00 AM","P-894","Purchase","T.S Laboratories ","Credit","","0","0","Afffan","82916",""
"4580","11/11/2024 12:00:00 AM","P-895","Purchase","T.S Laboratories ","Credit","","0","0","Affan","4320",""
"4581","11/11/2024 12:00:00 AM","P-896","Purchase","Shalimar Homoeo Store LPR","Credit","","0","0","Affan","186",""
"4582","11/11/2024 12:00:00 AM","S-3679","Invoice","Cash In Hand","Cash","Cash In Hand","0","0","uasma","700","0"
"4583","11/11/2024 12:00:00 AM","S-3680","Invoice","Hakeem Dainsh (kunri)","Credit","","0","0","Affan","5590","0"
"4584","11/11/2024 12:00:00 AM","S-3681","Invoice","DR Imran Qureshi (sanger)","Credit","","0","0","Affan","12195","0"
"4585","11/11/2024 12:00:00 AM","S-3682","Invoice","Cash In Hand","Cash","Cash In Hand","0","0","Affan","300","0"
"4586","11/11/2024 12:00:00 AM","S-3683","Invoice","DR BASHIR KHAMBO","Credit","","0","0","Affan","5900","0"
"4587","11/11/2024 12:00:00 AM","S-3684","Invoice","German Homeopathic Store (Dr Saqib Khan)","Credit","","0","0","Affan","347","0"
"4588","11/11/2024 12:00:00 AM","S-3685","Invoice","Baba Homoeo Store","Credit","","0","0","Affan","2368","0"
"4589","11/11/2024 12:00:00 AM","S-3686","Invoice","Noman Homeopathic Store","Credit","","0","0","Affan","429","0"
"4590","11/11/2024 12:00:00 AM","S-3687","Invoice","Dua Homoeopathic Store ","Credit","","0","0","Affan","224","0"
"4591","11/11/2024 12:00:00 AM","S-3688","Invoice","Al-Khadija Homoeo Store (HYD)","Credit","","0","0","Affan","70","0"
"4592","11/11/2024 12:00:00 AM","S-3689","Invoice","Muslim Homoeopathic Store LPR ","Credit","","0","0","Affan","211","0"
"4593","11/11/2024 12:00:00 AM","S-3690","Invoice","Bilal Homoeopathic Store","Credit","","0","0","Affan","672","0"
"4594","11/11/2024 12:00:00 AM","S-3691","Invoice","Cash In Hand","Cash","Cash In Hand","0","0","Affan","400","0"
"4595","11/11/2024 12:00:00 AM","S-3692","Invoice","Cash In Hand","Cash","Cash In Hand","0","0","Affan","200","0"
"4596","11/11/2024 12:00:00 AM","S-3693","Invoice","Cash In Hand","Cash","Cash In Hand","0","0","Affan","182","0"
"4597","11/11/2024 12:00:00 AM","P-897","Purchase","German Homeopathic Store (Dr Saqib Khan)","Credit","","0","0","Affan","321",""
"4598","11/11/2024 12:00:00 AM","P-898","Purchase","Noman Homeopathic Store","Credit","","0","0","usama","568",""
"4599","11/11/2024 12:00:00 AM","S-3694","Invoice","Cash In Hand","Cash","Cash In Hand","0","0","Affan","628","0"
"4600","11/12/2024 12:00:00 AM","S-3695","Invoice","Cash In Hand","Cash","Cash In Hand","0","0","Affan","500","0"
"4601","11/12/2024 12:00:00 AM","S-3696","Invoice","Cash In Hand","Cash","Cash In Hand","0","0","uasma","300","0"
"4602","11/12/2024 12:00:00 AM","S-3697","Invoice","Cash In Hand","Cash","Cash In Hand","0","0","uasma","900","0"
"4603","11/12/2024 12:00:00 AM","S-3698","Invoice","Cash In Hand","Cash","Cash In Hand","0","0","Affan","230","0"
"4604","11/12/2024 12:00:00 AM","S-3699","Invoice","Cash In Hand","Cash","Cash In Hand","0","0","Affan","1320","0"
"4605","11/12/2024 12:00:00 AM","S-3700","Invoice","Cash In Hand","Cash","Cash In Hand","0","0","Affan","400","0"
"4606","11/12/2024 12:00:00 AM","S-3701","Invoice","Cash In Hand","Cash","Cash In Hand","0","0","uasma","200","0"
"4607","11/12/2024 12:00:00 AM","S-3702","Invoice","Cash In Hand","Cash","Cash In Hand","0","0","Affan","200","0"
"4608","11/12/2024 12:00:00 AM","S-3703","Invoice","Noman Homeopathic Store","Credit","","0","0","Affan","2175","0"
"4609","11/12/2024 12:00:00 AM","S-3704","Invoice","Rafay Homeopathic Store","Credit","","0","0","Affan","75","0"
"4610","11/12/2024 12:00:00 AM","S-3705","Invoice","Muslim Homoeopathic Store LPR ","Credit","","0","0","Affan","1507","0"
"4611","11/12/2024 12:00:00 AM","S-3706","Invoice","Chand Homoeopathic Store","Credit","","0","0","Affan","228","0"
"4612","11/12/2024 12:00:00 AM","S-3707","Invoice","Bilal Homoeopathic Store","Credit","","0","0","Affan","266","0"
"4613","11/12/2024 12:00:00 AM","S-3708","Invoice","German Homeopathic Store (Dr Saqib Khan)","Credit","","0","0","Affan","158","0"
"4614","11/12/2024 12:00:00 AM","S-3709","Invoice","Dua Homoeopathic Store ","Credit","","0","0","Affan","2072","0"
"4615","11/12/2024 12:00:00 AM","S-3710","Invoice","Cash In Hand","Cash","Cash In Hand","0","0","uasma","300","0"
"4616","11/13/2024 12:00:00 AM","S-3711","Invoice","Cash In Hand","Cash","Cash In Hand","0","0","Affan","950","0"
"4617","11/13/2024 12:00:00 AM","S-3712","Invoice","Cash In Hand","Cash","Cash In Hand","0","0","Affan","430","0"
"4618","11/13/2024 12:00:00 AM","S-3713","Invoice","Cash In Hand","Cash","Cash In Hand","0","0","Affan","820","0"
"4619","11/13/2024 12:00:00 AM","S-3714","Invoice","Cash In Hand","Cash","Cash In Hand","0","0","Affan","630","0"
"4620","11/13/2024 12:00:00 AM","S-3715","Invoice","Dr Tayyab (Tando Adam)","Credit","","0","0","uasma","7831","0"
"4621","11/13/2024 12:00:00 AM","S-3716","Invoice","Cash In Hand","Cash","Cash In Hand","0","0","usama","2700","0"
"4622","11/13/2024 12:00:00 AM","S-3717","Invoice","Al-Khadija Homoeo Store (HYD)","Credit","","0","0","Affan","272","0"
"4623","11/13/2024 12:00:00 AM","S-3718","Invoice","Pakistan H/S LPR","Credit","","0","0","Affan","214","0"
"4624","11/13/2024 12:00:00 AM","S-3719","Invoice","Sheroze H/S Muzzamil ","Credit","","0","0","Affan","729","0"
"4625","11/13/2024 12:00:00 AM","S-3720","Invoice","Muslim Homoeopathic Store LPR ","Credit","","0","0","Affan","446","0"
"4626","11/13/2024 12:00:00 AM","S-3721","Invoice","German Homeopathic Store (Dr Saqib Khan)","Credit","","0","0","Affan","779","0"
"4627","11/13/2024 12:00:00 AM","S-3722","Invoice","Rafay Homeopathic Store","Credit","","0","0","Affan","342","0"
"4628","11/13/2024 12:00:00 AM","S-3723","Invoice","Jameel H/S LPR","Credit","","0","0","Affan","136","0"
"4629","11/13/2024 12:00:00 AM","S-3724","Invoice","Sindh Homeopathic Store","Credit","","0","0","Affan","224","0"
"4630","11/13/2024 12:00:00 AM","S-3725","Invoice","Al-Khadija Homoeo Store (HYD)","Credit","","0","0","Affan","528","0"
"4631","11/13/2024 12:00:00 AM","S-3726","Invoice","Bilal Homoeopathic Store","Credit","","0","0","Affan","168","0"
"4632","11/13/2024 12:00:00 AM","S-3727","Invoice","Cash In Hand","Cash","Cash In Hand","0","0","Affan","3194","0"
"4633","11/13/2024 12:00:00 AM","S-3728","Invoice","Noman Homeopathic Store","Credit","","0","0","Affan","6084","0"
"4634","11/13/2024 12:00:00 AM","P-899","Purchase","Jameel H/S LPR","Credit","","0","0","Affn","270",""
"4635","11/13/2024 12:00:00 AM","P-900","Purchase","Al-Khadija Homoeo Store (HYD)","Credit","","0","0","Affan","264",""
"4636","11/13/2024 12:00:00 AM","P-901","Purchase","German Homeopathic Store (Dr Saqib Khan)","Credit","","0","0","Affan","371",""
"4637","11/13/2024 12:00:00 AM","P-902","Purchase","Rafay Homeopathic Store","Credit","","0","0","Affan","1220",""
"4638","11/13/2024 12:00:00 AM","S-3729","Invoice","Cash In Hand","Cash","Cash In Hand","0","0","Affan","700","0"
"4639","11/13/2024 12:00:00 AM","S-3730","Invoice","Dr Akram Malik (Shahdadpure)","Credit","","0","0","Affan","18870","0"
"4640","11/14/2024 12:00:00 AM","S-3731","Invoice","Cash In Hand","Cash","Cash In Hand","0","0","Affan","200","0"
"4641","11/14/2024 12:00:00 AM","S-3732","Invoice","Cash In Hand","Cash","Cash In Hand","0","0","usama","1000","0"
"4642","11/14/2024 12:00:00 AM","S-3733","Invoice","Cash In Hand","Cash","Cash In Hand","0","0","uasma","200","0"
"4643","11/14/2024 12:00:00 AM","S-3734","Invoice","Cash In Hand","Cash","Cash In Hand","0","0","usama","720","0"
"4644","11/14/2024 12:00:00 AM","S-3735","Invoice","Kosar M.S (T.M.K)","Credit","","0","0","Affan","3082","0"
"4645","11/14/2024 12:00:00 AM","S-3736","Invoice","Bilal Homoeopathic Store","Credit","","0","0","Affan","217","0"
"4646","11/14/2024 12:00:00 AM","S-3737","Invoice","Dua Homoeopathic Store ","Credit","","0","0","Affan","2348","0"
"4647","11/14/2024 12:00:00 AM","S-3738","Invoice","German Homeopathic Store (Dr Saqib Khan)","Credit","","0","0","Affan","4790","0"
"4648","11/14/2024 12:00:00 AM","S-3739","Invoice","Shalimar Homoeo Store LPR","Credit","","0","0","Affan","126","0"
"4649","11/14/2024 12:00:00 AM","S-3740","Invoice","Al-Khadija Homoeo Store (HYD)","Credit","","0","0","Affan","169","0"
"4650","11/14/2024 12:00:00 AM","S-3741","Invoice","Rafay Homeopathic Store","Credit","","0","0","Affan","503","0"
"4651","11/14/2024 12:00:00 AM","S-3742","Invoice","Cash In Hand","Cash","Cash In Hand","0","0","uasma","720","0"
"4652","11/14/2024 12:00:00 AM","S-3743","Invoice","Noman Homeopathic Store","Credit","",".","0","Affan","3976","0"
"4653","11/14/2024 12:00:00 AM","S-3744","Invoice","German Homeopathic Store (Dr Saqib Khan)","Credit","","0","0","Affan","665","0"
"4654","11/14/2024 12:00:00 AM","P-903","Purchase","Rafay Homeopathic Store","Credit","","0","0","Affan","715",""
"4655","11/16/2024 12:00:00 AM","S-3745","Invoice","Cash In Hand","Cash","Cash In Hand","0","0","Affan","500","0"
"4656","11/16/2024 12:00:00 AM","S-3746","Invoice","Cash In Hand","Cash","Cash In Hand","0","0","Affan","500","0"
"4657","11/16/2024 12:00:00 AM","S-3747","Invoice","Cash In Hand","Cash","Cash In Hand","0","0","Affan","400","0"
"4658","11/16/2024 12:00:00 AM","S-3748","Invoice","Cash In Hand","Cash","Cash In Hand","0","0","Affan","300","0"
"4659","11/16/2024 12:00:00 AM","S-3749","Invoice","Cash In Hand","Cash","Cash In Hand","0","0","Affan","200","0"
"4660","11/16/2024 12:00:00 AM","S-3750","Invoice","Cash In Hand","Cash","Cash In Hand","0","0","Affan","228","0"
"4661","11/16/2024 12:00:00 AM","S-3751","Invoice","Counter","Cash","Cash In Hand","0","None","Hamza","550","0"
"4662","11/16/2024 12:00:00 AM","S-3752","Invoice","Ali Homoeo Store (SANGER)","Credit","","0","0","Affan","8554","0"
"4663","11/16/2024 12:00:00 AM","S-3753","Invoice","Cash In Hand","Cash","Cash In Hand","0","0","Affan","200","0"
"4664","11/16/2024 12:00:00 AM","S-3754","Invoice","Chand Homoeopathic Store","Credit","","0","0","Affan","814","0"
"4665","11/16/2024 12:00:00 AM","S-3755","Invoice","Muslim Homoeopathic Store LPR ","Credit","","0","0","Affan","2148","0"
"4666","11/16/2024 12:00:00 AM","S-3756","Invoice","Bilal Homoeopathic Store","Credit","","0","0","Affan","462","0"
"4667","11/16/2024 12:00:00 AM","S-3757","Invoice","Sheroze H/S Muzzamil ","Credit","","0","0","Affan","2123","0"
"4668","11/16/2024 12:00:00 AM","S-3758","Invoice","Noman Homeopathic Store","Credit","","0","0","Affan","4293","0"
"4669","11/16/2024 12:00:00 AM","S-3759","Invoice","Counter","Cash","Cash In Hand","0","None","Hamza","1400","0"
"4670","11/16/2024 12:00:00 AM","S-3760","Invoice","Counter","Cash","Cash In Hand","0","None","Hamza","50","0"
"4671","11/16/2024 12:00:00 AM","S-3761","Invoice","Cash In Hand","Cash","Cash In Hand","0","0","Affan","6019","0"
"4672","11/16/2024 12:00:00 AM","S-3762","Invoice","Cash In Hand","Cash","Cash In Hand","0","0","Afan","250","0"
"4673","11/16/2024 12:00:00 AM","S-3763","Invoice","Cash In Hand","Cash","Cash In Hand","0","0","Affan","240","0"
"4674","11/16/2024 12:00:00 AM","S-3764","Invoice","Cash In Hand","Cash","Cash In Hand","0","0","Affan","400","0"
"4675","11/17/2024 12:00:00 AM","S-3765","Invoice","Danish saleman","Cash","Cash In Hand","0","0","uasma","4165","0"
"4676","11/17/2024 12:00:00 AM","S-3766","Invoice","Cash In Hand","Cash","Cash In Hand","0","0","uasma","450","0"
"4677","11/17/2024 12:00:00 AM","S-3767","Invoice","Mehtab H/S (DR Parwaiz Bhatti)","Credit","","0","0","uasma","1425","0"
"4678","11/17/2024 12:00:00 AM","S-3768","Invoice","Cash In Hand","Cash","Cash In Hand","0","0","usama","300","0"
"4679","11/17/2024 12:00:00 AM","S-3769","Invoice","Dr Rasheed Kashmiri (Tando Alayar)","Credit","","0","0","uasma","7244","0"
"4680","11/17/2024 12:00:00 AM","S-3770","Invoice","Haji Sawan","Credit","","0","0","usama","950","0"
"4681","11/17/2024 12:00:00 AM","S-3771","Invoice","Tawaqal Homoeopathic Store","Credit","","0","0","uasma","704","0"
"4682","11/17/2024 12:00:00 AM","S-3772","Invoice","Rafay H/S (Larkana)DR Abdul Malik","Credit","","0","0","uasma","541","0"
"4683","11/17/2024 12:00:00 AM","S-3773","Invoice","Shalimar Homoeo Store LPR","Credit","","0","0","uasma","133","0"
"4684","11/17/2024 12:00:00 AM","S-3774","Invoice","Chand Homoeopathic Store","Credit","","0","0","uasma","253","0"
"4685","11/17/2024 12:00:00 AM","S-3775","Invoice","Sohail Homoeo & Harbal Store","Credit","","0","0","uasma","130","0"
"4686","11/17/2024 12:00:00 AM","S-3776","Invoice","Noman Homeopathic Store","Credit","","0","0","usama","2325","0"
"4687","11/17/2024 12:00:00 AM","P-904","Purchase","Rafay H/S (Larkana)DR Abdul Malik","Credit","","0","0","usama","541",""
"4688","11/17/2024 12:00:00 AM","S-3777","Invoice","Rafay Homeopathic Store","Credit","","0","0","uasma","541","0"
"4689","11/17/2024 12:00:00 AM","S-3778","Invoice","Muslim M/S (Tando Allahyar)","Credit","","0","0","usama","1560","0"
"4690","11/17/2024 12:00:00 AM","P-905","Purchase","Hakeem Dainsh (kunri)","Credit","","0","0","usama","3600",""
"4691","11/17/2024 12:00:00 AM","S-3779","Invoice","Cash In Hand","Cash","Cash In Hand","0","0","Hamza","250","0"
"4692","11/17/2024 12:00:00 AM","P-906","Purchase","Noman Homeopathic Store","Credit","","0","0","usama","650",""
"4693","11/17/2024 12:00:00 AM","S-3780","Invoice","saleem pansar ","Credit","","0","0","uasma","4400","0"
"4694","11/18/2024 12:00:00 AM","S-3781","Invoice","DR Arbaz Baig(hyderabad)","Credit","","","","Affan","427","0"
"4695","11/18/2024 12:00:00 AM","S-3782","Invoice","Cash In Hand","Cash","Cash In Hand","0","0","Affan","200","0"
"4696","11/18/2024 12:00:00 AM","S-3783","Invoice","Cash In Hand","Cash","Cash In Hand","0","0","Affan","2862","0"
"4697","11/18/2024 12:00:00 AM","P-907","Purchase","BLOSSOM ","Credit","","0","0","Afan","6336",""
"4698","11/18/2024 12:00:00 AM","S-3784","Invoice","Cash In Hand","Cash","Cash In Hand","0","0","Affan","190","0"
"4699","11/18/2024 12:00:00 AM","P-908","Purchase","B.H.P Laboratory (PVT) LTD ","Credit","","0","0","Affan","95040",""
"4700","11/18/2024 12:00:00 AM","S-3785","Invoice","Cash In Hand","Cash","Cash In Hand","0","00","Affan","200","0"
"4701","11/18/2024 12:00:00 AM","S-3786","Invoice","Cash In Hand","Cash","Cash In Hand","0","0","uasma","320","0"
"4702","11/18/2024 12:00:00 AM","P-909","Purchase","Boric pharma","Credit","","0","0","Affan","32790",""
"4703","11/18/2024 12:00:00 AM","S-3787","Invoice","Muslim Homoeopathic Store LPR ","Credit","","0","0","Affan","232","0"
"4704","11/18/2024 12:00:00 AM","S-3788","Invoice","Jameel H/S LPR","Credit","","0","0","Affan","468","0"
"4705","11/18/2024 12:00:00 AM","S-3789","Invoice","Bilal Homoeopathic Store","Credit","","0","0","Affan","133","0"
"4706","11/18/2024 12:00:00 AM","S-3790","Invoice","Rafay Homeopathic Store","Credit","","0","0","Affan","228","0"
"4707","11/18/2024 12:00:00 AM","S-3791","Invoice","Muslim Homoeopathic Store LPR ","Credit","","0","0","Affan","120","0"
"4708","11/18/2024 12:00:00 AM","S-3792","Invoice","Mughal H/S","Credit","","0","0","Affan","234","0"
"4709","11/18/2024 12:00:00 AM","S-3793","Invoice","Sufi Homeopathic Store","Credit","","0","0","Affan","130","0"
"4710","11/18/2024 12:00:00 AM","S-3794","Invoice","Sohail Homoeo & Harbal Store","Credit","","0","0","Affa n","378","0"
"4711","11/18/2024 12:00:00 AM","S-3795","Invoice","Pakistan H/S LPR","Credit","","0","0","Affan","196","0"
"4712","11/18/2024 12:00:00 AM","S-3796","Invoice","German Homeopathic Store (Dr Saqib Khan)","Credit","","0","0","Affan","3111","0"
"4713","11/18/2024 12:00:00 AM","S-3797","Invoice","Noman Homeopathic Store","Credit","","","0","Affan","4158","0"
"4714","11/18/2024 12:00:00 AM","S-3798","Invoice","German Homeopathic Store (Dr Saqib Khan)","Credit","","0","0","Affan","1805","0"
"4715","11/18/2024 12:00:00 AM","S-3799","Invoice","Baba Homoeo Store","Credit","","0","0","Affan","375","0"
"4716","11/18/2024 12:00:00 AM","P-910","Purchase","Gul M/S (Tando Jaam)","Credit","","0","0","Affan","740",""
"4717","11/18/2024 12:00:00 AM","S-3800","Invoice","Zulfiqar (Jahan Mori)","Credit","","0","0","Affan","8933","0"
"4718","11/18/2024 12:00:00 AM","S-3801","Invoice","Wasaan Medical Store","Credit","","0","0","Affan","1890","0"
"4719","11/18/2024 12:00:00 AM","S-3802","Invoice","Muslim Medical Store","Credit","","0","0","Affan","895","0"
"4720","11/18/2024 12:00:00 AM","S-3803","Invoice","Muneer Medical Store","Credit","","0","0","Affan","7895","0"
"4721","11/18/2024 12:00:00 AM","S-3804","Invoice","Talpur Medical Store (Jahan Mori)","Credit","","0","0","Affan","2780","0"
"4722","11/18/2024 12:00:00 AM","P-911","Purchase","saleem pansar ","Credit","","0","0","uasma","4400",""
"4723","11/18/2024 12:00:00 AM","P-912","Purchase","Noman Homeopathic Store","Credit","","0","0","Affan","1425",""
"4724","11/19/2024 12:00:00 AM","P-913","Purchase","T.S Laboratories ","Credit","","0","0","Affan","20736",""
"4725","11/19/2024 12:00:00 AM","P-914","Purchase","ZAM ZAM Homoeo Pharma","Credit","","0","0","Affan","11210",""
"4726","11/19/2024 12:00:00 AM","S-3805","Invoice","Cash In Hand","Cash","Cash In Hand","0","0","Affan","750","0"
"4727","11/19/2024 12:00:00 AM","S-3806","Invoice","Cash In Hand","Cash","Cash In Hand","0","0","Affa n","500","0"
"4728","11/19/2024 12:00:00 AM","S-3807","Invoice","Cash In Hand","Cash","Cash In Hand","0","0","Affan","280","0"
"4729","11/19/2024 12:00:00 AM","S-3808","Invoice","Dr manzoor Ahmed (Tando Jaam)","Credit","","0","0","Affan","9669","0"
"4730","11/19/2024 12:00:00 AM","S-3809","Invoice","Cash In Hand","Cash","Cash In Hand","0","0","Affan","450","0"
"4731","11/19/2024 12:00:00 AM","S-3810","Invoice","Cash In Hand","Cash","Cash In Hand","0","0","Affan","3569","0"
"4732","11/19/2024 12:00:00 AM","S-3811","Invoice","Cash In Hand","Cash","Cash In Hand","0","0","Affan","384","0"
"4733","11/19/2024 12:00:00 AM","P-915","Purchase","Dua Homoeopathic Store ","Credit","","0","0","Affan","144",""
"4734","11/19/2024 12:00:00 AM","S-3812","Invoice","Cash In Hand","Cash","Cash In Hand","0","0","Affan","200","0"
"4735","11/19/2024 12:00:00 AM","S-3813","Invoice","Muslim Homoeopathic Store LPR ","Credit","","0","0","Affan","120","0"
"4736","11/19/2024 12:00:00 AM","S-3814","Invoice","Dua Homoeopathic Store ","Credit","","0","0","Affsan","1540","0"
"4737","11/19/2024 12:00:00 AM","S-3815","Invoice","Rafay Homeopathic Store","Credit","","0","0","Affan","309","0"
"4738","11/19/2024 12:00:00 AM","S-3816","Invoice","Sohail Homoeo & Harbal Store","Credit","","0","0","Affan","209","0"
"4739","11/19/2024 12:00:00 AM","S-3817","Invoice","Bilal Homoeopathic Store","Credit","","0","0","Affan","114","0"
"4740","11/19/2024 12:00:00 AM","S-3818","Invoice","Al-Khadija Homoeo Store (HYD)","Credit","","0","0","Affan","119","0"
"4741","11/19/2024 12:00:00 AM","S-3819","Invoice","Noman Homeopathic Store","Credit","","0","0","Affan","311","0"
"4742","11/19/2024 12:00:00 AM","S-3820","Invoice","Cash In Hand","Cash","Cash In Hand","0","0","Affan","350","0"
"4743","11/19/2024 12:00:00 AM","S-3821","Invoice","DR Jabbar (Tando Jaam)","Credit","","0","0","Affan","25685","0"
"4744","11/19/2024 12:00:00 AM","P-916","Purchase","Sufi Homeopathic Store","Credit","","0","0","Affan","672",""
"4745","11/19/2024 12:00:00 AM","P-917","Purchase","Rafay Homeopathic Store","Credit","","0","0","Affan","592",""
"4746","11/19/2024 12:00:00 AM","S-3822","Invoice","Dr Rajesh Kumar","Credit","","0","0","Affan","7235","0"
"4747","11/19/2024 12:00:00 AM","S-3823","Invoice","Cash In Hand","Cash","Cash In Hand","0","0","Affan","150","0"
"4748","11/19/2024 12:00:00 AM","S-3824","Invoice","Cash In Hand","Cash","Cash In Hand","0","0","Affan","160","0"
"4749","11/19/2024 12:00:00 AM","P-918","Purchase","Bilal Homoeopathic Store","Credit","","0","0","Affan","1360",""
"4750","11/19/2024 12:00:00 AM","P-919","Purchase","Rafay Homeopathic Store","Credit","","0","0","Affan","350",""
"4751","11/19/2024 12:00:00 AM","P-920","Purchase","Sheroze H/S Muzzamil ","Credit","","0","0","Affan","122",""
"4752","11/20/2024 12:00:00 AM","S-3825","Invoice","Cash In Hand","Cash","Cash In Hand","0","0","Affan","2374","0"
"4753","11/20/2024 12:00:00 AM","S-3826","Invoice","Cash In Hand","Cash","Cash In Hand","0","0","Affan","394","0"
"4754","11/20/2024 12:00:00 AM","S-3827","Invoice","Dr Tayyab (Tando Adam)","Credit","","0","0","uasma","448","0"
"4755","11/20/2024 12:00:00 AM","S-3828","Invoice","Dr Tayyab (Tando Adam)","Credit","","","","usama","180","0"
"4756","11/20/2024 12:00:00 AM","S-3829","Invoice","Cash In Hand","Cash","Cash In Hand","0","0","uasma","945","0"
"4757","11/20/2024 12:00:00 AM","P-921","Purchase","BLOSSOM ","Credit","","0","0","Affan","13517",""
"4758","11/20/2024 12:00:00 AM","S-3830","Invoice","Cash In Hand","Cash","Cash In Hand","0","0","uasma","1750","0"
"4759","11/20/2024 12:00:00 AM","P-922","Purchase","German Homeopathic Store (Dr Saqib Khan)","Credit","","0","0","Affan","7400",""
"4760","11/20/2024 12:00:00 AM","S-3831","Invoice","Baba Homoeo Store","Credit","","0","0","Afan","446","0"
"4761","11/20/2024 12:00:00 AM","S-3832","Invoice","Al-Khadija Homoeo Store (HYD)","Credit","","0","0","Affan","233","0"
"4762","11/20/2024 12:00:00 AM","S-3833","Invoice","Chand Homoeopathic Store","Credit","",".0","0","Affan","304","0"
"4763","11/20/2024 12:00:00 AM","S-3834","Invoice","Mughal H/S","Credit","",".0","0","Affan","348","0"
"4764","11/20/2024 12:00:00 AM","S-3835","Invoice","Muslim Homoeopathic Store LPR ","Credit","","0","0","Affan","154","0"
"4765","11/20/2024 12:00:00 AM","S-3836","Invoice","Dua Homoeopathic Store ","Credit","","0","0","Affan","796","0"
"4766","11/20/2024 12:00:00 AM","S-3837","Invoice","German Homeopathic Store (Dr Saqib Khan)","Credit","","0","0","Affan","1605","0"
"4767","11/20/2024 12:00:00 AM","S-3838","Invoice","Noman Homeopathic Store","Credit","","0","0","Affan","2866","0"
"4768","11/20/2024 12:00:00 AM","S-3839","Invoice","Cash In Hand","Cash","Cash In Hand","0","0","uasma","1100","0"
"4769","11/20/2024 12:00:00 AM","S-3840","Invoice","WajuU Bhai W/S Saleman","Credit","","0","0","usama","3438","0"
"4770","11/20/2024 12:00:00 AM","S-3841","Invoice","Cash In Hand","Cash","Cash In Hand","0","0","uasma","200","0"
"4771","11/20/2024 12:00:00 AM","S-3842","Invoice","Cash In Hand","Cash","Cash In Hand","0","0","Affan","1200","0"
"4772","11/20/2024 12:00:00 AM","S-3843","Invoice","Cash In Hand","Cash","Cash In Hand","0","0","Afan","250","0"
"4773","11/21/2024 12:00:00 AM","P-923","Purchase","Paul Brooks Homoeo Lab","Credit","","0","0","Affan","14402",""
"4774","11/21/2024 12:00:00 AM","S-3844","Invoice","Cash In Hand","Cash","Cash In Hand","0","0","uasma","500","0"
"4775","11/21/2024 12:00:00 AM","S-3845","Invoice","Cash In Hand","Cash","Cash In Hand","0","0","uasma","1190","0"
"4776","11/21/2024 12:00:00 AM","S-3846","Invoice","Cash In Hand","Cash","Cash In Hand","0","0","Affan","644","0"
"4777","11/21/2024 12:00:00 AM","S-3847","Invoice","Cash In Hand","Cash","Cash In Hand","0","0","Affan","250","0"
"4778","11/21/2024 12:00:00 AM","S-3848","Invoice","Cash In Hand","Cash","Cash In Hand","0","0","Affan","1020","0"
"4779","11/21/2024 12:00:00 AM","S-3849","Invoice","Rafay Homeopathic Store","Credit","","0","0","Affan","1476","0"
"4780","11/21/2024 12:00:00 AM","S-3850","Invoice","Muslim Homoeopathic Store LPR ","Credit","","0","0","Affan","1558","0"
"4781","11/21/2024 12:00:00 AM","S-3851","Invoice","Noman Homeopathic Store","Credit","","0","0","Affan","4280","0"
"4782","11/21/2024 12:00:00 AM","P-924","Purchase","Mughal H/S","Credit","","0","0","Affan","187",""
"4783","11/21/2024 12:00:00 AM","S-3852","Invoice","Tawaqal Homoeopathic Store","Credit","","0","0","Affan","228","0"
"4784","11/21/2024 12:00:00 AM","S-3853","Invoice","German Homeopathic Store (Dr Saqib Khan)","Credit","","0","0","Affan","906","0"
"4785","11/21/2024 12:00:00 AM","S-3854","Invoice","Bilal Homoeopathic Store","Credit","","0","0","Affan","180","0"
"4786","11/21/2024 12:00:00 AM","S-3855","Invoice","Mughal H/S","Credit","","0","0","Affan","1162","0"
"4787","11/21/2024 12:00:00 AM","S-3856","Invoice","Cash In Hand","Cash","Cash In Hand","0","0","shaan","150","0"
"4788","11/21/2024 12:00:00 AM","S-3857","Invoice","Cash In Hand","Cash","Cash In Hand","0","0","Affan","500","0"
"4789","11/21/2024 12:00:00 AM","S-3858","Invoice","Cash In Hand","Cash","Cash In Hand","0","0","Affan","250","0"
"4790","11/21/2024 12:00:00 AM","S-3859","Invoice","Dr Abdul Shakoor Memon","Credit","","0","0","Affan","2236","0"
"4791","11/23/2024 12:00:00 AM","S-3860","Invoice","Cash In Hand","Cash","Cash In Hand","0","0","usama","800","0"
"4792","11/23/2024 12:00:00 AM","S-3861","Invoice","Cash In Hand","Cash","Cash In Hand","0","0","uasma","500","0"
"4793","11/23/2024 12:00:00 AM","S-3862","Invoice","Cash In Hand","Cash","Cash In Hand","0","0","uasma","500","0"
"4794","11/23/2024 12:00:00 AM","S-3863","Invoice","Cash In Hand","Cash","Cash In Hand","0","0","usama","3600","0"
"4795","11/23/2024 12:00:00 AM","S-3864","Invoice","Noman Homeopathic Store","Credit","","0","0","uasma","4331","0"
"4796","11/23/2024 12:00:00 AM","S-3865","Invoice","Rafay Homeopathic Store","Credit","","0","0","uasma","510","0"
"4797","11/23/2024 12:00:00 AM","S-3866","Invoice","Jameel H/S LPR","Credit","","0","","uasma","246","0"
"4798","11/23/2024 12:00:00 AM","S-3867","Invoice","Bilal Homoeopathic Store","Credit","","0","0","uasma","114","0"
"4799","11/23/2024 12:00:00 AM","S-3868","Invoice","Al-Khadija Homoeo Store (HYD)","Credit","","0","0","uasma","119","0"
"4800","11/23/2024 12:00:00 AM","S-3869","Invoice","Muslim Homoeopathic Store LPR ","Credit","","0","0","uasma","5502","0"
"4801","11/23/2024 12:00:00 AM","S-3870","Invoice","German Homeopathic Store (Dr Saqib Khan)","Credit","","0","0","uasma","286","0"
"4802","11/23/2024 12:00:00 AM","S-3871","Invoice","Chand Homoeopathic Store","Credit","","0","0","uasma","104","0"
"4803","11/23/2024 12:00:00 AM","S-3872","Invoice","Pakistan H/S LPR","Credit","","0","0","uasma","75","0"
"4804","11/23/2024 12:00:00 AM","S-3873","Invoice","Shalimar Homoeo Store LPR","Credit","","0","0","uasma","446","0"
"4805","11/23/2024 12:00:00 AM","S-3874","Invoice","Cash In Hand","Cash","Cash In Hand","0","0","uasma","1171","0"
"4806","11/24/2024 12:00:00 AM","P-925","Purchase","Al-Khadija Homoeo Store (HYD)","Credit","","0","0","Affan7","228",""
"4807","11/24/2024 12:00:00 AM","P-926","Purchase","German Homeopathic Store (Dr Saqib Khan)","Credit","","0","0","Affa n","2560",""
"4808","11/24/2024 12:00:00 AM","P-927","Purchase","German Homeopathic Store (Dr Saqib Khan)","Credit","","0","0","Affan","228",""
"4809","11/24/2024 12:00:00 AM","P-928","Purchase","Pakistan H/S LPR","Credit","","0","0","Affan","75",""
"4810","11/24/2024 12:00:00 AM","P-929","Purchase","Dua Homoeopathic Store ","Credit","","0","0","Affan","256",""
"4811","11/24/2024 12:00:00 AM","P-930","Purchase","Rafay Homeopathic Store","Credit","","0","0","Affan","396",""
"4812","11/24/2024 12:00:00 AM","S-3875","Invoice","Cash In Hand","Cash","Cash In Hand","0","0","Affan","1000","0"
"4813","11/24/2024 12:00:00 AM","S-3876","Invoice","Cash In Hand","Cash","Cash In Hand","0","0","Affan","1500","0"
"4814","11/24/2024 12:00:00 AM","S-3877","Invoice","Cash In Hand","Cash","Cash In Hand","0","0","Affan","500","0"
"4815","11/24/2024 12:00:00 AM","S-3878","Invoice","Cash In Hand","Cash","Cash In Hand","0","0","Afan","2000","0"
"4816","11/24/2024 12:00:00 AM","S-3879","Invoice","Cash In Hand","Cash","Cash In Hand","0","0","Affan","650","0"
"4817","11/24/2024 12:00:00 AM","S-3880","Invoice","Cash In Hand","Cash","Cash In Hand","0","0","uasma","557","0"
"4818","11/24/2024 12:00:00 AM","S-3881","Invoice","Cash In Hand","Cash","Cash In Hand","0","0","uasma","450","0"
"4819","11/24/2024 12:00:00 AM","S-3882","Invoice","Cash In Hand","Cash","Cash In Hand","0","0","usama","950","0"
"4820","11/24/2024 12:00:00 AM","S-3883","Invoice","Rahib Madical Store (Tando Bhago)","Credit","","0","0","uasma","3970","0"
"4821","11/24/2024 12:00:00 AM","S-3884","Invoice","Cash In Hand","Cash","Cash In Hand","0","0","uasma","308","0"
"4822","11/24/2024 12:00:00 AM","S-3885","Invoice","Tawaqal Homoeopathic Store","Credit","","0","0","uasma","252","0"
"4823","11/24/2024 12:00:00 AM","S-3886","Invoice","Sheroze H/S Muzzamil ","Credit","","0","0","uasma","280","0"
"4824","11/24/2024 12:00:00 AM","S-3887","Invoice","Noman Homeopathic Store","Credit","","0","0","uasma","2547","0"
"4825","11/24/2024 12:00:00 AM","S-3888","Invoice","Muslim Homoeopathic Store LPR ","Credit","","0","0","uasma","412","0"
"4826","11/24/2024 12:00:00 AM","S-3889","Invoice","German Homeopathic Store (Dr Saqib Khan)","Credit","","0","0","uasma","860","0"
"4827","11/24/2024 12:00:00 AM","S-3890","Invoice","Sohail Homoeo & Harbal Store","Credit","","0","0","uasma","105","0"
"4828","11/24/2024 12:00:00 AM","S-3891","Invoice","Dua Homoeopathic Store ","Credit","","0","0","uasma","314","0"
"4829","11/24/2024 12:00:00 AM","S-3892","Invoice","Rafay Homeopathic Store","Credit","","0","0","uasma","510","0"
"4830","11/24/2024 12:00:00 AM","S-3893","Invoice","Tawaqal Homoeopathic Store","Credit","","0","0","uasma","217","0"
"4831","11/24/2024 12:00:00 AM","S-3894","Invoice","Dr Jamaal Nasir (T.M.K)","Credit","","0","0","usama","14080","0"
"4832","11/25/2024 12:00:00 AM","S-3895","Invoice","Cash In Hand","Cash","Cash In Hand","0","0","uasma","1390","0"
"4833","11/25/2024 12:00:00 AM","S-3896","Invoice","Cash In Hand","Cash","Cash In Hand","0","0","uasma","500","0"
"4834","11/25/2024 12:00:00 AM","S-3897","Invoice","Cash In Hand","Cash","Cash In Hand","0","0","Affan","440","0"
"4835","11/25/2024 12:00:00 AM","S-3898","Invoice","Cash In Hand","Cash","Cash In Hand","0","0","Affan","380","0"
"4836","11/25/2024 12:00:00 AM","S-3899","Invoice","Cash In Hand","Cash","Cash In Hand","0","0","sheraz","500","0"
"4837","11/25/2024 12:00:00 AM","S-3900","Invoice","Cash In Hand","Cash","Cash In Hand","0","0","shaan","400","0"
"4838","11/24/2024 12:00:00 AM","P-931","Purchase","Rafay Homeopathic Store","Credit","","0","0","Affan","110",""
"4839","11/25/2024 12:00:00 AM","S-3901","Invoice","Muslim Homoeopathic Store LPR ","Credit","","0","0","Afan","870","0"
"4840","11/25/2024 12:00:00 AM","S-3902","Invoice","Al-Khadija Homoeo Store (HYD)","Credit","","0","0","Affan","277","0"
"4841","11/25/2024 12:00:00 AM","S-3903","Invoice","Shalimar Homoeo Store LPR","Credit","","0","0","Affan","120","0"
"4842","11/25/2024 12:00:00 AM","S-3904","Invoice","Sohail Homoeo & Harbal Store","Credit","","0","0","Affsn","2484","0"
"4843","11/25/2024 12:00:00 AM","S-3905","Invoice","German Homeopathic Store (Dr Saqib Khan)","Credit","","0","0","Affa n","5205","0"
"4844","11/25/2024 12:00:00 AM","S-3906","Invoice","Noman Homeopathic Store","Credit","","0","0","Affan","1204","0"
"4845","11/25/2024 12:00:00 AM","S-3907","Invoice","Rafay Homeopathic Store","Credit","","0","0","Affan","3346","0"
"4846","11/25/2024 12:00:00 AM","P-932","Purchase","Mughal H/S","Credit","","0","0","Affan","217",""
"4847","11/25/2024 12:00:00 AM","P-933","Purchase","Tawaqal Homoeopathic Store","Credit","","0","0","Affan","228",""
"4848","11/26/2024 12:00:00 AM","S-3908","Invoice","Cash In Hand","Cash","Cash In Hand","0","0","usama","926","0"
"4849","11/26/2024 12:00:00 AM","S-3909","Invoice","Cash In Hand","Cash","Cash In Hand","0","0","uasma","780","0"
"4850","11/26/2024 12:00:00 AM","S-3910","Invoice","Cash In Hand","Cash","Cash In Hand","0","0","uasma","1100","0"
"4851","11/26/2024 12:00:00 AM","S-3911","Invoice","Cash In Hand","Cash","Cash In Hand","0","0","uasma","854","0"
"4852","11/26/2024 12:00:00 AM","S-3912","Invoice","Shalimar Homoeo Store LPR","Credit","","0","0","usama","446","0"
"4853","11/26/2024 12:00:00 AM","S-3913","Invoice","Tawaqal Homoeopathic Store","Credit","","0","0","usama","209","0"
"4854","11/26/2024 12:00:00 AM","S-3914","Invoice","German Homeopathic Store (Dr Saqib Khan)","Credit","","0","0","usama","95","0"
"4855","11/26/2024 12:00:00 AM","S-3915","Invoice","Jameel H/S LPR","Credit","","0","0","usama","228","0"
"4856","11/26/2024 12:00:00 AM","S-3916","Invoice","Noman Homeopathic Store","Credit","","0","0","usama","341","0"
"4857","11/26/2024 12:00:00 AM","S-3917","Invoice","Muslim Homoeopathic Store LPR ","Credit","","0","0","usama","702","0"
"4858","11/26/2024 12:00:00 AM","S-3918","Invoice","Dua Homoeopathic Store ","Credit","","0","0","uasma","230","0"
"4859","11/26/2024 12:00:00 AM","S-3919","Invoice","Cash In Hand","Cash","Cash In Hand","0","0","uasma","500","0"
"4860","11/26/2024 12:00:00 AM","S-3920","Invoice","Cash In Hand","Cash","Cash In Hand","0","0","uasma","600","0"
"4861","11/27/2024 12:00:00 AM","S-3921","Invoice","Shahid Medical Store (Chambar)","Credit","","","0","Affan","8220","0"
"4862","11/27/2024 12:00:00 AM","S-3922","Invoice","Cash In Hand","Cash","Cash In Hand","0","0","uasma","200","0"
"4863","11/27/2024 12:00:00 AM","S-3923","Invoice","Cash In Hand","Cash","Cash In Hand","0","0","uasma","200","0"
"4864","11/27/2024 12:00:00 AM","P-934","Purchase","Paul Brooks Homoeo Lab","Credit","","0","0","Affan","51711",""
"4865","11/27/2024 12:00:00 AM","S-3924","Invoice","Cash In Hand","Cash","Cash In Hand","0","0","Affan","528","0"
"4866","11/27/2024 12:00:00 AM","S-3925","Invoice","Dr Manzoor (Shah Pur Janiya)","Credit","","0","0","sheraz","26690","0"
"4867","11/27/2024 12:00:00 AM","P-935","Purchase","Dr Manzoor Ahmed (DolatPur)","Credit","","0","0","sheraz","26690",""
"4868","11/27/2024 12:00:00 AM","P-936","Purchase","Dr Rajesh Kumar","Credit","","0","0","raza","480",""
"4869","11/27/2024 12:00:00 AM","S-3926","Invoice","Dua Homoeopathic Store ","Credit","","0","0","Affan","161","0"
"4870","11/27/2024 12:00:00 AM","S-3927","Invoice","Muslim Homoeopathic Store LPR ","Credit","","0","0","Affan","114","0"
"4871","11/27/2024 12:00:00 AM","S-3928","Invoice","German Homeopathic Store (Dr Saqib Khan)","Credit","","0","0","Affan","265","0"
"4872","11/27/2024 12:00:00 AM","S-3929","Invoice","Sohail Homoeo & Harbal Store","Credit","","0","0","Affan","1018","0"
"4873","11/27/2024 12:00:00 AM","S-3930","Invoice","Noman Homeopathic Store","Credit","","0","0","Affan","1214","0"
"4874","11/27/2024 12:00:00 AM","S-3931","Invoice","Dr Yousuf Arain (Dambalo)","Credit","","0","0","uasma","722","0"
"4875","11/28/2024 12:00:00 AM","S-3932","Invoice","Dr Rafeeq Bulandi ","Credit","","0","0","Affan","300","0"
"4876","11/28/2024 12:00:00 AM","S-3933","Invoice","Cash In Hand","Cash","Cash In Hand","0","0","Affan","250","0"
"4877","11/28/2024 12:00:00 AM","P-937","Purchase","German Homeopathic Store (Dr Saqib Khan)","Credit","","0","0","Affan","1440",""
"4878","11/28/2024 12:00:00 AM","P-938","Purchase","Muslim Homoeopathic Store LPR ","Credit","","0","0","Affan","110",""
"4879","11/28/2024 12:00:00 AM","P-939","Purchase","Rafay Homeopathic Store","Credit","","0","0","Affan","267",""
"4880","11/28/2024 12:00:00 AM","S-3934","Invoice","Tawaqal Homoeopathic Store","Credit","","0","0","Affan","322","0"
"4881","11/28/2024 12:00:00 AM","S-3935","Invoice","Muslim Homoeopathic Store LPR ","Credit","","","","Affan","6387","0"
"4882","11/28/2024 12:00:00 AM","S-3936","Invoice","German Homeopathic Store (Dr Saqib Khan)","Credit","","0","0","Affan","647","0"
"4883","11/28/2024 12:00:00 AM","S-3937","Invoice","Sohail Homoeo & Harbal Store","Credit","","0","0","Affan","840","0"
"4884","11/28/2024 12:00:00 AM","S-3938","Invoice","Sheroze H/S Muzzamil ","Credit","","0","0","Affan","806","0"
"4885","11/28/2024 12:00:00 AM","S-3939","Invoice","Dua Homoeopathic Store ","Credit","","0","00","Afffan","4615","0"
"4886","11/28/2024 12:00:00 AM","S-3940","Invoice","Rafay Homeopathic Store","Credit","","0","0","Affan","2948","0"
"4887","11/28/2024 12:00:00 AM","S-3941","Invoice","Noman Homeopathic Store","Credit","","0","0","Affan","1853","0"
"4888","11/28/2024 12:00:00 AM","S-3942","Invoice","Cash In Hand","Cash","Cash In Hand","0","0","sheraz","171","0"
"4889","11/28/2024 12:00:00 AM","S-3943","Invoice","Cash In Hand","Credit","Cash In Hand","0","0","uasma","460","0"
"4890","11/30/2024 12:00:00 AM","S-3944","Invoice","H/Dr.Irfan (T.A)","Cash","Cash In Hand","0","0","uasma","451","0"
"4891","11/30/2024 12:00:00 AM","S-3945","Invoice","Cash In Hand","Cash","Cash In Hand","0","0","uasma","2254","0"
"4892","11/30/2024 12:00:00 AM","S-3946","Invoice","Cash In Hand","Cash","Cash In Hand","0","0","uasma","1200","0"
"4893","11/30/2024 12:00:00 AM","S-3947","Invoice","Muslim Homoeopathic Store LPR ","Credit","","0","0","uasma","1344","0"
"4894","11/30/2024 12:00:00 AM","S-3948","Invoice","Tawaqal Homoeopathic Store","Credit","","0","0","uasma","892","0"
"4895","11/30/2024 12:00:00 AM","S-3949","Invoice","Sufi Homeopathic Store","Credit","","0","0","usama","600","0"
"4896","11/30/2024 12:00:00 AM","S-3950","Invoice","Rafay Homeopathic Store","Credit","","0","0","uasma","668","0"
"4897","11/30/2024 12:00:00 AM","S-3951","Invoice","Sohail Homoeo & Harbal Store","Credit","","0","0","uasma","126","0"
"4898","11/30/2024 12:00:00 AM","S-3952","Invoice","Dua Homoeopathic Store ","Credit","","0","0","uasma","604","0"
"4899","11/30/2024 12:00:00 AM","S-3953","Invoice","Al-Khadija Homoeo Store (HYD)","Credit","","","0","uasma","585","0"
"4900","11/30/2024 12:00:00 AM","S-3954","Invoice","Chand Homoeopathic Store","Credit","","0","0","uasma","117","0"
"4901","11/30/2024 12:00:00 AM","S-3955","Invoice","Sheroze H/S Muzzamil ","Credit","","0","0","uasma","734","0"
"4902","11/30/2024 12:00:00 AM","P-940","Purchase","Tawaqal Homoeopathic Store","Credit","","0","0","uasma","892",""
"4903","11/30/2024 12:00:00 AM","P-941","Purchase","Dua Homoeopathic Store ","Credit","","0","0","uasma","631",""
"4904","11/30/2024 12:00:00 AM","P-942","Purchase","Sheroze H/S Muzzamil ","Credit","","0","0","uasma","806",""
"4905","11/30/2024 12:00:00 AM","P-943","Purchase","Rafay Homeopathic Store","Credit","","0","0","uasma","468",""
"4906","11/30/2024 12:00:00 AM","P-944","Purchase","Sohail Homoeo & Harbal Store","Credit","","0","0","usama","110",""
"4907","11/30/2024 12:00:00 AM","P-945","Purchase","Dua Homoeopathic Store ","Credit","","0","0","uasma","224",""
"4908","11/30/2024 12:00:00 AM","P-946","Purchase","Dua Homoeopathic Store ","Credit","","0","0","usama","220",""
"4909","11/30/2024 12:00:00 AM","P-947","Purchase","German Homeopathic Store (Dr Saqib Khan)","Credit","","","","uasma","646",""
"4910","11/30/2024 12:00:00 AM","P-948","Purchase","Rafay Homeopathic Store","Credit","","0","0","Afan","220",""
"4911","11/30/2024 12:00:00 AM","P-949","Purchase","Muslim Homoeopathic Store LPR ","Credit","","0","0","Afan","238",""
"4912","11/30/2024 12:00:00 AM","S-3956","Invoice","Noman Homeopathic Store","Credit","","0","0","usama","2673","0"
"4913","11/30/2024 12:00:00 AM","S-3957","Invoice","Cash In Hand","Cash","Cash In Hand","0","0","usama","834","0"
"4914","11/30/2024 12:00:00 AM","S-3958","Invoice","Cash In Hand","Cash","Cash In Hand","0","0","usama","650","0"
"4915","11/30/2024 12:00:00 AM","P-950","Purchase","(GHR) HOMOEO PHARMA ","Credit","","0","0","uasma","21420",""
"4916","12/1/2024 12:00:00 AM","P-951","Purchase","Paul Brooks Homoeo Lab","Credit","","0","0","Affan","2340",""
"4917","12/1/2024 12:00:00 AM","S-3959","Invoice","Cash In Hand","Cash","Cash In Hand","0","0","Affan","400","0"
"4918","12/1/2024 12:00:00 AM","S-3960","Invoice","Cash In Hand","Cash","Cash In Hand","0","0","Afan","1250","0"
"4919","12/1/2024 12:00:00 AM","S-3961","Invoice","Cash In Hand","Cash","Cash In Hand","0","0","Affan","950","0"
"4920","12/1/2024 12:00:00 AM","S-3962","Invoice","Cash In Hand","Cash","Cash In Hand","0","0","Affan","340","0"
"4921","12/1/2024 12:00:00 AM","P-952","Purchase","MEKTUM Pvt Ltd","Credit","","0","0","Afan","76433",""
"4922","12/1/2024 12:00:00 AM","S-3963","Invoice","Pawan M/S JAMSABAD (KGM)","Credit","","0","0","Affan","11406","0"
"4923","12/1/2024 12:00:00 AM","S-3964","Invoice","Cash In Hand","Cash","Cash In Hand","0","0","Affan","140","0"
"4924","12/1/2024 12:00:00 AM","S-3965","Invoice","Cash In Hand","Cash","Cash In Hand","0","0","Affan","250","0"
"4925","12/1/2024 12:00:00 AM","P-953","Purchase","Al-Khadija Homoeo Store (HYD)","Credit","","0","0","Affan","195",""
"4926","12/1/2024 12:00:00 AM","S-3966","Invoice","Rafay Homeopathic Store","Credit","","0","0","Afffan","1863","0"
"4927","12/1/2024 12:00:00 AM","S-3967","Invoice","Muslim Homoeopathic Store LPR ","Credit","","0","0","Affan","1558","0"
"4928","12/1/2024 12:00:00 AM","S-3968","Invoice","Jameel H/S LPR","Credit","","0","0","Affan","892","0"
"4929","12/1/2024 12:00:00 AM","S-3969","Invoice","Noman Homeopathic Store","Credit","","0","0","Affan","1033","0"
"4930","12/1/2024 12:00:00 AM","S-3970","Invoice","German Homeopathic Store (Dr Saqib Khan)","Credit","","0","0","Affan","551","0"
"4931","12/1/2024 12:00:00 AM","S-3971","Invoice","Cash In Hand","Cash","Cash In Hand","0","0","Affan","702","0"
"4932","12/1/2024 12:00:00 AM","S-3972","Invoice","Cash In Hand","Cash","Cash In Hand","0","0","shaan","200","0"
"4933","12/1/2024 12:00:00 AM","S-3973","Invoice","Cash In Hand","Cash","Cash In Hand","0","0","Affan","3400","0"
"4934","12/1/2024 12:00:00 AM","P-954","Purchase","German Homeopathic Store (Dr Saqib Khan)","Credit","","0","0","Affan","2642",""
"4935","12/1/2024 12:00:00 AM","P-955","Purchase","Noman Homeopathic Store","Credit","","0","0","Affan","431",""
"4936","12/1/2024 12:00:00 AM","P-956","Purchase","Rafay Homeopathic Store","Credit","","0","0","Afffan","208",""
"4937","12/2/2024 12:00:00 AM","S-3974","Invoice","Cash In Hand","Cash","Cash In Hand","0","0","Affan","400","0"
"4938","12/2/2024 12:00:00 AM","S-3975","Invoice","Cash In Hand","Cash","Cash In Hand",".0","0","Affan","750","0"
"4939","12/2/2024 12:00:00 AM","S-3976","Invoice","Cash In Hand","Cash","Cash In Hand","0","0","Affan","420","0"
"4940","12/2/2024 12:00:00 AM","S-3977","Invoice","L/DR Parveen Lalu Lashari (kali mori)","Credit","","0","0","Affan","960","0"
"4941","12/2/2024 12:00:00 AM","P-957","Purchase","Dr Ajaab Khan (Khanoot)","Credit","","0","0","Affan4","7456",""
"4942","12/2/2024 12:00:00 AM","S-3978","Invoice","Cash In Hand","Cash","Cash In Hand","0","0","Affan","500","0"
"4943","12/2/2024 12:00:00 AM","S-3979","Invoice","Noman Homeopathic Store","Credit","","0","0","Affffan","1245","0"
"4944","12/2/2024 12:00:00 AM","S-3980","Invoice","Muslim Homoeopathic Store LPR ","Credit","","0","0","Affan","1408","0"
"4945","12/2/2024 12:00:00 AM","S-3981","Invoice","Sohail Homoeo & Harbal Store","Credit","","0","0","Affan","832","0"
"4946","12/2/2024 12:00:00 AM","S-3982","Invoice","Tawaqal Homoeopathic Store","Credit","","0","0","Affan","182","0"
"4947","12/2/2024 12:00:00 AM","S-3983","Invoice","Jameel H/S LPR","Credit","","0","0","Affan","446","0"
"4948","12/2/2024 12:00:00 AM","S-3984","Invoice","Cash In Hand","Cash","Cash In Hand","0","0","Affan","350","0"
"4949","12/2/2024 12:00:00 AM","S-3985","Invoice","Rafay Homeopathic Store","Credit","","0","0","Affan","468","0"
"4950","12/2/2024 12:00:00 AM","S-3986","Invoice","Cash In Hand","Cash","Cash In Hand","0","0","Affan","400","0"
"4951","12/2/2024 12:00:00 AM","S-3987","Invoice","Cash In Hand","Cash","Cash In Hand","0","0","usama","900","0"
"4952","12/3/2024 12:00:00 AM","S-3988","Invoice","Cash In Hand","Cash","Cash In Hand","","","Afan","1300","0"
"4953","12/3/2024 12:00:00 AM","S-3989","Invoice","Cash In Hand","Cash","Cash In Hand","0","0","Affan","2400","0"
"4954","12/3/2024 12:00:00 AM","S-3990","Invoice","Cash In Hand","Cash","Cash In Hand","0","0","Affa n","400","0"
"4955","12/3/2024 12:00:00 AM","S-3991","Invoice","Cash In Hand","Cash","Cash In Hand","0","0","Affan","1184","0"
"4956","12/3/2024 12:00:00 AM","S-3992","Invoice","Cash In Hand","Cash","Cash In Hand","0","0","Affan","426","0"
"4957","12/3/2024 12:00:00 AM","S-3993","Invoice","Cash In Hand","Cash","Cash In Hand","0","0","Affan","900","0"
"4958","12/3/2024 12:00:00 AM","S-3994","Invoice","Al-Madina M/S (New Dambalo)","Credit","","0","0","sheraz","1200","0"
"4959","12/3/2024 12:00:00 AM","S-3995","Invoice","Cash In Hand","Cash","Cash In Hand","0","0","Affa n","1100","0"
"4960","12/3/2024 12:00:00 AM","P-958","Purchase","Cash In Hand","Cash","Cash In Hand","0","0","Affan","786",""
"4961","12/3/2024 12:00:00 AM","S-3996","Invoice","Cash In Hand","Cash","Cash In Hand","0","0","Affan","786","0"
"4962","12/3/2024 12:00:00 AM","S-3997","Invoice","Cash In Hand","Cash","Cash In Hand","0","0","Affan","786","0"
"4963","12/3/2024 12:00:00 AM","S-3998","Invoice","Cash In Hand","Cash","Cash In Hand","0","0","Affan","1100","0"
"4964","12/3/2024 12:00:00 AM","S-3999","Invoice","German Homeopathic Store (Dr Saqib Khan)","Credit","","0","0","Affan","1615","0"
"4965","12/3/2024 12:00:00 AM","S-4000","Invoice","Muslim Homoeopathic Store LPR ","Credit","","0","0","Affan","628","0"
"4966","12/3/2024 12:00:00 AM","S-4001","Invoice","Star Homoeo Store","Credit","","0","0","Affan","88","0"
"4967","12/3/2024 12:00:00 AM","S-4002","Invoice","Pakistan H/S LPR","Credit","","","00","Affan","468","0"
"4968","12/3/2024 12:00:00 AM","S-4003","Invoice","Cash In Hand","Cash","Cash In Hand","0","0","Affan","462","0"
"4969","12/3/2024 12:00:00 AM","S-4004","Invoice","Sohail Homoeo & Harbal Store","Credit","","","","Affan","114","0"
"4970","12/3/2024 12:00:00 AM","S-4005","Invoice","Sheroze H/S Muzzamil ","Credit","","0","0","Affan","120","0"
"4971","12/3/2024 12:00:00 AM","S-4006","Invoice","Rafay Homeopathic Store","Credit","","0","0","Affan","342","0"
"4972","12/3/2024 12:00:00 AM","S-4007","Invoice","Tawaqal Homoeopathic Store","Credit","","0","0","Affan","96","0"
"4973","12/3/2024 12:00:00 AM","S-4008","Invoice","Noman Homeopathic Store","Credit","","0","0","Affan","2641","0"
"4974","12/3/2024 12:00:00 AM","S-4009","Invoice","Cash In Hand","Cash","Cash In Hand","0","0","sheraz","80","0"
"4975","12/3/2024 12:00:00 AM","P-959","Purchase","Rafay Homeopathic Store","Credit","","0","0","Affan","294",""
"4976","12/3/2024 12:00:00 AM","P-960","Purchase","Sheroze H/S Muzzamil ","Credit","","0","0","Affan","204",""
"4977","12/3/2024 12:00:00 AM","P-961","Purchase","Bilal Homoeopathic Store","Credit","","0","0","Affan","377",""
"4978","12/3/2024 12:00:00 AM","S-4010","Invoice","Cash In Hand","Cash","Cash In Hand","0","0","Affan","8133","0"
"4979","12/3/2024 12:00:00 AM","S-4011","Invoice","Krishna M/S (Noabad)","Credit","","0","0","Affan","6180","0"
"4980","12/4/2024 12:00:00 AM","S-4012","Invoice","Cash In Hand","Cash","Cash In Hand","0","0","sheraz","300","0"
"4981","12/4/2024 12:00:00 AM","S-4013","Invoice","Cash In Hand","Cash","Cash In Hand","0","0","uasma","450","0"
"4982","12/4/2024 12:00:00 AM","S-4014","Invoice","Cash In Hand","Cash","Cash In Hand","0","0","Affan","850","0"
"4983","12/4/2024 12:00:00 AM","S-4015","Invoice","Cash In Hand","Cash","Cash In Hand","0","0","Affan","600","0"
"4984","12/4/2024 12:00:00 AM","S-4016","Invoice","Cash In Hand","Cash","Cash In Hand","0","0","Affan","1320","0"
"4985","12/4/2024 12:00:00 AM","S-4017","Invoice","Cash In Hand","Cash","Cash In Hand","0","0","usama","480","0"
"4986","12/4/2024 12:00:00 AM","S-4018","Invoice","Cash In Hand","Cash","Cash In Hand","","","Affan","200","0"
"4987","12/4/2024 12:00:00 AM","S-4019","Invoice","Bilal Homoeopathic Store","Credit","","0","0","Affan","150","0"
"4988","12/4/2024 12:00:00 AM","S-4020","Invoice","Sohail Homoeo & Harbal Store","Credit","","0","0","Affan","1000","0"
"4989","12/4/2024 12:00:00 AM","S-4021","Invoice","Muslim Homoeopathic Store LPR ","Credit","","0","0","Affan","1657","0"
"4990","12/4/2024 12:00:00 AM","S-4022","Invoice","Dua Homoeopathic Store ","Credit","","0","0","Affan","540","0"
"4991","12/4/2024 12:00:00 AM","S-4023","Invoice","German Homeopathic Store (Dr Saqib Khan)","Credit","","0","0","Aaffan","1410","0"
"4992","12/4/2024 12:00:00 AM","S-4024","Invoice","Baba Homoeo Store","Credit","","0","0","Affan","1612","0"
"4993","12/4/2024 12:00:00 AM","S-4025","Invoice","Rafay Homeopathic Store","Credit","","0","0","Affan","674","0"
"4994","12/4/2024 12:00:00 AM","S-4026","Invoice","Noman Homeopathic Store","Credit","","0","0","Affan","728","0"
"4995","12/4/2024 12:00:00 AM","S-4027","Invoice","Cash In Hand","Cash","Cash In Hand","0","0","shaan","200","0"
"4996","12/4/2024 12:00:00 AM","P-962","Purchase","German Homeopathic Store (Dr Saqib Khan)","Credit","","0","0","uasma","224",""
"4997","12/4/2024 12:00:00 AM","P-963","Purchase","Muslim Homoeopathic Store LPR ","Credit","","0","0","uasma","175",""
"4998","12/4/2024 12:00:00 AM","P-964","Purchase","Baba Homoeo Store","Credit","","0","0","uasma","1612",""
"4999","12/5/2024 12:00:00 AM","S-4028","Invoice","Cash In Hand","Cash","Cash In Hand","0","0","Affan","1080","0"
"5000","12/5/2024 12:00:00 AM","S-4029","Invoice","Cash In Hand","Cash","Cash In Hand","0","0","Affan","1790","0"
"5001","12/5/2024 12:00:00 AM","S-4030","Invoice","Cash In Hand","Cash","Cash In Hand","0","0","Agffan","600","0"
"5002","12/5/2024 12:00:00 AM","S-4031","Invoice","WajuU Bhai W/S Saleman","Credit","","0","0","Affan","30845","0"
"5003","12/5/2024 12:00:00 AM","S-4032","Invoice","Al-Khadija Homoeo Store (HYD)","Credit","","0","0","Affan","292","0"
"5004","12/5/2024 12:00:00 AM","S-4033","Invoice","Rafay Homeopathic Store","Credit","","0","0","Affan","120","0"
"5005","12/5/2024 12:00:00 AM","S-4034","Invoice","Tawaqal Homoeopathic Store","Credit","","0","0","Affan7","385","0"
"5006","12/5/2024 12:00:00 AM","S-4035","Invoice","Sohail Homoeo & Harbal Store","Credit","","0","0","Affan","104","0"
"5007","12/5/2024 12:00:00 AM","S-4036","Invoice","Noman Homeopathic Store","Credit","","0","0","Affan","2397","0"
"5008","12/5/2024 12:00:00 AM","S-4037","Invoice","Muslim Homoeopathic Store LPR ","Credit","","0","0","Affan","301","0"
"5009","12/5/2024 12:00:00 AM","S-4038","Invoice","Cash In Hand","Cash","Cash In Hand","0","0","Affan","1000","0"
"5010","12/5/2024 12:00:00 AM","S-4039","Invoice","Cash In Hand","Cash","Cash In Hand","0","0","Affan","1000","0"
"5011","12/5/2024 12:00:00 AM","S-4040","Invoice","Cash In Hand","Cash","Cash In Hand","0","0","Affan","2124","0"
"5012","12/5/2024 12:00:00 AM","P-965","Purchase","Hassan Homeopathic Store","Credit","","0","0","Affan","1000",""
"5013","12/5/2024 12:00:00 AM","S-4041","Invoice","Hassan Homoeo Clinic Herbal Store (ODEROLAL)","Credit","","0","0","usama","1500","0"
"5014","12/7/2024 12:00:00 AM","S-4042","Invoice","Cash In Hand","Cash","Cash In Hand","0","0","uasma","860","0"
"5015","12/7/2024 12:00:00 AM","S-4043","Invoice","Dr Atta ullah Thebo German Homoeo Clinic (Talhar)","Credit","","0","0","uasma","18143","0"
"5016","12/7/2024 12:00:00 AM","S-4044","Invoice","Cash In Hand","Cash","Cash In Hand","0","0","uasma","1062","0"
"5017","12/7/2024 12:00:00 AM","S-4045","Invoice","Cash In Hand","Cash","Cash In Hand","0","0","Affan7","480","0"
"5018","12/7/2024 12:00:00 AM","S-4046","Invoice","Dr Asif Blossom","Credit","","","","Affan","2405","0"
"5019","12/7/2024 12:00:00 AM","S-4047","Invoice","Cash In Hand","Cash","Cash In Hand","","","uasma","800","0"
"5020","12/7/2024 12:00:00 AM","S-4048","Invoice","Shokat M/S (TMK)","Credit","","0","None","Hamza","556","0"
"5021","12/7/2024 12:00:00 AM","S-4049","Invoice","Shahid Medical Store (Chambar)","Credit","","0","0","Affan","8693","0"
"5022","12/7/2024 12:00:00 AM","S-4050","Invoice","Cash In Hand","Cash","Cash In Hand","","","uasma","400","0"
"5023","12/7/2024 12:00:00 AM","S-4051","Invoice","Cash In Hand","Cash","Cash In Hand","0","0","uasma","450","0"
"5024","12/7/2024 12:00:00 AM","P-966","Purchase","Bilal Homoeopathic Store","Credit","","0","0","Aaffan","377",""
"5025","12/7/2024 12:00:00 AM","S-4052","Invoice","Noman Homeopathic Store","Credit","","0","0","Affan","874","0"
"5026","12/7/2024 12:00:00 AM","S-4053","Invoice","Sheroze H/S Muzzamil ","Credit","","0","0","Affan","1303","0"
"5027","12/7/2024 12:00:00 AM","S-4054","Invoice","German Homeopathic Store (Dr Saqib Khan)","Credit","","0","0","Affan","1132","0"
"5028","12/7/2024 12:00:00 AM","S-4055","Invoice","Rafay Homeopathic Store","Credit","","0","0","Affan","540","0"
"5029","12/7/2024 12:00:00 AM","S-4056","Invoice","Bilal Homoeopathic Store","Credit","","0","","Affan","488","0"
"5030","12/7/2024 12:00:00 AM","S-4057","Invoice","Noman Homeopathic Store","Credit","","0","0","Affan","1291","0"
"5031","12/7/2024 12:00:00 AM","S-4058","Invoice","Dua Homoeopathic Store ","Credit","","0","0","Affan","1100","0"
"5032","12/7/2024 12:00:00 AM","S-4059","Invoice","Muslim Homoeopathic Store LPR ","Credit","","0","0","Affan","874","0"
"5033","12/7/2024 12:00:00 AM","S-4060","Invoice","Cash In Hand","Cash","Cash In Hand","0","0","sheraz","1100","0"
"5034","12/7/2024 12:00:00 AM","P-967","Purchase","Sheroze H/S Muzzamil ","Credit","","0","0","Affan","1269",""
"5035","12/8/2024 12:00:00 AM","S-4061","Invoice","Dr Ajaab Khan (Khanoot)","Credit","","","","uasma","2088","0"
"5036","12/8/2024 12:00:00 AM","S-4062","Invoice","Dr Anwar Khan (Khanoot)","Credit","","0","0","usama","4223","0"
"5037","12/8/2024 12:00:00 AM","S-4063","Invoice","Dr Alam Sher (Khanoot)","Credit","","0","0","usama","16432","0"
"5038","12/8/2024 12:00:00 AM","P-968","Purchase","Akram Pansar Tando Allah Yar","Credit","","0","0","uasma","600",""
"5039","12/8/2024 12:00:00 AM","S-4064","Invoice","Cash In Hand","Cash","Cash In Hand","0","0","Afffan","550","0"
"5040","12/8/2024 12:00:00 AM","S-4065","Invoice","Cash In Hand","Cash","Cash In Hand","","","uasma","200","0"
"5041","12/8/2024 12:00:00 AM","S-4066","Invoice","Cash In Hand","Cash","Cash In Hand","0","0","Affan","850","0"
"5042","12/8/2024 12:00:00 AM","S-4067","Invoice","Dr Asif Blossom","Credit","","0","0","uasma","892","0"
"5043","12/8/2024 12:00:00 AM","S-4068","Invoice","Cash In Hand","Cash","Cash In Hand","0","0","uasma","600","0"
"5044","12/8/2024 12:00:00 AM","S-4069","Invoice","Dr Tayyab (Tando Adam)","Credit","","0","0","Affan","14063","0"
"5045","12/8/2024 12:00:00 AM","S-4070","Invoice","Cash In Hand","Cash","Cash In Hand","0","0","Affan","200","0"
"5046","12/8/2024 12:00:00 AM","S-4071","Invoice","Cash In Hand","Cash","Cash In Hand","0","0","Affan","880","0"
"5047","12/8/2024 12:00:00 AM","S-4072","Invoice","Dr Tayyab (Tando Adam)","Credit","","0","0","Affan","248","0"
"5048","12/8/2024 12:00:00 AM","S-4073","Invoice","Cash In Hand","Cash","Cash In Hand","0","0","uasma","2500","0"
"5049","12/8/2024 12:00:00 AM","S-4074","Invoice","Hakeem Abdul Muqeem (Al Hafiz Pansar)(khipro)","Credit","","0","0","Affan","4656","0"
"5050","12/8/2024 12:00:00 AM","S-4075","Invoice","Noman Homeopathic Store","Credit","","0","0","Affan","494","0"
"5051","12/8/2024 12:00:00 AM","S-4076","Invoice","German Homeopathic Store (Dr Saqib Khan)","Credit","","0","0","Affan","161","0"
"5052","12/8/2024 12:00:00 AM","S-4077","Invoice","Dua Homoeopathic Store ","Credit","","0","0","Affan","806","0"
"5053","12/8/2024 12:00:00 AM","S-4078","Invoice","Sohail Homoeo & Harbal Store","Credit","","0","0","Affan","120","0"
"5054","12/8/2024 12:00:00 AM","S-4079","Invoice","Tawaqal Homoeopathic Store","Credit","","0","0","Affan","192","0"
"5055","12/8/2024 12:00:00 AM","P-969","Purchase","Muslim Homoeopathic Store LPR ","Credit","","0","0","Affan7","300",""
"5056","12/8/2024 12:00:00 AM","S-4080","Invoice","Dr Shabbir (Odero Lal)","Credit","","0","0","Affan","15960","0"
"5057","12/8/2024 12:00:00 AM","P-970","Purchase","German Homeopathic Store (Dr Saqib Khan)","Credit","","0","0","Affan","7822",""
"5058","12/8/2024 12:00:00 AM","P-971","Purchase","Rafay Homeopathic Store","Credit","","0","0","Affan","2646",""
"5059","12/8/2024 12:00:00 AM","S-4081","Invoice","Cash In Hand","Cash","Cash In Hand","0","0","uasma","200","0"
"5060","12/8/2024 12:00:00 AM","S-4082","Invoice","Waheed Bhai","Cash","Cash In Hand","1","1","usama","1000","0"
"5061","12/8/2024 12:00:00 AM","S-4083","Invoice","DR Abdul Hameed (Tando alayar)","Credit","","0","0","Affan","6825","0"
"5062","12/9/2024 12:00:00 AM","S-4084","Invoice","Cash In Hand","Cash","Cash In Hand","","","uasma","2100","0"
"5063","12/9/2024 12:00:00 AM","S-4085","Invoice","Cash In Hand","Cash","Cash In Hand","0","0","Affan","3377","0"
"5064","12/9/2024 12:00:00 AM","S-4086","Invoice","DR Arbaz Baig(hyderabad)","Credit","","0","0","uasma","266","0"
"5065","12/9/2024 12:00:00 AM","S-4087","Invoice","Sohail Homoeo & Harbal Store","Credit","","0","0","shaan","1200","0"
"5066","12/9/2024 12:00:00 AM","S-4088","Invoice","Jameel H/S LPR","Credit","","0","0","Hamza","840","0"
"5067","12/9/2024 12:00:00 AM","S-4089","Invoice","Tawaqal Homoeopathic Store","Credit","","0","00","Hamza","161","0"
"5068","12/9/2024 12:00:00 AM","S-4090","Invoice","Dua Homoeopathic Store ","Credit","","0","0","Hamza","743","0"
"5069","12/9/2024 12:00:00 AM","S-4091","Invoice","Baba Homoeo Store","Credit","","0","0","Hamza","110","0"
"5070","12/9/2024 12:00:00 AM","S-4092","Invoice","German Homeopathic Store (Dr Saqib Khan)","Credit","","0","0","Hamza","1248","0"
"5071","12/9/2024 12:00:00 AM","P-972","Purchase","German Homeopathic Store (Dr Saqib Khan)","Credit","","0","0","uasma","1248",""
"5072","12/9/2024 12:00:00 AM","S-4093","Invoice","German Homeopathic Store (Dr Saqib Khan)","Credit","","0","0","uasma","4285","0"
"5073","12/9/2024 12:00:00 AM","S-4094","Invoice","Cash In Hand","Cash","Cash In Hand","0","0","uasma","800","0"
"5074","12/9/2024 12:00:00 AM","S-4095","Invoice","Cash In Hand","Cash","Cash In Hand","0","0","uasma","700","0"
"5075","12/9/2024 12:00:00 AM","S-4096","Invoice","Shalimar Homoeo Store LPR","Credit","","0","0","uasma","608","0"
"5076","12/9/2024 12:00:00 AM","P-973","Purchase","Dr Anwar Khan (Khanoot)","Credit","","0","0","uasma","1612",""
"5077","12/9/2024 12:00:00 AM","P-974","Purchase","Dr Anwar Khan (Khanoot)","Credit","","0","0","uasma","690",""
"5078","12/9/2024 12:00:00 AM","S-4097","Invoice","Noman Homeopathic Store","Credit","","0","0","uasma","431","0"
"5079","12/9/2024 12:00:00 AM","S-4098","Invoice","Tawaqal Homoeopathic Store","Credit","","0","0","uasma","1694","0"
"5080","12/9/2024 12:00:00 AM","S-4099","Invoice","Shayan Pansar (Tando Bhago)","Credit","","0","0","uasma","600","0"
"5081","12/9/2024 12:00:00 AM","P-975","Purchase","Shayan Pansar (Tando Bhago)","Credit","","0","01","uasma","600",""
"5082","12/9/2024 12:00:00 AM","P-976","Purchase","German Homeopathic Store (Dr Saqib Khan)","Credit","","0","0","usama","1782",""
"5083","12/10/2024 12:00:00 AM","P-977","Purchase","German Homeopathic Store (Dr Saqib Khan)","Credit","","0","0","Affan","1927",""
"5084","12/10/2024 12:00:00 AM","P-978","Purchase","Sohail Homoeo & Harbal Store","Credit","","0","0","Affan","220",""
"5085","12/10/2024 12:00:00 AM","S-4100","Invoice","Cash In Hand","Cash","Cash In Hand","0","0","uasma","400","0"
"5086","12/10/2024 12:00:00 AM","S-4101","Invoice","Cash In Hand","Cash","Cash In Hand","0","0","usama","280","0"
"5087","12/10/2024 12:00:00 AM","P-979","Purchase","Kamal ","Credit","","0","0","Affan","44753",""
"5088","12/10/2024 12:00:00 AM","S-4102","Invoice","Cash In Hand","Cash","Cash In Hand","0","0","Affan","120","0"
"5089","12/10/2024 12:00:00 AM","S-4103","Invoice","Cash In Hand","Cash","Cash In Hand","0","0","Ha,mza","300","0"
"5090","12/10/2024 12:00:00 AM","S-4104","Invoice","Cash In Hand","Cash","Cash In Hand","0","0","uasma","450","0"
"5091","12/10/2024 12:00:00 AM","S-4105","Invoice","Cash In Hand","Cash","Cash In Hand","0","0","usama","1400","0"
"5092","12/10/2024 12:00:00 AM","S-4106","Invoice","Cash In Hand","Cash","Cash In Hand","0","0","uasma","780","0"
"5093","12/10/2024 12:00:00 AM","S-4107","Invoice","Shalimar Homoeo Store LPR","Credit","","0","0","Hamza","150","0"
"5094","12/10/2024 12:00:00 AM","S-4108","Invoice","Sohail Homoeo & Harbal Store","Credit","","0","0","Affan47","212","0"
"5095","12/10/2024 12:00:00 AM","S-4109","Invoice","Tawaqal Homoeopathic Store","Credit","","0","0","Affan\","161","0"
"5096","12/10/2024 12:00:00 AM","S-4110","Invoice","German Homeopathic Store (Dr Saqib Khan)","Credit","","0","0","Affan","256","0"
"5097","12/10/2024 12:00:00 AM","S-4111","Invoice","Noman Homeopathic Store","Credit","","0","0","Affan","3393","0"
"5098","12/10/2024 12:00:00 AM","S-4112","Invoice","Pakistan H/S LPR","Credit","","0","0","Affan","392","0"
"5099","12/10/2024 12:00:00 AM","S-4113","Invoice","Danish saleman","Cash","Cash In Hand","0","0","usama","2775","0"
"5100","12/11/2024 12:00:00 AM","S-4114","Invoice","Cash In Hand","Cash","Cash In Hand","0","0","uasma","700","0"
"5101","12/11/2024 12:00:00 AM","S-4115","Invoice","Cash In Hand","Cash","Cash In Hand","0","0","uasma","300","0"
"5102","12/11/2024 12:00:00 AM","S-4116","Invoice","Cash In Hand","Cash","Cash In Hand","0","0","uasma","3000","0"
"5103","12/11/2024 12:00:00 AM","S-4117","Invoice","German Homeopathic Store (Dr Saqib Khan)","Credit","","0","0","uasma","342","0"
"5104","12/11/2024 12:00:00 AM","S-4118","Invoice","Sheroze H/S Muzzamil ","Credit","","0","0","uasma","576","0"
"5105","12/11/2024 12:00:00 AM","S-4119","Invoice","Hassan Homeopathic Store","Credit","","0","0","usama","252","0"
"5106","12/11/2024 12:00:00 AM","S-4120","Invoice","Sohail Homoeo & Harbal Store","Credit","","0","0","uasma","990","0"
"5107","12/11/2024 12:00:00 AM","S-4121","Invoice","German Homeopathic Store (Dr Saqib Khan)","Credit","","0","0","uasma","1000","0"
"5108","12/11/2024 12:00:00 AM","S-4122","Invoice","Noman Homeopathic Store","Credit","","0","0","uasma","2739","0"
"5109","12/11/2024 12:00:00 AM","S-4123","Invoice","Bilal Homoeopathic Store","Credit","","0","0","usama","336","0"
"5110","12/11/2024 12:00:00 AM","S-4124","Invoice","Star Homoeo Store","Credit","","0","0","uasma","550","0"
"5111","12/11/2024 12:00:00 AM","S-4125","Invoice","Tawaqal Homoeopathic Store","Credit","","0","0","uasma","424","0"
"5112","12/11/2024 12:00:00 AM","S-4126","Invoice","Cash In Hand","Cash","Cash In Hand","40","0","usama","800","0"
"5113","12/11/2024 12:00:00 AM","S-4127","Invoice","Al-Fareed H/S Shehdadpur","Credit","","0","0","Afffan","4504","0"
"5114","12/11/2024 12:00:00 AM","S-4128","Invoice","Dr Muhakum uddin Abro (Hala)","Credit","","0","N one","Affa n","531","0"
"5115","12/11/2024 12:00:00 AM","S-4129","Invoice","Al-Haseeb Clanic (Hala)","Credit","","0","0","Aff4","2285","0"
"5116","12/11/2024 12:00:00 AM","S-4130","Invoice","Cash In Hand","Cash","Cash In Hand","0","0","usama","570","0"
"5117","12/11/2024 12:00:00 AM","S-4131","Invoice","Dr Alam (Tulsi) TMK","Credit","","0","0","Affan","1020","0"
"5118","12/11/2024 12:00:00 AM","S-4132","Invoice","Dr Alam (Tulsi) TMK","Credit","","0","0","Affan","4115","0"
"5119","12/12/2024 12:00:00 AM","S-4133","Invoice","Cash In Hand","Cash","Cash In Hand","0","0","Hamza","748","0"
"5120","12/12/2024 12:00:00 AM","S-4134","Invoice","Cash In Hand","Cash","Cash In Hand","0","0","Affsan","750","0"
"5121","12/12/2024 12:00:00 AM","S-4135","Invoice","Cash In Hand","Cash","Cash In Hand","0","0","uasma","380","0"
"5122","12/12/2024 12:00:00 AM","S-4136","Invoice","Cash In Hand","Cash","Cash In Hand","0","0","Affan","240","0"
"5123","12/12/2024 12:00:00 AM","S-4137","Invoice","Cash In Hand","Cash","Cash In Hand","0","0","Affan","570","0"
"5124","12/12/2024 12:00:00 AM","S-4138","Invoice","Cash In Hand","Cash","Cash In Hand","0","0","Affan","250","0"
"5125","12/12/2024 12:00:00 AM","S-4139","Invoice","Cash In Hand","Cash","Cash In Hand","0","0","uasma","500","0"
"5126","12/12/2024 12:00:00 AM","S-4140","Invoice","Cash In Hand","Cash","Cash In Hand","","","Hamza","50","0"
"5127","12/12/2024 12:00:00 AM","S-4141","Invoice","Cash In Hand","Cash","Cash In Hand","0","0","Hamza","100","0"
"5128","12/12/2024 12:00:00 AM","S-4142","Invoice","Cash In Hand","Cash","Cash In Hand","0","0","Affan","200","0"
"5129","12/12/2024 12:00:00 AM","S-4143","Invoice","Rafay Homeopathic Store","Credit","","0","0","Affan","560","0"
"5130","12/12/2024 12:00:00 AM","S-4144","Invoice","Sheroze H/S Muzzamil ","Credit","","0","00","Affan","486","0"
"5131","12/12/2024 12:00:00 AM","S-4145","Invoice","Pakistan H/S LPR","Credit","","0","0","Affan","161","0"
"5132","12/12/2024 12:00:00 AM","S-4146","Invoice","Muslim Homoeopathic Store LPR ","Credit","","0","00","Affan","607","0"
"5133","12/12/2024 12:00:00 AM","S-4147","Invoice","Dua Homoeopathic Store ","Credit","","0","0","Affan","448","0"
"5134","12/12/2024 12:00:00 AM","S-4148","Invoice","Jameel H/S LPR","Credit","","0","0","Affan","126","0"
"5135","12/12/2024 12:00:00 AM","S-4149","Invoice","German Homeopathic Store (Dr Saqib Khan)","Credit","","0","0","Affan","5544","0"
"5136","12/12/2024 12:00:00 AM","S-4150","Invoice","Chand Homoeopathic Store","Credit","","0","0","Affan","270","0"
"5137","12/12/2024 12:00:00 AM","S-4151","Invoice","Noman Homeopathic Store","Credit","","0","0","Affan","2796","0"
"5138","12/12/2024 12:00:00 AM","S-4152","Invoice","Danish Homoeo Store (Shadadpur)","Credit","","0","0","uasma","1248","0"
"5139","12/12/2024 12:00:00 AM","S-4153","Invoice","Cash In Hand","Cash","Cash In Hand","0","0","usama","2765","0"
"5140","12/12/2024 12:00:00 AM","S-4154","Invoice","Cash In Hand","Cash","Cash In Hand","0","0","uasma","2765","0"
"5141","12/12/2024 12:00:00 AM","S-4155","Invoice","Dr Jamaal Nasir (T.M.K)","Credit","","01","0","uasma","575","0"
"5142","12/14/2024 12:00:00 AM","S-4156","Invoice","Cash In Hand","Cash","Cash In Hand","0","0","sheraz","520","0"
"5143","12/14/2024 12:00:00 AM","S-4157","Invoice","Cash In Hand","Cash","Cash In Hand","0","0","usama","500","0"
"5144","12/14/2024 12:00:00 AM","S-4158","Invoice","Cash In Hand","Cash","Cash In Hand","0","0","uasma","880","0"
"5145","12/14/2024 12:00:00 AM","P-980","Purchase","German Homeopathic Store (Dr Saqib Khan)","Cash","Cash In Hand","0","0","sheraz","1012",""
"5146","12/14/2024 12:00:00 AM","S-4159","Invoice","Cash In Hand","Cash","Cash In Hand","0","0","sheraz","2344","0"
"5147","12/14/2024 12:00:00 AM","P-981","Purchase","Hassan Homeopathic Store","Cash","Cash In Hand","0","0","sheraz","126",""
"5148","12/14/2024 12:00:00 AM","S-4160","Invoice","Cash In Hand","Cash","Cash In Hand","0","0","sheraz","400","0"
"5149","12/14/2024 12:00:00 AM","S-4161","Invoice","Cash In Hand","Cash","Cash In Hand","0","0","sheraz","150","0"
"5150","12/14/2024 12:00:00 AM","S-4162","Invoice","Cash In Hand","Cash","Cash In Hand","0","0","usama","500","0"
"5151","12/14/2024 12:00:00 AM","S-4163","Invoice","Cash In Hand","Cash","Cash In Hand","0","0","usama","3000","0"
"5152","12/14/2024 12:00:00 AM","S-4164","Invoice","Habibullah Pansar Store (Hyderabad)","Credit","","0","0","sheraz","3368","0"
"5153","12/14/2024 12:00:00 AM","S-4165","Invoice","Cash In Hand","Cash","Cash In Hand","0","0","usama","1185","0"
"5154","12/14/2024 12:00:00 AM","S-4166","Invoice","Cash In Hand","Cash","Cash In Hand","0","0","usama","300","0"
"5155","12/14/2024 12:00:00 AM","S-4167","Invoice","Cash In Hand","Cash","Cash In Hand","0","0","usama","300","0"
"5156","12/14/2024 12:00:00 AM","S-4168","Invoice","Cash In Hand","Cash","Cash In Hand","","0","uasma","2327","0"
"5157","12/14/2024 12:00:00 AM","S-4169","Invoice","Cash In Hand","Cash","Cash In Hand","0","0","usama","300","0"
"5158","12/14/2024 12:00:00 AM","S-4170","Invoice","Cash In Hand","Cash","Cash In Hand","0","0","uasma","250","0"
"5159","12/14/2024 12:00:00 AM","S-4171","Invoice","German Homeopathic Store (Dr Saqib Khan)","Credit","","0","0","uasma","2971","0"
"5160","12/14/2024 12:00:00 AM","S-4172","Invoice","Noman Homeopathic Store","Credit","","0","0","uasma","911","0"
"5161","12/14/2024 12:00:00 AM","S-4173","Invoice","Bilal Homoeopathic Store","Credit","","0","0","uasma","126","0"
"5162","12/14/2024 12:00:00 AM","S-4174","Invoice","Sohail Homoeo & Harbal Store","Credit","","0","0","uasma","1100","0"
"5163","12/14/2024 12:00:00 AM","S-4175","Invoice","Tawaqal Homoeopathic Store","Credit","","0","0","usama","169","0"
"5164","12/14/2024 12:00:00 AM","S-4176","Invoice","Shalimar Homoeo Store LPR","Credit","","0","0","usama","114","0"
"5165","12/14/2024 12:00:00 AM","S-4177","Invoice","Dua Homoeopathic Store ","Credit","","0","0","uasma","667","0"
"5166","12/14/2024 12:00:00 AM","S-4178","Invoice","Al-Khadija Homoeo Store (HYD)","Credit","","0","0","uasma","187","0"
"5167","12/14/2024 12:00:00 AM","S-4179","Invoice","Dr Jamaal Nasir (T.M.K)","Credit","","0","N one","raza","17213","0"
"5168","12/14/2024 12:00:00 AM","S-4180","Invoice","Dr Akram Malik (Shahdadpure)","Credit","","0","0","raza","2100","0"
"5169","12/14/2024 12:00:00 AM","S-4181","Invoice","Shahid Medical Store (Chambar)","Credit","","0","0","raza","5500","0"
"5170","12/14/2024 12:00:00 AM","S-4182","Invoice","Dr Shahid Ahmed (Tando Alayar)","Credit","","0","0","raza","8500","0"
"5171","12/14/2024 12:00:00 AM","S-4183","Invoice","Shayan Pansar (Tando Bhago)","Credit","","0","0","usama","6930","0"
"5172","12/15/2024 12:00:00 AM","S-4184","Invoice","Cash In Hand","Cash","Cash In Hand","0","0","H amza","400","0"
"5173","12/15/2024 12:00:00 AM","P-982","Purchase","Fluger","Credit","","","","Affan","43741",""
"5174","12/15/2024 12:00:00 AM","S-4185","Invoice","DR BASHIR KHAMBO","Credit","","0","0","Affan","7768","0"
"5175","12/15/2024 12:00:00 AM","S-4186","Invoice","DR BASHIR KHAMBO","Credit","","0","0","Affan","4080","0"
"5176","12/15/2024 12:00:00 AM","S-4187","Invoice","Cash In Hand","Cash","Cash In Hand","0","0","H amza","1227","0"
"5177","12/15/2024 12:00:00 AM","S-4188","Invoice","Cash In Hand","Cash","Cash In Hand","0","0","Affan","150","0"
"5178","12/15/2024 12:00:00 AM","S-4189","Invoice","Cash In Hand","Cash","Cash In Hand","0","0","uasma","200","0"
"5179","12/15/2024 12:00:00 AM","S-4190","Invoice","Cash In Hand","Cash","Cash In Hand","0","0","Affan","590","0"
"5180","12/15/2024 12:00:00 AM","P-983","Purchase","Shahid Medical Store (Chambar)","Credit","","0","0","uasma","2160",""
"5181","12/15/2024 12:00:00 AM","S-4191","Invoice","Cash In Hand","Cash","Cash In Hand","0","0","raza","2350","0"
"5182","12/15/2024 12:00:00 AM","P-984","Purchase","B.H.P Laboratory (PVT) LTD ","Credit","","0","0","Affan","24150",""
"5183","12/15/2024 12:00:00 AM","S-4192","Invoice","Cash In Hand","Cash","Cash In Hand","0","0","Affan","1100","0"
"5184","12/15/2024 12:00:00 AM","S-4193","Invoice","Cash In Hand","Cash","Cash In Hand","0","0","Afffan","368","0"
"5185","12/15/2024 12:00:00 AM","S-4194","Invoice","Muslim Homoeopathic Store LPR ","Credit","","","","Affan","1374","0"
"5186","12/15/2024 12:00:00 AM","S-4195","Invoice","Sohail Homoeo & Harbal Store","Credit","","0","0","Affan","196","0"
"5187","12/15/2024 12:00:00 AM","S-4196","Invoice","Tawaqal Homoeopathic Store","Credit","","0","0","Affan","210","0"
"5188","12/15/2024 12:00:00 AM","S-4197","Invoice","German Homeopathic Store (Dr Saqib Khan)","Credit","","0","0","Affan","105","0"
"5189","12/15/2024 12:00:00 AM","S-4198","Invoice","Sufi Homeopathic Store","Credit","","0","0","Affan","161","0"
"5190","12/15/2024 12:00:00 AM","S-4199","Invoice","Rafay Homeopathic Store","Credit","","0","0","Affan","2214","0"
"5191","12/15/2024 12:00:00 AM","S-4200","Invoice","Noman Homeopathic Store","Credit","","0","0","Affan","1937","0"
"5192","12/15/2024 12:00:00 AM","P-985","Purchase","Bilal Homoeopathic Store","Credit","","0","0","Affan","364",""
"5193","12/15/2024 12:00:00 AM","P-986","Purchase","Cantimade Traders","Credit","","0","0","Affan","900",""
"5194","12/15/2024 12:00:00 AM","P-987","Purchase","Cantimade Traders","Credit","","0","0","Affan","18528",""
"5195","12/15/2024 12:00:00 AM","S-4201","Invoice","Cash In Hand","Cash","Cash In Hand","0","0","uasma","300","0"
"5196","12/16/2024 12:00:00 AM","S-4202","Invoice","Cash In Hand","Cash","Cash In Hand","0","00","Affan","240","0"
"5197","12/16/2024 12:00:00 AM","P-988","Purchase","Sheroze H/S Muzzamil ","Credit","","0","0","Affan","780",""
"5198","12/16/2024 12:00:00 AM","S-4203","Invoice","Cash In Hand","Cash","Cash In Hand","0","0","Affan","500","0"
"5199","12/16/2024 12:00:00 AM","S-4204","Invoice","Cash In Hand","Cash","Cash In Hand","0","0","uasma","506","0"
"5200","12/16/2024 12:00:00 AM","S-4205","Invoice","Cash In Hand","Cash","Cash In Hand","0","0","Affan","1150","0"
"5201","12/16/2024 12:00:00 AM","S-4206","Invoice","DR Arbaz Baig(hyderabad)","Credit","","0","0","uasma","125","0"
"5202","12/16/2024 12:00:00 AM","S-4207","Invoice","Cash In Hand","Cash","Cash In Hand","0","0","Affan","5320","0"
"5203","12/16/2024 12:00:00 AM","S-4208","Invoice","Cash In Hand","Cash","Cash In Hand","0","0","Affan","2950","0"
"5204","12/16/2024 12:00:00 AM","S-4209","Invoice","Cash In Hand","Cash","Cash In Hand","0","0","Affan","530","0"
"5205","12/16/2024 12:00:00 AM","S-4210","Invoice","Tawaqal Homoeopathic Store","Credit","","0","0","Affan","172","0"
"5206","12/16/2024 12:00:00 AM","S-4211","Invoice","Muslim Homoeopathic Store LPR ","Credit","","0","0","Affan","1215","0"
"5207","12/16/2024 12:00:00 AM","S-4212","Invoice","Sohail Homoeo & Harbal Store","Credit","","0","0","Affan","1000","0"
"5208","12/16/2024 12:00:00 AM","S-4213","Invoice","Al-Khadija Homoeo Store (HYD)","Credit","","0","0","Affan","550","0"
"5209","12/16/2024 12:00:00 AM","S-4214","Invoice","German Homeopathic Store (Dr Saqib Khan)","Credit","","","0","Affan","130","0"
"5210","12/16/2024 12:00:00 AM","S-4215","Invoice","Jameel H/S LPR","Credit","","0","0","Affsan","110","0"
"5211","12/16/2024 12:00:00 AM","S-4216","Invoice","Noman Homeopathic Store","Credit","","0","0","Affan","1766","0"
"5212","12/16/2024 12:00:00 AM","P-989","Purchase","Muslim Homoeopathic Store LPR ","Credit","","0","0","uasma","600",""
"5213","12/16/2024 12:00:00 AM","P-990","Purchase","Sindh Homeopathic Store","Credit","","0","0","Affan","1214",""
"5214","12/16/2024 12:00:00 AM","S-4217","Invoice","Al-Fareed H/S DR Hader Garwar","Credit","","0","0","raza","14418","0"
"5215","12/17/2024 12:00:00 AM","S-4218","Invoice","Cash In Hand","Cash","Cash In Hand","0","0","uasma","1050","0"
"5216","12/17/2024 12:00:00 AM","S-4219","Invoice","Cash In Hand","Cash","Cash In Hand","0","0","Affan","440","0"
"5217","12/17/2024 12:00:00 AM","S-4220","Invoice","Cash In Hand","Cash","Cash In Hand","0","0","uasma","282","0"
"5218","12/17/2024 12:00:00 AM","S-4221","Invoice","Cash In Hand","Cash","Cash In Hand","0","0","Affan","850","0"
"5219","12/17/2024 12:00:00 AM","P-991","Purchase","Dr Parwar ","Credit","","0","0","usama","300",""
"5220","12/17/2024 12:00:00 AM","P-992","Purchase","Dr Parwar ","Credit","","0","0","uasma","300",""
"5221","12/17/2024 12:00:00 AM","S-4222","Invoice","Cash In Hand","Cash","Cash In Hand","0","0","Affan","1280","0"
"5222","12/17/2024 12:00:00 AM","S-4223","Invoice","Noman Homeopathic Store","Credit","","0","0","Affan","1556","0"
"5223","12/17/2024 12:00:00 AM","S-4224","Invoice","Jameel H/S LPR","Credit","","0","0","Affan","446","0"
"5224","12/17/2024 12:00:00 AM","S-4225","Invoice","Sohail Homoeo & Harbal Store","Credit","","0","0","Affan","126","0"
"5225","12/17/2024 12:00:00 AM","S-4226","Invoice","Dua Homoeopathic Store ","Credit","","0","0","Affan","759","0"
"5226","12/17/2024 12:00:00 AM","S-4227","Invoice","Al-Khadija Homoeo Store (HYD)","Credit","","0","0","Affan","550","0"
"5227","12/17/2024 12:00:00 AM","S-4228","Invoice","Tawaqal Homoeopathic Store","Credit","","0","0","Affan","357","0"
"5228","12/17/2024 12:00:00 AM","S-4229","Invoice","Bilal Homoeopathic Store","Credit","","0","0","Affan","852","0"
"5229","12/17/2024 12:00:00 AM","S-4230","Invoice","Muslim Homoeopathic Store LPR ","Credit","","0","0","Affan","612","0"
"5230","12/17/2024 12:00:00 AM","P-993","Purchase","Rafay Homeopathic Store","Credit","","0","0","Affan","320",""
"5231","12/17/2024 12:00:00 AM","P-994","Purchase","Noman Homeopathic Store","Credit","","0","0","Affan","446",""
"5232","12/17/2024 12:00:00 AM","S-4231","Invoice","Cash In Hand","Cash","Cash In Hand","0","0","Affan","258","0"
"5233","12/17/2024 12:00:00 AM","S-4232","Invoice","Cash In Hand","Cash","Cash In Hand","0","0","uasma","100","0"
"5234","12/17/2024 12:00:00 AM","S-4233","Invoice","Dr Manzoor (Shah Pur Janiya)","Credit","","0","0","uasma","6000","0"
"5235","12/18/2024 12:00:00 AM","S-4234","Invoice","Cash In Hand","Cash","Cash In Hand","0","0","Affan","900","0"
"5236","12/18/2024 12:00:00 AM","S-4235","Invoice","Cash In Hand","Cash","Cash In Hand","0","0","H amza","500","0"
"5237","12/18/2024 12:00:00 AM","S-4236","Invoice","Sheroze H/S Muzzamil ","Credit","","0","0","Affan","150","0"
"5238","12/18/2024 12:00:00 AM","P-995","Purchase","Dua Homoeopathic Store ","Credit","","0","0","Affan","262",""
"5239","12/18/2024 12:00:00 AM","P-996","Purchase","Rafay Homeopathic Store","Credit","","0","0","Affan","551",""
"5240","12/18/2024 12:00:00 AM","P-997","Purchase","Sohail Homoeo & Harbal Store","Credit","","0","0","Afffan","104",""
"5241","12/18/2024 12:00:00 AM","S-4237","Invoice","Sohail Homoeo & Harbal Store","Credit","","0","0","Affan","1300","0"
"5242","12/18/2024 12:00:00 AM","S-4238","Invoice","Muslim Homoeopathic Store LPR ","Credit","","0","0","Affan","234","0"
"5243","12/18/2024 12:00:00 AM","S-4239","Invoice","Dua Homoeopathic Store ","Credit","","0","0","Affan","278","0"
"5244","12/18/2024 12:00:00 AM","S-4240","Invoice","Baba Homoeo Store","Credit","","0","0","Afan","308","0"
"5245","12/18/2024 12:00:00 AM","S-4241","Invoice","Rafay Homeopathic Store","Credit","","0","0","Affan","2287","0"
"5246","12/18/2024 12:00:00 AM","S-4242","Invoice","Bilal Homoeopathic Store","Credit","","0","0","Affan","439","0"
"5247","12/18/2024 12:00:00 AM","S-4243","Invoice","Noman Homeopathic Store","Credit","","0","0","Affan","800","0"
"5248","12/18/2024 12:00:00 AM","S-4244","Invoice","German Homeopathic Store (Dr Saqib Khan)","Credit","","0","0","Affan","413","0"
"5249","12/18/2024 12:00:00 AM","S-4245","Invoice","Cash In Hand","Cash","Cash In Hand","0","0","uasma","350","0"
"5250","12/18/2024 12:00:00 AM","S-4246","Invoice","Cash In Hand","Cash","Cash In Hand","0","0","uasma","1000","0"
"5251","12/18/2024 12:00:00 AM","P-998","Purchase","Baba Homoeo Store","Credit","","0","0","Affan","308",""
"5252","12/18/2024 12:00:00 AM","P-999","Purchase","Noman Homeopathic Store","Credit","","0","0","Afan","785",""
"5253","12/18/2024 12:00:00 AM","S-4247","Invoice","Cash In Hand","Cash","Cash In Hand","0","0","uasma","1250","0"
"5254","12/19/2024 12:00:00 AM","S-4248","Invoice","Cash In Hand","Cash","Cash In Hand","0","0","uasma","1000","0"
"5255","12/19/2024 12:00:00 AM","S-4249","Invoice","Cash In Hand","Cash","Cash In Hand","0","0","Affan","350","0"
"5256","12/19/2024 12:00:00 AM","S-4250","Invoice","Cash In Hand","Cash","Cash In Hand","0","0","Affan","400","0"
"5257","12/19/2024 12:00:00 AM","S-4251","Invoice","Cash In Hand","Cash","Cash In Hand","0","0","Affan","250","0"
"5258","12/19/2024 12:00:00 AM","S-4252","Invoice","Cash In Hand","Cash","Cash In Hand","0","0","Affan","350","0"
"5259","12/19/2024 12:00:00 AM","S-4253","Invoice","Cash In Hand","Cash","Cash In Hand","0","0","Affan","350","0"
"5260","12/19/2024 12:00:00 AM","S-4254","Invoice","Cash In Hand","Cash","Cash In Hand","0","0","Affan","120","0"
"5261","12/19/2024 12:00:00 AM","S-4255","Invoice","Dua Homoeopathic Store ","Credit","","0","00","Affan","190","0"
"5262","12/19/2024 12:00:00 AM","S-4256","Invoice","Muslim Homoeopathic Store LPR ","Credit","","0","0","Affan","241","0"
"5263","12/19/2024 12:00:00 AM","S-4257","Invoice","Pakistan H/S LPR","Credit","","0","0","Affan","291","0"
"5264","12/19/2024 12:00:00 AM","S-4258","Invoice","Sindh Homeopathic Store","Credit","","0","0","Affan","224","0"
"5265","12/19/2024 12:00:00 AM","S-4259","Invoice","Rafay Homeopathic Store","Credit","","0","0","Affan","1526","0"
"5266","12/19/2024 12:00:00 AM","S-4260","Invoice","Hassan Homeopathic Store","Credit","","0","0","Affan","460","0"
"5267","12/19/2024 12:00:00 AM","S-4261","Invoice","Noman Homeopathic Store","Credit","","0","0","Affan","1070","0"
"5268","12/19/2024 12:00:00 AM","S-4262","Invoice","Sohail Homoeo & Harbal Store","Credit","","0","0","Affan","1826","0"
"5269","12/19/2024 12:00:00 AM","S-4263","Invoice","Cash In Hand","Cash","Cash In Hand","0","0","usama","200","0"
"5270","12/19/2024 12:00:00 AM","P-1000","Purchase","German Homeopathic Store (Dr Saqib Khan)","Credit","","0","00","Affan","13913",""
"5271","12/19/2024 12:00:00 AM","P-1001","Purchase","German Homeopathic Store (Dr Saqib Khan)","Credit","","0","0","Affan","890",""
"5272","12/21/2024 12:00:00 AM","S-4264","Invoice","Cash In Hand","Cash","Cash In Hand","0","0","Affan","400","0"
"5273","12/21/2024 12:00:00 AM","S-4265","Invoice","Cash In Hand","Cash","Cash In Hand","0","0","Affan","160","0"
"5274","12/21/2024 12:00:00 AM","P-1002","Purchase","BLOSSOM ","Credit","","0","0","Affan","6336",""
"5275","12/21/2024 12:00:00 AM","P-1003","Purchase","BLOSSOM ","Credit","","0","0","Affan","35736",""
"5276","12/21/2024 12:00:00 AM","P-1004","Purchase","BLOSSOM ","Credit","","0","00","Affan","31266",""
"5277","12/21/2024 12:00:00 AM","S-4266","Invoice","Cash In Hand","Cash","Cash In Hand","0","0","Affan","350","0"
"5278","12/21/2024 12:00:00 AM","S-4267","Invoice","Cash In Hand","Cash","Cash In Hand","0","0","Afffan","900","0"
"5279","12/21/2024 12:00:00 AM","S-4268","Invoice","Tawaqal Homoeopathic Store","Credit","","0","0","Affan","238","0"
"5280","12/21/2024 12:00:00 AM","S-4269","Invoice","Jameel H/S LPR","Credit","","0","0","Affan","228","0"
"5281","12/21/2024 12:00:00 AM","S-4270","Invoice","German Homeopathic Store (Dr Saqib Khan)","Credit","","0","0","Affan","269","0"
"5282","12/21/2024 12:00:00 AM","S-4271","Invoice","Sheroze H/S Muzzamil ","Credit","","0","0","Affan","892","0"
"5283","12/21/2024 12:00:00 AM","S-4272","Invoice","Dua Homoeopathic Store ","Credit","","0","0","Affan","664","0"
"5284","12/21/2024 12:00:00 AM","S-4273","Invoice","German Homeopathic Store (Dr Saqib Khan)","Credit","","0","0","Affan","1521","0"
"5285","12/21/2024 12:00:00 AM","S-4274","Invoice","Noman Homeopathic Store","Credit","","0","0","Affan","2862","0"
"5286","12/21/2024 12:00:00 AM","S-4275","Invoice","Cash In Hand","Cash","Cash In Hand","0","0","Affan","150","0"
"5287","12/21/2024 12:00:00 AM","P-1005","Purchase","Muslim Homoeopathic Store LPR ","Credit","","","0","Affan","241",""
"5288","12/21/2024 12:00:00 AM","S-4276","Invoice","Danish saleman","Cash","Cash In Hand","0","0","uasma","8108","0"
"5289","12/22/2024 12:00:00 AM","S-4277","Invoice","Cash In Hand","Cash","Cash In Hand","0","0","uasma","190","0"
"5290","12/22/2024 12:00:00 AM","S-4278","Invoice","Cash In Hand","Cash","Cash In Hand","0","0","uasma","200","0"
"5291","12/22/2024 12:00:00 AM","S-4279","Invoice","Cash In Hand","Cash","Cash In Hand","0","0","uasma","550","0"
"5292","12/22/2024 12:00:00 AM","S-4280","Invoice","Haji Sawan","Credit","","0","0","Affan","200","0"
"5293","12/22/2024 12:00:00 AM","S-4281","Invoice","Cash In Hand","Cash","Cash In Hand","0","0","Affan","450","0"
"5294","12/22/2024 12:00:00 AM","S-4282","Invoice","Cash In Hand","Cash","Cash In Hand","0","0","Affan","360","0"
"5295","12/22/2024 12:00:00 AM","S-4283","Invoice","Baba Homoeo Store","Credit","","","0","Affan","234","0"
"5296","12/22/2024 12:00:00 AM","S-4284","Invoice","Sohail Homoeo & Harbal Store","Credit","","00","0","Affan","114","0"
"5297","12/22/2024 12:00:00 AM","S-4285","Invoice","Rafay Homeopathic Store","Credit","","0","0","Affan","3112","0"
"5298","12/22/2024 12:00:00 AM","S-4286","Invoice","Tawaqal Homoeopathic Store","Credit","","0","0","Affan","238","0"
"5299","12/22/2024 12:00:00 AM","S-4287","Invoice","Sufi Homeopathic Store","Credit","","0","0","Affan","802","0"
"5300","12/22/2024 12:00:00 AM","S-4288","Invoice","Noman Homeopathic Store","Credit","","0","0","Affan","1290","0"
"5301","12/22/2024 12:00:00 AM","S-4289","Invoice","Cash In Hand","Cash","Cash In Hand","00","","Affan","430","0"
"5302","12/22/2024 12:00:00 AM","S-4290","Invoice","Cash In Hand","Cash","Cash In Hand","0","0","uasma","290","0"
"5303","12/22/2024 12:00:00 AM","P-1006","Purchase","Rafay Homeopathic Store","Credit","","00","0","Afan","1983",""
"5304","12/22/2024 12:00:00 AM","S-4291","Invoice","Cash In Hand","Cash","Cash In Hand","0","0","uasma","767","0"
"5305","12/22/2024 12:00:00 AM","S-4292","Invoice","Cash In Hand","Cash","Cash In Hand","0","0","uasma","3020","0"
"5306","12/23/2024 12:00:00 AM","S-4293","Invoice","Cash In Hand","Cash","Cash In Hand","0","0","Affan","550","0"
"5307","12/23/2024 12:00:00 AM","S-4294","Invoice","Cash In Hand","Cash","Cash In Hand","0","0","uasma","1350","0"
"5308","12/23/2024 12:00:00 AM","S-4295","Invoice","Cash In Hand","Cash","Cash In Hand","10","0","uasma","780","0"
"5309","12/23/2024 12:00:00 AM","S-4296","Invoice","Cash In Hand","Cash","Cash In Hand","0","0","Affan","250","0"
"5310","12/23/2024 12:00:00 AM","P-1007","Purchase","HFP Private Limited","Credit","","0","00","Affan","18900",""
"5311","12/23/2024 12:00:00 AM","S-4297","Invoice","Cash In Hand","Cash","Cash In Hand","0","0","Affan","100","0"
"5312","12/23/2024 12:00:00 AM","S-4298","Invoice","Cash In Hand","Cash","Cash In Hand","0","0","Affan","550","0"
"5313","12/23/2024 12:00:00 AM","S-4299","Invoice","Cash In Hand","Cash","Cash In Hand","0","0","Affan","201","0"
"5314","12/23/2024 12:00:00 AM","S-4300","Invoice","Cash In Hand","Cash","Cash In Hand","0","0","Affan","250","0"
"5315","12/23/2024 12:00:00 AM","S-4301","Invoice","Noman Homeopathic Store","Credit","","00","0","Affan","1929","0"
"5316","12/23/2024 12:00:00 AM","S-4302","Invoice","Dua Homoeopathic Store ","Credit","","0","0","Affan","121","0"
"5317","12/23/2024 12:00:00 AM","S-4303","Invoice","German Homeopathic Store (Dr Saqib Khan)","Credit","","0","00","Affan","1907","0"
"5318","12/23/2024 12:00:00 AM","S-4304","Invoice","Sheroze H/S Muzzamil ","Credit","","0","0","Affan","380","0"
"5319","12/23/2024 12:00:00 AM","S-4305","Invoice","Bilal Homoeopathic Store","Credit","","0","0","Affan","1296","0"
"5320","12/23/2024 12:00:00 AM","S-4306","Invoice","Tawaqal Homoeopathic Store","Credit","","0","0","Affan","252","0"
"5321","12/23/2024 12:00:00 AM","S-4307","Invoice","Cash In Hand","Cash","Cash In Hand","0","0","uasma","1050","0"
"5322","12/23/2024 12:00:00 AM","S-4308","Invoice","Cash In Hand","Cash","Cash In Hand","0","0","uasma","450","0"
"5323","12/23/2024 12:00:00 AM","S-4309","Invoice","Cash In Hand","Cash","Cash In Hand","0","0","usama","150","0"
"5324","12/23/2024 12:00:00 AM","S-4310","Invoice","Cash In Hand","Cash","Cash In Hand","0","0","uasma","240","0"
"5325","12/24/2024 12:00:00 AM","S-4311","Invoice","Cash In Hand","Cash","Cash In Hand","0","0","usama","350","0"
"5326","12/24/2024 12:00:00 AM","S-4312","Invoice","Cash In Hand","Cash","Cash In Hand","0","0","Affan","1200","0"
"5327","12/24/2024 12:00:00 AM","S-4313","Invoice","Cash In Hand","Cash","Cash In Hand","0","0","Affan","180","0"
"5328","12/24/2024 12:00:00 AM","S-4314","Invoice","Cash In Hand","Cash","Cash In Hand","0","0","uasma","200","0"
"5329","12/24/2024 12:00:00 AM","S-4315","Invoice","Cash In Hand","Cash","Cash In Hand","0","0","uasma","220","0"
"5330","12/24/2024 12:00:00 AM","S-4316","Invoice","Cash In Hand","Cash","Cash In Hand","0","0","uasma","250","0"
"5331","12/24/2024 12:00:00 AM","S-4317","Invoice","Cash In Hand","Cash","Cash In Hand","0","0","usama","750","0"
"5332","12/24/2024 12:00:00 AM","S-4318","Invoice","Noman Homeopathic Store","Credit","","0","0","shayan khan","335","0"
"5333","12/24/2024 12:00:00 AM","S-4319","Invoice","German Homeopathic Store (Dr Saqib Khan)","Credit","","0","0","usama","7344","0"
"5334","12/24/2024 12:00:00 AM","S-4320","Invoice","Sohail Homoeo & Harbal Store","Credit","","0","0","shayan khan","776","0"
"5335","12/24/2024 12:00:00 AM","S-4321","Invoice","Dua Homoeopathic Store ","Credit","","0","0","shayan khan","253","0"
"5336","12/24/2024 12:00:00 AM","S-4322","Invoice","Tawaqal Homoeopathic Store","Credit","","0","0","shayan khan","266","0"
"5337","12/24/2024 12:00:00 AM","S-4323","Invoice","Muslim Homoeopathic Store LPR ","Credit","","0","0","shayan khan","465","0"
"5338","12/24/2024 12:00:00 AM","S-4324","Invoice","Al-Khadija Homoeo Store (HYD)","Credit","","0","0","uasma","370","0"
"5339","12/24/2024 12:00:00 AM","S-4325","Invoice","Dua Homoeopathic Store ","Credit","","0","0","uasma","280","0"
"5340","12/24/2024 12:00:00 AM","S-4326","Invoice","Cash In Hand","Cash","Cash In Hand","0","0","uasma","1100","0"
"5341","12/25/2024 12:00:00 AM","S-4327","Invoice","Cash In Hand","Cash","Cash In Hand","0","0","uasma","200","0"
"5342","12/25/2024 12:00:00 AM","S-4328","Invoice","Cash In Hand","Cash","Cash In Hand","0","0","uasma","400","0"
"5343","12/25/2024 12:00:00 AM","S-4329","Invoice","Cash In Hand","Cash","Cash In Hand","0","0","uasma","1320","0"
"5344","12/25/2024 12:00:00 AM","S-4330","Invoice","Cash In Hand","Cash","Cash In Hand","0","0","uasma","1350","0"
"5345","12/25/2024 12:00:00 AM","S-4331","Invoice","Cash In Hand","Cash","Cash In Hand","0","0","usama","150","0"
"5346","12/25/2024 12:00:00 AM","S-4332","Invoice","Cash In Hand","Cash","Cash In Hand","0","0","uasma","160","0"
"5347","12/25/2024 12:00:00 AM","S-4333","Invoice","Cash In Hand","Cash","Cash In Hand","0","0","usama","200","0"
"5348","12/25/2024 12:00:00 AM","S-4334","Invoice","Cash In Hand","Cash","Cash In Hand","0","0","uasma","770","0"
"5349","12/25/2024 12:00:00 AM","S-4335","Invoice","Cash In Hand","Cash","Cash In Hand","0","0","uasma","1500","0"
"5350","12/25/2024 12:00:00 AM","S-4336","Invoice","Cash In Hand","Cash","Cash In Hand","0","0","uasma","800","0"
"5351","12/25/2024 12:00:00 AM","S-4337","Invoice","Cash In Hand","Cash","Cash In Hand","0","0","uasma","400","0"
"5352","12/25/2024 12:00:00 AM","S-4338","Invoice","Mughal H/S","Credit","","0","0","raza","458","0"
"5353","12/25/2024 12:00:00 AM","S-4339","Invoice","Noman Homeopathic Store","Credit","","0","0","raza","260","0"
"5354","12/25/2024 12:00:00 AM","S-4340","Invoice","Cash In Hand","Cash","Cash In Hand","0","0","raza","1100","0"
"5355","12/25/2024 12:00:00 AM","S-4341","Invoice","Muslim Homoeopathic Store LPR ","Credit","","0","0","raza","125","0"
"5356","12/25/2024 12:00:00 AM","S-4342","Invoice","Hassan Homeopathic Store","Credit","","0","0","raza","342","0"
"5357","12/25/2024 12:00:00 AM","S-4343","Invoice","Shalimar Homoeo Store LPR","Credit","","0","0","raza","3408","0"
"5358","12/25/2024 12:00:00 AM","S-4344","Invoice","Chand Homoeopathic Store","Credit","","0","0","raza","176","0"
"5359","12/25/2024 12:00:00 AM","S-4345","Invoice","German Homeopathic Store (Dr Saqib Khan)","Credit","","0","0","raza","1824","0"
"5360","12/25/2024 12:00:00 AM","S-4346","Invoice","Jameel H/S LPR","Credit","","0","0","raza","114","0"
"5361","12/25/2024 12:00:00 AM","S-4347","Invoice","Cash In Hand","Cash","Cash In Hand","0","0","uasma","300","0"
"5362","12/25/2024 12:00:00 AM","S-4348","Invoice","Cash In Hand","Cash","Cash In Hand","0","0","uasma","600","0"
"5363","12/25/2024 12:00:00 AM","S-4349","Invoice","Cash In Hand","Cash","Cash In Hand","0","0","uasma","200","0"
"5364","12/25/2024 12:00:00 AM","P-1008","Purchase","Hassan Homeopathic Store","Credit","","0","0","usama","158",""
"5365","12/26/2024 12:00:00 AM","S-4350","Invoice","Cash In Hand","Cash","Cash In Hand","0","0","uasma","1000","0"
"5366","12/26/2024 12:00:00 AM","S-4351","Invoice","Cash In Hand","Cash","Cash In Hand","0","00","Affan","1200","0"
"5367","12/26/2024 12:00:00 AM","S-4352","Invoice","Cash In Hand","Cash","Cash In Hand","0","0","uasma","570","0"
"5368","12/26/2024 12:00:00 AM","P-1009","Purchase","MEKTUM Pvt Ltd","Credit","","0","00","Affan","87258",""
"5369","12/26/2024 12:00:00 AM","S-4353","Invoice","Cash In Hand","Cash","Cash In Hand","0","0","BURHAN","2000","0"
"5370","12/26/2024 12:00:00 AM","S-4354","Invoice","Cash In Hand","Cash","Cash In Hand","0","00","Affan","1500","0"
"5371","12/26/2024 12:00:00 AM","S-4355","Invoice","Cash In Hand","Cash","Cash In Hand","0","0","Hamza","1000","0"
"5372","12/26/2024 12:00:00 AM","S-4356","Invoice","Hakeem Dainsh (kunri)","Credit","","0","0","Affan","11430","0"
"5373","12/26/2024 12:00:00 AM","S-4357","Invoice","Cash In Hand","Cash","Cash In Hand","0","0","Affan","150","0"
"5374","12/26/2024 12:00:00 AM","S-4358","Invoice","Cash In Hand","Cash","Cash In Hand","0","0","uasma","700","0"
"5375","12/26/2024 12:00:00 AM","S-4359","Invoice","Cash In Hand","Cash","Cash In Hand","0","0","uasma","200","0"
"5376","12/26/2024 12:00:00 AM","S-4360","Invoice","Chand Homoeopathic Store","Credit","","0","0","BURHAN","150","0"
"5377","12/26/2024 12:00:00 AM","S-4361","Invoice","Mughal H/S","Credit","","0","0","usama","279","0"
"5378","12/26/2024 12:00:00 AM","S-4362","Invoice","Sohail Homoeo & Harbal Store","Credit","","0","0","uasma","236","0"
"5379","12/26/2024 12:00:00 AM","P-1010","Purchase","Hassan Homeopathic Store","Cash","Cash In Hand","0","0","Affan","472",""
"5380","12/26/2024 12:00:00 AM","S-4363","Invoice","Noman Homeopathic Store","Credit","","0","0","Affan","5665","0"
"5381","12/26/2024 12:00:00 AM","P-1011","Purchase","Muslim Homoeopathic Store LPR ","Credit","","0","0","Affan","829",""
"5382","12/26/2024 12:00:00 AM","S-4364","Invoice","L/Dr Sakina Aslam TMK ","Credit","","0","by hand Usama","Hamza","496","0"
"5383","12/28/2024 12:00:00 AM","S-4365","Invoice","Cash In Hand","Cash","Cash In Hand","0","0","Aff4","100","0"
"5384","12/28/2024 12:00:00 AM","S-4366","Invoice","Cash In Hand","Cash","Cash In Hand","0","0","Affan","350","0"
"5385","12/28/2024 12:00:00 AM","S-4367","Invoice","Cash In Hand","Cash","Cash In Hand","0","0","Aaffan","220","0"
"5386","12/28/2024 12:00:00 AM","S-4368","Invoice","Cash In Hand","Cash","Cash In Hand","0","0","Affsna","1250","0"
"5387","12/28/2024 12:00:00 AM","S-4369","Invoice","Cash In Hand","Cash","Cash In Hand","0","0","Affan","120","0"
"5388","12/28/2024 12:00:00 AM","S-4370","Invoice","Cash In Hand","Cash","Cash In Hand","0","0","Affan","350","0"
"5389","12/28/2024 12:00:00 AM","S-4371","Invoice","Cash In Hand","Cash","Cash In Hand","0","0","Affan","700","0"
"5390","12/28/2024 12:00:00 AM","S-4372","Invoice","Cash In Hand","Cash","Cash In Hand","0","0","uasma","1350","0"
"5391","12/28/2024 12:00:00 AM","S-4373","Invoice","Cash In Hand","Cash","Cash In Hand","0","0","Affan","4663","0"
"5392","12/28/2024 12:00:00 AM","S-4374","Invoice","Cash In Hand","Cash","Cash In Hand","0","00","Affan","750","0"
"5393","12/28/2024 12:00:00 AM","P-1012","Purchase","Hassan Homeopathic Store","Cash","Cash In Hand","0","00","Affan","660",""
"5394","12/28/2024 12:00:00 AM","P-1013","Purchase","Rafay Homeopathic Store","Credit","","0","0","Affan","1012",""
"5395","12/28/2024 12:00:00 AM","S-4375","Invoice","German Homeopathic Store (Dr Saqib Khan)","Credit","","0","00","Affan","3058","0"
"5396","12/28/2024 12:00:00 AM","S-4376","Invoice","Sufi Homeopathic Store","Credit","","0","0","Affan","117","0"
"5397","12/28/2024 12:00:00 AM","S-4377","Invoice","Rafay Homeopathic Store","Credit","","0","00","Affan","108","0"
"5398","12/28/2024 12:00:00 AM","S-4378","Invoice","Chand Homoeopathic Store","Credit","","0","00","Affan","196","0"
"5399","12/28/2024 12:00:00 AM","S-4379","Invoice","Shalimar Homoeo Store LPR","Credit","","0","00","Affan","446","0"
"5400","12/28/2024 12:00:00 AM","S-4380","Invoice","Bilal Homoeopathic Store","Credit","","0","0","Affan","324","0"
"5401","12/28/2024 12:00:00 AM","S-4381","Invoice","Dua Homoeopathic Store ","Credit","","0","0","Affan","686","0"
"5402","12/28/2024 12:00:00 AM","S-4382","Invoice","Noman Homeopathic Store","Credit","","0","0","Affan","2079","0"
"5403","12/28/2024 12:00:00 AM","P-1014","Purchase","German Homeopathic Store (Dr Saqib Khan)","Credit","","0","0","Afan","7973",""
"5404","12/28/2024 12:00:00 AM","P-1015","Purchase","German Homeopathic Store (Dr Saqib Khan)","Credit","","0","0","Affan","1020",""
"5405","12/28/2024 12:00:00 AM","P-1016","Purchase","Dua Homoeopathic Store ","Credit","","0","0","Affan","676",""
"5406","12/28/2024 12:00:00 AM","S-4383","Invoice","Dua Homoeopathic Store ","Credit","","0","0","Affan","431","0"
"5407","12/28/2024 12:00:00 AM","P-1017","Purchase","Rafay Homeopathic Store","Credit","","0","0","Affan","486",""
"5408","12/28/2024 12:00:00 AM","P-1018","Purchase","Rafay Homeopathic Store","Credit","","0","0","Affan","108",""
"5409","12/28/2024 12:00:00 AM","S-4384","Invoice","Cash In Hand","Cash","Cash In Hand","0","0","uasma","680","0"
"5410","12/28/2024 12:00:00 AM","S-4385","Invoice","Cash In Hand","Cash","Cash In Hand","0","0","uasma","510","0"
"5411","12/28/2024 12:00:00 AM","S-4386","Invoice","Cash In Hand","Cash","Cash In Hand","0","0","uasma","180","0"
"5412","12/29/2024 12:00:00 AM","S-4387","Invoice","Cash In Hand","Cash","Cash In Hand","0","0","Aaffan","220","0"
"5413","12/29/2024 12:00:00 AM","S-4388","Invoice","Cash In Hand","Cash","Cash In Hand","0","0","Affan","240","0"
"5414","12/29/2024 12:00:00 AM","S-4389","Invoice","Cash In Hand","Cash","Cash In Hand","0","0","Affan","500","0"
"5415","12/29/2024 12:00:00 AM","S-4390","Invoice","Cash In Hand","Cash","Cash In Hand","0","0","Affan","200","0"
"5416","12/29/2024 12:00:00 AM","S-4391","Invoice","Cash In Hand","Cash","Cash In Hand","0","0","Affan","1230","0"
"5417","12/29/2024 12:00:00 AM","S-4392","Invoice","Cash In Hand","Cash","Cash In Hand","0","0","Affan","300","0"
"5418","12/29/2024 12:00:00 AM","S-4393","Invoice","Cash In Hand","Cash","Cash In Hand","0","0","Affan","250","0"
"5419","12/29/2024 12:00:00 AM","S-4394","Invoice","Cash In Hand","Cash","Cash In Hand","0","0","Affan","1050","0"
"5420","12/29/2024 12:00:00 AM","S-4395","Invoice","Cash In Hand","Cash","Cash In Hand","0","0","Afan","300","0"
"5421","12/29/2024 12:00:00 AM","S-4396","Invoice","Cash In Hand","Cash","Cash In Hand","0","0","Affanc","180","0"
"5422","12/29/2024 12:00:00 AM","S-4397","Invoice","DR Hassan (sanger)","Credit","","0","0","Affa n","7360","0"
"5423","12/29/2024 12:00:00 AM","P-1019","Purchase","DR Hassan (sanger)","Credit","","0","0","Affan","7360",""
"5424","12/29/2024 12:00:00 AM","S-4398","Invoice","Dr Ahsan Mohsin H/S (SANGAR)","Credit","","0","0","Aaffan","5760","0"
"5425","12/29/2024 12:00:00 AM","S-4399","Invoice","Al-Khadija Homoeo Store (HYD)","Credit","","0","00","Affan4","300","0"
"5426","12/29/2024 12:00:00 AM","S-4400","Invoice","Noman Homeopathic Store","Credit","","0","00","Affan","230","0"
"5427","12/29/2024 12:00:00 AM","S-4401","Invoice","German Homeopathic Store (Dr Saqib Khan)","Credit","","0","0","Affan","1098","0"
"5428","12/29/2024 12:00:00 AM","S-4402","Invoice","Cash In Hand","Cash","Cash In Hand","0","0","Affan","1200","0"
"5429","12/29/2024 12:00:00 AM","S-4403","Invoice","Dua Homoeopathic Store ","Credit","","0","0","Affan","280","0"
"5430","12/29/2024 12:00:00 AM","P-1020","Purchase","German Homeopathic Store (Dr Saqib Khan)","Credit","","0","0","Afffan","2213",""
"5431","12/29/2024 12:00:00 AM","S-4404","Invoice","Shalimar Homoeo Store LPR","Credit","","0","0","Affan","1237","0"
"5432","12/29/2024 12:00:00 AM","S-4405","Invoice","Cash In Hand","Cash","Cash In Hand","0","10","Affan","400","0"
"5433","12/30/2024 12:00:00 AM","P-1021","Purchase","Al-Khadija Homoeo Store (HYD)","Credit","","0","0","Affan","300",""
"5434","12/30/2024 12:00:00 AM","P-1022","Purchase","Dua Homoeopathic Store ","Credit","","0","0","Affan","431",""
"5435","12/30/2024 12:00:00 AM","S-4406","Invoice","Cash In Hand","Cash","Cash In Hand","0","0","Affan","500","0"
"5436","12/30/2024 12:00:00 AM","S-4407","Invoice","Hakim Mohammed Iqbal (03403000212)","Credit","","0","0","uasma","11893","0"
"5437","12/30/2024 12:00:00 AM","S-4408","Invoice","Dr Usama Ali (0310-3200577)","Credit","","0","0","Affan","2597","0"
"5438","12/30/2024 12:00:00 AM","S-4409","Invoice","Dr Faraz (0313-0325200)","Credit","","0","0","Affan","2513","0"
"5439","12/30/2024 12:00:00 AM","S-4410","Invoice","AL Rasheed Clinic (DR Mehrunissa)","Credit","","0","0","Affan","9043","0"
"5440","12/30/2024 12:00:00 AM","S-4411","Invoice","Cash In Hand","Cash","Cash In Hand","0","0","Affan","2000","0"
"5441","12/30/2024 12:00:00 AM","S-4412","Invoice","Cash In Hand","Cash","Cash In Hand","0","0","Affan","1125","0"
"5442","12/30/2024 12:00:00 AM","S-4413","Invoice","Cash In Hand","Cash","Cash In Hand","0","0","Affan","900","0"
"5443","12/15/2024 12:00:00 AM","S-4414","Invoice","Dr Rasheed Kashmiri (Tando Alayar)","Credit","","0","0","raza","2173","0"
"5444","12/30/2024 12:00:00 AM","S-4415","Invoice","Muslim Homoeopathic Store LPR ","Credit","","0","00","Affan","1373","0"
"5445","12/30/2024 12:00:00 AM","S-4416","Invoice","Pakistan H/S LPR","Credit","","0","0","Affan","392","0"
"5446","12/30/2024 12:00:00 AM","S-4417","Invoice","Sheroze H/S Muzzamil ","Credit","","0","0","Affan","900","0"
"5447","12/30/2024 12:00:00 AM","S-4418","Invoice","Rafay Homeopathic Store","Credit","","0","00","Affan","120","0"
"5448","12/30/2024 12:00:00 AM","S-4419","Invoice","Baba Homoeo Store","Credit","","0","0","Affan","292","0"
"5449","12/30/2024 12:00:00 AM","S-4420","Invoice","Noman Homeopathic Store","Credit","","0","0","Affan","2230","0"
"5450","12/30/2024 12:00:00 AM","S-4421","Invoice","Cash In Hand","Cash","Cash In Hand","","0","uasma","1100","0"
"5451","12/30/2024 12:00:00 AM","P-1023","Purchase","Muslim Homoeopathic Store LPR ","Credit","","0","0","Affan","497",""
"5452","12/30/2024 12:00:00 AM","P-1024","Purchase","Hassan Homeopathic Store","Credit","","0","0","Affan","660",""
"5453","12/30/2024 12:00:00 AM","S-4422","Invoice","Hassan Homeopathic Store","Credit","","0","00","Affan","125","0"
"5454","12/30/2024 12:00:00 AM","S-4423","Invoice","Cash In Hand","Cash","Cash In Hand","0","0","uasma","1100","0"
"5455","12/30/2024 12:00:00 AM","S-4424","Invoice","Cash In Hand","Cash","Cash In Hand","","0","uasma","722","0"
"5456","12/30/2024 12:00:00 AM","S-4425","Invoice","Cash In Hand","Cash","Cash In Hand","0","0","uasma","340","0"
"5457","12/31/2024 12:00:00 AM","S-4426","Invoice","Cash In Hand","Cash","Cash In Hand","0","0","Affan","900","0"
"5458","12/31/2024 12:00:00 AM","S-4427","Invoice","Cash In Hand","Cash","Cash In Hand","0","0","uasma","150","0"
"5459","12/31/2024 12:00:00 AM","S-4428","Invoice","Cash In Hand","Cash","Cash In Hand","0","0","Affan","400","0"
"5460","12/31/2024 12:00:00 AM","S-4429","Invoice","Cash In Hand","Cash","Cash In Hand","0","0","Afan","700","0"
"5461","12/31/2024 12:00:00 AM","S-4430","Invoice","Cash In Hand","Cash","Cash In Hand","0","0","Afan","450","0"
"5462","12/31/2024 12:00:00 AM","S-4431","Invoice","Cash In Hand","Cash","Cantimade Traders","0","0","uasma","2000","0"
"5463","12/31/2024 12:00:00 AM","S-4432","Invoice","Mehran H/S Dr Akram (Shadadpur)","Credit","","0","0","raza","3740","0"
"5464","12/31/2024 12:00:00 AM","S-4433","Invoice","Cash In Hand","Cash","Cash In Hand","04","0","uasma","300","0"
"5465","12/31/2024 12:00:00 AM","S-4434","Invoice","Noman Homeopathic Store","Credit","","","","Affan","3145","0"
"5466","12/31/2024 12:00:00 AM","S-4435","Invoice","Jameel H/S LPR","Credit","","0","0","Affan","126","0"
"5467","12/31/2024 12:00:00 AM","S-4436","Invoice","Muslim Homoeopathic Store LPR ","Credit","","0","0","Aaffan","1100","0"
"5468","12/31/2024 12:00:00 AM","S-4437","Invoice","Rafay Homeopathic Store","Credit","","0","0","Affan","378","0"
"5469","12/31/2024 12:00:00 AM","S-4438","Invoice","Sufi Homeopathic Store","Credit","","0","0","Affan","2134","0"
"5470","12/31/2024 12:00:00 AM","S-4439","Invoice","Dua Homoeopathic Store ","Credit","","0","0","Affan","308","0"
"5471","12/31/2024 12:00:00 AM","S-4440","Invoice","Sohail Homoeo & Harbal Store","Credit","","0","0","Affan","402","0"
"5472","12/31/2024 12:00:00 AM","S-4441","Invoice","Pakistan H/S LPR","Credit","","0","0","Affan","392","0"
"5473","12/31/2024 12:00:00 AM","P-1025","Purchase","Pakistan H/S LPR","Credit","","0","0","Affan","392",""
"5474","1/1/2025 12:00:00 AM","S-4442","Invoice","Cash In Hand","Cash","Cash In Hand","0","0","uasma","608","0"
"5475","1/1/2025 12:00:00 AM","S-4443","Invoice","Sindh Homeo Store (Sukkar)","Credit","","0","0","Affan","11868","0"
"5476","1/1/2025 12:00:00 AM","S-4444","Invoice","Cash In Hand","Cash","Cash In Hand","0","0.0","Affan","1600","0"
"5477","1/1/2025 12:00:00 AM","S-4445","Invoice","Dr Jamaal Nasir (T.M.K)","Credit","","0","0","Affan","18891","0"
"5478","1/1/2025 12:00:00 AM","S-4446","Invoice","Cash In Hand","Cash","Cash In Hand","0","0","Affan","521","0"
"5479","1/1/2025 12:00:00 AM","S-4447","Invoice","Cash In Hand","Cash","Cash In Hand","0","0","Affan","400","0"
"5480","1/1/2025 12:00:00 AM","S-4448","Invoice","Cash In Hand","Cash","Cash In Hand","0","0","Aaffan","150","0"
"5481","1/1/2025 12:00:00 AM","S-4449","Invoice","Rafay H/S (Larkana)DR Abdul Malik","Credit","","0","00","Affan","20553","0"
"5482","1/1/2025 12:00:00 AM","S-4450","Invoice","Cash In Hand","Cash","Cash In Hand","0","0","usama","500","0"
"5483","1/1/2025 12:00:00 AM","S-4451","Invoice","Star Homoeo Store","Credit","","0","0","Affan","72","0"
"5484","1/1/2025 12:00:00 AM","S-4452","Invoice","Hassan Homeopathic Store","Credit","","0","0","Affan","350","0"
"5485","1/1/2025 12:00:00 AM","S-4453","Invoice","Noman Homeopathic Store","Credit","","0","0","Affan","3125","0"
"5486","1/1/2025 12:00:00 AM","S-4454","Invoice","Cash In Hand","Cash","Cash In Hand","0","0","uasma","550","0"
"5487","1/1/2025 12:00:00 AM","S-4455","Invoice","DR Imran Qureshi (sanger)","Credit","","0","0","Affan","33807","0"
"5488","1/1/2025 12:00:00 AM","S-4456","Invoice","WajuU Bhai W/S Saleman","Credit","","0","0","uasma","900","0"
"5489","1/1/2025 12:00:00 AM","P-1026","Purchase","Hassan Homeopathic Store","Cash","Cash In Hand","0","0","Affan","260",""
"5490","1/2/2025 12:00:00 AM","S-4457","Invoice","Cash In Hand","Cash","Cash In Hand","0","0","uasma","1700","0"
"5491","1/2/2025 12:00:00 AM","S-4458","Invoice","Cash In Hand","Cash","Cash In Hand","0","0","uasma","400","0"
"5492","1/2/2025 12:00:00 AM","S-4459","Invoice","Cash In Hand","Cash","Cash In Hand","0","0","sheraz","200","0"
"5493","1/2/2025 12:00:00 AM","S-4460","Invoice","Cash In Hand","Cash","Cash In Hand","0","0","uasma","1050","0"
"5494","1/2/2025 12:00:00 AM","S-4461","Invoice","Cash In Hand","Cash","Cash In Hand","0","0","usama","300","0"
"5495","1/2/2025 12:00:00 AM","S-4462","Invoice","Cash In Hand","Cash","Cash In Hand","0","0","BURHAN","300","0"
"5496","1/2/2025 12:00:00 AM","S-4463","Invoice","Cash In Hand","Cash","Cash In Hand","0","0","BURHAN","100","0"
"5497","1/2/2025 12:00:00 AM","S-4464","Invoice","German Homeopathic Store (Dr Saqib Khan)","Credit","","0","0","raza","117","0"
"5498","1/2/2025 12:00:00 AM","S-4465","Invoice","Muslim Homoeopathic Store LPR ","Credit","","0","0","raza","371","0"
"5499","1/2/2025 12:00:00 AM","S-4466","Invoice","Noman Homeopathic Store","Credit","","0","0","raza","5786","0"
"5500","1/2/2025 12:00:00 AM","S-4467","Invoice","Sohail Homoeo & Harbal Store","Credit","","0","0","raza","126","0"
"5501","1/2/2025 12:00:00 AM","S-4468","Invoice","Jameel H/S LPR","Credit","","0","0","raza","253","0"
"5502","1/2/2025 12:00:00 AM","S-4469","Invoice","Pakistan H/S LPR","Credit","","0","0","raza","175","0"
"5503","1/2/2025 12:00:00 AM","S-4470","Invoice","Cash In Hand","Cash","Cash In Hand","0","0","sheraz","200","0"
"5504","1/2/2025 12:00:00 AM","S-4471","Invoice","German Homeopathic Store (Dr Saqib Khan)","Credit","","0","0","raza","308","0"
"5505","1/2/2025 12:00:00 AM","S-4472","Invoice","Cash In Hand","Cash","Cash In Hand","0","0","uasma","1100","0"
"5506","1/2/2025 12:00:00 AM","S-4473","Invoice","Sheroze H/S Muzzamil ","Credit","","0","00","raza","104","0"
"5507","1/2/2025 12:00:00 AM","S-4474","Invoice","Cash In Hand","Cash","Cash In Hand","0","0","uasma","300","0"
"5508","1/2/2025 12:00:00 AM","S-4475","Invoice","German Homeopathic Store (Dr Saqib Khan)","Credit","","0","0","raza","321","0"
"5509","1/2/2025 12:00:00 AM","S-4476","Invoice","Cash In Hand","Cash","Cash In Hand","0","0","uasma","1295","0"
"5510","1/2/2025 12:00:00 AM","S-4477","Invoice","Cash In Hand","Cash","Cash In Hand","0","0","uasma","896","0"
"5511","1/4/2025 12:00:00 AM","S-4478","Invoice","Cash In Hand","Cash","Cash In Hand","0","0","uasma","500","0"
"5512","1/4/2025 12:00:00 AM","S-4479","Invoice","Cash In Hand","Cash","Cash In Hand","0","0","uasma","200","0"
"5513","1/4/2025 12:00:00 AM","S-4480","Invoice","Dr Tayyab (Tando Adam)","Credit","","0","0","Affan","4831","0"
"5514","1/4/2025 12:00:00 AM","P-1027","Purchase","Dr Tayyab (Tando Adam)","Credit","","0","0","Affan","311",""
"5515","1/4/2025 12:00:00 AM","S-4481","Invoice","Cash In Hand","Cash","Cash In Hand","0","0","Affan","100","0"
"5516","1/4/2025 12:00:00 AM","S-4482","Invoice","Cash In Hand","Cash","Cash In Hand","0","0","uasma","750","0"
"5517","1/4/2025 12:00:00 AM","S-4483","Invoice","Cash In Hand","Cash","Cash In Hand","0","0","uasma","1033","0"
"5518","1/4/2025 12:00:00 AM","S-4484","Invoice","Cash In Hand","Cash","Cash In Hand","0","0","uasma","1250","0"
"5519","1/4/2025 12:00:00 AM","S-4485","Invoice","Cash In Hand","Cash","Cash In Hand","0","0","uasma","518","0"
"5520","1/4/2025 12:00:00 AM","S-4486","Invoice","Cash In Hand","Cash","Cash In Hand","0","0","uasma","860","0"
"5521","1/4/2025 12:00:00 AM","S-4487","Invoice","Cash In Hand","Cash","Cash In Hand","0","0","uasma","1131","0"
"5522","1/4/2025 12:00:00 AM","S-4488","Invoice","Cash In Hand","Cash","Cash In Hand","0","0","uasma","300","0"
"5523","1/4/2025 12:00:00 AM","S-4489","Invoice","Cash In Hand","Cash","Cash In Hand","0","0","usama","250","0"
"5524","1/4/2025 12:00:00 AM","P-1028","Purchase","Paul Brooks Homoeo Lab","Credit","","0","0","Affab","6187",""
"5525","1/4/2025 12:00:00 AM","P-1029","Purchase","T.S Laboratories ","Credit","","0","0","Affan","432",""
"5526","1/4/2025 12:00:00 AM","P-1030","Purchase","T.S Laboratories ","Credit","","0","0","Affan","64888",""
"5527","1/4/2025 12:00:00 AM","P-1031","Purchase","T.S Laboratories ","Credit","","0","0","Affan","76944",""
"5528","1/4/2025 12:00:00 AM","P-1032","Purchase","BLOSSOM ","Credit","","0","0","Affan","9820",""
"5529","1/4/2025 12:00:00 AM","P-1033","Purchase","BLOSSOM ","Credit","","0","0","Affan","32894",""
"5530","1/4/2025 12:00:00 AM","S-4490","Invoice","Muslim Homoeopathic Store LPR ","Credit","","0","0","Affan","1954","0"
"5531","1/4/2025 12:00:00 AM","S-4491","Invoice","Dua Homoeopathic Store ","Credit","","0","0","Affan","2993","0"
"5532","1/4/2025 12:00:00 AM","S-4492","Invoice","Mughal H/S","Credit","","0","0","Affan","126","0"
"5533","1/4/2025 12:00:00 AM","S-4493","Invoice","Hassan Homeopathic Store","Credit","","00","0","Affan","455","0"
"5534","1/4/2025 12:00:00 AM","S-4494","Invoice","Rafay Homeopathic Store","Credit","","0","0","Affan","3035","0"
"5535","1/4/2025 12:00:00 AM","S-4495","Invoice","Al-Khadija Homoeo Store (HYD)","Credit","","0","0","Affan","114","0"
"5536","1/4/2025 12:00:00 AM","S-4496","Invoice","Noman Homeopathic Store","Credit","","00","0","Affan","408","0"
"5537","1/4/2025 12:00:00 AM","S-4497","Invoice","Cash In Hand","Cash","Cash In Hand","0","0","usama","500","0"
"5538","1/4/2025 12:00:00 AM","P-1034","Purchase","Akram Pansar Tando Allah Yar","Credit","","0","0","raza","660",""
"5539","1/4/2025 12:00:00 AM","S-4498","Invoice","Cash In Hand","Cash","Cash In Hand","0","0","uasma","300","0"
"5540","1/4/2025 12:00:00 AM","S-4499","Invoice","Akram Pansar Tando Allah Yar","Credit","","0","0","Affan","6265","0"
"5541","1/4/2025 12:00:00 AM","S-4500","Invoice","Shahid Medical Store (Chambar)","Credit","",".","0","Affan","7348","0"
"5542","1/4/2025 12:00:00 AM","S-4501","Invoice","Shahid Medical Store (Chambar)","Credit","","0","0","Affafn","630","0"
"5543","1/4/2025 12:00:00 AM","S-4502","Invoice","Dr Manzoor (Shah Pur Janiya)","Credit","","0","0","Affam","15389","0"
"5544","1/5/2025 12:00:00 AM","S-4503","Invoice","Cash In Hand","Cash","Cash In Hand","0","0","uasma","500","0"
"5545","1/5/2025 12:00:00 AM","S-4504","Invoice","Cash In Hand","Cash","Cash In Hand","0","0","Affan","300","0"
"5546","1/5/2025 12:00:00 AM","S-4505","Invoice","Cash In Hand","Cash","Cash In Hand","00","0","uasma","140","0"
"5547","1/5/2025 12:00:00 AM","S-4506","Invoice","Cash In Hand","Cash","Cash In Hand","0","0","sheraz","450","0"
"5548","1/5/2025 12:00:00 AM","S-4507","Invoice","Cash In Hand","Cash","Cash In Hand","0","0","uasma","700","0"
"5549","1/5/2025 12:00:00 AM","S-4508","Invoice","Rahib Madical Store (Tando Bhago)","Credit","","0","0","uasma","1750","0"
"5550","1/5/2025 12:00:00 AM","S-4509","Invoice","Cash In Hand","Cash","Cash In Hand","","0","uasma","1833","0"
"5551","1/5/2025 12:00:00 AM","S-4510","Invoice","Dr Tasawar Hussain (Gularchi)","Credit","","0","0","raza","2774","0"
"5552","1/5/2025 12:00:00 AM","S-4511","Invoice","Hassan Homeopathic Store","Credit","","0","0","raza","11530","0"
"5553","1/5/2025 12:00:00 AM","S-4512","Invoice","Noman Homeopathic Store","Credit","","0","0","raza","300","0"
"5554","1/5/2025 12:00:00 AM","S-4513","Invoice","Noman Homeopathic Store","Credit","","0","0","raza","879","0"
"5555","1/5/2025 12:00:00 AM","S-4514","Invoice","Dua Homoeopathic Store ","Credit","","0","0","Afan","604","0"
"5556","1/5/2025 12:00:00 AM","S-4515","Invoice","Muslim Homoeopathic Store LPR ","Credit","","0","0","Affan","4533","0"
"5557","1/5/2025 12:00:00 AM","S-4516","Invoice","Jameel H/S LPR","Credit","","0","0","Affan","253","0"
"5558","1/5/2025 12:00:00 AM","S-4517","Invoice","Baba Homoeo Store","Credit","","0","0","Affan","253","0"
"5559","1/5/2025 12:00:00 AM","S-4518","Invoice","Bilal Homoeopathic Store","Credit","","0","0","Affan4","357","0"
"5560","1/5/2025 12:00:00 AM","S-4519","Invoice","German Homeopathic Store (Dr Saqib Khan)","Credit","","0","0","Affan","2128","0"
"5561","1/5/2025 12:00:00 AM","S-4520","Invoice","Cash In Hand","Cash","Cash In Hand","0","0","uasma","1000","0"
"5562","1/6/2025 12:00:00 AM","S-4521","Invoice","Cash In Hand","Cash","Cash In Hand","0","0","uasma","540","0"
"5563","1/6/2025 12:00:00 AM","S-4522","Invoice","Cash In Hand","Cash","Cash In Hand","0","0","uasma","700","0"
"5564","1/6/2025 12:00:00 AM","S-4523","Invoice","Cash In Hand","Cash","Cash In Hand","0","0","uasma","350","0"
"5565","1/6/2025 12:00:00 AM","S-4524","Invoice","Cash In Hand","Cash","Cash In Hand","0","0","Affan","550","0"
"5566","1/6/2025 12:00:00 AM","P-1035","Purchase","Dr Alam (Tulsi) TMK","Credit","","0","0","Affa n","3425",""
"5567","1/6/2025 12:00:00 AM","S-4525","Invoice","German Homeopathic Store (Dr Saqib Khan)","Credit","","0","0","Affan","2768","0"
"5568","1/6/2025 12:00:00 AM","S-4526","Invoice","Noman Homeopathic Store","Credit","","0","0","Affan","114","0"
"5569","1/6/2025 12:00:00 AM","S-4527","Invoice","Muslim Homoeopathic Store LPR ","Credit","","0","0","ADffsn","1801","0"
"5570","1/6/2025 12:00:00 AM","S-4528","Invoice","Sohail Homoeo & Harbal Store","Credit","","0","0","Affsan","671","0"
"5571","1/6/2025 12:00:00 AM","S-4529","Invoice","Hassan Homeopathic Store","Credit","","0","0","Affan","1525","0"
"5572","1/6/2025 12:00:00 AM","S-4530","Invoice","Cash In Hand","Cash","Cash In Hand","0","0","uasma","550","0"
"5573","1/6/2025 12:00:00 AM","S-4531","Invoice","Cash In Hand","Cash","Cash In Hand","0","0","uasma","216","0"
"5574","1/7/2025 12:00:00 AM","S-4532","Invoice","Cash In Hand","Cash","Cash In Hand","0","0","Affan","200","0"
"5575","1/7/2025 12:00:00 AM","S-4533","Invoice","Cash In Hand","Cash","Cash In Hand","0","0","Affan","2200","0"
"5576","1/7/2025 12:00:00 AM","S-4534","Invoice","Cash In Hand","Cash","Cash In Hand","0","","Afffan","450","0"
"5577","1/7/2025 12:00:00 AM","S-4535","Invoice","Cash In Hand","Cash","Cash In Hand","","00","uasma","510","0"
"5578","12/8/2024 12:00:00 AM","S-4536","Invoice","Akram Pansar Tando Allah Yar","Credit","","0","0","Affa n","600","0"
"5579","1/7/2025 12:00:00 AM","S-4537","Invoice","Cash In Hand","Cash","Cash In Hand","0","0","Affan","3230","0"
"5580","1/7/2025 12:00:00 AM","S-4538","Invoice","Areez pansar store (Tando Alayar)","Credit","","0","0","Affan","11958","0"
"5581","1/7/2025 12:00:00 AM","S-4539","Invoice","German Homeopathic Store (Dr Saqib Khan)","Credit","","0","0","Affan","5370","0"
"5582","1/7/2025 12:00:00 AM","S-4540","Invoice","Muslim Homoeopathic Store LPR ","Credit","","0","0","Affan","446","0"
"5583","1/7/2025 12:00:00 AM","S-4541","Invoice","Dua Homoeopathic Store ","Credit","","0","0","Affan","810","0"
"5584","1/7/2025 12:00:00 AM","S-4542","Invoice","Baba Homoeo Store","Credit","","0","0","Affan","253","0"
"5585","1/7/2025 12:00:00 AM","S-4543","Invoice","Hassan Homeopathic Store","Credit","","0","0","Affan","4240","0"
"5586","1/7/2025 12:00:00 AM","S-4544","Invoice","Rafay Homeopathic Store","Credit","","0","0","Affan","1150","0"
"5587","1/7/2025 12:00:00 AM","S-4545","Invoice","Noman Homeopathic Store","Credit","","0","0","Affa n","1436","0"
"5588","1/7/2025 12:00:00 AM","S-4546","Invoice","Rooshan Pansar (Tando Alayar)","Credit","","0","0","Affan","7812","0"
"5589","1/7/2025 12:00:00 AM","S-4547","Invoice","GULSHAN M/Store (T.M.K)","Credit","","0","0","Affan","3990","0"
"5590","1/7/2025 12:00:00 AM","S-4548","Invoice","Cash In Hand","Cash","Cash In Hand","0","0","raza","120","0"
"5591","1/7/2025 12:00:00 AM","S-4549","Invoice","Cash In Hand","Cash","Cash In Hand","0","0","uasma","1360","0"
"5592","1/8/2025 12:00:00 AM","S-4550","Invoice","Cash In Hand","Cash","Cash In Hand","0","0","uasma","550","0"
"5593","1/8/2025 12:00:00 AM","S-4551","Invoice","Cash In Hand","Cash","Cash In Hand","0","0","uasma","800","0"
"5594","1/8/2025 12:00:00 AM","S-4552","Invoice","Cash In Hand","Cash","Cash In Hand","","0","Affan","700","0"
"5595","1/8/2025 12:00:00 AM","P-1036","Purchase","Armaa pharma ","Credit","","0","0","Affan","55676",""
"5596","1/8/2025 12:00:00 AM","S-4553","Invoice","Cash In Hand","Cash","Cash In Hand","0","0","Affan","200","0"
"5597","1/8/2025 12:00:00 AM","S-4554","Invoice","Cash In Hand","Cash","Cash In Hand","0","0","Affan","1100","0"
"5598","1/8/2025 12:00:00 AM","S-4555","Invoice","Cash In Hand","Cash","Cash In Hand","0","0","Affan","100","0"
"5599","1/8/2025 12:00:00 AM","S-4556","Invoice","Cash In Hand","Cash","Cash In Hand","0","0","Affan","120","0"
"5600","1/8/2025 12:00:00 AM","S-4557","Invoice","Cash In Hand","Cash","Cash In Hand","0","0","usama","3450","0"
"5601","1/8/2025 12:00:00 AM","P-1037","Purchase","T.S Laboratories ","Credit","","0","0","Affan","191449",""
"5602","1/8/2025 12:00:00 AM","S-4558","Invoice","Cash In Hand","Cash","Cash In Hand","0","0","Affan","150","0"
"5603","1/8/2025 12:00:00 AM","S-4559","Invoice","Cash In Hand","Cash","Cash In Hand","0","0","Affan","600","0"
"5604","1/8/2025 12:00:00 AM","S-4560","Invoice","H/Dr Azger Mughal ","Credit","","0","0","Affan","8887","0"
"5605","1/8/2025 12:00:00 AM","P-1038","Purchase","Dua Homoeopathic Store ","Credit","","0","0","Affan","300",""
"5606","1/8/2025 12:00:00 AM","P-1039","Purchase","Hassan Homeopathic Store","Credit","","0","0","usama","1601",""
"5607","1/8/2025 12:00:00 AM","P-1040","Purchase","Jameel H/S LPR","Credit","","0","0","usama","132",""
"5608","1/8/2025 12:00:00 AM","P-1041","Purchase","Pakistan H/S LPR","Credit","","0","0","usama","172",""
"5609","1/8/2025 12:00:00 AM","P-1042","Purchase","Rafay Homeopathic Store","Credit","","0","0","Ham za","1737",""
"5610","1/8/2025 12:00:00 AM","S-4561","Invoice","Dua Homoeopathic Store ","Credit","","0","0","Affan","872","0"
"5611","1/8/2025 12:00:00 AM","S-4562","Invoice","Rafay Homeopathic Store","Credit","","0","0","Affan","684","0"
"5612","1/8/2025 12:00:00 AM","S-4563","Invoice","German Homeopathic Store (Dr Saqib Khan)","Credit","","0","0","Affan","1057","0"
"5613","1/8/2025 12:00:00 AM","S-4564","Invoice","Muslim Homoeopathic Store LPR ","Credit","","0","0","Affan","907","0"
"5614","1/8/2025 12:00:00 AM","S-4565","Invoice","Hassan Homeopathic Store","Credit","","0","0","Affan","2660","0"
"5615","1/8/2025 12:00:00 AM","S-4566","Invoice","Sohail Homoeo & Harbal Store","Credit","","0","0","Affan","1194","0"
"5616","1/8/2025 12:00:00 AM","S-4567","Invoice","Noman Homeopathic Store","Credit","","0","0","Affan","2557","0"
"5617","1/8/2025 12:00:00 AM","S-4568","Invoice","Cash In Hand","Cash","Cash In Hand","0","0","uasma","150","0"
"5618","1/8/2025 12:00:00 AM","S-4569","Invoice","Cash In Hand","Cash","Cash In Hand","0","0","uasma","200","0"
"5619","1/9/2025 12:00:00 AM","S-4570","Invoice","Cash In Hand","Cash","Cash In Hand","0","0","sheraz","1700","0"
"5620","1/9/2025 12:00:00 AM","S-4571","Invoice","Cash In Hand","Cash","Cash In Hand","0","0","sheraz","450","0"
"5621","1/9/2025 12:00:00 AM","S-4572","Invoice","Cash In Hand","Cash","Cash In Hand","0","0","usama","1000","0"
"5622","1/9/2025 12:00:00 AM","S-4573","Invoice","Cash In Hand","Cash","Cash In Hand","0","0","uasma","500","0"
"5623","1/9/2025 12:00:00 AM","S-4574","Invoice","Cash In Hand","Cash","Cash In Hand","0","0","Affa n","350","0"
"5624","1/9/2025 12:00:00 AM","S-4575","Invoice","Cash In Hand","Cash","Cash In Hand","0","0","Affan","340","0"
"5625","1/9/2025 12:00:00 AM","S-4576","Invoice","Cash In Hand","Cash","Cash In Hand","0","0","Affan","150","0"
"5626","1/9/2025 12:00:00 AM","S-4577","Invoice","Cash In Hand","Cash","Cash In Hand","0","0","Affan","170","0"
"5627","1/9/2025 12:00:00 AM","S-4578","Invoice","H/Dr.Irfan (T.A)","Credit","","0","00","Affan","2335","0"
"5628","1/9/2025 12:00:00 AM","S-4579","Invoice","H/Dr.Irfan (T.A)","Credit","","0","0","Affan","170","0"
"5629","1/9/2025 12:00:00 AM","S-4580","Invoice","Cash In Hand","Cash","Cash In Hand","0","0","Aaffan","400","0"
"5630","1/9/2025 12:00:00 AM","S-4581","Invoice","Cash In Hand","Cash","Cash In Hand","0","0","Affan","400","0"
"5631","1/9/2025 12:00:00 AM","S-4582","Invoice","Cash In Hand","Cash","Cash In Hand","0","0","Affan","2200","0"
"5632","1/9/2025 12:00:00 AM","S-4583","Invoice","Cash In Hand","Cash","Cash In Hand","0","0","Affan","1400","0"
"5633","1/9/2025 12:00:00 AM","S-4584","Invoice","Cash In Hand","Cash","Cash In Hand","0","0","Affan","1050","0"
"5634","1/9/2025 12:00:00 AM","P-1043","Purchase","Hassan Homeopathic Store","Credit","","0","0","Affan","600",""
"5635","1/9/2025 12:00:00 AM","S-4585","Invoice","Dua Homoeopathic Store ","Credit","","0","0","Affan","253","0"
"5636","1/9/2025 12:00:00 AM","S-4586","Invoice","Rafay Homeopathic Store","Credit","","0","0","Affan","600","0"
"5637","1/9/2025 12:00:00 AM","S-4587","Invoice","Noman Homeopathic Store","Credit","","0","0","Affan7","3394","0"
"5638","1/9/2025 12:00:00 AM","S-4588","Invoice","Sheroze H/S Muzzamil ","Credit","","0","0","Affan","390","0"
"5639","1/9/2025 12:00:00 AM","S-4589","Invoice","Muslim Homoeopathic Store LPR ","Credit","","0","0","Affan","377","0"
"5640","1/9/2025 12:00:00 AM","S-4590","Invoice","Sohail Homoeo & Harbal Store","Credit","","0","0","Affan","435","0"
"5641","1/9/2025 12:00:00 AM","S-4591","Invoice","Hassan Homeopathic Store","Credit","","0","0","Affan","1012","0"
"5642","1/9/2025 12:00:00 AM","S-4592","Invoice","Cash In Hand","Cash","Cash In Hand","0","0","uasma","210","0"
"5643","1/9/2025 12:00:00 AM","P-1044","Purchase","Sheroze H/S Muzzamil ","Credit","","00","0","Affan","260",""
"5644","1/9/2025 12:00:00 AM","P-1045","Purchase","Hassan Homeopathic Store","Credit","","0","0","Affan","175",""
"5645","1/9/2025 12:00:00 AM","P-1046","Purchase","German Homeopathic Store (Dr Saqib Khan)","Credit","","0","0","Affan","1336",""
"5646","1/9/2025 12:00:00 AM","P-1047","Purchase","Hassan Homeopathic Store","Credit","","0","0","Affan","472",""
"5647","1/9/2025 12:00:00 AM","P-1048","Purchase","Muslim Homoeopathic Store LPR ","Credit","","0","0","Affan","675",""
"5648","1/11/2025 12:00:00 AM","S-4593","Invoice","Cash In Hand","Cash","Cash In Hand","0","0","Affan","200","0"
"5649","1/11/2025 12:00:00 AM","S-4594","Invoice","Cash In Hand","Cash","Cash In Hand","0","0","Affan","200","0"
"5650","1/11/2025 12:00:00 AM","P-1049","Purchase","Medii Trades","Credit","","0","0","Affan","35512",""
"5651","1/11/2025 12:00:00 AM","S-4595","Invoice","Cash In Hand","Cash","Cash In Hand","0","0","Affan","150","0"
"5652","1/11/2025 12:00:00 AM","S-4596","Invoice","Cash In Hand","Cash","Cash In Hand","0","0","Affan","448","0"
"5653","1/11/2025 12:00:00 AM","S-4597","Invoice","Cash In Hand","Cash","Cash In Hand","0","0","Affan","150","0"
"5654","1/11/2025 12:00:00 AM","S-4598","Invoice","Cash In Hand","Cash","Cash In Hand","0","0","uasma","600","0"
"5655","1/11/2025 12:00:00 AM","S-4599","Invoice","Cash In Hand","Cash","Cash In Hand","0","0","uasma","330","0"
"5656","1/11/2025 12:00:00 AM","S-4600","Invoice","Noman Homeopathic Store","Credit","","0","0","Affan","3884","0"
"5657","1/11/2025 12:00:00 AM","S-4601","Invoice","Sheroze H/S Muzzamil ","Credit","","0","0","Affan","1530","0"
"5658","1/11/2025 12:00:00 AM","S-4602","Invoice","Sohail Homoeo & Harbal Store","Credit","","0","0","Affan","259","0"
"5659","1/11/2025 12:00:00 AM","S-4603","Invoice","Shalimar Homoeo Store LPR","Credit","","0","0","Affan","260","0"
"5660","1/11/2025 12:00:00 AM","S-4604","Invoice","Muslim Homoeopathic Store LPR ","Credit","","","0","Affan","358","0"
"5661","1/11/2025 12:00:00 AM","S-4605","Invoice","Hassan Homeopathic Store","Credit","","0","0","Affan","7453","0"
"5662","1/11/2025 12:00:00 AM","S-4606","Invoice","Cash In Hand","Cash","Cash In Hand","0","0","uasma","1245","0"
"5663","1/11/2025 12:00:00 AM","S-4607","Invoice","Cash In Hand","Cash","Cash In Hand","0","0","uasma","2200","0"
"5664","1/11/2025 12:00:00 AM","S-4608","Invoice","L/Dr Najma Bloch ","Credit","","0","0","uasma","1930","0"
"5665","1/11/2025 12:00:00 AM","P-1050","Purchase","Muslim Homoeopathic Store LPR ","Credit","","0","0","Affan","363",""
"5666","1/11/2025 12:00:00 AM","P-1051","Purchase","Hassan Homeopathic Store","Credit","","0","0","Hamza","368",""
"5667","1/11/2025 12:00:00 AM","S-4609","Invoice","Cash In Hand","Cash","Cash In Hand","0","0","uasma","1050","0"
"5668","1/12/2025 12:00:00 AM","S-4610","Invoice","Cash In Hand","Cash","Cash In Hand","0","0","uasma","1664","0"
"5669","1/12/2025 12:00:00 AM","S-4611","Invoice","Cash In Hand","Cash","Cash In Hand","0","0","uasma","150","0"
"5670","1/12/2025 12:00:00 AM","S-4612","Invoice","Cash In Hand","Cash","Cash In Hand","0","0","sheraz","200","0"
"5671","1/12/2025 12:00:00 AM","S-4613","Invoice","Cash In Hand","Cash","Cash In Hand","0","0","sheraz","650","0"
"5672","1/12/2025 12:00:00 AM","S-4614","Invoice","Cash In Hand","Cash","Cash In Hand","0","0","sheraz","70","0"
"5673","1/12/2025 12:00:00 AM","S-4615","Invoice","Cash In Hand","Cash","Cash In Hand","","","usama","300","0"
"5674","1/12/2025 12:00:00 AM","S-4616","Invoice","Cash In Hand","Cash","Cash In Hand","0","0","uasma","200","0"
"5675","1/12/2025 12:00:00 AM","S-4617","Invoice","Cash In Hand","Cash","Cash In Hand","0","0","uasma","456","0"
"5676","1/12/2025 12:00:00 AM","S-4618","Invoice","Cash In Hand","Cash","Cash In Hand","0","0","sheraz","250","0"
"5677","1/12/2025 12:00:00 AM","S-4619","Invoice","Cash In Hand","Cash","Cash In Hand","0","0","sheraz","1200","0"
"5678","1/12/2025 12:00:00 AM","S-4620","Invoice","Cash In Hand","Cash","Cash In Hand","0","0","uasma","170","0"
"5679","1/12/2025 12:00:00 AM","S-4621","Invoice","Muslim Homoeopathic Store LPR ","Credit","","0","0","uasma","1468","0"
"5680","1/12/2025 12:00:00 AM","S-4622","Invoice","Noman Homeopathic Store","Credit","Cash In Hand","0","0","uasma","504","0"
"5681","1/12/2025 12:00:00 AM","S-4623","Invoice","Hassan Homeopathic Store","Credit","","0","0","Afan","1500","0"
"5682","1/12/2025 12:00:00 AM","S-4624","Invoice","Sohail Homoeo & Harbal Store","Credit","","0","0","uasma","234","0"
"5683","1/12/2025 12:00:00 AM","P-1052","Purchase","Hassan Homeopathic Store","Credit","","0","0","uasma","696",""
"5684","1/12/2025 12:00:00 AM","S-4625","Invoice","Cash In Hand","Cash","Cash In Hand","0","0","uasma","446","0"
"5685","1/12/2025 12:00:00 AM","S-4626","Invoice","Rahib Madical Store (Tando Bhago)","Credit","","0","0","uasma","4000","0"
"5686","1/13/2025 12:00:00 AM","S-4627","Invoice","Cash In Hand","Cash","Cash In Hand","0","10","Affan","300","0"
"5687","1/13/2025 12:00:00 AM","P-1053","Purchase","German Homeopathic Store (Dr Saqib Khan)","Credit","","0","0","Affan","8842",""
"5688","1/13/2025 12:00:00 AM","S-4628","Invoice","Cash In Hand","Cash","Cash In Hand","0","0","sheraz","200","0"
"5689","1/13/2025 12:00:00 AM","S-4629","Invoice","Cash In Hand","Cash","Cash In Hand","0","0","Affan","1400","0"
"5690","1/13/2025 12:00:00 AM","S-4630","Invoice","Habibullah Pansar Store (Hyderabad)","Credit","","0","0","Affan","1260","0"
"5691","1/13/2025 12:00:00 AM","S-4631","Invoice","Dr Akram (Rehman Clinic) (Shahdadpure)","Credit","","0","0","Affan","16910","0"
"5692","1/13/2025 12:00:00 AM","S-4632","Invoice","Cash In Hand","Cash","Cash In Hand","0","0","Affan","500","0"
"5693","1/13/2025 12:00:00 AM","S-4633","Invoice","Cash In Hand","Cash","Cash In Hand","0","0","Affan","130","0"
"5694","1/13/2025 12:00:00 AM","S-4634","Invoice","Hassan Homeopathic Store","Credit","","0","0","Affan","560","0"
"5695","1/13/2025 12:00:00 AM","S-4635","Invoice","Noman Homeopathic Store","Credit","","0","0","Affan","3371","0"
"5696","1/13/2025 12:00:00 AM","S-4636","Invoice","Dr Tasawar Hussain (Gularchi)","Credit","","0","0","Affan","5500","0"
"5697","1/13/2025 12:00:00 AM","S-4637","Invoice","Dr Abdul Gaffar (SHADADPUR)","Credit","","0","0","Affan","4820","0"
"5698","1/13/2025 12:00:00 AM","S-4638","Invoice","L/Dr Najma Bloch ","Credit","","0","0","uasma","6455","0"
"5699","1/14/2025 12:00:00 AM","S-4639","Invoice","Cash In Hand","Cash","Cash In Hand","0","0","Affan","610","0"
"5700","1/14/2025 12:00:00 AM","S-4640","Invoice","Cash In Hand","Cash","Cash In Hand","0","0","Ha,mmzaza","200","0"
"5701","1/14/2025 12:00:00 AM","S-4641","Invoice","Cash In Hand","Cash","Cash In Hand","0","0","Affan","130","0"
"5702","1/14/2025 12:00:00 AM","S-4642","Invoice","Cash In Hand","Cash","Cash In Hand","0","0","Affan","200","0"
"5703","1/14/2025 12:00:00 AM","S-4643","Invoice","Cash In Hand","Cash","Cash In Hand","0","0","Affan","200","0"
"5704","1/14/2025 12:00:00 AM","P-1054","Purchase","Mehran H/S Dr Akram (Shadadpur)","Credit","","0","0","Affan","1036",""
"5705","1/14/2025 12:00:00 AM","S-4644","Invoice","Dr Shabbir (Odero Lal)","Credit","","0","0","Affan","15680","0"
"5706","1/14/2025 12:00:00 AM","S-4645","Invoice","Cash In Hand","Cash","Cash In Hand","0","0","raza","900","0"
"5707","1/14/2025 12:00:00 AM","S-4646","Invoice","Cash In Hand","Cash","Cash In Hand","0","0","Affan","350","0"
"5708","1/14/2025 12:00:00 AM","S-4647","Invoice","Cash In Hand","Cash","Cash In Hand","0","0","Affan","200","0"
"5709","1/14/2025 12:00:00 AM","S-4648","Invoice","Cash In Hand","Cash","Cash In Hand","0","0","Affan","200","0"
"5710","1/14/2025 12:00:00 AM","S-4649","Invoice","Dr Hanif Jokhiyo (Dolat Pur)","Credit","","0","0","Affan","8429","0"
"5711","1/14/2025 12:00:00 AM","S-4650","Invoice","Cash In Hand","Cash","Cash In Hand","0","0","sheraz","250","0"
"5712","1/14/2025 12:00:00 AM","S-4651","Invoice","Hassan Homeopathic Store","Credit","","0","0","Affan","180","0"
"5713","1/14/2025 12:00:00 AM","S-4652","Invoice","Dua Homoeopathic Store ","Credit","","0","0","Affan","182","0"
"5714","1/14/2025 12:00:00 AM","S-4653","Invoice","Baba Homoeo Store","Credit","","0","0","Affan","310","0"
"5715","1/14/2025 12:00:00 AM","S-4654","Invoice","Shalimar Homoeo Store LPR","Credit","","0","0","Affan","531","0"
"5716","1/14/2025 12:00:00 AM","S-4655","Invoice","Mughal H/S","Credit","","0","0","Affan","94","0"
"5717","1/14/2025 12:00:00 AM","S-4656","Invoice","Rafay Homeopathic Store","Credit","","0","0","Affan","1500","0"
"5718","1/14/2025 12:00:00 AM","S-4657","Invoice","Jameel H/S LPR","Credit","","0","0","Affan","124","0"
"5719","1/14/2025 12:00:00 AM","P-1055","Purchase","Boric pharma","Credit","","0","0","Affan","27390",""
"5720","1/14/2025 12:00:00 AM","S-4658","Invoice","Muslim Homoeopathic Store LPR ","Credit","","0","0","Affan","1001","0"
"5721","1/14/2025 12:00:00 AM","S-4659","Invoice","Noman Homeopathic Store","Credit","","0","0","Affan","900","0"
"5722","1/15/2025 12:00:00 AM","S-4660","Invoice","Cash In Hand","Cash","Cash In Hand","0","0","Affan","1350","0"
"5723","1/15/2025 12:00:00 AM","S-4661","Invoice","Cash In Hand","Cash","Cash In Hand","0","0","Affan","550","0"
"5724","1/15/2025 12:00:00 AM","S-4662","Invoice","Cash In Hand","Cash","Cash In Hand","0","0","Affan","700","0"
"5725","1/15/2025 12:00:00 AM","S-4663","Invoice","Cash In Hand","Cash","Cash In Hand","0","0","Affan","250","0"
"5726","1/15/2025 12:00:00 AM","P-1056","Purchase","Areez pansar store (Tando Alayar)","Credit","","0","0","Affan","840",""
"5727","1/15/2025 12:00:00 AM","S-4664","Invoice","Cash In Hand","Cash","Cash In Hand","0","0","sheraz","900","0"
"5728","1/15/2025 12:00:00 AM","S-4665","Invoice","Cash In Hand","Cash","Cash In Hand","0","0","Affan","384","0"
"5729","1/15/2025 12:00:00 AM","S-4666","Invoice","Dua Homoeopathic Store ","Credit","","0","0","Affan","840","0"
"5730","1/15/2025 12:00:00 AM","S-4667","Invoice","Pakistan H/S LPR","Credit","","0","00","Affan","1575","0"
"5731","1/15/2025 12:00:00 AM","S-4668","Invoice","Sohail Homoeo & Harbal Store","Credit","","0","0","Affan","182","0"
"5732","1/15/2025 12:00:00 AM","S-4669","Invoice","Sheroze H/S Muzzamil ","Credit","","0","0","Affan","506","0"
"5733","1/15/2025 12:00:00 AM","S-4670","Invoice","German Homeopathic Store (Dr Saqib Khan)","Credit","","0","0","Affan","1617","0"
"5734","1/15/2025 12:00:00 AM","S-4671","Invoice","Shalimar Homoeo Store LPR","Credit","","0","0","Affan","676","0"
"5735","1/15/2025 12:00:00 AM","S-4672","Invoice","Noman Homeopathic Store","Credit","","0","0","Affan","714","0"
"5736","1/15/2025 12:00:00 AM","S-4673","Invoice","Hassan Homeopathic Store","Credit","","0","0","Affan","2207","0"
"5737","1/15/2025 12:00:00 AM","S-4674","Invoice","Muslim Homoeopathic Store LPR ","Credit","","0","0","Affan","10009","0"
"5738","1/15/2025 12:00:00 AM","S-4675","Invoice","DR Saleem ","Credit","","0","0","Affan","2068","0"
"5739","1/15/2025 12:00:00 AM","P-1057","Purchase","Noman Homeopathic Store","Credit","","0","0","Affan7","302",""
"5740","1/15/2025 12:00:00 AM","S-4676","Invoice","Hassan Homeopathic Store","Credit","","0","0","Affan","1575","0"
"5741","1/15/2025 12:00:00 AM","P-1058","Purchase","Hassan Homeopathic Store","Credit","","0","0","Affan","435",""
"5742","1/15/2025 12:00:00 AM","P-1059","Purchase","Hassan Homeopathic Store","Credit","","0","0","usama","1575",""
"5743","1/15/2025 12:00:00 AM","S-4677","Invoice","Cash In Hand","Cash","Cash In Hand","","","uasma","200","0"
"5744","1/16/2025 12:00:00 AM","S-4678","Invoice","Cash In Hand","Cash","Cash In Hand","0","0","sheraz","200","0"
"5745","1/16/2025 12:00:00 AM","S-4679","Invoice","Cash In Hand","Cash","Cash In Hand","0","0","sheraz","100","0"
"5746","1/16/2025 12:00:00 AM","S-4680","Invoice","Cash In Hand","Cash","Cash In Hand","0","0","Affan","380","0"
"5747","1/16/2025 12:00:00 AM","S-4681","Invoice","Cash In Hand","Cash","Cash In Hand","0","0","Affan","500","0"
"5748","1/16/2025 12:00:00 AM","S-4682","Invoice","Cash In Hand","Cash","Cash In Hand","0","0","Affan","200","0"
"5749","1/16/2025 12:00:00 AM","S-4683","Invoice","DR Imran Qureshi (sanger)","Credit","","0","0","Affan","22910","0"
"5750","1/16/2025 12:00:00 AM","S-4684","Invoice","DR Imran Qureshi (sanger)","Credit","","0","0","Affan","36306","0"
"5751","1/16/2025 12:00:00 AM","S-4685","Invoice","DR Imran Qureshi (sanger)","Credit","","0","0","Affan","8390","0"
"5752","1/16/2025 12:00:00 AM","S-4686","Invoice","Cash In Hand","Cash","Cash In Hand","0","0","Affan","1256","0"
"5753","1/16/2025 12:00:00 AM","S-4687","Invoice","Cash In Hand","Cash","Cash In Hand","0","0","Affan","400","0"
"5754","1/16/2025 12:00:00 AM","P-1060","Purchase","Sheroze H/S Muzzamil ","Credit","","0","0","usama","536",""
"5755","1/16/2025 12:00:00 AM","S-4688","Invoice","Cash In Hand","Cash","Cash In Hand","0","0","Affan","600","0"
"5756","1/16/2025 12:00:00 AM","S-4689","Invoice","Shalimar Homoeo Store LPR","Credit","","0","0","Affan","90","0"
"5757","1/16/2025 12:00:00 AM","S-4690","Invoice","Noman Homeopathic Store","Credit","","0","0","Affan","3393","0"
"5758","1/16/2025 12:00:00 AM","S-4691","Invoice","Sohail Homoeo & Harbal Store","Credit","","","0","Affan","253","0"
"5759","1/16/2025 12:00:00 AM","S-4692","Invoice","German Homeopathic Store (Dr Saqib Khan)","Credit","","0","0","Affan","479","0"
"5760","1/16/2025 12:00:00 AM","S-4693","Invoice","Muslim Homoeopathic Store LPR ","Credit","","0","0","Affan","143","0"
"5761","1/16/2025 12:00:00 AM","S-4694","Invoice","Hassan Homeopathic Store","Credit","","0","0","Affan","734","0"
"5762","1/16/2025 12:00:00 AM","S-4695","Invoice","Sheroze H/S Muzzamil ","Credit","","0","0","Affan","759","0"
"5763","1/16/2025 12:00:00 AM","P-1061","Purchase","Cas7","Cash","Cash In Hand","0","0","Affan","600",""
"5764","1/16/2025 12:00:00 AM","S-4696","Invoice","Cash In Hand","Cash","Cash In Hand","0","0","Affan","800","0"
"5765","1/18/2025 12:00:00 AM","P-1062","Purchase","Sheroze H/S Muzzamil ","Credit","","","0","Affan","890",""
"5766","1/18/2025 12:00:00 AM","S-4697","Invoice","Cash In Hand","Cash","Cash In Hand","0","0","uasma","600","0"
"5767","1/18/2025 12:00:00 AM","S-4698","Invoice","H/Dr.Irfan (T.A)","Credit","","0","0","uasma","3575","0"
"5768","1/18/2025 12:00:00 AM","P-1063","Purchase","BM Pvt LTD","Credit"," ","0","0","Affan","17194",""
"5769","1/18/2025 12:00:00 AM","S-4699","Invoice","Cash In Hand","Cash","Cash In Hand","0","0","Affan","1500","0"
"5770","1/18/2025 12:00:00 AM","S-4700","Invoice","Cash In Hand","Cash","Cash In Hand","0","0","Affan","1100","0"
"5771","1/18/2025 12:00:00 AM","S-4701","Invoice","Dr Naseer Ahmed","Credit","","0","0","Affan","18165","0"
"5772","1/18/2025 12:00:00 AM","S-4702","Invoice","Dr Parwar ","Credit","","0","0","Affan","7000","0"
"5773","1/18/2025 12:00:00 AM","S-4703","Invoice","Cash In Hand","Cash","Cash In Hand","0","0","Affan","2000","0"
"5774","1/18/2025 12:00:00 AM","S-4704","Invoice","Cash In Hand","Cash","Cash In Hand","","","Affan","1950","0"
"5775","1/18/2025 12:00:00 AM","S-4705","Invoice","Cash In Hand","Cash","Cash In Hand","0","0","Affan","1100","0"
"5776","1/18/2025 12:00:00 AM","S-4706","Invoice","Cash In Hand","Cash","Cash In Hand","0","0","Afan","2946","0"
"5777","1/18/2025 12:00:00 AM","S-4707","Invoice","Sohail Homoeo & Harbal Store","Credit","","0","0","Affan","495","0"
"5778","1/18/2025 12:00:00 AM","S-4708","Invoice","Muslim Homoeopathic Store LPR ","Credit","","0","0","Affan","972","0"
"5779","1/18/2025 12:00:00 AM","S-4709","Invoice","Dua Homoeopathic Store ","Credit","","0","0","Afffan","363","0"
"5780","1/18/2025 12:00:00 AM","S-4710","Invoice","Bilal Homoeopathic Store","Credit","","0","0","Affan","196","0"
"5781","1/18/2025 12:00:00 AM","S-4711","Invoice","Rafay Homeopathic Store","Credit","","0","0","Affan","428","0"
"5782","1/18/2025 12:00:00 AM","S-4712","Invoice","Noman Homeopathic Store","Credit","","0","0","Affan","2037","0"
"5783","1/18/2025 12:00:00 AM","S-4713","Invoice","Hassan Homeopathic Store","Credit","","0","0","Affan","1874","0"
"5784","1/18/2025 12:00:00 AM","S-4714","Invoice","Cash In Hand","Cash","Cash In Hand","0","0","Affan","1100","0"
"5785","1/18/2025 12:00:00 AM","P-1064","Purchase","Dr Parwar ","Credit","","0","0","uasma","512",""
"5786","1/18/2025 12:00:00 AM","S-4715","Invoice","Noman Homeopathic Store","Credit","","0","0","Affan","3250","0"
"5787","1/18/2025 12:00:00 AM","P-1065","Purchase","Noman Homeopathic Store","Credit","","0","0","uasma","300",""
"5788","1/18/2025 12:00:00 AM","S-4716","Invoice","Cash In Hand","Cash","Cash In Hand","0","0","uasma","3360","0"
"5789","1/18/2025 12:00:00 AM","P-1066","Purchase","Muslim Homoeopathic Store LPR ","Credit","","0","0","uasma","300",""
"5790","1/19/2025 12:00:00 AM","S-4717","Invoice","Faiz medical store","Credit","","0","0","Affan","950","0"
"5791","1/19/2025 12:00:00 AM","S-4718","Invoice","Talpur Medical Store (Jahan Mori)","Credit","","0","0","Affan","2008","0"
"5792","1/19/2025 12:00:00 AM","S-4719","Invoice","Muslim Medical Store","Credit","","0","0","Affan","817","0"
"5793","1/19/2025 12:00:00 AM","S-4720","Invoice","Zulfiqar (Jahan Mori)","Credit","","0","0","Affan","1330","0"
"5794","1/19/2025 12:00:00 AM","S-4721","Invoice","Cash In Hand","Cash","Cash In Hand","0","0","Affan","800","0"
"5795","1/19/2025 12:00:00 AM","S-4722","Invoice","Dr Asif Blossom","Credit","","0","0","Affan","5450","0"
"5796","1/19/2025 12:00:00 AM","S-4723","Invoice","Cash In Hand","Cash","Cash In Hand","0","0","Affan","990","0"
"5797","1/19/2025 12:00:00 AM","P-1067","Purchase","Talpur Medical Store (Jahan Mori)","Credit","","0","0","Affan","231",""
"5798","1/19/2025 12:00:00 AM","P-1068","Purchase","Muslim Homoeopathic Store LPR ","Credit","","0","0","Affan","192",""
"5799","1/19/2025 12:00:00 AM","P-1069","Purchase","Muslim Medical Store","Credit","","0","0","Affan","192",""
"5800","1/19/2025 12:00:00 AM","S-4724","Invoice","Cash In Hand","Cash","Cash In Hand","0","0","Affan","500","0"
"5801","1/23/2025 12:00:00 AM","S-4725","Invoice","Cash In Hand","Cash","Cash In Hand","0","0","Affan","200","0"
"5802","1/23/2025 12:00:00 AM","P-1070","Purchase","Rafay Homeopathic Store","Credit","","0","0","Affan","430",""
"5803","1/19/2025 12:00:00 AM","P-1071","Purchase","Sohail Homoeo & Harbal Store","Credit","","0","0","Affan","510",""
"5804","1/19/2025 12:00:00 AM","S-4726","Invoice","German Homeopathic Store (Dr Saqib Khan)","Credit","","0","0","Affan","5111","0"
"5805","1/19/2025 12:00:00 AM","S-4727","Invoice","Noman Homeopathic Store","Credit","","0","0","Affan","1412","0"
"5806","1/19/2025 12:00:00 AM","S-4728","Invoice","Dua Homoeopathic Store ","Credit","","0","0","Affan","188","0"
"5807","1/19/2025 12:00:00 AM","S-4729","Invoice","Muslim Homoeopathic Store LPR ","Credit","","0","0","Affan","3240","0"
"5808","1/19/2025 12:00:00 AM","S-4730","Invoice","Hassan Homeopathic Store","Credit","","0","0","Affan","1632","0"
"5809","1/19/2025 12:00:00 AM","S-4731","Invoice","Rafay Homeopathic Store","Credit","","0","0","Afffan","468","0"
"5810","1/19/2025 12:00:00 AM","S-4732","Invoice","Tawaqal Homoeopathic Store","Credit","","0","0","Affan","896","0"
"5811","1/19/2025 12:00:00 AM","S-4733","Invoice","Dua Homoeopathic Store ","Credit","","0","0","Affan","259","0"
"5812","1/19/2025 12:00:00 AM","S-4734","Invoice","Cash In Hand","Cash","Cash In Hand","0","0","Affan","1950","0"
"5813","1/19/2025 12:00:00 AM","P-1072","Purchase","Noman Homeopathic Store","Credit","","0","0","Affan","953",""
"5814","1/19/2025 12:00:00 AM","S-4735","Invoice","Cash In Hand","Cash","Cash In Hand","0","0","uasma","2225","0"
"5815","1/19/2025 12:00:00 AM","S-4736","Invoice","Cash In Hand","Cash","Cash In Hand","0","0","uasma","1200","0"
"5816","1/19/2025 12:00:00 AM","S-4737","Invoice","Ameer M/S (TMK)","Credit","","0","0","Affan","5451","0"
"5817","1/20/2025 12:00:00 AM","S-4738","Invoice","Cash In Hand","Cash","Cash In Hand","0","0","uasma","750","0"
"5818","1/20/2025 12:00:00 AM","S-4739","Invoice","Cash In Hand","Cash","Cash In Hand","0","0","uasma","750","0"
"5819","1/20/2025 12:00:00 AM","P-1073","Purchase","Cash In Hand","Cash","Cash In Hand","0","0","Afan","500",""
"5820","1/20/2025 12:00:00 AM","S-4740","Invoice","Cash In Hand","Cash","Cash In Hand","0","0","uasma","200","0"
"5821","1/20/2025 12:00:00 AM","S-4741","Invoice","Cash In Hand","Cash","Cash In Hand","0","0","uasma","2700","0"
"5822","1/20/2025 12:00:00 AM","S-4742","Invoice","Cash In Hand","Cash","Cash In Hand","0","0","uasma","250","0"
"5823","1/20/2025 12:00:00 AM","S-4743","Invoice","Cash In Hand","Cash","Cash In Hand","0","0","Affan","150","0"
"5824","1/20/2025 12:00:00 AM","S-4744","Invoice","Cash In Hand","Cash","Cash In Hand","0","0","Affan","2220","0"
"5825","1/20/2025 12:00:00 AM","S-4745","Invoice","Cash In Hand","Cash","Cash In Hand","0","0","Affan","150","0"
"5826","1/20/2025 12:00:00 AM","S-4746","Invoice","Cash In Hand","Cash","Cash In Hand","0","0","Affan","200","0"
"5827","1/20/2025 12:00:00 AM","P-1074","Purchase","Dua Homoeopathic Store ","Credit","","","00","usama","370",""
"5828","1/20/2025 12:00:00 AM","P-1075","Purchase","German Homeopathic Store (Dr Saqib Khan)","Credit","","0","0","Affan","9294",""
"5829","1/20/2025 12:00:00 AM","P-1076","Purchase","German Homeopathic Store (Dr Saqib Khan)","Credit","","0","0","Affan","1680",""
"5830","1/20/2025 12:00:00 AM","S-4747","Invoice","Tawaqal Homoeopathic Store","Credit","","0","0","Affan","161","0"
"5831","1/20/2025 12:00:00 AM","S-4748","Invoice","Hassan Homeopathic Store","Credit","","0","0","Affan","2998","0"
"5832","1/20/2025 12:00:00 AM","S-4749","Invoice","Star Homoeo Store","Credit","","0","0","Affan","350","0"
"5833","1/20/2025 12:00:00 AM","S-4750","Invoice","Noman Homeopathic Store","Credit","","0","0","Affan","3381","0"
"5834","1/20/2025 12:00:00 AM","S-4751","Invoice","Dua Homoeopathic Store ","Credit","","0","0","Affan","431","0"
"5835","1/20/2025 12:00:00 AM","S-4752","Invoice","Rafay Homeopathic Store","Credit","","0","0","Affan","915","0"
"5836","1/20/2025 12:00:00 AM","S-4753","Invoice","Jameel H/S LPR","Credit","","0","0","Affan","247","0"
"5837","1/20/2025 12:00:00 AM","S-4754","Invoice","Muslim Homoeopathic Store LPR ","Credit","","0","0","Affan","892","0"
"5838","1/20/2025 12:00:00 AM","S-4755","Invoice","Sindh Homoeo Store (Noabad)","Credit","","0","0","Affan","8208","0"
"5839","1/20/2025 12:00:00 AM","S-4756","Invoice","Jindran M/S (Tando Adam)","Credit","","0","0","Affan","21540","0"
"5840","1/20/2025 12:00:00 AM","S-4757","Invoice","Cash In Hand","Cash","Cash In Hand","0","0","Affan","400","0"
"5841","1/20/2025 12:00:00 AM","S-4758","Invoice","Baba Homoeo Store","Credit","","0","0","Hamza","842","0"
"5842","1/20/2025 12:00:00 AM","P-1077","Purchase","Baba Homoeo Store","Credit","","0","0","Hamza","842",""
"5843","1/20/2025 12:00:00 AM","S-4759","Invoice","Dr iqbal (Muzammil H/S)","Credit","","0","0","Aff\an","10160","0"
"5844","1/21/2025 12:00:00 AM","S-4760","Invoice","Dr Alam (Tulsi) TMK","Cash","Cash In Hand","0","0","sheraz","2318","0"
"5845","1/21/2025 12:00:00 AM","S-4761","Invoice","Shokat M/S (TMK)","Cash","Cash In Hand","0","0","sheraz","480","0"
"5846","1/21/2025 12:00:00 AM","S-4762","Invoice","Cash In Hand","Cash","Cash In Hand","0","0","sheraz","350","0"
"5847","1/21/2025 12:00:00 AM","S-4763","Invoice","Cash In Hand","Cash","Cash In Hand","0","0","uasma","1100","0"
"5848","1/21/2025 12:00:00 AM","S-4764","Invoice","Cash In Hand","Cash","Cash In Hand","0","0","Affan","850","0"
"5849","1/21/2025 12:00:00 AM","S-4765","Invoice","Cash In Hand","Cash","Cash In Hand","0","0","Affan","150","0"
"5850","1/21/2025 12:00:00 AM","S-4766","Invoice","Cash In Hand","Cash","Cash In Hand","","","Affan","1100","0"
"5851","1/21/2025 12:00:00 AM","S-4767","Invoice","Rafay Homeopathic Store","Credit","","0","0","Afan","353","0"
"5852","1/21/2025 12:00:00 AM","S-4768","Invoice","Sohail Homoeo & Harbal Store","Credit","","0","0","Affan","980","0"
"5853","1/21/2025 12:00:00 AM","S-4769","Invoice","Hassan Homeopathic Store","Credit","","0","0","Affan","2130","0"
"5854","1/21/2025 12:00:00 AM","S-4770","Invoice","Chand Homoeopathic Store","Credit","","0","0","Affan","354","0"
"5855","1/21/2025 12:00:00 AM","S-4771","Invoice","Dua Homoeopathic Store ","Credit","","0","0","Affan","429","0"
"5856","1/21/2025 12:00:00 AM","S-4772","Invoice","Tawaqal Homoeopathic Store","Credit","","0","0","Affan","770","0"
"5857","1/21/2025 12:00:00 AM","S-4773","Invoice","Bilal Homoeopathic Store","Credit","","0","0","Affan","90","0"
"5858","1/21/2025 12:00:00 AM","S-4774","Invoice","Sheroze H/S Muzzamil ","Credit","","0","0","Affan","154","0"
"5859","1/21/2025 12:00:00 AM","S-4775","Invoice","Noman Homeopathic Store","Credit","","0","0","Affan","867","0"
"5860","1/21/2025 12:00:00 AM","S-4776","Invoice","Cash In Hand","Cash","Cash In Hand","0","0","Affan","950","0"
"5861","1/21/2025 12:00:00 AM","P-1078","Purchase","Dr Alam (Tulsi) TMK","Credit","","0","0","uasma","989",""
"5862","1/21/2025 12:00:00 AM","P-1079","Purchase","Cash In Hand","Cash","Cash In Hand","0","0","Afan","1800",""
"5863","1/21/2025 12:00:00 AM","S-4777","Invoice","Cash In Hand","Cash","Cash In Hand","0","0","uasma","380","0"
"5864","1/22/2025 12:00:00 AM","S-4778","Invoice","Cash In Hand","Cash","Cash In Hand","0","0","uasma","358","0"
"5865","1/22/2025 12:00:00 AM","S-4779","Invoice","Dr Jamaal Nasir (T.M.K)","Credit","","0","0","Affan","12289","0"
"5866","1/22/2025 12:00:00 AM","S-4780","Invoice","Cash In Hand","Cash","Cash In Hand","0","0","Affan","220","0"
"5867","1/22/2025 12:00:00 AM","S-4781","Invoice","Cash In Hand","Cash","Cash In Hand","0","10","Affan","150","0"
"5868","1/22/2025 12:00:00 AM","S-4782","Invoice","Cash In Hand","Cash","Cash In Hand","0","0","Affan","400","0"
"5869","1/22/2025 12:00:00 AM","P-1080","Purchase","Hassan Homeopathic Store","Credit","","0","00","usama","700",""
"5870","1/22/2025 12:00:00 AM","P-1081","Purchase","Rafay Homeopathic Store","Credit","","0","0","Hamza","218",""
"5871","1/22/2025 12:00:00 AM","S-4783","Invoice","Sohail Homoeo & Harbal Store","Credit","","0","0","Affan","114","0"
"5872","1/22/2025 12:00:00 AM","S-4784","Invoice","Noman Homeopathic Store","Credit","","0","0","Affan","2550","0"
"5873","1/22/2025 12:00:00 AM","S-4785","Invoice","Dua Homoeopathic Store ","Credit","","0","0","Affan","1289","0"
"5874","1/22/2025 12:00:00 AM","S-4786","Invoice","Tawaqal Homoeopathic Store","Credit","","0","0","Affan","324","0"
"5875","1/22/2025 12:00:00 AM","S-4787","Invoice","Muslim Homoeopathic Store LPR ","Credit","","0","0","Affan","716","0"
"5876","1/22/2025 12:00:00 AM","S-4788","Invoice","German Homeopathic Store (Dr Saqib Khan)","Credit","","0","0","Affan","2443","0"
"5877","1/22/2025 12:00:00 AM","S-4789","Invoice","Hassan Homeopathic Store","Credit","","0","0","Affan","4630","0"
"5878","1/22/2025 12:00:00 AM","S-4790","Invoice","Hassan Homeopathic Store","Credit","","0","0","Affan","2152","0"
"5879","1/22/2025 12:00:00 AM","P-1082","Purchase","Hassan Homeopathic Store","Credit","","0","0","sheraz","2152",""
"5880","1/22/2025 12:00:00 AM","S-4791","Invoice","Cash In Hand","Cash","Cash In Hand","0","0","Affan","750","0"
"5881","1/22/2025 12:00:00 AM","S-4792","Invoice","Hassan Homeopathic Store","Credit","","0","0","Affan","240","0"
"5882","1/22/2025 12:00:00 AM","S-4793","Invoice","Cash In Hand","Cash","Cash In Hand","0","0","sheraz","256","0"
"5883","1/22/2025 12:00:00 AM","S-4794","Invoice","Cash In Hand","Cash","Cash In Hand","0","0","uasma","3257","0"
"5884","1/23/2025 12:00:00 AM","S-4795","Invoice","Cash In Hand","Cash","Cash In Hand","0","0","uasma","684","0"
"5885","1/23/2025 12:00:00 AM","S-4796","Invoice","Cash In Hand","Cash","Cash In Hand","0","0","uasma","150","0"
"5886","1/23/2025 12:00:00 AM","S-4797","Invoice","Cash In Hand","Cash","Cash In Hand","0","0","Affan","1050","0"
"5887","1/23/2025 12:00:00 AM","S-4798","Invoice","Cash In Hand","Cash","Cash In Hand","0","0","Affa n","224","0"
"5888","1/23/2025 12:00:00 AM","S-4799","Invoice","Cash In Hand","Cash","Cash In Hand","10","0","uasma","642","0"
"5889","1/23/2025 12:00:00 AM","S-4800","Invoice","Cash In Hand","Cash","Cash In Hand","0","0","uasma","1620","0"
"5890","1/23/2025 12:00:00 AM","S-4801","Invoice","Cash In Hand","Cash","Cash In Hand","0","0","uasma","1050","0"
"5891","1/23/2025 12:00:00 AM","S-4802","Invoice","Cash In Hand","Cash","Cash In Hand","0","0","uasma","200","0"
"5892","1/23/2025 12:00:00 AM","S-4803","Invoice","Cash In Hand","Cash","Cash In Hand","0","0","Affan","490","0"
"5893","1/23/2025 12:00:00 AM","S-4804","Invoice","Pawan M/S JAMSABAD (KGM)","Credit","","0","0","Affan","11946","0"
"5894","1/23/2025 12:00:00 AM","S-4805","Invoice","Cash In Hand","Cash","Cash In Hand","0","0","Affan","500","0"
"5895","1/23/2025 12:00:00 AM","S-4806","Invoice","Noman Homeopathic Store","Credit","","0","0","Affan","9763","0"
"5896","1/23/2025 12:00:00 AM","S-4807","Invoice","Muslim Homoeopathic Store LPR ","Credit","","0","0","Affan","291","0"
"5897","1/23/2025 12:00:00 AM","S-4808","Invoice","Tawaqal Homoeopathic Store","Credit","","0","0","Affan","172","0"
"5898","1/23/2025 12:00:00 AM","S-4809","Invoice","Dua Homoeopathic Store ","Credit","","0","0","Affan","280","0"
"5899","1/23/2025 12:00:00 AM","S-4810","Invoice","Baba Homoeo Store","Credit","","0","0","Affan","253","0"
"5900","1/23/2025 12:00:00 AM","S-4811","Invoice","Sheroze H/S Muzzamil ","Credit","","0","0","Affan","336","0"
"5901","1/23/2025 12:00:00 AM","S-4812","Invoice","Pakistan H/S LPR","Credit","","0","0","Affan","1701","0"
"5902","1/23/2025 12:00:00 AM","S-4813","Invoice","German Homeopathic Store (Dr Saqib Khan)","Credit","","0","0","Affan","1634","0"
"5903","1/23/2025 12:00:00 AM","S-4814","Invoice","Cash In Hand","Cash","Cash In Hand","0","","uasma","100","0"
"5904","1/23/2025 12:00:00 AM","S-4815","Invoice","Noman Homeopathic Store","Credit","","0","0","uasma","13000","0"
"5905","1/23/2025 12:00:00 AM","S-4816","Invoice","Cash In Hand","Cash","Cash In Hand","0","0","Affan","270","0"
"5906","1/23/2025 12:00:00 AM","S-4817","Invoice","Cash In Hand","Cash","Cash In Hand","0","0","uasma","1100","0"
"5907","1/25/2025 12:00:00 AM","S-4818","Invoice","Cash In Hand","Cash","Cash In Hand","0","0","uasma","250","0"
"5908","1/25/2025 12:00:00 AM","S-4819","Invoice","Cash In Hand","Cash","Cash In Hand","0","0","uasma","500","0"
"5909","1/25/2025 12:00:00 AM","S-4820","Invoice","Cash In Hand","Cash","Cash In Hand","0","0","uasma","360","0"
"5910","1/25/2025 12:00:00 AM","S-4821","Invoice","Cash In Hand","Cash","Cash In Hand","0","0","uasma","1000","0"
"5911","1/25/2025 12:00:00 AM","S-4822","Invoice","Cash In Hand","Cash","Cash In Hand","0","0","uasma","2990","0"
"5912","1/25/2025 12:00:00 AM","S-4823","Invoice","Cash In Hand","Cash","Cash In Hand","0","0","uasma","250","0"
"5913","1/25/2025 12:00:00 AM","S-4824","Invoice","Cash In Hand","Cash","Cash In Hand","0","0","uasma","250","0"
"5914","1/25/2025 12:00:00 AM","S-4825","Invoice","Cash In Hand","Cash","Cash In Hand","0","0","sheraz","150","0"
"5915","1/25/2025 12:00:00 AM","S-4826","Invoice","Cash In Hand","Cash","Cash In Hand","0","0","usama","250","0"
"5916","1/25/2025 12:00:00 AM","S-4827","Invoice","Hassan Homeopathic Store","Credit","","0","0","uasma","1009","0"
"5917","1/25/2025 12:00:00 AM","S-4828","Invoice","Sohail Homoeo & Harbal Store","Credit","","0","0","uasma","3465","0"
"5918","1/25/2025 12:00:00 AM","S-4829","Invoice","Noman Homeopathic Store","Credit","","0","0","uasma","4741","0"
"5919","1/25/2025 12:00:00 AM","S-4830","Invoice","German Homeopathic Store (Dr Saqib Khan)","Credit","","0","0","usama","880","0"
"5920","1/25/2025 12:00:00 AM","S-4831","Invoice","Baba Homoeo Store","Credit","","0","0","uasma","659","0"
"5921","1/25/2025 12:00:00 AM","S-4832","Invoice","Rafay Homeopathic Store","Credit","","0","0","uasma","1790","0"
"5922","1/25/2025 12:00:00 AM","S-4833","Invoice","Sheroze H/S Muzzamil ","Credit","","0","0","usama","1648","0"
"5923","1/25/2025 12:00:00 AM","S-4834","Invoice","Dr Abdul Gaffar (SHADADPUR)","Credit","","0","0","uasma","1754","0"
"5924","1/26/2025 12:00:00 AM","S-4835","Invoice","Cash In Hand","Cash","Cash In Hand","0","0","sheraz","100","0"
"5925","1/26/2025 12:00:00 AM","S-4836","Invoice","Cash In Hand","Cash","Cash In Hand","0","0","uasma","400","0"
"5926","1/26/2025 12:00:00 AM","S-4837","Invoice","Cash In Hand","Cash","Cash In Hand","0","0","uasma","440","0"
"5927","1/26/2025 12:00:00 AM","S-4838","Invoice","Cash In Hand","Cash","Cash In Hand","0","0","uasma","350","0"
"5928","1/26/2025 12:00:00 AM","S-4839","Invoice","Dr Aslam HYDERABAD","Credit","","0","0","Affan","27493","0"
"5929","1/26/2025 12:00:00 AM","S-4840","Invoice","DR Imran Qureshi (sanger)","Credit","","0","0","Affan","16364","0"
"5930","1/26/2025 12:00:00 AM","S-4841","Invoice","Cash In Hand","Cash","Cash In Hand","0","0","usama","2250","0"
"5931","1/26/2025 12:00:00 AM","S-4842","Invoice","Cash In Hand","Cash","Cash In Hand","","0","uasma","1350","0"
"5932","1/26/2025 12:00:00 AM","S-4843","Invoice","DR Imran Qureshi (sanger)","Credit","","0","0","Affan","10728","0"
"5933","1/26/2025 12:00:00 AM","S-4844","Invoice","Cash In Hand","Cash","Cash In Hand","0","0","sheraz","500","0"
"5934","1/26/2025 12:00:00 AM","S-4845","Invoice","Cash In Hand","Cash","Cash In Hand",".0","0","Afan","150","0"
"5935","1/26/2025 12:00:00 AM","S-4846","Invoice","Cash In Hand","Cash","Cash In Hand","0","0","Affan","400","0"
"5936","1/26/2025 12:00:00 AM","S-4847","Invoice","Noman Homeopathic Store","Credit","","0","0","Affan","775","0"
"5937","1/26/2025 12:00:00 AM","S-4848","Invoice","German Homeopathic Store (Dr Saqib Khan)","Credit","","0","0","Affan","2393","0"
"5938","1/26/2025 12:00:00 AM","S-4849","Invoice","Jameel H/S LPR","Credit","","0","0","Aaffan","456","0"
"5939","1/26/2025 12:00:00 AM","S-4850","Invoice","Al-Khadija Homoeo Store (HYD)","Credit","","0","0","Aaffan","70","0"
"5940","1/26/2025 12:00:00 AM","S-4851","Invoice","Muslim Homoeopathic Store LPR ","Credit","","0","0","Affan","543","0"
"5941","1/26/2025 12:00:00 AM","S-4852","Invoice","Rafay Homeopathic Store","Credit","","0","0","Affan","228","0"
"5942","1/26/2025 12:00:00 AM","S-4853","Invoice","Dua Homoeopathic Store ","Credit","","0","0","Aaffan","1680","0"
"5943","1/26/2025 12:00:00 AM","S-4854","Invoice","Sohail Homoeo & Harbal Store","Credit","","0","0","Affan","306","0"
"5944","1/26/2025 12:00:00 AM","S-4855","Invoice","Hassan Homeopathic Store","Credit","","0","0","Affan","1900","0"
"5945","1/26/2025 12:00:00 AM","P-1083","Purchase","Noman Homeopathic Store","Credit","","0","0","Affan","200",""
"5946","1/26/2025 12:00:00 AM","S-4856","Invoice","Cash In Hand","Cash","Cash In Hand","0","0","uasma","100","0"
"5947","1/26/2025 12:00:00 AM","P-1084","Purchase","Dua Homoeopathic Store ","Credit","","0","0","Affan","1512",""
"5948","1/26/2025 12:00:00 AM","P-1085","Purchase","German Homeopathic Store (Dr Saqib Khan)","Credit","","0","0","Affan","4749",""
"5949","1/26/2025 12:00:00 AM","P-1086","Purchase","Hassan Homeopathic Store","Credit","","0","0","Affan","543",""
"5950","1/26/2025 12:00:00 AM","P-1087","Purchase","Sohail Homoeo & Harbal Store","Credit","","0","0","Affan","704",""
"5951","1/27/2025 12:00:00 AM","S-4857","Invoice","Cash In Hand","Cash","Cash In Hand","0","0","sheraz","320","0"
"5952","1/27/2025 12:00:00 AM","S-4858","Invoice","Cash In Hand","Cash","Cash In Hand","0","0","uasma","280","0"
"5953","1/27/2025 12:00:00 AM","S-4859","Invoice","Cash In Hand","Cash","Cash In Hand","0","0","usama","150","0"
"5954","1/27/2025 12:00:00 AM","S-4860","Invoice","Dr Tayyab (Tando Adam)","Credit","","0","0","Affan","4017","0"
"5955","1/27/2025 12:00:00 AM","S-4861","Invoice","Cash In Hand","Cash","Cash In Hand","0","0","sheraz","600","0"
"5956","1/27/2025 12:00:00 AM","S-4862","Invoice","saleem pansar ","Credit","","0","0","sheraz","3463","0"
"5957","1/27/2025 12:00:00 AM","S-4863","Invoice","Noman Homeopathic Store","Credit","","0","0","Affan","7693","0"
"5958","1/27/2025 12:00:00 AM","S-4864","Invoice","Bilal Homoeopathic Store","Credit","","0","0","Affan","140","0"
"5959","1/27/2025 12:00:00 AM","S-4865","Invoice","Chand Homoeopathic Store","Credit","","0","0","Affan","378","0"
"5960","1/27/2025 12:00:00 AM","S-4866","Invoice","German Homeopathic Store (Dr Saqib Khan)","Credit","","0","0","Affan","4632","0"
"5961","1/27/2025 12:00:00 AM","S-4867","Invoice","Hassan Homeopathic Store","Credit","","0","0","Affan","555","0"
"5962","1/27/2025 12:00:00 AM","S-4868","Invoice","Sohail Homoeo & Harbal Store","Credit","","0","0","Affan","169","0"
"5963","1/27/2025 12:00:00 AM","S-4869","Invoice","Tawaqal Homoeopathic Store","Credit","","0","0","Affan","158","0"
"5964","1/27/2025 12:00:00 AM","S-4870","Invoice","Muslim Homoeopathic Store LPR ","Credit","","0","0","Affan","2044","0"
"5965","1/27/2025 12:00:00 AM","P-1088","Purchase","Rafay Homeopathic Store","Credit","","0","0","Affan","3170",""
"5966","1/27/2025 12:00:00 AM","S-4871","Invoice","Rafay Homeopathic Store","Credit","","0","0","Affan","4388","0"
"5967","1/27/2025 12:00:00 AM","S-4872","Invoice","German Homeopathic Store (Dr Saqib Khan)","Credit","","0","0","Affan","1386","0"
"5968","1/27/2025 12:00:00 AM","S-4873","Invoice","Cash In Hand","Cash","Cash In Hand","0","0","uasma","1100","0"
"5969","1/28/2025 12:00:00 AM","S-4874","Invoice","Cash In Hand","Cash","Cash In Hand","0","0","uasma","1300","0"
"5970","1/28/2025 12:00:00 AM","S-4875","Invoice","Cash In Hand","Cash","Cash In Hand","0","0","uasma","1100","0"
"5971","1/28/2025 12:00:00 AM","S-4876","Invoice","Cash In Hand","Cash","Cash In Hand","0","0","uasma","1100","0"
"5972","1/28/2025 12:00:00 AM","S-4877","Invoice","DR Bashir Ahmed (Bashirabad)","Credit","","0","0","Affan","31280","0"
"5973","1/28/2025 12:00:00 AM","S-4878","Invoice","Cash In Hand","Cash","Cash In Hand","0","0","usama","1050","0"
"5974","1/28/2025 12:00:00 AM","S-4879","Invoice","Cash In Hand","Cash","Cash In Hand","0","0","Affan","700","0"
"5975","1/28/2025 12:00:00 AM","S-4880","Invoice","Cash In Hand","Cash","Cash In Hand","0","0","Affan","250","0"
"5976","1/28/2025 12:00:00 AM","S-4881","Invoice","Cash In Hand","Cash","Cash In Hand","0","0","Affan","558","0"
"5977","1/28/2025 12:00:00 AM","P-1089","Purchase","German Homeopathic Store (Dr Saqib Khan)","Credit","","0","00","usama","1386",""
"5978","1/28/2025 12:00:00 AM","P-1090","Purchase","Hassan Homeopathic Store","Credit","","","00","Affan","238",""
"5979","1/28/2025 12:00:00 AM","S-4882","Invoice","Cash In Hand","Cash","Cash In Hand","0","0","uasma","520","0"
"5980","1/28/2025 12:00:00 AM","S-4883","Invoice","Cash In Hand","Cash","Cash In Hand","0","0","uasma","450","0"
"5981","1/28/2025 12:00:00 AM","S-4884","Invoice","Cash In Hand","Cash","Cash In Hand","0","0","uasma","477","0"
"5982","1/28/2025 12:00:00 AM","S-4885","Invoice","Cash In Hand","Cash","Cash In Hand","0","0","uasma","450","0"
"5983","1/28/2025 12:00:00 AM","S-4886","Invoice","Cash In Hand","Cash","Cash In Hand","0","0","Affan","900","0"
"5984","1/28/2025 12:00:00 AM","S-4887","Invoice","Cash In Hand","Cash","Cash In Hand","0","0","Affan","900","0"
"5985","1/28/2025 12:00:00 AM","S-4888","Invoice","Noman Homeopathic Store","Credit","","0","0","Affan7","1376","0"
"5986","1/28/2025 12:00:00 AM","S-4889","Invoice","Sohail Homoeo & Harbal Store","Credit","","0","0","Affan","218","0"
"5987","1/28/2025 12:00:00 AM","S-4890","Invoice","Tawaqal Homoeopathic Store","Credit","","0","0","Affan","516","0"
"5988","1/28/2025 12:00:00 AM","S-4891","Invoice","Muslim Homoeopathic Store LPR ","Credit","","0","0","Affan","1457","0"
"5989","1/28/2025 12:00:00 AM","S-4892","Invoice","Sheroze H/S Muzzamil ","Credit","","0","0","Affan","210","0"
"5990","1/28/2025 12:00:00 AM","S-4893","Invoice","Hassan Homeopathic Store","Credit","","0","0","Affan","1268","0"
"5991","1/28/2025 12:00:00 AM","S-4894","Invoice","Baba Homoeo Store","Credit","","0","0","Affam4","172","0"
"5992","1/28/2025 12:00:00 AM","S-4895","Invoice","Shalimar Homoeo Store LPR","Credit","","0","0","Affan","1481","0"
"5993","1/28/2025 12:00:00 AM","S-4896","Invoice","Cash In Hand","Cash","Cash In Hand","0","0","Affan","2688","0"
"5994","1/28/2025 12:00:00 AM","P-1091","Purchase","Hassan Homeopathic Store","Credit","","0","0","Affan","1100",""
"5995","1/28/2025 12:00:00 AM","S-4897","Invoice","Cash In Hand","Cash","Cash In Hand","0","0","Affan","428","0"
"5996","1/29/2025 12:00:00 AM","S-4898","Invoice","Shokat M/S (TMK)","Credit","","0","0","uasma","1158","0"
"5997","1/29/2025 12:00:00 AM","S-4899","Invoice","Shokat M/S (TMK)","Credit","","0","0","uasma","160","0"
"5998","1/29/2025 12:00:00 AM","S-4900","Invoice","Cash In Hand","Cash","Cash In Hand","0","0","uasma","5021","0"
"5999","1/29/2025 12:00:00 AM","S-4901","Invoice","Cash In Hand","Cash","Cash In Hand","0","0","Affan","1239","0"
"6000","1/29/2025 12:00:00 AM","P-1092","Purchase","BLOSSOM ","Credit","","0","0","Affan","33264",""
"6001","1/29/2025 12:00:00 AM","P-1093","Purchase","BLOSSOM ","Credit","","0","0","Affan","21912",""
"6002","1/29/2025 12:00:00 AM","S-4902","Invoice","Cash In Hand","Cash","Cash In Hand","0","0","Affan","500","0"
"6003","1/29/2025 12:00:00 AM","S-4903","Invoice","Cash In Hand","Cash","Cash In Hand","0","0","Affan","170","0"
"6004","1/29/2025 12:00:00 AM","S-4904","Invoice","Cash In Hand","Cash","Cash In Hand","0","0","Affan","8285","0"
"6005","1/29/2025 12:00:00 AM","S-4905","Invoice","Cash In Hand","Cash","Cash In Hand","0","0","Affan","10044","0"
"6006","1/29/2025 12:00:00 AM","S-4906","Invoice","Cash In Hand","Cash","Cash In Hand","0","0","Affan","2510","0"
"6007","1/29/2025 12:00:00 AM","S-4907","Invoice","Cash In Hand","Cash","Cash In Hand","0","0","Affan","300","0"
"6008","1/29/2025 12:00:00 AM","S-4908","Invoice","Cash In Hand","Cash","Cash In Hand","0","0","Affan","300","0"
"6009","1/29/2025 12:00:00 AM","S-4909","Invoice","Cash In Hand","Cash","Cash In Hand","0","0","Affan","250","0"
"6010","1/29/2025 12:00:00 AM","S-4910","Invoice","German Homeopathic Store (Dr Saqib Khan)","Credit","","0","0","Affan","418","0"
"6011","1/29/2025 12:00:00 AM","S-4911","Invoice","Noman Homeopathic Store","Credit","","0","0","Affan","1461","0"
"6012","1/29/2025 12:00:00 AM","S-4912","Invoice","Muslim Homoeopathic Store LPR ","Credit","","0","0","Affan","209","0"
"6013","1/29/2025 12:00:00 AM","S-4913","Invoice","Pakistan H/S LPR","Credit","","0","0","Affan","322","0"
"6014","1/29/2025 12:00:00 AM","S-4914","Invoice","Hassan Homeopathic Store","Credit","","0","0","Afan","1515","0"
"6015","1/29/2025 12:00:00 AM","S-4915","Invoice","Hassan Homeopathic Store","Credit","","0","0","Affan","613","0"
"6016","1/29/2025 12:00:00 AM","P-1094","Purchase","Hassan Homeopathic Store","Credit","","0","0","Affan","613",""
"6017","1/29/2025 12:00:00 AM","P-1095","Purchase","Jameel H/S LPR","Credit","","0","0","Affan","1239",""
"6018","1/29/2025 12:00:00 AM","S-4916","Invoice","Sheroze H/S Muzzamil ","Credit","","0","0","Affan","446","0"
"6019","1/29/2025 12:00:00 AM","S-4917","Invoice","Cash In Hand","Cash","Cash In Hand","0","0","Affan","250","0"
"6020","1/29/2025 12:00:00 AM","S-4918","Invoice","Dr Manzoor (Shah Pur Janiya)","Credit","","","0","Affan","3465","0"
"6021","1/29/2025 12:00:00 AM","S-4919","Invoice","Muslim Homoeopathic Store LPR ","Credit","","0","0","usama","380","0"
"6022","1/29/2025 12:00:00 AM","P-1096","Purchase","German Homeopathic Store (Dr Saqib Khan)","Credit","","0","0","Affan","2314",""
"6023","1/29/2025 12:00:00 AM","P-1097","Purchase","Hassan Homeopathic Store","Credit","","0","0","Affan","1125",""
"6024","1/29/2025 12:00:00 AM","S-4920","Invoice","Cash In Hand","Cash","Cash In Hand","0","0","uasma","400","0"
"6025","1/29/2025 12:00:00 AM","S-4921","Invoice","Cash In Hand","Cash","Cash In Hand","0","0","uasma","220","0"
"6026","1/30/2025 12:00:00 AM","S-4922","Invoice","Cash In Hand","Cash","Cash In Hand","0","0","uasma","300","0"
"6027","1/30/2025 12:00:00 AM","S-4923","Invoice","Cash In Hand","Cash","Cash In Hand","0","0","uasma","400","0"
"6028","1/30/2025 12:00:00 AM","S-4924","Invoice","H/Dr.Irfan (T.A)","Credit","","0","0","uasma","2709","0"
"6029","1/30/2025 12:00:00 AM","S-4925","Invoice","Cash In Hand","Cash","Cash In Hand","0","0","uasma","680","0"
"6030","1/30/2025 12:00:00 AM","S-4926","Invoice","Cash In Hand","Cash","Cash In Hand","0","0","uasma","500","0"
"6031","1/30/2025 12:00:00 AM","S-4927","Invoice","Cash In Hand","Cash","Cash In Hand","0","0","uasma","410","0"
"6032","1/30/2025 12:00:00 AM","S-4928","Invoice","Cash In Hand","Cash","Cash In Hand","0","0","uasma","200","0"
"6033","1/30/2025 12:00:00 AM","S-4929","Invoice","Cash In Hand","Cash","Cash In Hand","0","0","uasma","200","0"
"6034","1/30/2025 12:00:00 AM","S-4930","Invoice","Cash In Hand","Cash","Cash In Hand","0","0","uasma","200","0"
"6035","1/30/2025 12:00:00 AM","S-4931","Invoice","Cash In Hand","Cash","Cash In Hand","0","0","uasma","1050","0"
"6036","1/30/2025 12:00:00 AM","S-4932","Invoice","Cash In Hand","Cash","Cash In Hand","0","0","sheraz","250","0"
"6037","1/30/2025 12:00:00 AM","S-4933","Invoice","Cash In Hand","Cash","Cash In Hand","0","0","uasma","2862","0"
"6038","1/30/2025 12:00:00 AM","S-4934","Invoice","Dr Manzoor (Shah Pur Janiya)","Credit","","0","0","raza","6278","0"
"6039","1/30/2025 12:00:00 AM","S-4935","Invoice","Noman Homeopathic Store","Credit","","0","0","uasma","822","0"
"6040","1/30/2025 12:00:00 AM","S-4936","Invoice","Al-Khadija Homoeo Store (HYD)","Credit","","0","0","uasma","446","0"
"6041","1/30/2025 12:00:00 AM","S-4937","Invoice","Sufi Homeopathic Store","Credit","","0","0","uasma","298","0"
"6042","1/30/2025 12:00:00 AM","S-4938","Invoice","Hassan Homeopathic Store","Credit","","0","0","usama","232","0"
"6043","1/30/2025 12:00:00 AM","S-4939","Invoice","Sheroze H/S Muzzamil ","Credit","","0","0","uasma","446","0"
"6044","1/30/2025 12:00:00 AM","S-4940","Invoice","German Homeopathic Store (Dr Saqib Khan)","Credit","","0","04","uasma","117","0"
"6045","1/30/2025 12:00:00 AM","S-4941","Invoice","Shalimar Homoeo Store LPR","Credit","","0","0","uasma","892","0"
"6046","1/30/2025 12:00:00 AM","S-4942","Invoice","Rafay Homeopathic Store","Credit","","0","0","uasma","828","0"
"6047","1/30/2025 12:00:00 AM","S-4943","Invoice","Muslim Homoeopathic Store LPR ","Credit","","0","0","uasma","715","0"
"6048","1/30/2025 12:00:00 AM","P-1098","Purchase","Noman Homeopathic Store","Credit","","0","0","uasma","1098",""
"6049","1/30/2025 12:00:00 AM","P-1099","Purchase","Rafay Homeopathic Store","Credit","","0","0","Afan","75",""
"6050","1/30/2025 12:00:00 AM","S-4944","Invoice","Cash In Hand","Cash","Cash In Hand","","0","raza","1400","0"
"6051","1/30/2025 12:00:00 AM","P-1100","Purchase","Dr Jamaal Nasir (T.M.K)","Credit","","0","0","Ali Raza","3203",""
"6052","1/30/2025 12:00:00 AM","P-1101","Purchase","Kosar M.S (T.M.K)","Credit","","0","0","Ali Raza","624",""
"6053","2/1/2025 12:00:00 AM","S-4945","Invoice","Cash In Hand","Cash","Cash In Hand","0","0","sheraz","200","0"
"6054","2/1/2025 12:00:00 AM","P-1102","Purchase","Pakistan H/S LPR","Credit","","0","0","Affan","1701",""
"6055","2/1/2025 12:00:00 AM","P-1103","Purchase","Cash In Hand","Cash","Cash In Hand","0","0","Affan","2040",""
"6056","2/1/2025 12:00:00 AM","S-4946","Invoice","Cash In Hand","Cash","Cash In Hand","0","0","Affan","2040","0"
"6057","2/1/2025 12:00:00 AM","P-1104","Purchase","Shalimar Homoeo Store LPR","Credit","","0","0","Affan","2040",""
"6058","2/1/2025 12:00:00 AM","P-1105","Purchase","Hassan Homeopathic Store","Credit","","0","0","Affan","232",""
"6059","2/1/2025 12:00:00 AM","S-4947","Invoice","Dr Naseer Ahmed","Credit","","0","0","uasma","1525","0"
"6060","2/1/2025 12:00:00 AM","S-4948","Invoice","Dr Naseer Ahmed","Credit","","0","0","uasma","1799","0"
"6061","2/1/2025 12:00:00 AM","S-4949","Invoice","Cash In Hand","Cash","Cash In Hand","0","0","uasma","650","0"
"6062","2/1/2025 12:00:00 AM","S-4950","Invoice","Cash In Hand","Cash","Cash In Hand","0","0","Affan","1008","0"
"6063","2/1/2025 12:00:00 AM","S-4951","Invoice","Cash In Hand","Cash","Cash In Hand","0","0","uasma","2000","0"
"6064","2/1/2025 12:00:00 AM","S-4952","Invoice","Cash In Hand","Cash","Cash In Hand","0","0","uasma","1600","0"
"6065","2/1/2025 12:00:00 AM","S-4953","Invoice","L/Dr Najma Bloch ","Credit","","0","0","uasma","345","0"
"6066","2/1/2025 12:00:00 AM","S-4954","Invoice","Cash In Hand","Cash","Cash In Hand","0","0","Affan","700","0"
"6067","2/1/2025 12:00:00 AM","S-4955","Invoice","Hassan Homeopathic Store","Credit","","0","0","usama","1590","0"
"6068","2/1/2025 12:00:00 AM","P-1106","Purchase","Hassan Homeopathic Store","Credit","","0","0","usama","1590",""
"6069","2/1/2025 12:00:00 AM","S-4956","Invoice","Cash In Hand","Cash","Cash In Hand","0","0","shaan","800","0"
"6070","2/1/2025 12:00:00 AM","S-4957","Invoice","Cash In Hand","Cash","Cash In Hand","0","0","Affan","1000","0"
"6071","2/1/2025 12:00:00 AM","S-4958","Invoice","Dua Homoeopathic Store ","Credit","","0","0","Affan","126","0"
"6072","2/1/2025 12:00:00 AM","S-4959","Invoice","Sohail Homoeo & Harbal Store","Credit","","0","0","Affan","429","0"
"6073","2/1/2025 12:00:00 AM","S-4960","Invoice","Bilal Homoeopathic Store","Credit","","0","0","Affan","1211","0"
"6074","2/1/2025 12:00:00 AM","S-4961","Invoice","Noman Homeopathic Store","Credit","","0","0","Affan","1406","0"
"6075","2/1/2025 12:00:00 AM","S-4962","Invoice","Muslim Homoeopathic Store LPR ","Credit","","0","0","Affan","534","0"
"6076","2/1/2025 12:00:00 AM","S-4963","Invoice","Pakistan H/S LPR","Credit","","0","0","Affan","126","0"
"6077","2/1/2025 12:00:00 AM","S-4964","Invoice","Bilal Homoeopathic Store","Credit","","0","0","Affan","260","0"
"6078","2/1/2025 12:00:00 AM","S-4965","Invoice","Hassan Homeopathic Store","Credit","","0","0","Affan","6268","0"
"6079","2/1/2025 12:00:00 AM","S-4966","Invoice","Sheroze H/S Muzzamil ","Credit","","0","0","Affan","468","0"
"6080","2/1/2025 12:00:00 AM","P-1107","Purchase","Hassan Homeopathic Store","Credit","","0","0","Affan","2472",""
"6081","2/1/2025 12:00:00 AM","S-4967","Invoice","Cash In Hand","Cash","Cash In Hand","0","0","Affan","2100","0"
"6082","2/1/2025 12:00:00 AM","S-4968","Invoice","Cash In Hand","Cash","Cash In Hand","0","0","uasma","120","0"
"6083","2/1/2025 12:00:00 AM","S-4969","Invoice","Cash In Hand","Cash","Cash In Hand","0","0","Affan","250","0"
"6084","2/1/2025 12:00:00 AM","S-4970","Invoice","Muslim Homoeopathic Store LPR ","Credit","","0","0","Affan","868","0"
"6085","2/1/2025 12:00:00 AM","P-1108","Purchase","Muslim Homoeopathic Store LPR ","Credit","","0","0","Affan","1376",""
"6086","2/1/2025 12:00:00 AM","P-1109","Purchase","Muslim Homoeopathic Store LPR ","Credit","","0","0","Affan","120",""
"6087","2/1/2025 12:00:00 AM","S-4971","Invoice","Cash In Hand","Cash","Cash In Hand","","0","Affan","240","0"
"6088","2/1/2025 12:00:00 AM","S-4972","Invoice","Cash In Hand","Cash","Cash In Hand","","0","Affan","279","0"
"6089","2/1/2025 12:00:00 AM","S-4973","Invoice","Cash In Hand","Cash","Cash In Hand","0","0","Affan","700","0"
"6090","2/2/2025 12:00:00 AM","S-4974","Invoice","Cash In Hand","Cash","Cash In Hand","0","0","uasma","1900","0"
"6091","2/2/2025 12:00:00 AM","S-4975","Invoice","Cash In Hand","Cash","Cash In Hand","0","0","Affan","2450","0"
"6092","2/2/2025 12:00:00 AM","S-4976","Invoice","Cash In Hand","Cash","Cash In Hand","0","0","Affan","352","0"
"6093","2/2/2025 12:00:00 AM","S-4977","Invoice","Cash In Hand","Cash","Cash In Hand","0","0","Affan","150","0"
"6094","2/2/2025 12:00:00 AM","S-4978","Invoice","Cash In Hand","Cash","Cash In Hand","0","0","uasma","700","0"
"6095","2/2/2025 12:00:00 AM","S-4979","Invoice","Cash In Hand","Cash","Cash In Hand","0","0","uasma","1150","0"
"6096","2/2/2025 12:00:00 AM","S-4980","Invoice","Cash In Hand","Cash","Cash In Hand","0","0","Affan","1150","0"
"6097","2/2/2025 12:00:00 AM","S-4981","Invoice","Cash In Hand","Cash","Cash In Hand","0","0","uasma","310","0"
"6098","2/2/2025 12:00:00 AM","S-4982","Invoice","Cash In Hand","Cash","Cash In Hand","0","0","uasma","1000","0"
"6099","2/2/2025 12:00:00 AM","S-4983","Invoice","Cash In Hand","Cash","Cash In Hand","0","0","uasma","200","0"
"6100","2/2/2025 12:00:00 AM","S-4984","Invoice","Cash In Hand","Cash","Cash In Hand","0","0","uasma","700","0"
"6101","2/2/2025 12:00:00 AM","S-4985","Invoice","Cash In Hand","Cash","Cash In Hand","0","0","Affan","600","0"
"6102","2/2/2025 12:00:00 AM","S-4986","Invoice","Cash In Hand","Cash","Cash In Hand","0","0","uasma","900","0"
"6103","2/2/2025 12:00:00 AM","S-4987","Invoice","Cash In Hand","Cash","Cash In Hand","0","0","usama","291","0"
"6104","2/2/2025 12:00:00 AM","P-1110","Purchase","Cash In Hand","Cash","Cash In Hand","0","0","uasma","900",""
"6105","2/2/2025 12:00:00 AM","S-4988","Invoice","Cash In Hand","Cash","Cash In Hand","0","0","uasma","260","0"
"6106","2/2/2025 12:00:00 AM","S-4989","Invoice","Cash In Hand","Cash","Cash In Hand","0","0","sheraz","150","0"
"6107","2/2/2025 12:00:00 AM","S-4990","Invoice","Cash In Hand","Cash","Cash In Hand","0","0","Affan","300","0"
"6108","2/2/2025 12:00:00 AM","S-4991","Invoice","Noman Homeopathic Store","Credit","","0","0","Affan","2297","0"
"6109","2/2/2025 12:00:00 AM","S-4992","Invoice","Sufi Homeopathic Store","Credit","","0","0","Affan","2276","0"
"6110","2/2/2025 12:00:00 AM","S-4993","Invoice","Muslim Homoeopathic Store LPR ","Credit","","0","0","Affan","354","0"
"6111","2/2/2025 12:00:00 AM","S-4994","Invoice","Sohail Homoeo & Harbal Store","Credit","","0","0","Affan","136","0"
"6112","2/2/2025 12:00:00 AM","S-4995","Invoice","Tawaqal Homoeopathic Store","Credit","","0","0","Affan","119","0"
"6113","2/2/2025 12:00:00 AM","S-4996","Invoice","Pakistan H/S LPR","Credit","","0","0","Affan","126","0"
"6114","2/2/2025 12:00:00 AM","S-4997","Invoice","Rafay Homeopathic Store","Credit","","0","0","Affan","1522","0"
"6115","2/2/2025 12:00:00 AM","S-4998","Invoice","Hassan Homeopathic Store","Credit","","0","0","Affan","1668","0"
"6116","2/2/2025 12:00:00 AM","S-4999","Invoice","DR Imran Qureshi (sanger)","Credit","","0","0","Affan","20587","0"
"6117","2/2/2025 12:00:00 AM","S-5000","Invoice","DR Imran Qureshi (sanger)","Credit","","0","0","Affan","1034","0"
"6118","2/2/2025 12:00:00 AM","P-1111","Purchase","Hassan Homeopathic Store","Credit","","0","0","Affan","4932",""
"6119","2/2/2025 12:00:00 AM","P-1112","Purchase","Rafay Homeopathic Store","Credit","","0","0","Affan","1139",""
"6120","2/3/2025 12:00:00 AM","S-5001","Invoice","Cash In Hand","Cash","Cash In Hand","0","0","uasma","1100","0"
"6121","2/3/2025 12:00:00 AM","S-5002","Invoice","Cash In Hand","Cash","Cash In Hand","0","0","uasma","1500","0"
"6122","2/3/2025 12:00:00 AM","S-5003","Invoice","Cash In Hand","Cash","Cash In Hand","0","0","Affan","2200","0"
"6123","2/3/2025 12:00:00 AM","S-5004","Invoice","Cash In Hand","Cash","Cash In Hand","0","0","Affan","1400","0"
"6124","2/3/2025 12:00:00 AM","S-5005","Invoice","Cash In Hand","Cash","Cash In Hand","0","0","Affan","250","0"
"6125","2/3/2025 12:00:00 AM","S-5006","Invoice","Cash In Hand","Cash","Cash In Hand","0","0","Affan","150","0"
"6126","2/3/2025 12:00:00 AM","S-5007","Invoice","Cash In Hand","Cash","Cash In Hand","0","0","Affan","750","0"
"6127","2/3/2025 12:00:00 AM","P-1113","Purchase","Sheroze H/S Muzzamil ","Credit","","0","0","usama","470",""
"6128","2/3/2025 12:00:00 AM","S-5008","Invoice","Cash In Hand","Cash","Cash In Hand","0","0","Affan","700","0"
"6129","2/3/2025 12:00:00 AM","S-5009","Invoice","Noman Homeopathic Store","Credit","","0","0","Affan","3251","0"
"6130","2/3/2025 12:00:00 AM","S-5010","Invoice","Sohail Homoeo & Harbal Store","Credit","","0","0","Affan","356","0"
"6131","2/3/2025 12:00:00 AM","S-5011","Invoice","Muslim Homoeopathic Store LPR ","Credit","","0","0","Affan","892","0"
"6132","2/3/2025 12:00:00 AM","S-5012","Invoice","Dua Homoeopathic Store ","Credit","","0","0","Affan","532","0"
"6133","2/3/2025 12:00:00 AM","S-5013","Invoice","Cash In Hand","Cash","Cash In Hand","0","0","Affan","200","0"
"6134","2/3/2025 12:00:00 AM","S-5014","Invoice","Bilal Homoeopathic Store","Credit","","0","0","Affan","387","0"
"6135","2/3/2025 12:00:00 AM","S-5015","Invoice","Hassan Homeopathic Store","Credit","","0","0","Affan","1788","0"
"6136","2/3/2025 12:00:00 AM","S-5016","Invoice","Al-Khadija Homoeo Store (HYD)","Credit","","0","0","Affan","587","0"
"6137","2/3/2025 12:00:00 AM","S-5017","Invoice","Cash In Hand","Cash","Cash In Hand","0","0","Affan","400","0"
"6138","2/3/2025 12:00:00 AM","P-1114","Purchase","Bilal Homoeopathic Store","Credit","","0","0","Hamza","1000",""
"6139","2/3/2025 12:00:00 AM","P-1115","Purchase","Dua Homoeopathic Store ","Credit","","0","0","Affan","145",""
"6140","2/3/2025 12:00:00 AM","S-5018","Invoice","Cash In Hand","Cash","Cash In Hand","0","0","Affan","150","0"
"6141","2/3/2025 12:00:00 AM","S-5019","Invoice","Rafay Homeopathic Store","Credit","","0","0","Affan","428","0"
"6142","2/3/2025 12:00:00 AM","P-1116","Purchase","Hassan Homeopathic Store","Credit","","0","0","Affan","648",""
"6143","2/3/2025 12:00:00 AM","P-1117","Purchase","Hassan Homeopathic Store","Credit","","0","0","Affan","660",""
"6144","2/4/2025 12:00:00 AM","S-5020","Invoice","Cash In Hand","Cash","Cash In Hand","0","0","Affan","250","0"
"6145","2/4/2025 12:00:00 AM","S-5021","Invoice","Cash In Hand","Cash","Cash In Hand","0","0","Affan","448","0"
"6146","2/4/2025 12:00:00 AM","S-5022","Invoice","Cash In Hand","Cash","Cash In Hand","0","0","Affan","133","0"
"6147","2/4/2025 12:00:00 AM","S-5023","Invoice","Cash In Hand","Cash","Cash In Hand","0","0","sheraz","100","0"
"6148","2/4/2025 12:00:00 AM","S-5024","Invoice","Cash In Hand","Cash","Cash In Hand","0","0","Affan","2200","0"
"6149","2/4/2025 12:00:00 AM","S-5025","Invoice","Cash In Hand","Cash","Cash In Hand","0","0","Affsn","1150","0"
"6150","2/4/2025 12:00:00 AM","S-5026","Invoice","Cash In Hand","Cash","Cash In Hand","0","0","Affan","500","0"
"6151","2/4/2025 12:00:00 AM","S-5027","Invoice","Tawaqal Homoeopathic Store","Credit","","0","0","Affan","338","0"
"6152","2/4/2025 12:00:00 AM","S-5028","Invoice","Mughal H/S","Credit","","0","0","Affan","1147","0"
"6153","2/4/2025 12:00:00 AM","S-5029","Invoice","Sohail Homoeo & Harbal Store","Credit","","0","0","Affan","404","0"
"6154","2/4/2025 12:00:00 AM","S-5030","Invoice","Dua Homoeopathic Store ","Credit","","0","0","Affan","246","0"
"6155","2/4/2025 12:00:00 AM","S-5031","Invoice","Hassan Homeopathic Store","Credit","","0","0","Affam","452","0"
"6156","2/4/2025 12:00:00 AM","S-5032","Invoice","Rafay Homeopathic Store","Credit","","0","0","Affan","294","0"
"6157","2/4/2025 12:00:00 AM","S-5033","Invoice","Muslim Homoeopathic Store LPR ","Credit","","0","0","Affan","1553","0"
"6158","2/4/2025 12:00:00 AM","S-5034","Invoice","Noman Homeopathic Store","Credit","","0","0","Affan","1558","0"
"6159","2/4/2025 12:00:00 AM","S-5035","Invoice","German Homeopathic Store (Dr Saqib Khan)","Credit","","0","0","Affan","2373","0"
"6160","2/4/2025 12:00:00 AM","S-5036","Invoice","Cash In Hand","Cash","Cash In Hand","0","0","Affan","200","0"
"6161","2/4/2025 12:00:00 AM","P-1118","Purchase","Rafay Homeopathic Store","Credit","","0","0","Affan","160",""
"6162","2/4/2025 12:00:00 AM","S-5037","Invoice","Cash In Hand","Cash","Cash In Hand","0","0","Affan","1061","0"
"6163","2/4/2025 12:00:00 AM","P-1119","Purchase","Hassan Homeopathic Store","Credit","","0","0","Affan","2305",""
"6164","2/4/2025 12:00:00 AM","P-1120","Purchase","Tawaqal Homoeopathic Store","Credit","","0","0","Affan","338",""
"6165","2/4/2025 12:00:00 AM","P-1121","Purchase","Muslim Homoeopathic Store LPR ","Credit","","0","0","Affan","126",""
"6166","2/4/2025 12:00:00 AM","S-5038","Invoice","Cash In Hand","Cash","Cash In Hand","0","0","sheraz","1000","0"
"6167","2/5/2025 12:00:00 AM","S-5039","Invoice","Cash In Hand","Cash","Cash In Hand","0","0","uasma","550","0"
"6168","2/5/2025 12:00:00 AM","S-5040","Invoice","Cash In Hand","Cash","Cash In Hand","0","0","Affan","800","0"
"6169","2/5/2025 12:00:00 AM","S-5041","Invoice","Cash In Hand","Cash","Cash In Hand","0","0","sheraz","200","0"
"6170","2/5/2025 12:00:00 AM","S-5042","Invoice","Cash In Hand","Cash","Cash In Hand","0","0","sheraz","338","0"
"6171","2/5/2025 12:00:00 AM","S-5043","Invoice","Cash In Hand","Cash","Cash In Hand","0","0","uasma","2088","0"
"6172","2/5/2025 12:00:00 AM","S-5044","Invoice","Cash In Hand","Cash","Cash In Hand","0","0","uasma","2400","0"
"6173","2/5/2025 12:00:00 AM","S-5045","Invoice","Cash In Hand","Cash","Cash In Hand","0","0","Affan","1738","0"
"6174","2/5/2025 12:00:00 AM","P-1122","Purchase","Sufi Homeopathic Store","Credit","","0","0","Affan","2240",""
"6175","2/5/2025 12:00:00 AM","S-5046","Invoice","Muslim Homoeopathic Store LPR ","Credit","","0","0","Affan","1092","0"
"6176","2/5/2025 12:00:00 AM","S-5047","Invoice","Sohail Homoeo & Harbal Store","Credit","","0","0","Afan","120","0"
"6177","2/5/2025 12:00:00 AM","S-5048","Invoice","Pakistan H/S LPR","Credit","","0","0","Affan","392","0"
"6178","2/5/2025 12:00:00 AM","S-5049","Invoice","Rafay Homeopathic Store","Credit","","0","0","Affan","640","0"
"6179","2/5/2025 12:00:00 AM","S-5050","Invoice","Noman Homeopathic Store","Credit","","0","0","Affan","1133","0"
"6180","2/5/2025 12:00:00 AM","S-5051","Invoice","Baba Homoeo Store","Credit","","0","0","Affan","936","0"
"6181","2/5/2025 12:00:00 AM","S-5052","Invoice","Hassan Homeopathic Store","Credit","","0","0","Affan","8978","0"
"6182","2/5/2025 12:00:00 AM","S-5053","Invoice","Shalimar Homoeo Store LPR","Credit","","0","0","Affan","892","0"
"6183","2/5/2025 12:00:00 AM","P-1123","Purchase","Hassan Homeopathic Store","Credit","","0","0","Affan","3660",""
"6184","2/5/2025 12:00:00 AM","P-1124","Purchase","Hassan Homeopathic Store","Credit","","0","0","Affan","1665",""
"6185","2/5/2025 12:00:00 AM","P-1125","Purchase","Rafay Homeopathic Store","Credit","","0","0","Affan","445",""
"6186","2/5/2025 12:00:00 AM","S-5054","Invoice","Cash In Hand","Cash","Cash In Hand","0","0","Affan","500","0"
"6187","2/5/2025 12:00:00 AM","S-5055","Invoice","Cash In Hand","Cash","Cash In Hand","0","0","Affan","500","0"
"6188","2/6/2025 12:00:00 AM","S-5056","Invoice","Cash In Hand","Cash","Cash In Hand","0","0","uasma","750","0"
"6189","2/6/2025 12:00:00 AM","S-5057","Invoice","Cash In Hand","Cash","Cash In Hand","0","00","Affan","560","0"
"6190","2/6/2025 12:00:00 AM","S-5058","Invoice","Cash In Hand","Cash","Cash In Hand","0","0","Affan","950","0"
"6191","2/6/2025 12:00:00 AM","P-1126","Purchase","Cash In Hand","Cash","Cash In Hand","0","0","Affan","950",""
"6192","2/6/2025 12:00:00 AM","S-5059","Invoice","Cash In Hand","Cash","Cash In Hand","0","0","uasma","450","0"
"6193","2/6/2025 12:00:00 AM","S-5060","Invoice","Cash In Hand","Cash","Cash In Hand","","","Affan","200","0"
"6194","2/6/2025 12:00:00 AM","S-5061","Invoice","Cash In Hand","Cash","Cash In Hand","0","0","Affan","180","0"
"6195","2/6/2025 12:00:00 AM","S-5062","Invoice","Cash In Hand","Cash","Cash In Hand","","0","Affan","250","0"
"6196","2/6/2025 12:00:00 AM","S-5063","Invoice","Cash In Hand","Cash","Cash In Hand","0","0","uasma","1277","0"
"6197","2/6/2025 12:00:00 AM","S-5064","Invoice","Cash In Hand","Cash","Cash In Hand","0","0","uasma","1100","0"
"6198","2/6/2025 12:00:00 AM","S-5065","Invoice","Cash In Hand","Cash","Cash In Hand",".0","0","Affan","500","0"
"6199","2/6/2025 12:00:00 AM","S-5066","Invoice","Cash In Hand","Cash","Cash In Hand","0","0","Affan","200","0"
"6200","2/6/2025 12:00:00 AM","S-5067","Invoice","Cash In Hand","Cash","Cash In Hand","0","0","Affan","400","0"
"6201","2/6/2025 12:00:00 AM","S-5068","Invoice","Muslim Homoeopathic Store LPR ","Credit","","0","0","Affan","351","0"
"6202","2/6/2025 12:00:00 AM","S-5069","Invoice","Dua Homoeopathic Store ","Credit","","0","0","Affan","450","0"
"6203","2/6/2025 12:00:00 AM","S-5070","Invoice","Rafay Homeopathic Store","Credit","","0","0","Affan","1032","0"
"6204","2/6/2025 12:00:00 AM","S-5071","Invoice","Shalimar Homoeo Store LPR","Credit","","0","0","Affan","2380","0"
"6205","2/6/2025 12:00:00 AM","S-5072","Invoice","Noman Homeopathic Store","Credit","","0","0","Affan","4502","0"
"6206","2/6/2025 12:00:00 AM","S-5073","Invoice","Hassan Homeopathic Store","Credit","","0","0","Affan","1037","0"
"6207","2/6/2025 12:00:00 AM","S-5074","Invoice","Cash In Hand","Cash","Cash In Hand","0","0","Affan","1000","0"
"6208","2/6/2025 12:00:00 AM","S-5075","Invoice","Dr Rafeeq Bulandi ","Credit","","0","0","Affan","1800","0"
"6209","2/6/2025 12:00:00 AM","S-5076","Invoice","Cash In Hand","Cash","Cash In Hand","0","0","Affan","1000","0"
"6210","2/6/2025 12:00:00 AM","S-5077","Invoice","Cash In Hand","Cash","Cash In Hand","0","0","Affan","17418","0"
"6211","2/6/2025 12:00:00 AM","S-5078","Invoice","Cash In Hand","Cash","Cash In Hand","0","0","Affan","1280","0"
"6212","2/6/2025 12:00:00 AM","S-5079","Invoice","Cash In Hand","Cash","Cash In Hand","0","0","Affan","210","0"
"6213","2/6/2025 12:00:00 AM","P-1127","Purchase","Hassan Homeopathic Store","Credit","","0","0","Affan","6286",""
"6214","2/6/2025 12:00:00 AM","S-5080","Invoice","Cash In Hand","Cash","Cash In Hand","0","0","Affan","900","0"
"6215","2/8/2025 12:00:00 AM","S-5081","Invoice","Cash In Hand","Cash","Cash In Hand","0","0","usama","850","0"
"6216","2/8/2025 12:00:00 AM","S-5082","Invoice","Cash In Hand","Cash","Cash In Hand","0","0","uasma","3350","0"
"6217","2/8/2025 12:00:00 AM","S-5083","Invoice","Shokat M/S (TMK)","Credit","Cash In Hand","0","0","uasma","4155","0"
"6218","2/8/2025 12:00:00 AM","P-1128","Purchase","Shokat M/S (TMK)","Credit","","0","0","uasma","4155",""
"6219","2/8/2025 12:00:00 AM","S-5084","Invoice","Shokat M/S (TMK)","Credit","","0","0","uasma","3815","0"
"6220","2/8/2025 12:00:00 AM","S-5085","Invoice","Cash In Hand","Cash","Cash In Hand","0","0","uasma","350","0"
"6221","2/8/2025 12:00:00 AM","S-5086","Invoice","H/Dr.Irfan (T.A)","Credit","","0","0","uasma","3225","0"
"6222","2/8/2025 12:00:00 AM","S-5087","Invoice","Cash In Hand","Cash","Cash In Hand","0","0","uasma","1500","0"
"6223","2/8/2025 12:00:00 AM","S-5088","Invoice","Cash In Hand","Cash","Cash In Hand","0","0","uasma","300","0"
"6224","2/8/2025 12:00:00 AM","S-5089","Invoice","Cash In Hand","Cash","Cash In Hand","0","0","uasma","150","0"
"6225","2/8/2025 12:00:00 AM","S-5090","Invoice","Cash In Hand","Cash","Cash In Hand","0","0","uasma","1053","0"
"6226","2/8/2025 12:00:00 AM","P-1129","Purchase","Areez pansar store (Tando Alayar)","Credit","","0","0","Affan","2364",""
"6227","2/8/2025 12:00:00 AM","S-5091","Invoice","Cash In Hand","Cash","Cash In Hand","0","0","Affan","200","0"
"6228","2/8/2025 12:00:00 AM","S-5092","Invoice","Cash In Hand","Cash","Cash In Hand","0","0","uasma","504","0"
"6229","2/8/2025 12:00:00 AM","P-1130","Purchase","Muslim Homoeopathic Store LPR ","Credit","","0","0","Aff\an","436",""
"6230","2/8/2025 12:00:00 AM","P-1131","Purchase","Shalimar Homoeo Store LPR","Credit","","0","0","Affan","1022",""
"6231","2/8/2025 12:00:00 AM","S-5093","Invoice","Shalimar Homoeo Store LPR","Credit","","0","0","Affan","130","0"
"6232","2/8/2025 12:00:00 AM","S-5094","Invoice","Sheroze H/S Muzzamil ","Credit","","0","0","Affan","715","0"
"6233","2/8/2025 12:00:00 AM","S-5095","Invoice","Baba Homoeo Store","Credit","","0","0","Affan","600","0"
"6234","2/8/2025 12:00:00 AM","S-5096","Invoice","Jameel H/S LPR","Credit","","0","0","Affan","160","0"
"6235","2/8/2025 12:00:00 AM","P-1132","Purchase","Rafay Homeopathic Store","Credit","","0","0","Affan","511",""
"6236","2/8/2025 12:00:00 AM","P-1133","Purchase","Rafay Homeopathic Store","Credit","","0","0","Affan","40",""
"6237","2/8/2025 12:00:00 AM","S-5097","Invoice","Rafay Homeopathic Store","Credit","","0","0","Affan","1398","0"
"6238","2/8/2025 12:00:00 AM","S-5098","Invoice","Muslim Homoeopathic Store LPR ","Credit","","0","0","Affan","1563","0"
"6239","2/8/2025 12:00:00 AM","S-5099","Invoice","Sohail Homoeo & Harbal Store","Credit","","0","0","Affan","408","0"
"6240","2/8/2025 12:00:00 AM","S-5100","Invoice","Pakistan H/S LPR","Credit","","0","0","Affan","126","0"
"6241","2/8/2025 12:00:00 AM","S-5101","Invoice","Bilal Homoeopathic Store","Credit","","0","0","Affan","350","0"
"6242","2/8/2025 12:00:00 AM","S-5102","Invoice","Noman Homeopathic Store","Credit","","0","0","Affan","658","0"
"6243","2/8/2025 12:00:00 AM","S-5103","Invoice","Hassan Homeopathic Store","Credit","","0","0","Affan","6922","0"
"6244","2/8/2025 12:00:00 AM","S-5104","Invoice","Tawaqal Homoeopathic Store","Credit","","0","0","Affan","1624","0"
"6245","2/8/2025 12:00:00 AM","S-5105","Invoice","German Homeopathic Store (Dr Saqib Khan)","Credit","","0","0","Affsn","2441","0"
"6246","2/8/2025 12:00:00 AM","S-5106","Invoice","Cash In Hand","Cash","Cash In Hand","0","0","Affan","240","0"
"6247","2/8/2025 12:00:00 AM","S-5107","Invoice","Cash In Hand","Cash","Cash In Hand","0","0","uasma","250","0"
"6248","2/8/2025 12:00:00 AM","S-5108","Invoice","Cash In Hand","Cash","Cash In Hand","","0","Affan","150","0"
"6249","2/8/2025 12:00:00 AM","S-5109","Invoice","Dr Tasawar Hussain (Gularchi)","Credit","","0","0","Affan","3552","0"
"6250","2/8/2025 12:00:00 AM","S-5110","Invoice","Cash In Hand","Cash","Cash In Hand","0","0","Amaan","1000","0"
"6251","2/9/2025 12:00:00 AM","S-5111","Invoice","Cash In Hand","Cash","Cash In Hand","0","0","uasma","481","0"
"6252","2/9/2025 12:00:00 AM","S-5112","Invoice","Cash In Hand","Cash","Cash In Hand","0","0","uasma","236","0"
"6253","2/9/2025 12:00:00 AM","S-5113","Invoice","Cash In Hand","Cash","Cash In Hand","0","0","uasma","150","0"
"6254","2/9/2025 12:00:00 AM","P-1134","Purchase","Hassan Homeopathic Store","Credit","","0","0","Affan","994",""
"6255","2/9/2025 12:00:00 AM","P-1135","Purchase","Hassan Homeopathic Store","Credit","","0","0","Affan","560",""
"6256","2/9/2025 12:00:00 AM","P-1136","Purchase","MEKTUM Pvt Ltd","Credit","","0","0","Affan","161034",""
"6257","2/9/2025 12:00:00 AM","S-5114","Invoice","Cash In Hand","Cash","Cash In Hand","0","0","Affan","150","0"
"6258","2/9/2025 12:00:00 AM","S-5115","Invoice","Cash In Hand","Cash","Cash In Hand","0","0","sheraz","100","0"
"6259","2/9/2025 12:00:00 AM","S-5116","Invoice","Cash In Hand","Cash","Cash In Hand","0","0","sheraz","500","0"
"6260","2/9/2025 12:00:00 AM","P-1137","Purchase","Muslim Homoeopathic Store LPR ","Credit","","0","0","Affan","722",""
"6261","2/9/2025 12:00:00 AM","S-5117","Invoice","Dr Akram (Rehman Clinic) (Shahdadpure)","Credit","",".0","0","Affan","4602","0"
"6262","2/9/2025 12:00:00 AM","S-5118","Invoice","Dua Homoeopathic Store ","Credit","","0","0","Affan","325","0"
"6263","2/9/2025 12:00:00 AM","S-5119","Invoice","Bilal Homoeopathic Store","Credit","","0","0","Affan","114","0"
"6264","2/9/2025 12:00:00 AM","S-5120","Invoice","Muslim Homoeopathic Store LPR ","Credit","","0","0","Affan","126","0"
"6265","2/9/2025 12:00:00 AM","S-5121","Invoice","Rafay Homeopathic Store","Credit","","0","0","Affan","82","0"
"6266","2/9/2025 12:00:00 AM","S-5122","Invoice","Noman Homeopathic Store","Credit","","0","0","Affan","3277","0"
"6267","2/9/2025 12:00:00 AM","S-5123","Invoice","Tawaqal Homoeopathic Store","Credit","","0","00","Affan","2480","0"
"6268","2/9/2025 12:00:00 AM","S-5124","Invoice","Sufi Homeopathic Store","Credit","","0","0","Affan","168","0"
"6269","2/9/2025 12:00:00 AM","S-5125","Invoice","Sohail Homoeo & Harbal Store","Credit","","0","0","Affan","90","0"
"6270","2/9/2025 12:00:00 AM","S-5126","Invoice","Hassan Homeopathic Store","Credit","","0","0","Affan","9535","0"
"6271","2/9/2025 12:00:00 AM","S-5127","Invoice","Tahir Kent SPO","Credit","","0","0","Affan","1600","0"
"6272","2/9/2025 12:00:00 AM","S-5128","Invoice","Cash In Hand","Cash","Cash In Hand","0","0","Affan","2300","0"
"6273","2/9/2025 12:00:00 AM","S-5129","Invoice","Muslim Homoeopathic Store LPR ","Credit","","0","0","Affan","1338","0"
"6274","2/9/2025 12:00:00 AM","P-1138","Purchase","Hassan Homeopathic Store","Credit","","0","0","Affan","795",""
"6275","2/10/2025 12:00:00 AM","S-5130","Invoice","Cash In Hand","Cash","Cash In Hand","0","0","uasma","350","0"
"6276","2/10/2025 12:00:00 AM","P-1139","Purchase","Cash In Hand","Cash","Cash In Hand","0","0","sheraz","350",""
"6277","2/10/2025 12:00:00 AM","S-5131","Invoice","Cash In Hand","Cash","Cash In Hand","0","0","uasma","1050","0"
"6278","2/10/2025 12:00:00 AM","S-5132","Invoice","Cash In Hand","Cash","Cash In Hand","0","0","uasma","500","0"
"6279","2/10/2025 12:00:00 AM","S-5133","Invoice","Cash In Hand","Cash","Cash In Hand","0","0","Amaan","220","0"
"6280","2/10/2025 12:00:00 AM","S-5134","Invoice","Cash In Hand","Cash","Cash In Hand","0","0","Affan","200","0"
"6281","2/10/2025 12:00:00 AM","S-5135","Invoice","Cash In Hand","Cash","Cash In Hand","","0","Affan","448","0"
"6282","2/10/2025 12:00:00 AM","S-5136","Invoice","Cash In Hand","Cash","Cash In Hand","0","0","Amaan","300","0"
"6283","2/10/2025 12:00:00 AM","S-5137","Invoice","Cash In Hand","Cash","Cash In Hand","0","0","Amaan","500","0"
"6284","2/10/2025 12:00:00 AM","S-5138","Invoice","Cash In Hand","Cash","Cash In Hand","0","0","uasma","1300","0"
"6285","2/10/2025 12:00:00 AM","S-5139","Invoice","Cash In Hand","Cash","Cash In Hand","0","00","Affan","400","0"
"6286","2/10/2025 12:00:00 AM","S-5140","Invoice","Cash In Hand","Cash","Cash In Hand","0","0","Affan","700","0"
"6287","2/10/2025 12:00:00 AM","S-5141","Invoice","Muslim Homoeopathic Store LPR ","Credit","","0","0","Affan","2393","0"
"6288","2/10/2025 12:00:00 AM","S-5142","Invoice","Mughal H/S","Credit","","0","0","Affan","576","0"
"6289","2/10/2025 12:00:00 AM","S-5143","Invoice","Chand Homoeopathic Store","Credit","","0","0","Affan","82","0"
"6290","2/10/2025 12:00:00 AM","S-5144","Invoice","Tawaqal Homoeopathic Store","Credit","","0","0","Affan","1339","0"
"6291","2/10/2025 12:00:00 AM","S-5145","Invoice","Noman Homeopathic Store","Credit","","0","0","Affan","2250","0"
"6292","2/10/2025 12:00:00 AM","S-5146","Invoice","Hassan Homeopathic Store","Credit","",".0","0","Affan","2317","0"
"6293","2/10/2025 12:00:00 AM","S-5147","Invoice","Cash In Hand","Cash","Cash In Hand","0","0","uasma","650","0"
"6294","2/10/2025 12:00:00 AM","S-5148","Invoice","Al-Haseeb Clanic (Hala)","Credit","","0","0","uasma","551","0"
"6295","2/10/2025 12:00:00 AM","S-5149","Invoice","Cash In Hand","Cash","Cash In Hand","0","0","uasma","250","0"
"6296","2/10/2025 12:00:00 AM","S-5150","Invoice","Cas4","Cash","Cash In Hand","0","0","uasma","1100","0"
"6297","2/11/2025 12:00:00 AM","S-5151","Invoice","Cash In Hand","Cash","Cash In Hand","0","0","sheraz","160","0"
"6298","2/11/2025 12:00:00 AM","S-5152","Invoice","Shahid Medical Store (Chambar)","Credit","","0","0","uasma","8856","0"
"6299","2/11/2025 12:00:00 AM","S-5153","Invoice","DR Munawar (badin)","Credit","","0","0","uasma","1320","0"
"6300","2/11/2025 12:00:00 AM","S-5154","Invoice","Cash In Hand","Cash","Cash In Hand","0","0","sheraz","1000","0"
"6301","2/11/2025 12:00:00 AM","S-5155","Invoice","Cash In Hand","Cash","Cash In Hand","0","0","Affan","546","0"
"6302","2/11/2025 12:00:00 AM","S-5156","Invoice","Dua Homoeopathic Store ","Credit","","0","0","Affan","722","0"
"6303","2/11/2025 12:00:00 AM","S-5157","Invoice","Hassan Homeopathic Store","Credit","","0","0","Affan","1554","0"
"6304","2/11/2025 12:00:00 AM","S-5158","Invoice","Sohail Homoeo & Harbal Store","Credit","","0","0","Affan","413","0"
"6305","2/11/2025 12:00:00 AM","S-5159","Invoice","Rafay Homeopathic Store","Credit","","0","0","Affan","540","0"
"6306","2/11/2025 12:00:00 AM","S-5160","Invoice","Chand Homoeopathic Store","Credit","","0","0","Affan","253","0"
"6307","2/11/2025 12:00:00 AM","S-5161","Invoice","Muslim Homoeopathic Store LPR ","Credit","","0","0","Affan","392","0"
"6308","2/11/2025 12:00:00 AM","S-5162","Invoice","Noman Homeopathic Store","Credit","","0","0","Affan","3403","0"
"6309","2/11/2025 12:00:00 AM","S-5163","Invoice","German Homeopathic Store (Dr Saqib Khan)","Credit","","0","0","Affan","1879","0"
"6310","2/11/2025 12:00:00 AM","S-5164","Invoice","Baba Homoeo Store","Credit","","0","0","Affan","221","0"
"6311","2/11/2025 12:00:00 AM","S-5165","Invoice","Tahir Kent SPO","Credit","","0","0","Affan","981","0"
"6312","2/11/2025 12:00:00 AM","S-5166","Invoice","Tahir Kent SPO","Credit","","0","0","Affan","119","0"
"6313","2/11/2025 12:00:00 AM","S-5167","Invoice","Baba Homoeo Store","Credit","","0","0","Affan","1012","0"
"6314","2/11/2025 12:00:00 AM","S-5168","Invoice","Cash In Hand","Cash","Cash In Hand","0","0","uasma","800","0"
"6315","2/11/2025 12:00:00 AM","P-1140","Purchase","Hassan Homeopathic Store","Credit","","0","0","Affan","2638",""
"6316","2/11/2025 12:00:00 AM","P-1141","Purchase","Chand Homoeopathic Store","Credit","","0","0","Affan","126",""
"6317","2/11/2025 12:00:00 AM","P-1142","Purchase","Sohail Homoeo & Harbal Store","Credit","","0","0","Affan","126",""
"6318","2/11/2025 12:00:00 AM","P-1143","Purchase","Hassan Homeopathic Store","Credit","","0","0","Affan","1250",""
"6319","2/11/2025 12:00:00 AM","S-5169","Invoice","Cash In Hand","Cash","Cash In Hand","0","0","Affan","368","0"
"6320","2/11/2025 12:00:00 AM","P-1144","Purchase","Dr Abdul Gaffar (SHADADPUR)","Credit","","0","0","uasma","280",""
"6321","2/11/2025 12:00:00 AM","P-1145","Purchase","Hakeem Dainsh (kunri)","Credit","","0","0","Affan","6741",""
"6322","2/12/2025 12:00:00 AM","S-5170","Invoice","Cash In Hand","Cash","Cash In Hand","0","0","usama","850","0"
"6323","2/12/2025 12:00:00 AM","S-5171","Invoice","Cash In Hand","Cash","Cash In Hand","0","0","uasma","690","0"
"6324","2/12/2025 12:00:00 AM","S-5172","Invoice","Cash In Hand","Cash","Cash In Hand","0","0","sheraz","250","0"
"6325","2/12/2025 12:00:00 AM","S-5173","Invoice","Cash In Hand","Cash","Cash In Hand","0","0","uasma","1695","0"
"6326","2/12/2025 12:00:00 AM","S-5174","Invoice","Cash In Hand","Cash","Cash In Hand","0","0","Affan","500","0"
"6327","2/12/2025 12:00:00 AM","S-5175","Invoice","Haji Sawan","Credit","","0","0","Affna","2250","0"
"6328","2/12/2025 12:00:00 AM","S-5176","Invoice","Dr Tayyab (Tando Adam)","Credit","","","0","Affan","536","0"
"6329","2/12/2025 12:00:00 AM","S-5177","Invoice","Cash In Hand","Cash","Cash In Hand","0","0","Affan","950","0"
"6330","2/12/2025 12:00:00 AM","S-5178","Invoice","Cash In Hand","Cash","Cash In Hand","","0","Affan","350","0"
"6331","2/12/2025 12:00:00 AM","S-5179","Invoice","Cash In Hand","Cash","Cash In Hand","0","0","uasma","200","0"
"6332","2/12/2025 12:00:00 AM","S-5180","Invoice","Cash In Hand","Cash","Cash In Hand","0","0","Affan","878","0"
"6333","2/12/2025 12:00:00 AM","S-5181","Invoice","Cash In Hand","Cash","Cash In Hand","0","0","uasma","500","0"
"6334","2/12/2025 12:00:00 AM","S-5182","Invoice","Cash In Hand","Cash","Cash In Hand","0","0","uasma","510","0"
"6335","2/12/2025 12:00:00 AM","S-5183","Invoice","Rafay Homeopathic Store","Credit","","0","0","uasma","498","0"
"6336","2/12/2025 12:00:00 AM","S-5184","Invoice","Shalimar Homoeo Store LPR","Credit","","0","0","uasma","414","0"
"6337","2/12/2025 12:00:00 AM","S-5185","Invoice","Muslim Homoeopathic Store LPR ","Credit","","0","0","uasma","742","0"
"6338","2/12/2025 12:00:00 AM","S-5186","Invoice","Chand Homoeopathic Store","Credit","","0","0","uasma","126","0"
"6339","2/12/2025 12:00:00 AM","S-5187","Invoice","H/Dr Azger Mughal ","Credit","","0","0","uasma","2127","0"
"6340","2/12/2025 12:00:00 AM","S-5188","Invoice","Cash In Hand","Cash","Cash In Hand","0","0","uasma","150","0"
"6341","2/12/2025 12:00:00 AM","S-5189","Invoice","Dua Homoeopathic Store ","Credit","","0","0","usama","150","0"
"6342","2/12/2025 12:00:00 AM","S-5190","Invoice","Tawaqal Homoeopathic Store","Credit","","0","0","uasma","233","0"
"6343","2/12/2025 12:00:00 AM","S-5191","Invoice","Sheroze H/S Muzzamil ","Credit","","0","0"," usama","456","0"
"6344","2/12/2025 12:00:00 AM","S-5192","Invoice","Dua Homoeopathic Store ","Credit","","0","0","uasma","280","0"
"6345","2/12/2025 12:00:00 AM","S-5193","Invoice","Mughal H/S","Credit","","0","0","uasma","325","0"
"6346","2/12/2025 12:00:00 AM","S-5194","Invoice","Noman Homeopathic Store","Credit","","0","0","uasma","4095","0"
"6347","2/12/2025 12:00:00 AM","S-5195","Invoice","Hassan Homeopathic Store","Credit","","0","0","Affan","1269","0"
"6348","2/12/2025 12:00:00 AM","S-5196","Invoice","Dr Aijaz ","Credit","","0","0","Affan","4845","0"
"6349","2/13/2025 12:00:00 AM","S-5197","Invoice","Cash In Hand","Cash","Cash In Hand","0","0","uasma","1570","0"
"6350","2/13/2025 12:00:00 AM","S-5198","Invoice","Cash In Hand","Cash","Cash In Hand","0","0","sheraz","300","0"
"6351","2/13/2025 12:00:00 AM","S-5199","Invoice","Cash In Hand","Cash","Cash In Hand","0","0","usama","1100","0"
"6352","2/13/2025 12:00:00 AM","S-5200","Invoice","Cash In Hand","Cash","Cash In Hand","0","0","sheraz7","650","0"
"6353","2/13/2025 12:00:00 AM","S-5201","Invoice","Cash In Hand","Cash","Cash In Hand","0","0","sheraz","200","0"
"6354","2/13/2025 12:00:00 AM","S-5202","Invoice","Cash In Hand","Cash","Cash In Hand","0","0","uasma","200","0"
"6355","2/13/2025 12:00:00 AM","P-1146","Purchase","Dua Homoeopathic Store ","Credit","","0","0","usama","722",""
"6356","2/13/2025 12:00:00 AM","P-1147","Purchase","Sohail Homoeo & Harbal Store","Credit","","0","0","Affan","227",""
"6357","2/13/2025 12:00:00 AM","P-1148","Purchase","Baba Homoeo Store","Credit","","0","0","raza","2200",""
"6358","2/13/2025 12:00:00 AM","S-5203","Invoice","Cash In Hand","Cash","Cash In Hand","0","0","Affan","2200","0"
"6359","2/13/2025 12:00:00 AM","S-5204","Invoice","Cash In Hand","Cash","Cash In Hand","0","0","Affan","700","0"
"6360","2/13/2025 12:00:00 AM","S-5205","Invoice","Cash In Hand","Cash","Cash In Hand","0","0","Affan","120","0"
"6361","2/13/2025 12:00:00 AM","S-5206","Invoice","Cash In Hand","Cash","Cash In Hand","0","0","usama","928","0"
"6362","2/13/2025 12:00:00 AM","S-5207","Invoice","Cash In Hand","Cash","Cash In Hand","0","0","Affan","550","0"
"6363","2/13/2025 12:00:00 AM","S-5208","Invoice","Dr Akram (Rehman Clinic) (Shahdadpure)","Credit","","0","0","Affan","11215","0"
"6364","2/13/2025 12:00:00 AM","S-5209","Invoice","DR Imran Qureshi (sanger)","Credit","","0","0","Affan","28074","0"
"6365","2/13/2025 12:00:00 AM","S-5210","Invoice","Cash In Hand","Cash","Cash In Hand","0","0","Affan","750","0"
"6366","2/13/2025 12:00:00 AM","S-5211","Invoice","Noman Homeopathic Store","Credit","","","","Aaffan","3362","0"
"6367","2/13/2025 12:00:00 AM","S-5212","Invoice","Muslim Homoeopathic Store LPR ","Credit","","0","0","Affan","2627","0"
"6368","2/15/2025 12:00:00 AM","S-5213","Invoice","Cash In Hand","Cash","Cash In Hand","0","0","Affan","1540","0"
"6369","2/15/2025 12:00:00 AM","S-5214","Invoice","Cash In Hand","Cash","Cash In Hand","0","0","uasma","400","0"
"6370","2/15/2025 12:00:00 AM","S-5215","Invoice","Cash In Hand","Cash","Cash In Hand","0","0","uasma","1300","0"
"6371","2/15/2025 12:00:00 AM","S-5216","Invoice","Cash In Hand","Cash","Cash In Hand","0","0","Affan","4700","0"
"6372","2/15/2025 12:00:00 AM","S-5217","Invoice","Cash In Hand","Cash","Cash In Hand","0","0","Affan","700","0"
"6373","2/15/2025 12:00:00 AM","S-5218","Invoice","Cash In Hand","Cash","Cash In Hand","0","0","Affan","700","0"
"6374","2/15/2025 12:00:00 AM","S-5219","Invoice","Cash In Hand","Cash","Cash In Hand","0","0","Affan","500","0"
"6375","2/15/2025 12:00:00 AM","S-5220","Invoice","Cash In Hand","Cash","Cash In Hand","0","0","Affan","1050","0"
"6376","2/15/2025 12:00:00 AM","S-5221","Invoice","Cash In Hand","Cash","Cash In Hand","0","0","Affan","600","0"
"6377","2/15/2025 12:00:00 AM","S-5222","Invoice","Cash In Hand","Cash","Cash In Hand","0","0","uasma","3100","0"
"6378","2/15/2025 12:00:00 AM","P-1149","Purchase","Hassan Homeopathic Store","Credit","","0","0","Affan","1300",""
"6379","2/15/2025 12:00:00 AM","S-5223","Invoice","Chand Homoeopathic Store","Credit","","0","0","Affan","346","0"
"6380","2/15/2025 12:00:00 AM","S-5224","Invoice","Cash In Hand","Cash","Cash In Hand","0","0","Affan","350","0"
"6381","2/15/2025 12:00:00 AM","S-5225","Invoice","Dua Homoeopathic Store ","Credit","","0","0","Affan","588","0"
"6382","2/15/2025 12:00:00 AM","S-5226","Invoice","Muslim Homoeopathic Store LPR ","Credit","","0","0","Affan","3742","0"
"6383","2/15/2025 12:00:00 AM","S-5227","Invoice","Sheroze H/S Muzzamil ","Credit","","0","0","Affan","760","0"
"6384","2/15/2025 12:00:00 AM","S-5228","Invoice","Sohail Homoeo & Harbal Store","Credit","","","0","Affan","322","0"
"6385","2/15/2025 12:00:00 AM","S-5229","Invoice","Tawaqal Homoeopathic Store","Credit","","0","0","Affan","1733","0"
"6386","2/15/2025 12:00:00 AM","S-5230","Invoice","Noman Homeopathic Store","Credit","","0","0","Affan","894","0"
"6387","2/15/2025 12:00:00 AM","S-5231","Invoice","Danish Homoeo Store (Shadadpur)","Credit","","0","0","uasma","9286","0"
"6388","2/16/2025 12:00:00 AM","S-5232","Invoice","Cash In Hand","Cash","Cash In Hand","0","0","uasma","1850","0"
"6389","2/16/2025 12:00:00 AM","S-5233","Invoice","Cash In Hand","Cash","Cash In Hand","0","0","uasma","750","0"
"6390","2/16/2025 12:00:00 AM","S-5234","Invoice","Cash In Hand","Cash","Cash In Hand","0","0","sheraz","500","0"
"6391","2/16/2025 12:00:00 AM","S-5235","Invoice","Cash In Hand","Cash","Cash In Hand","0","0","Affan","1400","0"
"6392","2/16/2025 12:00:00 AM","S-5236","Invoice","Cash In Hand","Cash","Cash In Hand","0","0","sheraz","200","0"
"6393","2/16/2025 12:00:00 AM","P-1150","Purchase","Hassan Homeopathic Store","Credit","","0","0","Affan","1090",""
"6394","2/16/2025 12:00:00 AM","P-1151","Purchase","Hassan Homeopathic Store","Credit","","0","0","Affan","3530",""
"6395","2/16/2025 12:00:00 AM","P-1152","Purchase","Hassan Homeopathic Store","Credit","","0","0","Affan","2940",""
"6396","2/16/2025 12:00:00 AM","S-5237","Invoice","Hassan Homeopathic Store","Credit","","0","0","Affan","9100","0"
"6397","2/16/2025 12:00:00 AM","S-5238","Invoice","Cash In Hand","Cash","Cash In Hand","0","0","Affan","800","0"
"6398","2/16/2025 12:00:00 AM","S-5239","Invoice","Dr Tayyab (Tando Adam)","Credit","","0","0","Affan","2844","0"
"6399","2/16/2025 12:00:00 AM","S-5240","Invoice","Cash In Hand","Cash","Cash In Hand","0","0","Affan","700","0"
"6400","2/16/2025 12:00:00 AM","S-5241","Invoice","Rahib Madical Store (Tando Bhago)","Credit","","0","0","Affan","5450","0"
"6401","2/16/2025 12:00:00 AM","S-5242","Invoice","Cash In Hand","Cash","Cash In Hand","0","0","Affan","400","0"
"6402","2/16/2025 12:00:00 AM","P-1153","Purchase","Dua Homoeopathic Store ","Credit","","0","0","Affan","430",""
"6403","2/16/2025 12:00:00 AM","P-1154","Purchase","Dua Homoeopathic Store ","Credit","","7","00","Affan","808",""
"6404","2/16/2025 12:00:00 AM","S-5243","Invoice","Cash In Hand","Cash","Cash In Hand","0","0","Affan","200","0"
"6405","2/16/2025 12:00:00 AM","S-5244","Invoice","Rafay Homeopathic Store","Credit","","0","0","Affan","426","0"
"6406","2/16/2025 12:00:00 AM","S-5245","Invoice","Muslim Homoeopathic Store LPR ","Credit","","0","0","Affan","503","0"
"6407","2/16/2025 12:00:00 AM","S-5246","Invoice","Bilal Homoeopathic Store","Credit","","0","0","Affan","448","0"
"6408","2/16/2025 12:00:00 AM","S-5247","Invoice","Star Homoeo Store","Credit","","0","0","Affan","228","0"
"6409","2/16/2025 12:00:00 AM","S-5248","Invoice","Pakistan H/S LPR","Credit","","0","0","Affan","413","0"
"6410","2/16/2025 12:00:00 AM","S-5249","Invoice","Al-Khadija Homoeo Store (HYD)","Credit","","0","0","Aaffan","126","0"
"6411","2/16/2025 12:00:00 AM","S-5250","Invoice","Shalimar Homoeo Store LPR","Credit","","0","0","Affan","2962","0"
"6412","2/16/2025 12:00:00 AM","S-5251","Invoice","Noman Homeopathic Store","Credit","","0","0","Affan","2844","0"
"6413","2/16/2025 12:00:00 AM","S-5252","Invoice","Hassan Homeopathic Store","Credit","","0","0","Affan","594","0"
"6414","2/16/2025 12:00:00 AM","S-5253","Invoice","Sheroze H/S Muzzamil ","Credit","","0","0","Affan","700","0"
"6415","2/16/2025 12:00:00 AM","S-5254","Invoice","DR Imran Qureshi (sanger)","Credit","","0 ","0","uasma","2200","0"
"6416","2/16/2025 12:00:00 AM","P-1155","Purchase","DR Imran Qureshi (sanger)","Credit","","0","0","uasma","4200",""
"6417","2/16/2025 12:00:00 AM","P-1156","Purchase","Rafay Homeopathic Store","Credit","","0","0","Affan","1072",""
"6418","2/16/2025 12:00:00 AM","P-1157","Purchase","Rafay Homeopathic Store","Credit","","0","0","Affan","152",""
"6419","2/16/2025 12:00:00 AM","S-5255","Invoice","Cash In Hand","Cash","Cash In Hand","0","0","uasma","1600","0"
"6420","2/17/2025 12:00:00 AM","S-5256","Invoice","Cash In Hand","Cash","Cash In Hand","0","0","uasma","150","0"
"6421","2/17/2025 12:00:00 AM","S-5257","Invoice","Cash In Hand","Cash","Cash In Hand","0","0","Affan","750","0"
"6422","2/17/2025 12:00:00 AM","P-1158","Purchase","GR PVT (isalamabad pharma)","Credit","","0","0","Affan","21600",""
"6423","2/17/2025 12:00:00 AM","P-1159","Purchase","BM Pvt LTD","Credit","","0","00","Affan","31824",""
"6424","2/17/2025 12:00:00 AM","P-1160","Purchase","NP BM (Pvt.) Limited","Credit","","0","0","Affan","3960",""
"6425","2/17/2025 12:00:00 AM","S-5258","Invoice","Cash In Hand","Cash","Cash In Hand","0","0","Affan","1100","0"
"6426","2/17/2025 12:00:00 AM","S-5259","Invoice","Cash In Hand","Cash","Cash In Hand","0","0","Affan","150","0"
"6427","2/17/2025 12:00:00 AM","P-1161","Purchase","Sheroze H/S Muzzamil ","Credit","","0","0","Affan","780",""
"6428","2/17/2025 12:00:00 AM","P-1162","Purchase","Shalimar Homoeo Store LPR","Credit","","0","0","Affan","441",""
"6429","2/17/2025 12:00:00 AM","S-5260","Invoice","Muslim Homoeopathic Store LPR ","Credit","","0","0","Affan","126","0"
"6430","2/17/2025 12:00:00 AM","S-5261","Invoice","Shalimar Homoeo Store LPR","Credit","","0","0","Affan","561","0"
"6431","2/17/2025 12:00:00 AM","S-5262","Invoice","Al-Khadija Homoeo Store (HYD)","Credit","","0","0","Affan","306","0"
"6432","2/17/2025 12:00:00 AM","S-5263","Invoice","Tawaqal Homoeopathic Store","Credit","","0","0","Affan","386","0"
"6433","2/17/2025 12:00:00 AM","S-5264","Invoice","Baba Homoeo Store","Credit","","0","0","Affan","417","0"
"6434","2/17/2025 12:00:00 AM","S-5265","Invoice","Chand Homoeopathic Store","Credit","","0","0","Affan","70","0"
"6435","2/17/2025 12:00:00 AM","S-5266","Invoice","Rafay Homeopathic Store","Credit","","0","0","Affan","2800","0"
"6436","2/17/2025 12:00:00 AM","P-1163","Purchase","German Homeopathic Store (Dr Saqib Khan)","Credit","","0","0","Affan","6000",""
"6437","2/17/2025 12:00:00 AM","S-5267","Invoice","Cash In Hand","Cash","Cash In Hand","0","0","Affan","550","0"
"6438","2/17/2025 12:00:00 AM","S-5268","Invoice","German Homeopathic Store (Dr Saqib Khan)","Credit","","0","0","Affan","2216","0"
"6439","2/17/2025 12:00:00 AM","S-5269","Invoice","Cash In Hand","Cash","Cash In Hand","0","0","Affan","350","0"
"6440","2/17/2025 12:00:00 AM","S-5270","Invoice","Noman Homeopathic Store","Credit","","0","0","Affan","5013","0"
"6441","2/17/2025 12:00:00 AM","S-5271","Invoice","Cash In Hand","Cash","Cash In Hand","0","0","Affan","200","0"
"6442","2/17/2025 12:00:00 AM","S-5272","Invoice","Hassan Homeopathic Store","Credit","","0","0","Affan","3025","0"
"6443","2/17/2025 12:00:00 AM","P-1164","Purchase","Hassan Homeopathic Store","Credit","","0","0","Affan","2338",""
"6444","2/18/2025 12:00:00 AM","S-5273","Invoice","Cash In Hand","Cash","Cash In Hand","0","0","uasma","3200","0"
"6445","2/18/2025 12:00:00 AM","S-5274","Invoice","Cash In Hand","Cash","Cash In Hand","0","0","Affan","400","0"
"6446","2/18/2025 12:00:00 AM","P-1165","Purchase","Paul Brooks Homoeo Lab","Credit","","0","0","Afffan","9999",""
"6447","2/18/2025 12:00:00 AM","P-1166","Purchase","Public Pharma (faisalabad)","Credit","","0","0","Affan","55456",""
"6448","2/18/2025 12:00:00 AM","P-1167","Purchase","Public Pharma (faisalabad)","Credit","","0","0","Affan","12150",""
"6449","2/18/2025 12:00:00 AM","P-1168","Purchase","B.H.P Laboratory (PVT) LTD ","Credit","","0","0","Affan","151950",""
"6450","2/18/2025 12:00:00 AM","S-5275","Invoice","Hamza Sohail H/S (Lajpat Road)","Credit","","0","0","Affan","18814","0"
"6451","2/18/2025 12:00:00 AM","S-5276","Invoice","Hamza Sohail H/S (Lajpat Road)","Credit","","0","0","Affan","13203","0"
"6452","2/18/2025 12:00:00 AM","P-1169","Purchase","Hamza Sohail H/S (Lajpat Road)","Credit","","0","0","Afan","1000",""
"6453","2/18/2025 12:00:00 AM","S-5277","Invoice","Cash In Hand","Cash","Cash In Hand","0","0","Affan","700","0"
"6454","2/18/2025 12:00:00 AM","S-5278","Invoice","Cash In Hand","Cash","Cash In Hand","0","0","Affan","2000","0"
"6455","2/18/2025 12:00:00 AM","S-5279","Invoice","Cash In Hand","Cash","Cash In Hand","0","0","Affan","800","0"
"6456","2/18/2025 12:00:00 AM","S-5280","Invoice","Cash In Hand","Cash","Cash In Hand","0","0","Affan","150","0"
"6457","2/18/2025 12:00:00 AM","S-5281","Invoice","H/Dr.Irfan (T.A)","Credit","","0","0","Affan","3535","0"
"6458","2/18/2025 12:00:00 AM","S-5282","Invoice","Noman Homeopathic Store","Credit","","0","0","Affan","3729","0"
"6459","2/18/2025 12:00:00 AM","S-5283","Invoice","Dua Homoeopathic Store ","Credit","","0","0","Affan","699","0"
"6460","2/18/2025 12:00:00 AM","S-5284","Invoice","Rafay Homeopathic Store","Credit","","0","0","Affan","1218","0"
"6461","2/18/2025 12:00:00 AM","S-5285","Invoice","Mughal H/S","Credit","","0","0","Affan","460","0"
"6462","2/18/2025 12:00:00 AM","S-5286","Invoice","Chand Homoeopathic Store","Credit","","0","0","Affan","150","0"
"6463","2/18/2025 12:00:00 AM","S-5287","Invoice","Sohail Homoeo & Harbal Store","Credit","","0","0","Affan","576","0"
"6464","2/18/2025 12:00:00 AM","S-5288","Invoice","Muslim Homoeopathic Store LPR ","Credit","","0","0","Affan","1138","0"
"6465","2/18/2025 12:00:00 AM","S-5289","Invoice","Sheroze H/S Muzzamil ","Credit","","0","00","Affan","1940","0"
"6466","2/18/2025 12:00:00 AM","S-5290","Invoice","Bilal Homoeopathic Store","Credit","","0","0","Affan","126","0"
"6467","2/18/2025 12:00:00 AM","S-5291","Invoice","Bilal Homoeopathic Store","Credit","","0","0","Affan","715","0"
"6468","2/18/2025 12:00:00 AM","S-5292","Invoice","Dua Homoeopathic Store ","Credit","","0","0","Afffan","632","0"
"6469","2/18/2025 12:00:00 AM","S-5293","Invoice","German Homeopathic Store (Dr Saqib Khan)","Credit","","0","0","Afffan","99","0"
"6470","2/18/2025 12:00:00 AM","S-5294","Invoice","Hassan Homeopathic Store","Credit","","0","0","Affan","3188","0"
"6471","2/18/2025 12:00:00 AM","S-5295","Invoice","Hassan Homeopathic Store","Credit","","0","00","Affan","1388","0"
"6472","2/19/2025 12:00:00 AM","S-5296","Invoice","Cash In Hand","Cash","Cash In Hand","0","04","uasma","200","0"
"6473","2/19/2025 12:00:00 AM","S-5297","Invoice","Cash In Hand","Cash","Cash In Hand","0","0","uasma","1150","0"
"6474","2/19/2025 12:00:00 AM","S-5298","Invoice","Cash In Hand","Cash","Cash In Hand","1","0","uasma","200","0"
"6475","2/19/2025 12:00:00 AM","S-5299","Invoice","Cash In Hand","Cash","Cash In Hand","0","0","usama","600","0"
"6476","2/19/2025 12:00:00 AM","S-5300","Invoice","Cash In Hand","Cash","Cash In Hand","0","0","uasma","550","0"
"6477","2/19/2025 12:00:00 AM","S-5301","Invoice","Cash In Hand","Cash","Cash In Hand","0","0","uasma","650","0"
"6478","2/19/2025 12:00:00 AM","S-5302","Invoice","Cash In Hand","Cash","Cash In Hand","0","0","uasma","2500","0"
"6479","2/19/2025 12:00:00 AM","S-5303","Invoice","Cash In Hand","Cash","Cash In Hand","0","0","sheraz","200","0"
"6480","2/19/2025 12:00:00 AM","S-5304","Invoice","Cash In Hand","Cash","Cash In Hand","0","0","uasma","1300","0"
"6481","2/19/2025 12:00:00 AM","S-5305","Invoice","Cash In Hand","Cash","Cash In Hand","0","0","Affan","600","0"
"6482","2/19/2025 12:00:00 AM","S-5306","Invoice","Tahir Kent SPO","Credit","","0","0","Affan","2838","0"
"6483","2/19/2025 12:00:00 AM","P-1170","Purchase","Hassan Homeopathic Store","Credit","","0","0","Affan","1945",""
"6484","2/19/2025 12:00:00 AM","S-5307","Invoice","Muslim Homoeopathic Store LPR ","Credit","","0","0","Affan","2554","0"
"6485","2/19/2025 12:00:00 AM","S-5308","Invoice","Rafay Homeopathic Store","Credit","","0","0","Afffan","507","0"
"6486","2/19/2025 12:00:00 AM","S-5309","Invoice","Chand Homoeopathic Store","Credit","","0","0","Affan","446","0"
"6487","2/19/2025 12:00:00 AM","S-5310","Invoice","Noman Homeopathic Store","Credit","","0","0","Affan","1824","0"
"6488","2/19/2025 12:00:00 AM","S-5311","Invoice","Sheroze H/S Muzzamil ","Credit","","0","0","Affan","724","0"
"6489","2/19/2025 12:00:00 AM","S-5312","Invoice","Cash In Hand","Cash","Cash In Hand","0","0","Affan","2628","0"
"6490","2/19/2025 12:00:00 AM","S-5313","Invoice","German Homeopathic Store (Dr Saqib Khan)","Credit","","0","0","Affan","1964","0"
"6491","2/19/2025 12:00:00 AM","S-5314","Invoice","Hassan Homeopathic Store","Credit","","0","0","Affan","1176","0"
"6492","2/19/2025 12:00:00 AM","P-1171","Purchase","Hassan Homeopathic Store","Credit","","0","00","Affan","4338",""
"6493","2/19/2025 12:00:00 AM","S-5315","Invoice","Cash In Hand","Cash","Cash In Hand","0","0","Affan","600","0"
"6494","2/20/2025 12:00:00 AM","S-5316","Invoice","Cash In Hand","Cash","Cash In Hand","0","0","sheraz","430","0"
"6495","2/20/2025 12:00:00 AM","S-5317","Invoice","Cash In Hand","Cash","Cash In Hand","0","0","Afaan","1100","0"
"6496","2/20/2025 12:00:00 AM","S-5318","Invoice","Cash In Hand","Cash","Cash In Hand","0","0","Affan","1100","0"
"6497","2/20/2025 12:00:00 AM","S-5319","Invoice","Cash In Hand","Cash","Cash In Hand","0","0","sheraz","1100","0"
"6498","2/20/2025 12:00:00 AM","P-1172","Purchase","Rafay Homeopathic Store","Credit","","0","0","Affan","374",""
"6499","2/20/2025 12:00:00 AM","P-1173","Purchase","German Homeopathic Store (Dr Saqib Khan)","Credit","","0","0","Affan","5390",""
"6500","2/20/2025 12:00:00 AM","P-1174","Purchase","Shalimar Homoeo Store LPR","Credit","","0","0","Affan","569",""
"6501","2/20/2025 12:00:00 AM","S-5320","Invoice","Shalimar Homoeo Store LPR","Credit","","0","0","Affan","435","0"
"6502","2/20/2025 12:00:00 AM","S-5321","Invoice","Pakistan H/S LPR","Credit","","0","0","Affan","606","0"
"6503","2/20/2025 12:00:00 AM","S-5322","Invoice","Muslim Homoeopathic Store LPR ","Credit","","0","0","Affan","198","0"
"6504","2/20/2025 12:00:00 AM","S-5323","Invoice","Rafay Homeopathic Store","Credit","","0","0","Affan","734","0"
"6505","2/20/2025 12:00:00 AM","S-5324","Invoice","Dua Homoeopathic Store ","Credit","","0","0","Affan","260","0"
"6506","2/20/2025 12:00:00 AM","S-5325","Invoice","Bilal Homoeopathic Store","Credit","","0","0","Affan","251","0"
"6507","2/20/2025 12:00:00 AM","S-5326","Invoice","Al-Khadija Homoeo Store (HYD)","Credit","","0","0","Affan","126","0"
"6508","2/20/2025 12:00:00 AM","S-5327","Invoice","Noman Homeopathic Store","Credit","","0","0","Affan","607","0"
"6509","2/20/2025 12:00:00 AM","S-5328","Invoice","Cash In Hand","Cash","Cash In Hand","0","0","Affan","250","0"
"6510","2/20/2025 12:00:00 AM","P-1175","Purchase","Rafay Homeopathic Store","Credit","","0","0","Afan","435",""
"6511","2/20/2025 12:00:00 AM","P-1176","Purchase","Muslim Homoeopathic Store LPR ","Credit","","0","0","Affan","728",""
"6512","2/20/2025 12:00:00 AM","P-1177","Purchase","Tahir Kent SPO","Credit","","0","0","Affan","351",""
"6513","2/20/2025 12:00:00 AM","P-1178","Purchase","Tahir Kent SPO","Credit","","0","0","Affan","83",""
"6514","2/20/2025 12:00:00 AM","S-5329","Invoice","Cash In Hand","Cash","Cash In Hand","0","0","Affan","500","0"
"6515","2/20/2025 12:00:00 AM","S-5330","Invoice","Hassan Homeopathic Store","Credit","","0","0","Affan","790","0"
"6516","2/20/2025 12:00:00 AM","S-5331","Invoice","Cash In Hand","Cash","Cash In Hand","0","0","Affan","350","0"
"6517","2/22/2025 12:00:00 AM","S-5332","Invoice","Cash In Hand","Cash","Cash In Hand","0","0","uasma","400","0"
"6518","2/22/2025 12:00:00 AM","S-5333","Invoice","Cash In Hand","Cash","Cash In Hand","","0","uasma","440","0"
"6519","2/22/2025 12:00:00 AM","S-5334","Invoice","Cash In Hand","Cash","Cash In Hand","0","0","uasma","172","0"
"6520","2/22/2025 12:00:00 AM","S-5335","Invoice","Cash In Hand","Cash","Cash In Hand","0","0","uasma","200","0"
"6521","2/22/2025 12:00:00 AM","S-5336","Invoice","Cash In Hand","Cash","Cash In Hand","0","0","sheraz","330","0"
"6522","2/22/2025 12:00:00 AM","S-5337","Invoice","Cash In Hand","Cash","Cash In Hand","0","0","sheraz","551","0"
"6523","2/22/2025 12:00:00 AM","S-5338","Invoice","Cash In Hand","Cash","Cash In Hand","0","0","usama","900","0"
"6524","2/22/2025 12:00:00 AM","S-5339","Invoice","Cash In Hand","Cash","Cash In Hand","0","0","uasma","472","0"
"6525","2/22/2025 12:00:00 AM","S-5340","Invoice","Dr manzoor Ahmed (Tando Jaam)","Credit","","0","0","Affan","3550","0"
"6526","2/22/2025 12:00:00 AM","S-5341","Invoice","Cash In Hand","Cash","Cash In Hand","0","0","Affan","220","0"
"6527","2/22/2025 12:00:00 AM","S-5342","Invoice","Cash In Hand","Cash","Cash In Hand","0","0","Affan","2460","0"
"6528","2/22/2025 12:00:00 AM","S-5343","Invoice","Cash In Hand","Cash","Cash In Hand","0","0","uasma","995","0"
"6529","2/22/2025 12:00:00 AM","S-5344","Invoice","Cash In Hand","Cash","Cash In Hand","0","0","Affan","950","0"
"6530","2/22/2025 12:00:00 AM","P-1179","Purchase","Al-Khadija Homoeo Store (HYD)","Credit","","0","0","Affan","168",""
"6531","2/22/2025 12:00:00 AM","P-1180","Purchase","Baba Homoeo Store","Credit","","0","0","Affan","41",""
"6532","2/22/2025 12:00:00 AM","P-1181","Purchase","Bilal Homoeopathic Store","Credit","","0","0","Affan","765",""
"6533","2/22/2025 12:00:00 AM","P-1182","Purchase","Chand Homoeopathic Store","Credit","","0","0","Affan7","118",""
"6534","2/22/2025 12:00:00 AM","P-1183","Purchase","Dua Homoeopathic Store ","Credit","","0","0","Affan","700",""
"6535","2/22/2025 12:00:00 AM","P-1184","Purchase","Jameel H/S LPR","Credit","","0","0","Affan","45",""
"6536","2/22/2025 12:00:00 AM","P-1185","Purchase","Mughal H/S","Credit","","0","0","Affan","33",""
"6537","2/22/2025 12:00:00 AM","P-1186","Purchase","Pakistan H/S LPR","Credit","","0","0","Affan","6",""
"6538","2/22/2025 12:00:00 AM","P-1187","Purchase","Shalimar Homoeo Store LPR","Credit","","0","0","Affan","5",""
"6539","2/22/2025 12:00:00 AM","P-1188","Purchase","Sheroze H/S Muzzamil ","Credit","","0","0","Affan","4",""
"6540","2/22/2025 12:00:00 AM","P-1189","Purchase","Sohail Homoeo & Harbal Store","Credit","","0","0","Affan","8",""
"6541","2/22/2025 12:00:00 AM","S-5345","Invoice","Hassan Homeopathic Store","Credit","","0","0","Affan","372","0"
"6542","2/22/2025 12:00:00 AM","S-5346","Invoice","German Homeopathic Store (Dr Saqib Khan)","Credit","","0","0","Affan","165","0"
"6543","2/22/2025 12:00:00 AM","P-1190","Purchase","Tawaqal Homoeopathic Store","Credit","","0","0","Affan","643",""
"6544","2/22/2025 12:00:00 AM","S-5347","Invoice","Dua Homoeopathic Store ","Credit","","0","0","Afffan","161","0"
"6545","2/22/2025 12:00:00 AM","S-5348","Invoice","Rafay Homeopathic Store","Credit","","0","0","Affan","1665","0"
"6546","2/22/2025 12:00:00 AM","S-5349","Invoice","Al-Khadija Homoeo Store (HYD)","Credit","","0","0","Affan","208","0"
"6547","2/22/2025 12:00:00 AM","S-5350","Invoice","Noman Homeopathic Store","Credit","","0","0","Affan","6041","0"
"6548","2/22/2025 12:00:00 AM","S-5351","Invoice","Mughal H/S","Credit","","0","0","Affan","126","0"
"6549","2/22/2025 12:00:00 AM","S-5352","Invoice","Tawaqal Homoeopathic Store","Credit","","0","0","Affan","330","0"
"6550","2/22/2025 12:00:00 AM","S-5353","Invoice","Sheroze H/S Muzzamil ","Credit","","0","0","Affan","668","0"
"6551","2/22/2025 12:00:00 AM","S-5354","Invoice","Chand Homoeopathic Store","Credit","","0","0","Affan","493","0"
"6552","2/22/2025 12:00:00 AM","S-5355","Invoice","Hassan Homeopathic Store","Credit","","0","0","Affan","903","0"
"6553","2/22/2025 12:00:00 AM","S-5356","Invoice","German Homeopathic Store (Dr Saqib Khan)","Credit","","0","0","Affan","6573","0"
"6554","2/22/2025 12:00:00 AM","S-5357","Invoice","Dua Homoeopathic Store ","Credit","","0","0","Affan","472","0"
"6555","2/22/2025 12:00:00 AM","P-1191","Purchase","Cash In Hand","Credit","","0","0","sheraz","1580",""
"6556","2/22/2025 12:00:00 AM","S-5358","Invoice","Cash In Hand","Credit","","0","0","sheraz","1580","0"
"6557","2/22/2025 12:00:00 AM","P-1192","Purchase","Cash In Hand","Cash","Cash In Hand","0","0","sheraz","1580",""
"6558","2/22/2025 12:00:00 AM","P-1193","Purchase","Hassan Homeopathic Store","Credit","","0","0","Affan","1025",""
"6559","2/22/2025 12:00:00 AM","P-1194","Purchase","Rafay Homeopathic Store","Credit","","0","0","Aaffan","870",""
"6560","2/22/2025 12:00:00 AM","P-1195","Purchase","Sheroze H/S Muzzamil ","Credit","","0","0","Affan","472",""
"6561","2/22/2025 12:00:00 AM","S-5359","Invoice","Cash In Hand","Cash","Cash In Hand","0","0","sheraz","300","0"
"6562","2/23/2025 12:00:00 AM","S-5360","Invoice","Cash In Hand","Cash","Cash In Hand","0","0","uasma","1300","0"
"6563","2/23/2025 12:00:00 AM","S-5361","Invoice","DR BASHIR KHAMBO","Credit","","0","0","usama","5183","0"
"6564","2/23/2025 12:00:00 AM","P-1196","Purchase","Cash In Hand","Credit","","0","0","uasma","200",""
"6565","2/23/2025 12:00:00 AM","P-1197","Purchase","DR BASHIR KHAMBO","Cash","Cash In Hand","0","0","uasma","200",""
"6566","2/23/2025 12:00:00 AM","S-5362","Invoice","Cash In Hand","Cash","Cash In Hand","0","0","uasma","648","0"
"6567","2/23/2025 12:00:00 AM","S-5363","Invoice","Cash In Hand","Cash","Cash In Hand","0","0","sheraz","2692","0"
"6568","2/23/2025 12:00:00 AM","S-5364","Invoice","Cash In Hand","Cash","Cash In Hand","0","0","sheraz","540","0"
"6569","2/23/2025 12:00:00 AM","S-5365","Invoice","Cash In Hand","Cash","Cash In Hand","0","0","sheraz","600","0"
"6570","2/23/2025 12:00:00 AM","S-5366","Invoice","Cash In Hand","Cash","Cash In Hand","0","0","sheraz","400","0"
"6571","2/23/2025 12:00:00 AM","S-5367","Invoice","Cash In Hand","Cash","Cash In Hand","0","0","uasma","24583","0"
"6572","2/23/2025 12:00:00 AM","S-5368","Invoice","Cash In Hand","Cash","Cash In Hand","0","0","uasma","450","0"
"6573","2/23/2025 12:00:00 AM","S-5369","Invoice","Cash In Hand","Cash","Cash In Hand","0","0","uasma","350","0"
"6574","2/23/2025 12:00:00 AM","S-5370","Invoice","Noman Homeopathic Store","Credit","","0","0","uasma","2943","0"
"6575","2/23/2025 12:00:00 AM","S-5371","Invoice","Hassan Homeopathic Store","Credit","","0","0","uasma","447","0"
"6576","2/23/2025 12:00:00 AM","S-5372","Invoice","Muslim Homoeopathic Store LPR ","Credit","","0","0","uasma","1847","0"
"6577","2/23/2025 12:00:00 AM","S-5373","Invoice","Tawaqal Homoeopathic Store","Credit","","0","0","usama","350","0"
"6578","2/23/2025 12:00:00 AM","S-5374","Invoice","Dua Homoeopathic Store ","Credit","","0","0","usama","209","0"
"6579","2/23/2025 12:00:00 AM","S-5375","Invoice","German Homeopathic Store (Dr Saqib Khan)","Credit","","0","0","uasama","1595","0"
"6580","2/23/2025 12:00:00 AM","S-5376","Invoice","Rafay Homeopathic Store","Credit","","0","0","usama","342","0"
"6581","2/23/2025 12:00:00 AM","S-5377","Invoice","Cash In Hand","Cash","Cash In Hand","0","0","uasama","450","0"
"6582","2/23/2025 12:00:00 AM","S-5378","Invoice","Cash In Hand","Cash","Cash In Hand","0","0","uasama","600","0"
"6583","2/23/2025 12:00:00 AM","S-5379","Invoice","Cash In Hand","Cash","Cash In Hand","0","0","usama","1000","0"
"6584","2/24/2025 12:00:00 AM","S-5380","Invoice","Cash In Hand","Cash","Cash In Hand","0","0","uasama","300","0"
"6585","2/24/2025 12:00:00 AM","S-5381","Invoice","Cash In Hand","Cash","Cash In Hand","0","0","uasama","500","0"
"6586","2/24/2025 12:00:00 AM","S-5382","Invoice","Cash In Hand","Cash","Cash In Hand","0","0","uasama","998","0"
"6587","2/24/2025 12:00:00 AM","S-5383","Invoice","Cash In Hand","Cash","Cash In Hand","0","0","usama","3089","0"
"6588","2/24/2025 12:00:00 AM","S-5384","Invoice","Cash In Hand","Cash","Cash In Hand","0","0","usama","270","0"
"6589","2/24/2025 12:00:00 AM","S-5385","Invoice","Cash In Hand","Cash","Cash In Hand","0","0","usama","200","0"
"6590","2/24/2025 12:00:00 AM","S-5386","Invoice","Cash In Hand","Cash","Cash In Hand","0","0","uasama","878","0"
"6591","2/24/2025 12:00:00 AM","P-1198","Purchase","Hassan Homeopathic Store","Credit","","0","0","Affan","485",""
"6592","2/24/2025 12:00:00 AM","S-5387","Invoice","Cash In Hand","Cash","Cash In Hand","0","0","usama","500","0"
"6593","2/24/2025 12:00:00 AM","S-5388","Invoice","Cash In Hand","Cash","Cash In Hand","0","0","usama","300","0"
"6594","2/24/2025 12:00:00 AM","S-5389","Invoice","Cash In Hand","Cash","Cash In Hand","0","0","usama","900","0"
"6595","2/24/2025 12:00:00 AM","S-5390","Invoice","Cash In Hand","Cash","Cash In Hand","0","0","usama","2100","0"
"6596","2/24/2025 12:00:00 AM","S-5391","Invoice","Cash In Hand","Cash","Cash In Hand","0","0","usama","600","0"
"6597","2/24/2025 12:00:00 AM","S-5392","Invoice","Cash In Hand","Cash","Cash In Hand","0","0","usama","1100","0"
"6598","2/24/2025 12:00:00 AM","S-5393","Invoice","Tahir Kent SPO","Credit","","0","0","Affan","1600","0"
"6599","2/24/2025 12:00:00 AM","S-5394","Invoice","Noman Homeopathic Store","Credit","","0","0","Affan","413","0"
"6600","2/24/2025 12:00:00 AM","S-5395","Invoice","German Homeopathic Store (Dr Saqib Khan)","Credit","","0","0","Affan","2020","0"
"6601","2/24/2025 12:00:00 AM","S-5396","Invoice","Rafay Homeopathic Store","Credit","","0","0","Affan","1718","0"
"6602","2/24/2025 12:00:00 AM","S-5397","Invoice","Bilal Homoeopathic Store","Credit","","0","0","Affan","378","0"
"6603","2/24/2025 12:00:00 AM","S-5398","Invoice","Chand Homoeopathic Store","Credit","","0","0","Aaffan","158","0"
"6604","2/24/2025 12:00:00 AM","S-5399","Invoice","Al-Khadija Homoeo Store (HYD)","Credit","","0","0","Affan","126","0"
"6605","2/24/2025 12:00:00 AM","S-5400","Invoice","Tawaqal Homoeopathic Store","Credit","","0","0","Affan","544","0"
"6606","2/24/2025 12:00:00 AM","S-5401","Invoice","Sohail Homoeo & Harbal Store","Credit","","0","0","Affan","228","0"
"6607","2/24/2025 12:00:00 AM","S-5402","Invoice","Jameel H/S LPR","Credit","","0","0","Affan","446","0"
"6608","2/24/2025 12:00:00 AM","S-5403","Invoice","Muslim Homoeopathic Store LPR ","Credit","","0","0","Affan","161","0"
"6609","2/24/2025 12:00:00 AM","S-5404","Invoice","Hassan Homeopathic Store","Credit","","0","0","Affaana","8116","0"
"6610","2/24/2025 12:00:00 AM","S-5405","Invoice","Al-Fareed H/S DR Hader Garwar","Credit","","0","0","Affan","12525","0"
"6611","2/24/2025 12:00:00 AM","P-1199","Purchase","Bilal Homoeopathic Store","Credit","","0","0","Affan","700",""
"6612","2/24/2025 12:00:00 AM","S-5406","Invoice","Cash In Hand","Cash","Cash In Hand","0","0","Afan","200","0"
"6613","2/24/2025 12:00:00 AM","P-1200","Purchase","Muslim Homoeopathic Store LPR ","Credit","","","00","Affan4","1429",""
"6614","2/24/2025 12:00:00 AM","S-5407","Invoice","Hassan Homeopathic Store","Credit","","0","0","Afan","2082","0"
"6615","2/24/2025 12:00:00 AM","S-5408","Invoice","Cash In Hand","Cash","Cash In Hand","0","0","uasama","750","0"
"6616","2/24/2025 12:00:00 AM","P-1201","Purchase","German Homeopathic Store (Dr Saqib Khan)","Credit","","0","0","Affan","4906",""
"6617","2/24/2025 12:00:00 AM","P-1202","Purchase","German Homeopathic Store (Dr Saqib Khan)","Credit","","0","0","Affan","372",""
"6618","2/24/2025 12:00:00 AM","P-1203","Purchase","Hassan Homeopathic Store","Credit","","0","0","Affan","1950",""
"6619","2/24/2025 12:00:00 AM","P-1204","Purchase","Hassan Homeopathic Store","Credit","","0","0","Affan","180",""
"6620","2/25/2025 12:00:00 AM","S-5409","Invoice","Cash In Hand","Cash","Cash In Hand","0","0","sheraz","450","0"
"6621","2/25/2025 12:00:00 AM","S-5410","Invoice","DR Jabbar (Tando Jaam)","Credit","","0","0","uasama","5400","0"
"6622","2/25/2025 12:00:00 AM","S-5411","Invoice","Cash In Hand","Cash","Cash In Hand","0","0","uasama","450","0"
"6623","2/25/2025 12:00:00 AM","P-1205","Purchase","Cash In Hand","Cash","Cash In Hand","0","0","Afan","300",""
"6624","2/25/2025 12:00:00 AM","S-5412","Invoice","Cash In Hand","Cash","Cash In Hand","0","0","Affan","700","0"
"6625","2/25/2025 12:00:00 AM","S-5413","Invoice","Cash In Hand","Cash","Cash In Hand","0","0","Affan","800","0"
"6626","2/25/2025 12:00:00 AM","S-5414","Invoice","Cash In Hand","Cash","Cash In Hand","0","0","sheraz","1300","0"
"6627","2/25/2025 12:00:00 AM","S-5415","Invoice","Cash In Hand","Cash","Cash In Hand","0","0","Affan","150","0"
"6628","2/25/2025 12:00:00 AM","S-5416","Invoice","Sohail Homoeo & Harbal Store","Credit","","0","00","Affan","2163","0"
"6629","2/25/2025 12:00:00 AM","P-1206","Purchase","Sohail Homoeo & Harbal Store","Credit","","0","00000","usama","2160",""
"6630","2/25/2025 12:00:00 AM","S-5417","Invoice","Cash In Hand","Cash","Cash In Hand","0","0","Affan","420","0"
"6631","2/25/2025 12:00:00 AM","S-5418","Invoice","Cash In Hand","Cash","Cash In Hand","0","0","Affan","2200","0"
"6632","2/25/2025 12:00:00 AM","S-5419","Invoice","Cash In Hand","Cash","Cash In Hand","0","00","Affan","1400","0"
"6633","2/25/2025 12:00:00 AM","S-5420","Invoice","Cash In Hand","Cash","Cash In Hand","0","0","Affan","270","0"
"6634","2/25/2025 12:00:00 AM","S-5421","Invoice","Cash In Hand","Cash","Cash In Hand","0","0","sheraz","300","0"
"6635","2/25/2025 12:00:00 AM","P-1207","Purchase","DR Jabbar (Tando Jaam)","Credit","","0","0","Affan","1350",""
"6636","2/25/2025 12:00:00 AM","S-5422","Invoice","Dr manzoor Ahmed (Tando Jaam)","Credit","","0","0","Affan","1462","0"
"6637","2/25/2025 12:00:00 AM","S-5423","Invoice","Cash In Hand","Cash","Cash In Hand","0","0","Affan","200","0"
"6638","2/25/2025 12:00:00 AM","S-5424","Invoice","Cash In Hand","Cash","Cash In Hand","0","0","uasama","200","0"
"6639","2/25/2025 12:00:00 AM","S-5425","Invoice","Cash In Hand","Cash","Cash In Hand","0","0","uasama","600","0"
"6640","2/25/2025 12:00:00 AM","S-5426","Invoice","Dua Homoeopathic Store ","Credit","","0","0","Affan","3380","0"
"6641","2/25/2025 12:00:00 AM","S-5427","Invoice","Muslim Homoeopathic Store LPR ","Credit","","0","0","Affan","570","0"
"6642","2/25/2025 12:00:00 AM","S-5428","Invoice","Rafay Homeopathic Store","Credit","","0","0","Affan","110","0"
"6643","2/25/2025 12:00:00 AM","S-5429","Invoice","German Homeopathic Store (Dr Saqib Khan)","Credit","","0","0","Affan","3641","0"
"6644","2/25/2025 12:00:00 AM","S-5430","Invoice","Noman Homeopathic Store","Credit","","0","0","Affan","796","0"
"6645","2/25/2025 12:00:00 AM","S-5431","Invoice","Cash In Hand","Cash","Cash In Hand","0","0","uasama","200","0"
"6646","2/25/2025 12:00:00 AM","S-5432","Invoice","Chand Homoeopathic Store","Credit","","0","0","Affan","460","0"
"6647","2/25/2025 12:00:00 AM","S-5433","Invoice","Hassan Homeopathic Store","Credit","","0","0","Affan","4285","0"
"6648","2/25/2025 12:00:00 AM","S-5434","Invoice","Cash In Hand","Cash","Cash In Hand","0","0","Affa n","1200","0"
"6649","2/25/2025 12:00:00 AM","S-5435","Invoice","Cash In Hand","Cash","Cash In Hand","0","0","Affan","100","0"
"6650","2/25/2025 12:00:00 AM","S-5436","Invoice","Cash In Hand","Cash","Cash In Hand","0","0","Affan","150","0"
"6651","2/25/2025 12:00:00 AM","S-5437","Invoice","German Homeopathic Store (Dr Saqib Khan)","Credit","","0","0","Affan","1200","0"
"6652","2/25/2025 12:00:00 AM","S-5438","Invoice","Cash In Hand","Cash","Cash In Hand","0","0","Affan","300","0"
"6653","2/25/2025 12:00:00 AM","P-1208","Purchase","Rafay Homeopathic Store","Credit","","0","0","Affan","265",""
"6654","2/25/2025 12:00:00 AM","P-1209","Purchase","German Homeopathic Store (Dr Saqib Khan)","Credit","","0","0","Affan","1600",""
"6655","2/25/2025 12:00:00 AM","P-1210","Purchase","Hassan Homeopathic Store","Credit","","0","0","Affan","1884",""
"6656","2/25/2025 12:00:00 AM","S-5439","Invoice","Cash In Hand","Cash","Cash In Hand","0","0","uasama","126","0"
"6657","2/26/2025 12:00:00 AM","S-5440","Invoice","Cash In Hand","Cash","Cash In Hand","0","0","uasama","3900","0"
"6658","2/26/2025 12:00:00 AM","S-5441","Invoice","Shahid Medical Store (Chambar)","Cash","Cash In Hand","0","0","uasama","1923","0"
"6659","2/26/2025 12:00:00 AM","S-5442","Invoice","Cash In Hand","Credit","","0","0","sheraz","1050","0"
"6660","2/26/2025 12:00:00 AM","S-5443","Invoice","Cash In Hand","Cash","Cash In Hand","0","0","Affan","600","0"
"6661","2/26/2025 12:00:00 AM","S-5444","Invoice","Cash In Hand","Cash","Cash In Hand","0","0","Affan","1200","0"
"6662","2/26/2025 12:00:00 AM","P-1211","Purchase","Cash In Hand","Credit","","0","0","sheraz","1580",""
"6663","2/26/2025 12:00:00 AM","P-1212","Purchase","Cash In Hand","Cash","Cash In Hand","0","0","usama","1580",""
"6664","2/26/2025 12:00:00 AM","S-5445","Invoice","Dr manzoor Ahmed (Tando Jaam)","Credit","","0","0","uasama","8739","0"
"6665","2/26/2025 12:00:00 AM","S-5446","Invoice","Cash In Hand","Cash","Cash In Hand","0","0","Affan","300","0"
"6666","2/26/2025 12:00:00 AM","S-5447","Invoice","Rafay H/S (Larkana)DR Abdul Malik","Credit","","0","0","Affan","10329","0"
"6667","2/26/2025 12:00:00 AM","S-5448","Invoice","Memon H/S (Herabad)","Credit","","0","0","Affan","4254","0"
"6668","2/26/2025 12:00:00 AM","P-1213","Purchase","BM Pvt LTD","Credit","","0","0","Affan","17340",""
"6669","2/26/2025 12:00:00 AM","P-1214","Purchase","Haji Sawan","Credit","","0","0","Affan","250",""
"6670","2/26/2025 12:00:00 AM","S-5449","Invoice","Cash In Hand","Cash","Cash In Hand","0","0","Affan","1150","0"
"6671","2/26/2025 12:00:00 AM","S-5450","Invoice","Cash In Hand","Cash","Cash In Hand","0","0","Affan","650","0"
"6672","2/26/2025 12:00:00 AM","S-5451","Invoice","Cash In Hand","Cash","Cash In Hand","0","0","Affan","555","0"
"6673","2/26/2025 12:00:00 AM","S-5452","Invoice","Dr Akram (Rehman Clinic) (Shahdadpure)","Credit","","0","0","Affan","2765","0"
"6674","2/26/2025 12:00:00 AM","S-5453","Invoice","H/Dr.Irfan (T.A)","Credit","","0","0","Affan","5275","0"
"6675","2/26/2025 12:00:00 AM","S-5454","Invoice","Dr Shabbir (Odero Lal)","Credit","","0","0","Affan","13470","0"
"6676","2/26/2025 12:00:00 AM","S-5455","Invoice","Dr Shabbir (Odero Lal)","Credit","","0","0","Affan","3500","0"
"6677","2/26/2025 12:00:00 AM","P-1215","Purchase","Cash In Hand","Cash","Cash In Hand","0","0","sheraz","1800",""
"6678","2/26/2025 12:00:00 AM","S-5456","Invoice","Pakistan H/S LPR","Credit","","0","0","Affan","117","0"
"6679","2/26/2025 12:00:00 AM","S-5457","Invoice","Sohail Homoeo & Harbal Store","Credit","","0","0","Affan","299","0"
"6680","2/26/2025 12:00:00 AM","S-5458","Invoice","Rafay Homeopathic Store","Credit","","0","0","Affan","516","0"
"6681","2/26/2025 12:00:00 AM","S-5459","Invoice","Muslim Homoeopathic Store LPR ","Credit","","0","0","Afam","632","0"
"6682","2/26/2025 12:00:00 AM","S-5460","Invoice","Noman Homeopathic Store","Credit","","0","0","Affan","1658","0"
"6683","2/26/2025 12:00:00 AM","S-5461","Invoice","Dua Homoeopathic Store ","Credit","","0","0","Affan","1454","0"
"6684","2/26/2025 12:00:00 AM","S-5462","Invoice","Sheroze H/S Muzzamil ","Credit","","0","0","Affan","1230","0"
"6685","2/26/2025 12:00:00 AM","S-5463","Invoice","Bilal Homoeopathic Store","Credit","","","0","Affa n","232","0"
"6686","2/26/2025 12:00:00 AM","S-5464","Invoice","Jameel H/S LPR","Credit","","0","0","Affan","539","0"
"6687","2/26/2025 12:00:00 AM","S-5465","Invoice","Hassan Homeopathic Store","Credit","","0","0","Affan","1765","0"
"6688","2/26/2025 12:00:00 AM","S-5466","Invoice","German Homeopathic Store (Dr Saqib Khan)","Credit","","0","0","Afan","1724","0"
"6689","2/26/2025 12:00:00 AM","S-5467","Invoice","Cash In Hand","Cash","Cash In Hand","0","0","Affan","1700","0"
"6690","2/26/2025 12:00:00 AM","S-5468","Invoice","Cash In Hand","Cash","Cash In Hand","0","0","Affan","890","0"
"6691","2/26/2025 12:00:00 AM","S-5469","Invoice","Cash In Hand","Cash","Cash In Hand","0","0","Affan","200","0"
"6692","2/26/2025 12:00:00 AM","S-5470","Invoice","Cash In Hand","Cash","Cash In Hand","0","0","usama","280","0"
"6693","2/26/2025 12:00:00 AM","P-1216","Purchase","Hassan Homeopathic Store","Credit","","0","0","Affan","4834",""
"6694","2/27/2025 12:00:00 AM","S-5471","Invoice","Cash In Hand","Cash","Cash In Hand","0","0","usama","1680","0"
"6695","2/27/2025 12:00:00 AM","S-5472","Invoice","Cash In Hand","Cash","Cash In Hand","0","0","sheraz","350","0"
"6696","2/27/2025 12:00:00 AM","S-5473","Invoice","Cash In Hand","Cash","Cash In Hand","0","0","sheraz","300","0"
"6697","2/27/2025 12:00:00 AM","S-5474","Invoice","Cash In Hand","Cash","Cash In Hand","0","0","usama","150","0"
"6698","2/27/2025 12:00:00 AM","S-5475","Invoice","Cash In Hand","Cash","Cash In Hand","0"," none"," usama","200","0"
"6699","2/27/2025 12:00:00 AM","S-5476","Invoice","Cash In Hand","Cash","Cash In Hand","0","0","raza","1000","0"
"6700","2/27/2025 12:00:00 AM","S-5477","Invoice","Cash In Hand","Cash","Cash In Hand","0","0","raza","100","0"
"6701","2/27/2025 12:00:00 AM","S-5478","Invoice","Cash In Hand","Cash","Cash In Hand","0","0","raza","350","0"
"6702","2/27/2025 12:00:00 AM","S-5479","Invoice","Rafay Homeopathic Store","Credit","","0","0","Affan","138","0"
"6703","2/27/2025 12:00:00 AM","P-1217","Purchase","German Homeopathic Store (Dr Saqib Khan)","Credit","","0","0","Affan","1400",""
"6704","2/27/2025 12:00:00 AM","P-1218","Purchase","Rafay Homeopathic Store","Credit","","","0","Affan","1650",""
"6705","2/27/2025 12:00:00 AM","S-5480","Invoice","Sohail Homoeo & Harbal Store","Credit","","0","0","Affan","842","0"
"6706","2/27/2025 12:00:00 AM","S-5481","Invoice","Bilal Homoeopathic Store","Credit","","0","0","Affan","126","0"
"6707","2/27/2025 12:00:00 AM","S-5482","Invoice","Muslim Homoeopathic Store LPR ","Credit","","0","0","Affan","538","0"
"6708","2/27/2025 12:00:00 AM","S-5483","Invoice","Cash In Hand","Cash","Cash In Hand","0","0","Affan","200","0"
"6709","2/27/2025 12:00:00 AM","S-5484","Invoice","Tawaqal Homoeopathic Store","Credit","","","0","Affan","678","0"
"6710","2/27/2025 12:00:00 AM","S-5485","Invoice","Noman Homeopathic Store","Credit","","0","0","Affan7","5500","0"
"6711","2/27/2025 12:00:00 AM","S-5486","Invoice","Hassan Homeopathic Store","Credit","","0","0","Affan","3486","0"
"6712","2/27/2025 12:00:00 AM","S-5487","Invoice","German Homeopathic Store (Dr Saqib Khan)","Credit","","0","0","Aff\an","741","0"
"6713","2/27/2025 12:00:00 AM","S-5488","Invoice","Cash In Hand","Cash","Cash In Hand","0","0","Affan","530","0"
"6714","2/27/2025 12:00:00 AM","S-5489","Invoice","Cash In Hand","Cash","Cash In Hand","0","0","Affn","250","0"
"6715","2/27/2025 12:00:00 AM","P-1219","Purchase","Hassan Homeopathic Store","Credit","","0","0","Affan","750",""
"6716","2/27/2025 12:00:00 AM","S-5490","Invoice","Cash In Hand","Cash","Cash In Hand","0","0","Affan","9500","0"
"6717","2/27/2025 12:00:00 AM","S-5491","Invoice","Cash In Hand","Cash","Cash In Hand","0","0","usama","700","0"
"6718","2/27/2025 12:00:00 AM","S-5492","Invoice","Cash In Hand","Cash","Cash In Hand","0","0","uasama","500","0"
"6719","2/27/2025 12:00:00 AM","P-1220","Purchase","Cash In Hand","Cash","Cash In Hand","0","0","usama","850",""
"6720","3/1/2025 12:00:00 AM","S-5493","Invoice","Cash In Hand","Cash","Cash In Hand","0","0","usama","550","0"
"6721","3/1/2025 12:00:00 AM","S-5494","Invoice","Cash In Hand","Cash","Cash In Hand","0","0","uasama","200","0"
"6722","3/1/2025 12:00:00 AM","S-5495","Invoice","Cash In Hand","Cash","Cash In Hand","0","0","usama","330","0"
"6723","3/1/2025 12:00:00 AM","S-5496","Invoice","Cash In Hand","Cash","Cash In Hand","0","0","sheraz","450","0"
"6724","3/1/2025 12:00:00 AM","S-5497","Invoice","Cash In Hand","Cash","Cash In Hand","0","0","uasama","250","0"
"6725","3/1/2025 12:00:00 AM","S-5498","Invoice","Cash In Hand","Cash","Cash In Hand","0","0","sheraz","5540","0"
"6726","3/1/2025 12:00:00 AM","S-5499","Invoice","Cash In Hand","Cash","Cash In Hand","0","0","usama","3000","0"
"6727","3/1/2025 12:00:00 AM","S-5500","Invoice","Cash In Hand","Cash","Cash In Hand","0","0","Affan","2768","0"
"6728","3/1/2025 12:00:00 AM","S-5501","Invoice","Cash In Hand","Cash","Cash In Hand","0","0","usama","1300","0"
"6729","3/1/2025 12:00:00 AM","S-5502","Invoice","Cash In Hand","Cash","Cash In Hand","0","0","uasama","1250","0"
"6730","3/1/2025 12:00:00 AM","S-5503","Invoice","Cash In Hand","Cash","Cash In Hand","0","0","uasama","750","0"
"6731","3/1/2025 12:00:00 AM","S-5504","Invoice","Cash In Hand","Cash","Cash In Hand","0","00","Affan","4757","0"
"6732","3/1/2025 12:00:00 AM","S-5505","Invoice","Cash In Hand","Cash","Cash In Hand","0","0","Affan","400","0"
"6733","3/1/2025 12:00:00 AM","S-5506","Invoice","Cash In Hand","Cash","Cash In Hand","0","0","Affan","200","0"
"6734","3/1/2025 12:00:00 AM","S-5507","Invoice","Cash In Hand","Cash","Cash In Hand","0","0","Affan","450","0"
"6735","3/1/2025 12:00:00 AM","S-5508","Invoice","Cash In Hand","Cash","Cash In Hand","0","0","usama","2200","0"
"6736","3/1/2025 12:00:00 AM","S-5509","Invoice","Cash In Hand","Cash","Cash In Hand","0","0","Afaan","350","0"
"6737","3/1/2025 12:00:00 AM","P-1221","Purchase","Sheroze H/S Muzzamil ","Credit","","0","0","Affan","1226",""
"6738","3/1/2025 12:00:00 AM","P-1222","Purchase","Sohail Homoeo & Harbal Store","Credit","","0","0","Affan","132",""
"6739","3/1/2025 12:00:00 AM","S-5510","Invoice","Pakistan H/S LPR","Credit","","0","0","Affan","126","0"
"6740","3/1/2025 12:00:00 AM","S-5511","Invoice","Sohail Homoeo & Harbal Store","Credit","","0","0","Aff\an","1008","0"
"6741","3/1/2025 12:00:00 AM","S-5512","Invoice","Rafay Homeopathic Store","Credit","","","0","Affan","314","0"
"6742","3/1/2025 12:00:00 AM","S-5513","Invoice","Dua Homoeopathic Store ","Credit","","0","0","Affan","126","0"
"6743","3/1/2025 12:00:00 AM","S-5514","Invoice","Baba Homoeo Store","Credit","","0","0","Affan","253","0"
"6744","3/1/2025 12:00:00 AM","S-5515","Invoice","German Homeopathic Store (Dr Saqib Khan)","Credit","","00","0","Afaan","1735","0"
"6745","3/1/2025 12:00:00 AM","S-5516","Invoice","Noman Homeopathic Store","Credit","","0","0","Affan","2901","0"
"6746","3/1/2025 12:00:00 AM","S-5517","Invoice","Tawaqal Homoeopathic Store","Credit","","0","0","Affan","175","0"
"6747","3/1/2025 12:00:00 AM","S-5518","Invoice","Hassan Homeopathic Store","Credit","","","0","Affan","2578","0"
"6748","3/1/2025 12:00:00 AM","S-5519","Invoice","Sheroze H/S Muzzamil ","Credit","","0","0","Affan","876","0"
"6749","3/1/2025 12:00:00 AM","S-5520","Invoice","German Homeopathic Store (Dr Saqib Khan)","Credit","","0","0","Affsn","734","0"
"6750","3/1/2025 12:00:00 AM","P-1223","Purchase","Hassan Homeopathic Store","Credit","","0","0","Affan","1512",""
"6751","3/1/2025 12:00:00 AM","P-1224","Purchase","German Homeopathic Store (Dr Saqib Khan)","Credit","","0","0","Affan","700",""
"6752","3/1/2025 12:00:00 AM","P-1225","Purchase","Sohail Homoeo & Harbal Store","Credit","","0","0","Affan","897",""
"6753","3/2/2025 12:00:00 AM","S-5521","Invoice","Cash In Hand","Cash","Cash In Hand","0","0","uasama","1755","0"
"6754","3/2/2025 12:00:00 AM","S-5522","Invoice","Cash In Hand","Cash","Cash In Hand","0","0","uasama","1008","0"
"6755","3/2/2025 12:00:00 AM","S-5523","Invoice","Cash In Hand","Cash","Cash In Hand","0","0","sheraz","200","0"
"6756","3/2/2025 12:00:00 AM","S-5524","Invoice","Muslim Homoeopathic Store LPR ","Credit","","0","0","usama","4910","0"
"6757","3/2/2025 12:00:00 AM","S-5525","Invoice","Rafay Homeopathic Store","Credit","","0","0","uasama","2566","0"
"6758","3/2/2025 12:00:00 AM","S-5526","Invoice","Cash In Hand","Cash","Cash In Hand","0","0","sheraz","200","0"
"6759","3/2/2025 12:00:00 AM","S-5527","Invoice","Cash In Hand","Cash","Cash In Hand","0","0","sheraz","150","0"
"6760","3/2/2025 12:00:00 AM","S-5528","Invoice","Cash In Hand","Cash","Cash In Hand","0","0","usama","2400","0"
"6761","3/2/2025 12:00:00 AM","S-5529","Invoice","Noman Homeopathic Store","Credit","","0","0","usama","1060","0"
"6762","3/2/2025 12:00:00 AM","S-5530","Invoice","Baba Homoeo Store","Credit","","0","0","usama","798","0"
"6763","3/2/2025 12:00:00 AM","S-5531","Invoice","Tawaqal Homoeopathic Store","Credit","","0","0","usama","820","0"
"6764","3/2/2025 12:00:00 AM","S-5532","Invoice","Jameel H/S LPR","Credit","","0","0","usama","195","0"
"6765","3/2/2025 12:00:00 AM","S-5533","Invoice","Cash In Hand","Cash","Cash In Hand","0","0","usama","700","0"
"6766","3/3/2025 12:00:00 AM","S-5534","Invoice","Cash In Hand","Cash","Cash In Hand","0","0","sheraz","930","0"
"6767","3/3/2025 12:00:00 AM","S-5535","Invoice","Cash In Hand","Cash","Cash In Hand","0","0","sheraz","1200","0"
"6768","3/3/2025 12:00:00 AM","S-5536","Invoice","Dr Sarwar (0341- 3486614)","Credit","","0","0","usama","28088","0"
"6769","3/3/2025 12:00:00 AM","S-5537","Invoice","Cash In Hand","Cash","Cash In Hand","0","0","Affan","100","0"
"6770","3/3/2025 12:00:00 AM","S-5538","Invoice","Dr Sarwar (0341- 3486614)","Credit","","0","00","Affan","2709","0"
"6771","3/3/2025 12:00:00 AM","S-5539","Invoice","Dr Sarwar (0341- 3486614)","Credit","","0","0","Affan","790","0"
"6772","3/3/2025 12:00:00 AM","P-1226","Purchase","Sheroze H/S Muzzamil ","Credit","","0","0","Affan","876",""
"6773","3/3/2025 12:00:00 AM","S-5540","Invoice","Cash In Hand","Cash","Cash In Hand","0","0","Affa n","100","0"
"6774","3/3/2025 12:00:00 AM","S-5541","Invoice","Noman Homeopathic Store","Credit","","0","0","Afffan","1119","0"
"6775","3/3/2025 12:00:00 AM","S-5542","Invoice","Star Homoeo Store","Credit","","0","0","Affan","104","0"
"6776","3/3/2025 12:00:00 AM","S-5543","Invoice","German Homeopathic Store (Dr Saqib Khan)","Credit","","0","0","Affan","500","0"
"6777","3/3/2025 12:00:00 AM","S-5544","Invoice","Chand Homoeopathic Store","Credit","","0","0","Affan","140","0"
"6778","3/3/2025 12:00:00 AM","S-5545","Invoice","Hassan Homeopathic Store","Credit","","0","0","Affan","2617","0"
"6779","3/3/2025 12:00:00 AM","S-5546","Invoice","Tawaqal Homoeopathic Store","Credit","","0","0","Affan","172","0"
"6780","3/3/2025 12:00:00 AM","S-5547","Invoice","Muslim Homoeopathic Store LPR ","Credit","","0","0","Affan","2256","0"
"6781","3/3/2025 12:00:00 AM","S-5548","Invoice","Rafay Homeopathic Store","Credit","","0","0","Affan","120","0"
"6782","3/3/2025 12:00:00 AM","P-1227","Purchase","Hassan Homeopathic Store","Credit","","0","0","Affan","610",""
"6783","3/4/2025 12:00:00 AM","S-5549","Invoice","Cash In Hand","Cash","Cash In Hand","0","0","sheraz","750","0"
"6784","3/4/2025 12:00:00 AM","S-5550","Invoice","Cash In Hand","Cash","Cash In Hand","0","0","sheraz","450","0"
"6785","3/4/2025 12:00:00 AM","S-5551","Invoice","Cash In Hand","Cash","Cash In Hand","0","0","sheraz","180","0"
"6786","3/4/2025 12:00:00 AM","P-1228","Purchase","Muslim Homoeopathic Store LPR ","Credit","","0","0","sheraz","2417",""
"6787","3/4/2025 12:00:00 AM","P-1229","Purchase","Dua Homoeopathic Store ","Credit","","0","0","sheraz","352",""
"6788","3/4/2025 12:00:00 AM","S-5552","Invoice","Cash In Hand","Cash","Cash In Hand","0","0","Affan","1000","0"
"6789","3/4/2025 12:00:00 AM","P-1230","Purchase","Cash In Hand","Cash","Cash In Hand","0","0","Affan","500",""
"6790","3/4/2025 12:00:00 AM","S-5553","Invoice","Cash In Hand","Cash","Cash In Hand","0","0","Affan","700","0"
"6791","3/4/2025 12:00:00 AM","S-5554","Invoice","Cash In Hand","Cash","Cash In Hand","0","0","Affan","5338","0"
"6792","3/4/2025 12:00:00 AM","S-5555","Invoice","Cash In Hand","Cash","Cash In Hand","0","0","Affan","1050","0"
"6793","3/4/2025 12:00:00 AM","S-5556","Invoice","Tawaqal Homoeopathic Store","Credit","","0","0","Afan","119","0"
"6794","3/4/2025 12:00:00 AM","S-5557","Invoice","Rafay Homeopathic Store","Credit","","0","0","Affan","950","0"
"6795","3/4/2025 12:00:00 AM","S-5558","Invoice","German Homeopathic Store (Dr Saqib Khan)","Credit","","0","0","Affan","1921","0"
"6796","3/4/2025 12:00:00 AM","S-5559","Invoice","Hassan Homeopathic Store","Credit","","0","0","Affan","627","0"
"6797","3/4/2025 12:00:00 AM","S-5560","Invoice","Noman Homeopathic Store","Credit","","0","0","Affan","802","0"
"6798","3/4/2025 12:00:00 AM","S-5561","Invoice","Dua Homoeopathic Store ","Credit","","0","0","Affan","2286","0"
"6799","3/4/2025 12:00:00 AM","S-5562","Invoice","Cash In Hand","Cash","Cash In Hand","0","0","Affan","150","0"
"6800","3/4/2025 12:00:00 AM","P-1231","Purchase","Rafay Homeopathic Store","Credit","","0","0","Affan","134",""
"6801","3/4/2025 12:00:00 AM","P-1232","Purchase","Hassan Homeopathic Store","Credit","","0","0","Affan","260",""
"6802","3/4/2025 12:00:00 AM","P-1233","Purchase","German Homeopathic Store (Dr Saqib Khan)","Credit","","0","0","Affan","2872",""
"6803","3/4/2025 12:00:00 AM","S-5563","Invoice","L/Dr Najma Bloch ","Credit","","0","0","usama","1150","0"
"6804","3/4/2025 12:00:00 AM","S-5564","Invoice","L/Dr Najma Bloch ","Credit","","0","0","usama","112","0"
"6805","3/4/2025 12:00:00 AM","S-5565","Invoice","Cash In Hand","Cash","Cash In Hand","","0","Aaffan","350","0"
"6806","3/5/2025 12:00:00 AM","S-5566","Invoice","Cash In Hand","Cash","Cash In Hand","0","0","sheraz","550","0"
"6807","3/5/2025 12:00:00 AM","P-1234","Purchase","Muslim Homoeopathic Store LPR ","Credit","","0","0","Affan","1386",""
"6808","3/5/2025 12:00:00 AM","S-5567","Invoice","Muslim Homoeopathic Store LPR ","Credit","","0","0","Affan","760","0"
"6809","3/5/2025 12:00:00 AM","S-5568","Invoice","Cash In Hand","Cash","Cash In Hand","0","0","Affan","150","0"
"6810","3/5/2025 12:00:00 AM","S-5569","Invoice","Cash In Hand","Cash","Cash In Hand","0","0","Affan","700","0"
"6811","3/5/2025 12:00:00 AM","S-5570","Invoice","Cash In Hand","Cash","Cash In Hand","0","0","Affan","120","0"
"6812","3/5/2025 12:00:00 AM","S-5571","Invoice","Cash In Hand","Cash","Cash In Hand","0","0","Affan","1900","0"
"6813","3/5/2025 12:00:00 AM","S-5572","Invoice","DR Arbaz Baig(hyderabad)","Credit","","0","0","Afffan","598","0"
"6814","3/5/2025 12:00:00 AM","S-5573","Invoice","Cash In Hand","Cash","Cash In Hand","0","0","sheraz","500","0"
"6815","3/5/2025 12:00:00 AM","S-5574","Invoice","Cash In Hand","Cash","Cash In Hand","0","0","Affan","650","0"
"6816","3/5/2025 12:00:00 AM","S-5575","Invoice","Cash In Hand","Cash","Cash In Hand","0","0","Affan","300","0"
"6817","3/5/2025 12:00:00 AM","S-5576","Invoice","Cash In Hand","Cash","Cash In Hand","0","0","Affan","350","0"
"6818","3/5/2025 12:00:00 AM","S-5577","Invoice","Cash In Hand","Cash","Cash In Hand","0","0","Affan","1050","0"
"6819","3/5/2025 12:00:00 AM","S-5578","Invoice","Cash In Hand","Cash","Cash In Hand","0","0","Affan","3010","0"
"6820","3/5/2025 12:00:00 AM","S-5579","Invoice","Cash In Hand","Cash","Cash In Hand","0","0","usama","1100","0"
"6821","3/5/2025 12:00:00 AM","S-5580","Invoice","Sohail Homoeo & Harbal Store","Credit","","0","0","Affan","120","0"
"6822","3/5/2025 12:00:00 AM","S-5581","Invoice","Sheroze H/S Muzzamil ","Credit","","0","0","Affan","85","0"
"6823","3/5/2025 12:00:00 AM","S-5582","Invoice","Muslim Homoeopathic Store LPR ","Credit","","0","0","Affan","562","0"
"6824","3/5/2025 12:00:00 AM","S-5583","Invoice","Noman Homeopathic Store","Credit","","0","0","Affan","2159","0"
"6825","3/5/2025 12:00:00 AM","S-5584","Invoice","Baba Homoeo Store","Credit","","0","0","Affan","188","0"
"6826","3/5/2025 12:00:00 AM","S-5585","Invoice","Dua Homoeopathic Store ","Credit","","0","0","Affan","190","0"
"6827","3/5/2025 12:00:00 AM","S-5586","Invoice","Rafay Homeopathic Store","Credit","","0","0","Affan","565","0"
"6828","3/5/2025 12:00:00 AM","S-5587","Invoice","German Homeopathic Store (Dr Saqib Khan)","Credit","","0","0","Affan","1234","0"
"6829","3/5/2025 12:00:00 AM","S-5588","Invoice","Tawaqal Homoeopathic Store","Credit","","0","0","Affan","406","0"
"6830","3/5/2025 12:00:00 AM","S-5589","Invoice","Cash In Hand","Cash","Cash In Hand","0","0","shaan","200","0"
"6831","3/5/2025 12:00:00 AM","S-5590","Invoice","Cash In Hand","Cash","Cash In Hand","0","0","usama","150","0"
"6832","3/5/2025 12:00:00 AM","S-5591","Invoice","Cash In Hand","Cash","Cash In Hand","0","0","usama","500","0"
"6833","3/5/2025 12:00:00 AM","P-1235","Purchase","Hassan Homeopathic Store","Credit","","0","0","Aff\an","1600",""
"6834","3/5/2025 12:00:00 AM","P-1236","Purchase","German Homeopathic Store (Dr Saqib Khan)","Credit","","0","0","Affan","1234",""
"6835","3/5/2025 12:00:00 AM","S-5592","Invoice","Hassan Homeopathic Store","Credit","","0","0","Affan","3780","0"
"6836","3/5/2025 12:00:00 AM","P-1237","Purchase","Cash In Hand","Cash","Cash In Hand","0","0","sama","1580",""
"6837","3/6/2025 12:00:00 AM","S-5593","Invoice","Cash In Hand","Cash","Cash In Hand","0","0","sheraz","300","0"
"6838","3/6/2025 12:00:00 AM","P-1238","Purchase","H/Dr.Irfan (T.A)","Credit","","0","0","usama","250",""
"6839","3/6/2025 12:00:00 AM","P-1239","Purchase","H/Dr.Irfan (T.A)","Credit","","0","0","usama","798",""
"6840","3/6/2025 12:00:00 AM","S-5594","Invoice","H/Dr.Irfan (T.A)","Credit","","0","0","uasama","6396","0"
"6841","3/6/2025 12:00:00 AM","S-5595","Invoice","H/Dr.Irfan (T.A)","Cash","Cash In Hand","0","0","usama","300","0"
"6842","3/6/2025 12:00:00 AM","S-5596","Invoice","Cash In Hand","Cash","Cash In Hand","0","0","usama","1050","0"
"6843","3/6/2025 12:00:00 AM","S-5597","Invoice","Cash In Hand","Cash","Cash In Hand","0","0","usama","550","0"
"6844","3/6/2025 12:00:00 AM","S-5598","Invoice","Cash In Hand","Cash","Cash In Hand","0","0","uasama","500","0"
"6845","3/6/2025 12:00:00 AM","P-1240","Purchase","H/Dr.Irfan (T.A)","Credit","","0","0","usama","300",""
"6846","3/6/2025 12:00:00 AM","S-5599","Invoice","H/Dr.Irfan (T.A)","Credit","","0","0","usama","300","0"
"6847","3/6/2025 12:00:00 AM","S-5600","Invoice","H/Dr.Irfan (T.A)","Credit","","0","0","usama","300","0"
"6848","3/6/2025 12:00:00 AM","S-5601","Invoice","Dr Faraz (0313-0325200)","Cash","Cash In Hand","0","0","sheraz","672","0"
"6849","3/6/2025 12:00:00 AM","S-5602","Invoice","Cash In Hand","Cash","Cash In Hand","0","0","usama","2400","0"
"6850","3/6/2025 12:00:00 AM","S-5603","Invoice","Cash In Hand","Cash","Cash In Hand","0","0","usama","700","0"
"6851","3/6/2025 12:00:00 AM","S-5604","Invoice","Muslim Homoeopathic Store LPR ","Credit","Cash In Hand","0","0","usama","600","0"
"6852","3/6/2025 12:00:00 AM","S-5605","Invoice","Sohail Homoeo & Harbal Store","Credit","","0","0","uasama","126","0"
"6853","3/6/2025 12:00:00 AM","S-5606","Invoice","Noman Homeopathic Store","Credit","","0","0","usama","537","0"
"6854","3/6/2025 12:00:00 AM","S-5607","Invoice","Rafay Homeopathic Store","Credit","","0","0","usama","758","0"
"6855","3/6/2025 12:00:00 AM","S-5608","Invoice","Jameel H/S LPR","Credit","","0","0","usama","124","0"
"6856","3/6/2025 12:00:00 AM","S-5609","Invoice","Hassan Homeopathic Store","Credit","","0","0","usama","1811","0"
"6857","3/6/2025 12:00:00 AM","S-5610","Invoice","Cash In Hand","Cash","Cash In Hand","0","0","usama","1150","0"
"6858","3/6/2025 12:00:00 AM","S-5611","Invoice","Cash In Hand","Credit","","0","0","usama","670","0"
"6859","3/6/2025 12:00:00 AM","S-5612","Invoice","Cash In Hand","Credit","Cash In Hand","0","0","usama","4706","0"
"6860","3/8/2025 12:00:00 AM","S-5613","Invoice","Cash In Hand","Cash","Cash In Hand","0","0","usama","900","0"
"6861","3/8/2025 12:00:00 AM","S-5614","Invoice","Cash In Hand","Cash","Cash In Hand","0","0","sheraz","150","0"
"6862","3/8/2025 12:00:00 AM","S-5615","Invoice","Dr Lal Bux Gopang (Piro Lashari)","Credit","","0","0","usama","13719","0"
"6863","3/8/2025 12:00:00 AM","S-5616","Invoice","Dr Tayyab (Tando Adam)","Credit","","0","0","usama","14629","0"
"6864","3/8/2025 12:00:00 AM","S-5617","Invoice","Dr Alam (Tulsi) TMK","Credit","","0","0","usama","4136","0"
"6865","3/8/2025 12:00:00 AM","S-5618","Invoice","Hassan Homeopathic Store","Credit","","0","0","usama","3394","0"
"6866","3/8/2025 12:00:00 AM","P-1241","Purchase","Hassan Homeopathic Store","Credit","","0","0","usama","3394",""
"6867","3/8/2025 12:00:00 AM","S-5619","Invoice","Sheroze H/S Muzzamil ","Credit","","0","0","usama","567","0"
"6868","3/8/2025 12:00:00 AM","S-5620","Invoice","Noman Homeopathic Store","Credit","","0","0","usama","2669","0"
"6869","3/8/2025 12:00:00 AM","S-5621","Invoice","Shalimar Homoeo Store LPR","Credit","","0","0","usama","446","0"
"6870","3/8/2025 12:00:00 AM","S-5622","Invoice","Pakistan H/S LPR","Credit","","0","0","usama","126","0"
"6871","3/8/2025 12:00:00 AM","S-5623","Invoice","Rafay H/S (Larkana)DR Abdul Malik","Credit","","","00","usama","547","0"
"6872","3/8/2025 12:00:00 AM","P-1242","Purchase","Rafay H/S (Larkana)DR Abdul Malik","Credit","","0","0","usama","547",""
"6873","3/8/2025 12:00:00 AM","S-5624","Invoice","Chand Homoeopathic Store","Credit","","0","0","usama","88","0"
"6874","3/8/2025 12:00:00 AM","S-5625","Invoice","Rafay Homeopathic Store","Credit","","0","0","usama","547","0"
"6875","3/8/2025 12:00:00 AM","S-5626","Invoice","German Homeopathic Store (Dr Saqib Khan)","Credit","","0","0","usama","7403","0"
"6876","3/8/2025 12:00:00 AM","S-5627","Invoice","Cash In Hand","Cash","Cash In Hand","0","0","usama","960","0"
"6877","3/8/2025 12:00:00 AM","S-5628","Invoice","Cash In Hand","Cash","Cash In Hand","0","0","usama","320","0"
"6878","3/8/2025 12:00:00 AM","S-5629","Invoice","Hassan Homeopathic Store","Credit","","0","0","Affan","2804","0"
"6879","3/8/2025 12:00:00 AM","P-1243","Purchase","Hassan Homeopathic Store","Credit","","0","0","Affan","850",""
"6880","3/8/2025 12:00:00 AM","P-1244","Purchase","Hassan Homeopathic Store","Credit","","0","0","Affan","201",""
"6881","3/8/2025 12:00:00 AM","P-1245","Purchase","Rafay Homeopathic Store","Credit","","0","0","usama","1945",""
"6882","3/8/2025 12:00:00 AM","S-5630","Invoice","Rafay Homeopathic Store","Credit","","0","0","usama","75","0"
"6883","3/8/2025 12:00:00 AM","S-5631","Invoice","Cash In Hand","Cash","Cash In Hand","0","0","usama","1000","0"
"6884","3/8/2025 12:00:00 AM","S-5632","Invoice","Cash In Hand","Credit","","0","0","usama","200","0"
"6885","3/8/2025 12:00:00 AM","S-5633","Invoice","Cash In Hand","Cash","Cash In Hand","0","0","uasama","92","0"
"6886","3/9/2025 12:00:00 AM","S-5634","Invoice","Cash In Hand","Cash","Cash In Hand","0","0","sheraz","350","0"
"6887","3/9/2025 12:00:00 AM","S-5635","Invoice","Cash In Hand","Cash","Cash In Hand","0","0","sheraz","1500","0"
"6888","3/9/2025 12:00:00 AM","S-5636","Invoice","Cash In Hand","Cash","Cash In Hand","0","0","sheraz","450","0"
"6889","3/9/2025 12:00:00 AM","S-5637","Invoice","Cash In Hand","Cash","Cash In Hand","0","0","sheraz","2200","0"
"6890","3/9/2025 12:00:00 AM","S-5638","Invoice","Cash In Hand","Cash","Cash In Hand","0","0","sheraz","200","0"
"6891","3/9/2025 12:00:00 AM","S-5639","Invoice","Cash In Hand","Cash","Cash In Hand","0","0","usama","1500","0"
"6892","3/9/2025 12:00:00 AM","S-5640","Invoice","Muslim Homoeopathic Store LPR ","Credit","","0","0","uasama","1176","0"
"6893","3/9/2025 12:00:00 AM","P-1246","Purchase","Muslim Homoeopathic Store LPR ","Credit","Cash In Hand","0","0","usama","170",""
"6894","3/9/2025 12:00:00 AM","P-1247","Purchase","Cash In Hand","Cash","Cash In Hand","0","0","sheraz","1700",""
"6895","3/9/2025 12:00:00 AM","S-5641","Invoice","German Homeopathic Store (Dr Saqib Khan)","Credit","","0","0","usama","2035","0"
"6896","3/9/2025 12:00:00 AM","S-5642","Invoice","Dua Homoeopathic Store ","Credit","","0","0","usama","728","0"
"6897","3/9/2025 12:00:00 AM","S-5643","Invoice","Hassan Homeopathic Store","Credit","","0","0","usama","491","0"
"6898","3/9/2025 12:00:00 AM","S-5644","Invoice","Bilal Homoeopathic Store","Credit","","0","0","usama","121","0"
"6899","3/9/2025 12:00:00 AM","S-5645","Invoice","Tawaqal Homoeopathic Store","Credit","","0","0","usama","527","0"
"6900","3/9/2025 12:00:00 AM","S-5646","Invoice","Noman Homeopathic Store","Credit","","0","0","usama","830","0"
"6901","3/9/2025 12:00:00 AM","S-5647","Invoice","Baba Homoeo Store","Credit","","0","0","usama","246","0"
"6902","3/9/2025 12:00:00 AM","S-5648","Invoice","Jameel H/S LPR","Credit","","0","0","usama","456","0"
"6903","3/9/2025 12:00:00 AM","S-5649","Invoice","Tahir Kent SPO","Credit","","0","0","usama","2808","0"
"6904","3/9/2025 12:00:00 AM","P-1248","Purchase","Sheroze H/S Muzzamil ","Credit","","0","0","Affan","560",""
"6905","3/9/2025 12:00:00 AM","S-5650","Invoice","Cash In Hand","Cash","Cash In Hand","0","0","sheraz","3157","0"
"6906","3/9/2025 12:00:00 AM","P-1249","Purchase","Tawaqal Homoeopathic Store","Credit","","0","0","usama","902",""
"6907","3/9/2025 12:00:00 AM","P-1250","Purchase","Hassan Homeopathic Store","Credit","","0","0","usama","945",""
"6908","3/9/2025 12:00:00 AM","S-5651","Invoice","Hassan Homeopathic Store","Credit","","0","0","usama","450","0"
"6909","3/10/2025 12:00:00 AM","S-5652","Invoice","Cash In Hand","Cash","Cash In Hand","0","0","sheraz","450","0"
"6910","3/10/2025 12:00:00 AM","S-5653","Invoice","Cash In Hand","Cash","Cash In Hand","0","0","sheraz","250","0"
"6911","3/10/2025 12:00:00 AM","S-5654","Invoice","Cash In Hand","Cash","Cash In Hand","0","0","sheraz","100","0"
"6912","3/10/2025 12:00:00 AM","S-5655","Invoice","Muslim Homoeopathic Store LPR ","Credit","","0","0","usama","4212","0"
"6913","3/10/2025 12:00:00 AM","S-5656","Invoice","Cash In Hand","Cash","Cash In Hand","0","0","Affan","150","0"
"6914","3/10/2025 12:00:00 AM","S-5657","Invoice","Cash In Hand","Cash","Cash In Hand","0","0","Aaffan","100","0"
"6915","3/10/2025 12:00:00 AM","S-5658","Invoice","Cash In Hand","Cash","Cash In Hand","0","0","Affan","1450","0"
"6916","3/10/2025 12:00:00 AM","S-5659","Invoice","Cash In Hand","Cash","Cash In Hand","0","0","Affan","750","0"
"6917","3/10/2025 12:00:00 AM","S-5660","Invoice","Rafay Homeopathic Store","Credit","","0","0","Affan","2514","0"
"6918","3/10/2025 12:00:00 AM","S-5661","Invoice","Noman Homeopathic Store","Credit","","0","0","Affan","2267","0"
"6919","3/10/2025 12:00:00 AM","S-5662","Invoice","Sohail Homoeo & Harbal Store","Credit","","0","0","Affan","480","0"
"6920","3/10/2025 12:00:00 AM","S-5663","Invoice","Tawaqal Homoeopathic Store","Credit","","0","0","Affan","540","0"
"6921","3/10/2025 12:00:00 AM","S-5664","Invoice","German Homeopathic Store (Dr Saqib Khan)","Credit","","0","0","Affan","7402","0"
"6922","3/10/2025 12:00:00 AM","S-5665","Invoice","Pawan M/S JAMSABAD (KGM)","Credit","","0","0","Affan","5860","0"
"6923","3/10/2025 12:00:00 AM","S-5666","Invoice","Hassan Homeopathic Store","Credit","","0","0","Affan","1777","0"
"6924","3/10/2025 12:00:00 AM","P-1251","Purchase","Hassan Homeopathic Store","Credit","","0","0","Affan","1082",""
"6925","3/11/2025 12:00:00 AM","S-5667","Invoice","Cash In Hand","Cash","Cash In Hand","0","0","usama","1250","0"
"6926","3/11/2025 12:00:00 AM","S-5668","Invoice","Muslim Homoeopathic Store LPR ","Credit","","0","0","usama","1071","0"
"6927","3/11/2025 12:00:00 AM","P-1252","Purchase","Muslim Homoeopathic Store LPR ","Credit","","0","0","Affan","1386",""
"6928","3/11/2025 12:00:00 AM","P-1253","Purchase","Muslim Homoeopathic Store LPR ","Credit","","0","0","Affan","118",""
"6929","3/11/2025 12:00:00 AM","S-5669","Invoice","Cash In Hand","Cash","Cash In Hand","0","0","usama","180","0"
"6930","3/11/2025 12:00:00 AM","S-5670","Invoice","Cash In Hand","Cash","Cash In Hand","0","0","usama","700","0"
"6931","3/11/2025 12:00:00 AM","S-5671","Invoice","Tawaqal Homoeopathic Store","Credit","","0","0","usama","135","0"
"6932","3/11/2025 12:00:00 AM","S-5672","Invoice","Noman Homeopathic Store","Credit","","0","0","usama","474","0"
"6933","3/11/2025 12:00:00 AM","S-5673","Invoice","German Homeopathic Store (Dr Saqib Khan)","Credit","","0","0","usama","10759","0"
"6934","3/11/2025 12:00:00 AM","S-5674","Invoice","Baba Homoeo Store","Credit","","0","0","uasama","253","0"
"6935","3/11/2025 12:00:00 AM","S-5675","Invoice","Bilal Homoeopathic Store","Credit","","0","0","uasama","508","0"
"6936","3/11/2025 12:00:00 AM","S-5676","Invoice","Hassan Homeopathic Store","Credit","","0","0","uasama","229","0"
"6937","3/11/2025 12:00:00 AM","S-5677","Invoice","Cash In Hand","Cash","Cash In Hand","0","0","sheraz","1320","0"
"6938","3/11/2025 12:00:00 AM","S-5678","Invoice","Cash In Hand","Cash","Cash In Hand","0","0","usama","550","0"
"6939","3/11/2025 12:00:00 AM","P-1254","Purchase","German Homeopathic Store (Dr Saqib Khan)","Credit","","0","0","Affan","3744",""
"6940","3/11/2025 12:00:00 AM","P-1255","Purchase","Hassan Homeopathic Store","Credit","","0","0","Affan","220",""
"6941","3/11/2025 12:00:00 AM","P-1256","Purchase","Sohail Homoeo & Harbal Store","Credit","","0","0","Affan","107",""
"6942","3/11/2025 12:00:00 AM","S-5679","Invoice","Hassan Homeopathic Store","Credit","  ","0","0","Affan","276","0"
"6943","3/11/2025 12:00:00 AM","P-1257","Purchase","Hassan Homeopathic Store","Credit","","0","0","Affan","270",""
"6944","3/11/2025 12:00:00 AM","S-5680","Invoice","Tahir Kent SPO","Credit","","0","0","usama","1600","0"
"6945","3/12/2025 12:00:00 AM","S-5681","Invoice","Cash In Hand","Cash","Cash In Hand","0","0","sheraz","150","0"
"6946","3/12/2025 12:00:00 AM","S-5682","Invoice","Cash In Hand","Cash","Cash In Hand","0","0","sheraz","800","0"
"6947","3/12/2025 12:00:00 AM","S-5683","Invoice","Cash In Hand","Cash","Cash In Hand","0","0","sheraz","1600","0"
"6948","3/12/2025 12:00:00 AM","S-5684","Invoice","Cash In Hand","Cash","Cash In Hand","0","0","usama","1000","0"
"6949","3/12/2025 12:00:00 AM","P-1258","Purchase","Baba Homoeo Store","Credit","","0","0","Affan","525",""
"6950","3/12/2025 12:00:00 AM","S-5685","Invoice","Cash In Hand","Cash","Cash In Hand","0","0","sheraz","150","0"
"6951","3/12/2025 12:00:00 AM","S-5686","Invoice","Muslim Homoeopathic Store LPR ","Credit","","0","0","sheraz","395","0"
"6952","3/12/2025 12:00:00 AM","S-5687","Invoice","Cash In Hand","Cash","Cash In Hand","0","0","sheraz","200","0"
"6953","3/12/2025 12:00:00 AM","S-5688","Invoice","Shahid Medical Store (Chambar)","Credit","","0","0","Affan","7815","0"
"6954","3/12/2025 12:00:00 AM","S-5689","Invoice","Danish Homoeo Store (Shadadpur)","Credit","","0","0","Affan","9363","0"
"6955","3/12/2025 12:00:00 AM","S-5690","Invoice","Noman Homeopathic Store","Credit","","0","","Affan","2265","0"
"6956","3/12/2025 12:00:00 AM","S-5691","Invoice","Al-Khadija Homoeo Store (HYD)","Credit","","0","0","Affan","968","0"
"6957","3/12/2025 12:00:00 AM","S-5692","Invoice","Dua Homoeopathic Store ","Credit","","0","0","Affan","253","0"
"6958","3/12/2025 12:00:00 AM","S-5693","Invoice","Mughal H/S","Credit","","","00","Affan","351","0"
"6959","3/12/2025 12:00:00 AM","S-5694","Invoice","Muslim Homoeopathic Store LPR ","Credit","","0","0","Affan","413","0"
"6960","3/12/2025 12:00:00 AM","S-5695","Invoice","German Homeopathic Store (Dr Saqib Khan)","Credit","","0","0","Affan","2482","0"
"6961","3/12/2025 12:00:00 AM","S-5696","Invoice","Hassan Homeopathic Store","Credit","","0","0","Affan","1608","0"
"6962","3/12/2025 12:00:00 AM","S-5697","Invoice","Cash In Hand","Cash","Cash In Hand","0","0","Afan","250","0"
"6963","3/12/2025 12:00:00 AM","S-5698","Invoice","Cash In Hand","Cash","Cash In Hand","0","0","Affan","1385","0"
"6964","3/12/2025 12:00:00 AM","P-1259","Purchase","Cash In Hand","Cash","Cash In Hand","0","0","Affan","100",""
"6965","3/12/2025 12:00:00 AM","P-1260","Purchase","Cash In Hand","Cash","Cash In Hand","0","0","shaan","900",""
"6966","3/12/2025 12:00:00 AM","S-5699","Invoice","Cash In Hand","Cash","Cash In Hand","0","0","sheraz","600","0"
"6967","3/12/2025 12:00:00 AM","P-1261","Purchase","Cash In Hand","Cash","Cash In Hand","0","0","Affan","100",""
"6968","3/13/2025 12:00:00 AM","S-5700","Invoice","Cash In Hand","Cash","Cash In Hand","0","0","usama","350","0"
"6969","3/13/2025 12:00:00 AM","S-5701","Invoice","Cash In Hand","Cash","Cash In Hand","0","0","sheraz","650","0"
"6970","3/13/2025 12:00:00 AM","S-5702","Invoice","H/Dr.Irfan (T.A)","Credit","","0","0","usama","3824","0"
"6971","3/13/2025 12:00:00 AM","S-5703","Invoice","Cash In Hand","Cash","Cash In Hand","0","0","usama","450","0"
"6972","3/13/2025 12:00:00 AM","S-5704","Invoice","Cash In Hand","Cash","Cash In Hand","0","0","sheraz","450","0"
"6973","3/13/2025 12:00:00 AM","S-5705","Invoice","Cash In Hand","Cash","Cash In Hand","0","0","Affan","400","0"
"6974","3/13/2025 12:00:00 AM","P-1262","Purchase","Kamal ","Credit","","0","0","Affan","74787",""
"6975","3/13/2025 12:00:00 AM","S-5706","Invoice","Cash In Hand","Cash","Cash In Hand","0","0","Aaffan","300","0"
"6976","3/13/2025 12:00:00 AM","P-1263","Purchase","Noman Homeopathic Store","Credit","","0","0","Affan","165",""
"6977","3/13/2025 12:00:00 AM","S-5707","Invoice","Muslim Homoeopathic Store LPR ","Credit","","0","0","Affan","114","0"
"6978","3/13/2025 12:00:00 AM","S-5708","Invoice","German Homeopathic Store (Dr Saqib Khan)","Credit","","0","0","Affan","598","0"
"6979","3/13/2025 12:00:00 AM","S-5709","Invoice","Dua Homoeopathic Store ","Credit","","0","0","Affan","260","0"
"6980","3/13/2025 12:00:00 AM","S-5710","Invoice","Pakistan H/S LPR","Credit","","0","0","Affan","252","0"
"6981","3/13/2025 12:00:00 AM","S-5711","Invoice","Hassan Homeopathic Store","Credit","","0","0","Affan","100","0"
"6982","3/13/2025 12:00:00 AM","S-5712","Invoice","German Homeopathic Store (Dr Saqib Khan)","Credit","","0","0","Affan","3092","0"
"6983","3/13/2025 12:00:00 AM","S-5713","Invoice","Tawaqal Homoeopathic Store","Credit","","0","0","Affan","126","0"
"6984","3/13/2025 12:00:00 AM","P-1264","Purchase","German Homeopathic Store (Dr Saqib Khan)","Credit","","0","0","Affan","2931",""
"6985","3/13/2025 12:00:00 AM","S-5714","Invoice","Sheroze H/S Muzzamil ","Credit","","0","0","Affan","252","0"
"6986","3/13/2025 12:00:00 AM","S-5715","Invoice","Noman Homeopathic Store","Credit","","0","0","Affan","2931","0"
"6987","3/13/2025 12:00:00 AM","S-5716","Invoice","Cash In Hand","Cash","Cash In Hand","0","0","usama","468","0"
"6988","3/13/2025 12:00:00 AM","S-5717","Invoice","Sheroze H/S Muzzamil ","Credit"," ","0","0","usama","468","0"
"6989","3/13/2025 12:00:00 AM","P-1265","Purchase","Cash In Hand","Cash","Cash In Hand","0","0","usama","468",""
"6990","3/13/2025 12:00:00 AM","P-1266","Purchase","Cash In Hand","Cash","Cash In Hand","0","0","usama","1100",""
"6991","3/13/2025 12:00:00 AM","S-5718","Invoice","Cash In Hand","Cash","Cash In Hand","0","0","usama","2000","0"
"6992","3/13/2025 12:00:00 AM","S-5719","Invoice","Cash In Hand","Cash","Cash In Hand","0","0","uasama","800","0"
"6993","3/13/2025 12:00:00 AM","S-5720","Invoice","Cash In Hand","Cash","Cash In Hand","0","0","uasama","250","0"
"6994","3/13/2025 12:00:00 AM","S-5721","Invoice","Dua Homoeopathic Store ","Credit","","0","0","Affan","456","0"
"6995","3/15/2025 12:00:00 AM","S-5722","Invoice","Cash In Hand","Cash","Cash In Hand","0","0","sheraz","1100","0"
"6996","3/15/2025 12:00:00 AM","S-5723","Invoice","Cash In Hand","Cash","Cash In Hand","0","0","Affan","450","0"
"6997","3/15/2025 12:00:00 AM","S-5724","Invoice","Cash In Hand","Cash","Cash In Hand","0","0","usama","500","0"
"6998","3/15/2025 12:00:00 AM","S-5725","Invoice","Cash In Hand","Cash","Cash In Hand","0","0","uasama","350","0"
"6999","3/15/2025 12:00:00 AM","P-1267","Purchase","Cash In Hand","Cash","Cash In Hand","0","0","usama","200",""
"7000","3/15/2025 12:00:00 AM","P-1268","Purchase","Al-Khadija Homoeo Store (HYD)","Credit","","0","0","Afffan","54",""
"7001","3/15/2025 12:00:00 AM","P-1269","Purchase","Baba Homoeo Store","Credit","","0","0","Affan","13",""
"7002","3/15/2025 12:00:00 AM","P-1270","Purchase","Bilal Homoeopathic Store","Credit","","0","0","Affan","635",""
"7003","3/15/2025 12:00:00 AM","P-1271","Purchase","Chand Homoeopathic Store","Credit","","0","0","Affan","41",""
"7004","3/15/2025 12:00:00 AM","P-1272","Purchase","Dua Homoeopathic Store ","Credit","","0","0","Affan","823",""
"7005","3/15/2025 12:00:00 AM","P-1273","Purchase","Hassan Homeopathic Store","Credit","","0","0","Affan","214",""
"7006","3/15/2025 12:00:00 AM","P-1274","Purchase","Mughal H/S","Credit","","0","0","Affan","27",""
"7007","3/15/2025 12:00:00 AM","P-1275","Purchase","Pakistan H/S LPR","Credit","","0","0","Affan","151",""
"7008","3/15/2025 12:00:00 AM","P-1276","Purchase","Rafay Homeopathic Store","Credit","","0","0","Affsan","14",""
"7009","3/15/2025 12:00:00 AM","P-1277","Purchase","Star Homoeo Store","Credit","","0","00","Affan","2",""
"7010","3/15/2025 12:00:00 AM","S-5726","Invoice","Baba Homoeo Store","Credit","","0","0","Affan","754","0"
"7011","3/15/2025 12:00:00 AM","S-5727","Invoice","Muslim Homoeopathic Store LPR ","Credit","","0","0","Affan","446","0"
"7012","3/15/2025 12:00:00 AM","S-5728","Invoice","Dua Homoeopathic Store ","Credit","","0","0","Affan","297","0"
"7013","3/15/2025 12:00:00 AM","S-5729","Invoice","Jameel H/S LPR","Credit","","0","0","Affan","175","0"
"7014","3/15/2025 12:00:00 AM","S-5730","Invoice","Noman Homeopathic Store","Credit","","0","0","Affan","1652","0"
"7015","3/15/2025 12:00:00 AM","S-5731","Invoice","Hassan Homeopathic Store","Credit","","0","0","Affan","1320","0"
"7016","3/15/2025 12:00:00 AM","S-5732","Invoice","Cash In Hand","Cash","Cash In Hand","0","0","sheraz","748","0"
"7017","3/16/2025 12:00:00 AM","S-5733","Invoice","Haji Sawan","Credit","","0","0","usama","600","0"
"7018","3/16/2025 12:00:00 AM","S-5734","Invoice","Haji Sawan","Credit","","0","0","usama","2995","0"
"7019","3/16/2025 12:00:00 AM","P-1278","Purchase","Haji Sawan","Credit","","0","0","usama","600",""
"7020","3/16/2025 12:00:00 AM","S-5735","Invoice","Cash In Hand","Credit","","0","0","usama","900","0"
"7021","3/16/2025 12:00:00 AM","S-5736","Invoice","Cash In Hand","Cash","Cash In Hand","0","0","sheraz","2762","0"
"7022","3/16/2025 12:00:00 AM","S-5737","Invoice","Cash In Hand","Cash","Cash In Hand","0","0","usama","4131","0"
"7023","3/16/2025 12:00:00 AM","S-5738","Invoice","Cash In Hand","Cash","Cash In Hand","0","0","usama","1050","0"
"7024","3/16/2025 12:00:00 AM","S-5739","Invoice","Cash In Hand","Cash","Cash In Hand","0","0","Affan","1100","0"
"7025","3/16/2025 12:00:00 AM","S-5740","Invoice","Muslim Homoeopathic Store LPR ","Credit","","","0","Affan7","339","0"
"7026","3/16/2025 12:00:00 AM","S-5741","Invoice","Sheroze H/S Muzzamil ","Credit","","0","0","Affan","119","0"
"7027","3/16/2025 12:00:00 AM","S-5742","Invoice","Noman Homeopathic Store","Credit","","0","0","Affan","7895","0"
"7028","3/16/2025 12:00:00 AM","S-5743","Invoice","Star Homoeo Store","Credit","","0","0","Affan","650","0"
"7029","3/16/2025 12:00:00 AM","S-5744","Invoice","Tawaqal Homoeopathic Store","Credit","","0","0","Affan","252","0"
"7030","3/16/2025 12:00:00 AM","S-5745","Invoice","German Homeopathic Store (Dr Saqib Khan)","Credit","","0","0","Affan","1580","0"
"7031","3/16/2025 12:00:00 AM","S-5746","Invoice","Hassan Homeopathic Store","Credit","","0","0","Affan","2763","0"
"7032","3/16/2025 12:00:00 AM","S-5747","Invoice","Al-Khadija Homoeo Store (HYD)","Credit","","0","0","Affan","384","0"
"7033","3/16/2025 12:00:00 AM","S-5748","Invoice","Mughal H/S","Credit","","0","0","Affan","776","0"
"7034","3/16/2025 12:00:00 AM","P-1279","Purchase","Mughal H/S","Credit","","0","0","Affan","776",""
"7035","3/16/2025 12:00:00 AM","S-5749","Invoice","Rafay Homeopathic Store","Credit","","0","0","usama","5850","0"
"7036","3/16/2025 12:00:00 AM","P-1280","Purchase","Hassan Homeopathic Store","Credit","","0","0","Affsan","1283",""
"7037","3/16/2025 12:00:00 AM","S-5750","Invoice","Cash In Hand","Cash","Cash In Hand","0","0","usama","952","0"
"7038","3/16/2025 12:00:00 AM","S-5751","Invoice","Rafay Homeopathic Store","Credit","","0","0","usama","858","0"
"7039","3/16/2025 12:00:00 AM","S-5752","Invoice","Cash In Hand","Cash","Cash In Hand","0","0","usama","500","0"
"7040","3/16/2025 12:00:00 AM","S-5753","Invoice","Bhej Pagara Madical Store (SANGER)","Credit","","0","0","usama","3860","0"
"7041","3/16/2025 12:00:00 AM","S-5754","Invoice","Ameer M/S (TMK)","Credit","","0","0","usama","4383","0"
"7042","3/16/2025 12:00:00 AM","S-5755","Invoice","Shayan Pansar (Tando Bhago)","Credit","","0","0","usama","15485","0"
"7043","3/18/2025 12:00:00 AM","P-1281","Purchase","Kent Homoeopathic Pharmacy","Credit","","0","0","uasama","116310",""
"7044","3/18/2025 12:00:00 AM","S-5756","Invoice","Dr Tayyab (Tando Adam)","Credit","","0","0","usama","3050","0"
"7045","3/18/2025 12:00:00 AM","S-5757","Invoice","Cash In Hand","Cash","Cash In Hand","0","0","sheraz","600","0"
"7046","3/18/2025 12:00:00 AM","S-5758","Invoice","Cash In Hand","Cash","Cash In Hand","0","0","sheraz","150","0"
"7047","3/18/2025 12:00:00 AM","S-5759","Invoice","DR Arbaz Baig(hyderabad)","Credit","Cash In Hand","0","0","sheraz","232","0"
"7048","3/18/2025 12:00:00 AM","S-5760","Invoice","Cash In Hand","Cash","Cash In Hand","0","0","sheraz","250","0"
"7049","3/18/2025 12:00:00 AM","S-5761","Invoice","Jawaid Pansar Store (K.G.M)","Credit","","0","0","Afan","9867","0"
"7050","3/18/2025 12:00:00 AM","P-1282","Purchase","German Homeopathic Store (Dr Saqib Khan)","Credit","","0","0","sffan","2180",""
"7051","3/18/2025 12:00:00 AM","P-1283","Purchase","Sheroze H/S Muzzamil ","Credit","","0","0","Affan","580",""
"7052","3/18/2025 12:00:00 AM","S-5762","Invoice","Cash In Hand","Cash","Cash In Hand","0","","Afan","400","0"
"7053","3/18/2025 12:00:00 AM","S-5763","Invoice","Rafay Homeopathic Store","Credit","","0","0","Affan]","629","0"
"7054","3/18/2025 12:00:00 AM","S-5764","Invoice","Sohail Homoeo & Harbal Store","Credit","","","00","Affan","94","0"
"7055","3/18/2025 12:00:00 AM","S-5765","Invoice","Noman Homeopathic Store","Credit","","0","0","Affan","1005","0"
"7056","3/18/2025 12:00:00 AM","S-5766","Invoice","Tawaqal Homoeopathic Store","Credit","","0","0","Affan","1065","0"
"7057","3/18/2025 12:00:00 AM","S-5767","Invoice","Jameel H/S LPR","Credit","","0","0","Affan","420","0"
"7058","3/18/2025 12:00:00 AM","S-5768","Invoice","Muslim Homoeopathic Store LPR ","Credit","","0","0","Affan","143","0"
"7059","3/18/2025 12:00:00 AM","S-5769","Invoice","Hassan Homeopathic Store","Credit","","","0","Affan","1652","0"
"7060","3/18/2025 12:00:00 AM","S-5770","Invoice","Cash In Hand","Cash","Cash In Hand","0","0","Affan","1320","0"
"7061","3/18/2025 12:00:00 AM","S-5771","Invoice","Cash In Hand","Cash","Cash In Hand","0","0","sheraz","620","0"
"7062","3/18/2025 12:00:00 AM","S-5772","Invoice","Cash In Hand","Cash","Cash In Hand","0","0","usama","450","0"
"7063","3/18/2025 12:00:00 AM","S-5773","Invoice","Cash In Hand","Cash","Cash In Hand","0","0","usama","500","0"
"7064","3/18/2025 12:00:00 AM","S-5774","Invoice","Cash In Hand","Cash","Cash In Hand","0","0","Affan","150","0"
"7065","3/18/2025 12:00:00 AM","S-5775","Invoice","Danish saleman","Credit","Cash In Hand","0","0","usama","5024","0"
"7066","3/18/2025 12:00:00 AM","S-5776","Invoice","Cash In Hand","Cash","Cash In Hand","0","0","Affan","500","0"
"7067","3/18/2025 12:00:00 AM","S-5777","Invoice","Cash In Hand","Cash","Cash In Hand","0","0","Affabn","1900","0"
"7068","3/18/2025 12:00:00 AM","S-5778","Invoice","Tawaqal Homoeopathic Store","Credit","","0","0","Affan","126","0"
"7069","3/19/2025 12:00:00 AM","S-5779","Invoice","Noman Homeopathic Store","Credit","","0","0","Affan","843","0"
"7070","3/19/2025 12:00:00 AM","P-1284","Purchase","Noman Homeopathic Store","Credit","","0","0","Affan","610",""
"7071","3/19/2025 12:00:00 AM","P-1285","Purchase","Jameel H/S LPR","Credit","","0","0","Affan","220",""
"7072","3/19/2025 12:00:00 AM","S-5780","Invoice","Cash In Hand","Cash","Cash In Hand","0","0","sheraz","150","0"
"7073","3/19/2025 12:00:00 AM","S-5781","Invoice","Cash In Hand","Cash","Cash In Hand","0","0","usama","1000","0"
"7074","3/19/2025 12:00:00 AM","S-5782","Invoice","Cash In Hand","Cash","Cash In Hand","0","0","usama","140","0"
"7075","3/19/2025 12:00:00 AM","S-5783","Invoice","Cash In Hand","Cash","Cash In Hand","0","0","usama","1000","0"
"7076","3/19/2025 12:00:00 AM","S-5784","Invoice","Cash In Hand","Cash","Cash In Hand","0","0","usama","3000","0"
"7077","3/19/2025 12:00:00 AM","S-5785","Invoice","Pakistan H/S LPR","Credit","","0","0","usama","203","0"
"7078","3/19/2025 12:00:00 AM","S-5786","Invoice","Chand Homoeopathic Store","Credit","","0","0","usama","345","0"
"7079","3/19/2025 12:00:00 AM","S-5787","Invoice","Baba Homoeo Store","Credit","","0","0","usama","1727","0"
"7080","3/19/2025 12:00:00 AM","S-5788","Invoice","Sheroze H/S Muzzamil ","Credit","","0","0","usama","2152","0"
"7081","3/19/2025 12:00:00 AM","S-5789","Invoice","Muslim Homoeopathic Store LPR ","Credit","","0","0","usama","766","0"
"7082","3/19/2025 12:00:00 AM","P-1286","Purchase","Sheroze H/S Muzzamil ","Credit","","0","0","usama","2152",""
"7083","3/19/2025 12:00:00 AM","S-5790","Invoice","Sheroze H/S Muzzamil ","Credit","","0","0","usama","2485","0"
"7084","3/19/2025 12:00:00 AM","S-5791","Invoice","Cash In Hand","Cash","Cash In Hand","0","00","Affan","5640","0"
"7085","3/19/2025 12:00:00 AM","P-1287","Purchase","Rafay Homeopathic Store","Credit","","0","0","Affan","767",""
"7086","3/19/2025 12:00:00 AM","S-5792","Invoice","Noman Homeopathic Store","Credit","","0","0","Affan","1905","0"
"7087","3/19/2025 12:00:00 AM","S-5793","Invoice","Bilal Homoeopathic Store","Credit","","0","0","Affan","77","0"
"7088","3/19/2025 12:00:00 AM","S-5794","Invoice","Rafay Homeopathic Store","Credit","","0","0","Affan","360","0"
"7089","3/19/2025 12:00:00 AM","S-5795","Invoice","Tawaqal Homoeopathic Store","Credit","","0","0","Affan","2727","0"
"7090","3/19/2025 12:00:00 AM","S-5796","Invoice","Hassan Homeopathic Store","Credit","","0","0","sffsns","3657","0"
"7091","3/19/2025 12:00:00 AM","P-1288","Purchase","Hassan Homeopathic Store","Credit","","0","0","Afan","2238",""
"7092","3/19/2025 12:00:00 AM","S-5797","Invoice","Dua Homoeopathic Store ","Credit","","0","0","Affan","540","0"
"7093","3/19/2025 12:00:00 AM","P-1289","Purchase","Dua Homoeopathic Store ","Credit","","0","0","Aaffan","540",""
"7094","3/19/2025 12:00:00 AM","S-5798","Invoice","Cash In Hand","Cash","Cash In Hand","0","0","Affan","350","0"
"7095","3/19/2025 12:00:00 AM","S-5799","Invoice","Cash In Hand","Cash","Cash In Hand","0","0","usama","900","0"
"7096","3/19/2025 12:00:00 AM","P-1290","Purchase","Muslim Homoeopathic Store LPR ","Credit","","0","0","usama","330",""
"7097","3/19/2025 12:00:00 AM","S-5800","Invoice","Jindran M/S (Tando Adam)","Credit","","0","0","usama","6664","0"
"7098","3/19/2025 12:00:00 AM","S-5801","Invoice","Krishna M/S (Noabad)","Credit","","0","0","usama","11432","0"
"7099","3/19/2025 12:00:00 AM","S-5802","Invoice","Bismillah M/S (DHARKI)","Credit","","0","0","usama","22520","0"
"7100","3/19/2025 12:00:00 AM","S-5803","Invoice","Cash In Hand","Cash","Cash In Hand","0","0","usama","1200","0"
"7101","3/19/2025 12:00:00 AM","S-5804","Invoice","Cash In Hand","Cash","Cash In Hand","0","0","usama","200","0"
"7102","3/20/2025 12:00:00 AM","S-5805","Invoice","Cash In Hand","Cash","Cash In Hand","0","0","sheraz","300","0"
"7103","3/20/2025 12:00:00 AM","S-5806","Invoice","Cash In Hand","Cash","Cash In Hand","0","0","Affaana","180","0"
"7104","3/20/2025 12:00:00 AM","P-1291","Purchase","(GHR) HOMOEO PHARMA ","Credit","","0","0","Affan","108864",""
"7105","3/20/2025 12:00:00 AM","S-5807","Invoice","Chand Homoeopathic Store","Credit","","0","0","Affan","187","0"
"7106","3/20/2025 12:00:00 AM","S-5808","Invoice","German Homeopathic Store (Dr Saqib Khan)","Credit","","0","0","Affan","4279","0"
"7107","3/20/2025 12:00:00 AM","S-5809","Invoice","Noman Homeopathic Store","Credit","","0","0","Affan","4762","0"
"7108","3/20/2025 12:00:00 AM","S-5810","Invoice","Rafay Homeopathic Store","Credit","","0","0","Affan","882","0"
"7109","3/20/2025 12:00:00 AM","S-5811","Invoice","Hassan Homeopathic Store","Credit","","0","0","Affan","684","0"
"7110","3/20/2025 12:00:00 AM","S-5812","Invoice","Hoor M/S Lajpat Road","Credit","","0","0","Affan","182","0"
"7111","3/20/2025 12:00:00 AM","S-5813","Invoice","Cash In Hand","Cash","Cash In Hand","0","0","sheraz","1000","0"
"7112","3/20/2025 12:00:00 AM","S-5814","Invoice","Hassan Homeopathic Store","Credit","","0","0","Affan","3209","0"
"7113","3/20/2025 12:00:00 AM","S-5815","Invoice","Pakistan H/S LPR","Credit","","0","0","Affan","1575","0"
"7114","3/22/2025 12:00:00 AM","S-5816","Invoice","Cash In Hand","Cash","Cash In Hand","0","0","sheraz","550","0"
"7115","3/22/2025 12:00:00 AM","S-5817","Invoice","Cash In Hand","Cash","Cash In Hand","0","0","sheraz","650","0"
"7116","3/22/2025 12:00:00 AM","S-5818","Invoice","Cash In Hand","Cash","Cash In Hand","0","0","sheraz","2706","0"
"7117","3/22/2025 12:00:00 AM","S-5819","Invoice","Cash In Hand","Cash","Cash In Hand","0","0","usama","300","0"
"7118","3/22/2025 12:00:00 AM","S-5820","Invoice","Cash In Hand","Cash","Cash In Hand","0","0","usama","1100","0"
"7119","3/23/2025 12:00:00 AM","S-5821","Invoice","Cash In Hand","Cash","Cash In Hand","0","0","uasama","400","0"
"7120","3/23/2025 12:00:00 AM","S-5822","Invoice","Cash In Hand","Cash","Cash In Hand","0","0","sheraz","150","0"
"7121","3/23/2025 12:00:00 AM","S-5823","Invoice","Cash In Hand","Cash","Cash In Hand","0","0","sheraz","100","0"
"7122","3/23/2025 12:00:00 AM","S-5824","Invoice","Cash In Hand","Cash","Cash In Hand","0","0","Affan","2100","0"
"7123","3/23/2025 12:00:00 AM","S-5825","Invoice","H/Dr.Irfan (T.A)","Credit","","0","0","Affan","4020","0"
"7124","3/23/2025 12:00:00 AM","S-5826","Invoice","Cash In Hand","Cash","Cash In Hand","0","0","usama","200","0"
"7125","3/23/2025 12:00:00 AM","P-1292","Purchase","Baba Homoeo Store","Credit","","0","0","Affan","1253",""
"7126","3/23/2025 12:00:00 AM","P-1293","Purchase","German Homeopathic Store (Dr Saqib Khan)","Credit","","0","0","Affan","4100",""
"7127","3/23/2025 12:00:00 AM","P-1294","Purchase","Sheroze H/S Muzzamil ","Credit","","0","0","Affan","980",""
"7128","3/23/2025 12:00:00 AM","S-5827","Invoice","Noman Homeopathic Store","Credit","","0","0","Affan","5886","0"
"7129","3/23/2025 12:00:00 AM","S-5828","Invoice","Shalimar Homoeo Store LPR","Credit","","0","0","Affan","130","0"
"7130","3/23/2025 12:00:00 AM","S-5829","Invoice","Rafay Homeopathic Store","Credit","","0","0","Affan","522","0"
"7131","3/23/2025 12:00:00 AM","S-5830","Invoice","Dua Homoeopathic Store ","Credit","","0","0","Affan","712","0"
"7132","3/23/2025 12:00:00 AM","S-5831","Invoice","Muslim Homoeopathic Store LPR ","Credit","","0","0","Affan","1017","0"
"7133","3/23/2025 12:00:00 AM","S-5832","Invoice","German Homeopathic Store (Dr Saqib Khan)","Credit","","0","0","Affan","1493","0"
"7134","3/23/2025 12:00:00 AM","S-5833","Invoice","Tawaqal Homoeopathic Store","Credit","","0","0","Affan","735","0"
"7135","3/23/2025 12:00:00 AM","S-5834","Invoice","Hassan Homeopathic Store","Credit","","0","0","Affan","2131","0"
"7136","3/23/2025 12:00:00 AM","P-1295","Purchase","Rafay Homeopathic Store","Credit","","0","00","Affan","766",""
"7137","3/23/2025 12:00:00 AM","S-5835","Invoice","Sheroze H/S Muzzamil ","Credit","","0","0","usama","1664","0"
"7138","3/23/2025 12:00:00 AM","S-5836","Invoice","Dr Akram (Rehman Clinic) (Shahdadpure)","Credit","","0","0","Affan","7261","0"
"7139","3/23/2025 12:00:00 AM","P-1296","Purchase","Hassan Homeopathic Store","Credit","","0","0","Affan","2362",""
"7140","3/24/2025 12:00:00 AM","S-5837","Invoice","Cash In Hand","Cash","Cash In Hand","0","0","sheraz","400","0"
"7141","3/24/2025 12:00:00 AM","S-5838","Invoice","Cash In Hand","Cash","Cash In Hand","0","0","sheraz","500","0"
"7142","3/24/2025 12:00:00 AM","S-5839","Invoice","Cash In Hand","Cash","Cash In Hand","0","0","sheraz","3812","0"
"7143","3/24/2025 12:00:00 AM","S-5840","Invoice","Cash In Hand","Cash","Cash In Hand","0","0","Affan","1500","0"
"7144","3/24/2025 12:00:00 AM","S-5841","Invoice","Rafay Homeopathic Store","Credit","","0","0","Affan","180","0"
"7145","3/24/2025 12:00:00 AM","S-5842","Invoice","Mughal H/S","Credit","","0","0","Affan","228","0"
"7146","3/24/2025 12:00:00 AM","S-5843","Invoice","Noman Homeopathic Store","Credit","","0","0","Affan","1398","0"
"7147","3/24/2025 12:00:00 AM","S-5844","Invoice","Chand Homoeopathic Store","Credit","","","0","Affan","344","0"
"7148","3/24/2025 12:00:00 AM","S-5845","Invoice","Tawaqal Homoeopathic Store","Credit","","0","0","Afan","252","0"
"7149","3/24/2025 12:00:00 AM","S-5846","Invoice","Bilal Homoeopathic Store","Credit","","0","0","Affan","1072","0"
"7150","3/24/2025 12:00:00 AM","S-5847","Invoice","Sohail Homoeo & Harbal Store","Credit","","0","0","Affan","228","0"
"7151","3/24/2025 12:00:00 AM","S-5848","Invoice","Dua Homoeopathic Store ","Credit","","0","0","Afaan","228","0"
"7152","3/24/2025 12:00:00 AM","S-5849","Invoice","Baba Homoeo Store","Credit","","0","0","Affan","224","0"
"7153","3/24/2025 12:00:00 AM","S-5850","Invoice","Muslim Homoeopathic Store LPR ","Credit","","0","0","Affan","1072","0"
"7154","3/24/2025 12:00:00 AM","S-5851","Invoice","German Homeopathic Store (Dr Saqib Khan)","Credit","","0","0","Affan","536","0"
"7155","3/24/2025 12:00:00 AM","S-5852","Invoice","Hassan Homeopathic Store","Credit","","0","0","Affan","4769","0"
"7156","3/24/2025 12:00:00 AM","S-5853","Invoice","Sheroze H/S Muzzamil ","Credit","","0","0","Afaan","456","0"
"7157","3/24/2025 12:00:00 AM","S-5854","Invoice","Cash In Hand","Cash","Cash In Hand","0","0","sheraz","800","0"
"7158","3/24/2025 12:00:00 AM","P-1297","Purchase","Memon H/S (Herabad)","Credit","","0","0","usama","1000",""
"7159","3/24/2025 12:00:00 AM","P-1298","Purchase","Hassan Homeopathic Store","Credit","","0","0","shaan","4000",""
"7160","3/24/2025 12:00:00 AM","P-1299","Purchase","Noman Homeopathic Store","Credit","","0","0","Affan","2055",""
"7161","3/24/2025 12:00:00 AM","P-1300","Purchase","German Homeopathic Store (Dr Saqib Khan)","Credit","","0","0","Affan","1730",""
"7162","3/24/2025 12:00:00 AM","P-1301","Purchase","Dua Homoeopathic Store ","Credit","","0","","Afaan","114",""
"7163","3/24/2025 12:00:00 AM","S-5855","Invoice","Hassan Homeopathic Store","Credit","","0","0","Affan","4000","0"
"7164","3/25/2025 12:00:00 AM","S-5856","Invoice","Cash In Hand","Cash","Cash In Hand","0","0","sheraz","150","0"
"7165","3/25/2025 12:00:00 AM","S-5857","Invoice","Cash In Hand","Cash","Cash In Hand","0","0","sheraz","1500","0"
"7166","3/25/2025 12:00:00 AM","S-5858","Invoice","Cash In Hand","Cash","Cash In Hand","0","0","sheraz","735","0"
"7167","3/25/2025 12:00:00 AM","S-5859","Invoice","Cash In Hand","Cash","Cash In Hand","0","0","sheraz","100","0"
"7168","3/25/2025 12:00:00 AM","S-5860","Invoice","Cash In Hand","Cash","Cash In Hand","0","0","Affan","800","0"
"7169","3/25/2025 12:00:00 AM","S-5861","Invoice","Cash In Hand","Cash","Cash In Hand","0","0","Affan","150","0"
"7170","3/25/2025 12:00:00 AM","S-5862","Invoice","Cash In Hand","Cash","Cash In Hand","0","0","Affan","1450","0"
"7171","3/25/2025 12:00:00 AM","S-5863","Invoice","Cash In Hand","Cash","Cash In Hand","0","0","Afffan","500","0"
"7172","3/25/2025 12:00:00 AM","S-5864","Invoice","Cash In Hand","Cash","Cash In Hand","0","0","Affan","900","0"
"7173","3/25/2025 12:00:00 AM","P-1302","Purchase","Sohail Homoeo & Harbal Store","Credit","","0","0","Affan","220",""
"7174","3/25/2025 12:00:00 AM","P-1303","Purchase","Hassan Homeopathic Store","Credit","","0","0","Affan","252",""
"7175","3/25/2025 12:00:00 AM","S-5865","Invoice","German Homeopathic Store (Dr Saqib Khan)","Credit","","0","0","Affan","1098","0"
"7176","3/25/2025 12:00:00 AM","S-5866","Invoice","Bilal Homoeopathic Store","Credit","","0","0","Affan","161","0"
"7177","3/25/2025 12:00:00 AM","S-5867","Invoice","Jameel H/S LPR","Credit","","0","0","Affan","214","0"
"7178","3/25/2025 12:00:00 AM","S-5868","Invoice","Muslim Homoeopathic Store LPR ","Credit","","0","0","Affan","449","0"
"7179","3/25/2025 12:00:00 AM","P-1304","Purchase","Shalimar Homoeo Store LPR","Credit","","0","0","Affan","130",""
"7180","3/25/2025 12:00:00 AM","S-5869","Invoice","Shalimar Homoeo Store LPR","Credit","","0","0","Affan","228","0"
"7181","3/25/2025 12:00:00 AM","S-5870","Invoice","Pakistan H/S LPR","Credit","","0","0","Affan","126","0"
"7182","3/25/2025 12:00:00 AM","S-5871","Invoice","Dua Homoeopathic Store ","Credit","","0","0","Affan","187","0"
"7183","3/25/2025 12:00:00 AM","S-5872","Invoice","Chand Homoeopathic Store","Credit","","0","0","Affan","283","0"
"7184","3/25/2025 12:00:00 AM","S-5873","Invoice","Noman Homeopathic Store","Credit","","0","0","Affan","8238","0"
"7185","3/25/2025 12:00:00 AM","S-5874","Invoice","Hassan Homeopathic Store","Credit","","0","0","Affan","4868","0"
"7186","3/25/2025 12:00:00 AM","S-5875","Invoice","Cash In Hand","Cash","Cash In Hand","00","0","Affan","280","0"
"7187","3/25/2025 12:00:00 AM","S-5876","Invoice","Sheroze H/S Muzzamil ","Credit","","0","0","Affan","350","0"
"7188","3/25/2025 12:00:00 AM","S-5877","Invoice","Cash In Hand","Cash","Cash In Hand","0","0","Affan","12329","0"
"7189","3/25/2025 12:00:00 AM","S-5878","Invoice","Cash In Hand","Cash","Cash In Hand","0","0","Affan","1000","0"
"7190","3/25/2025 12:00:00 AM","P-1305","Purchase","Noman Homeopathic Store","Credit","","0","0","Afffan","398",""
"7191","3/26/2025 12:00:00 AM","S-5879","Invoice","Cash In Hand","Cash","Cash In Hand","0","0","raa","400","0"
"7192","3/26/2025 12:00:00 AM","S-5880","Invoice","Cash In Hand","Cash","Cash In Hand","0","0","raza","700","0"
"7193","3/26/2025 12:00:00 AM","S-5881","Invoice","Cash In Hand","Cash","Cash In Hand","0","0"," usama","500","0"
"7194","3/26/2025 12:00:00 AM","S-5882","Invoice","Cash In Hand","Cash","Cash In Hand","0","0","raa","1100","0"
"7195","3/26/2025 12:00:00 AM","S-5883","Invoice","Cash In Hand","Cash","Cash In Hand","0","0"," usama","950","0"
"7196","3/26/2025 12:00:00 AM","S-5884","Invoice","Hassan Homeopathic Store","Credit","","0","0","Affan4","428","0"
"7197","3/26/2025 12:00:00 AM","S-5885","Invoice","German Homeopathic Store (Dr Saqib Khan)","Credit","","0","0","Affan","378","0"
"7198","3/26/2025 12:00:00 AM","S-5886","Invoice","Tawaqal Homoeopathic Store","Credit","","0","0","Affan","2290","0"
"7199","3/26/2025 12:00:00 AM","S-5887","Invoice","Noman Homeopathic Store","Credit","","0","0","Affan","161","0"
"7200","3/26/2025 12:00:00 AM","S-5888","Invoice","Muslim Homoeopathic Store LPR ","Credit","","0","0","Affan","892","0"
"7201","3/26/2025 12:00:00 AM","S-5889","Invoice","Tawaqal Homoeopathic Store","Credit","","0","0","Affan","994","0"
"7202","3/26/2025 12:00:00 AM","P-1306","Purchase","Hassan Homeopathic Store","Credit","","0","0","Affan","672",""
"7203","3/27/2025 12:00:00 AM","S-5890","Invoice","Cash In Hand","Cash","Cash In Hand","0","0","sheraz","600","0"
"7204","3/27/2025 12:00:00 AM","S-5891","Invoice","Cash In Hand","Cash","Cash In Hand","0","0","usama","8873","0"
"7205","3/27/2025 12:00:00 AM","S-5892","Invoice","Muslim Homoeopathic Store LPR ","Credit","","0","0","Afffan","2962","0"
"7206","3/27/2025 12:00:00 AM","S-5893","Invoice","Cash In Hand","Cash","Cash In Hand","0","0","usama","500","0"
"7207","3/27/2025 12:00:00 AM","S-5894","Invoice","Cash In Hand","Cash","Cash In Hand","0","0","usama","500","0"
"7208","3/27/2025 12:00:00 AM","P-1307","Purchase","Cash In Hand","Cash","Cash In Hand","0","0","usama","3000",""
"7209","3/27/2025 12:00:00 AM","S-5895","Invoice","Bilal Homoeopathic Store","Credit","","0","0","Affan","700","0"
"7210","3/27/2025 12:00:00 AM","S-5896","Invoice","Tawaqal Homoeopathic Store","Credit","","0","0","Affan","322","0"
"7211","3/27/2025 12:00:00 AM","S-5897","Invoice","Muslim Homoeopathic Store LPR ","Credit","","0","0","Affan","243","0"
"7212","3/27/2025 12:00:00 AM","S-5898","Invoice","Hassan Homeopathic Store","Credit","","0","0","Affan","942","0"
"7213","3/27/2025 12:00:00 AM","S-5899","Invoice","Dr Asif Blossom","Credit","","0","0","ADDan","1452","0"
"7214","3/27/2025 12:00:00 AM","S-5900","Invoice","Sheroze H/S Muzzamil ","Credit","","0","0","Affan","225","0"
"7215","3/27/2025 12:00:00 AM","S-5901","Invoice","Al-Khadija Homoeo Store (HYD)","Credit","","0","0","Affan","100","0"
"7216","3/27/2025 12:00:00 AM","S-5902","Invoice","Rafay Homeopathic Store","Credit","","0","0","Affan","1284","0"
"7217","3/27/2025 12:00:00 AM","S-5903","Invoice","Pakistan H/S LPR","Credit","","0","0","Affan","120","0"
"7218","3/27/2025 12:00:00 AM","S-5904","Invoice","Noman Homeopathic Store","Credit","","0","0","Affan7","340","0"
"7219","3/27/2025 12:00:00 AM","S-5905","Invoice","Dua Homoeopathic Store ","Credit","","0","0","Affan","540","0"
"7220","3/27/2025 12:00:00 AM","S-5906","Invoice","German Homeopathic Store (Dr Saqib Khan)","Credit","","0","0","Affan","1123","0"
"7221","3/27/2025 12:00:00 AM","P-1308","Purchase","Muslim Homoeopathic Store LPR ","Credit","","","0","Affan","240",""
"7222","3/27/2025 12:00:00 AM","S-5907","Invoice","Cash In Hand","Cash","Cash In Hand","0","0","Affan","400","0"
"7223","3/27/2025 12:00:00 AM","P-1309","Purchase","Hassan Homeopathic Store","Credit","","0","0","Affan","940",""
"7224","3/27/2025 12:00:00 AM","P-1310","Purchase","Dua Homoeopathic Store ","Credit","","0","0","Affan","360",""
"7225","3/27/2025 12:00:00 AM","P-1311","Purchase","Chand Homoeopathic Store","Credit","","0","0","Affan","279",""
"7226","3/27/2025 12:00:00 AM","S-5908","Invoice","Muslim Medical Store","Credit","","0","0","Affan","1185","0"
"7227","3/27/2025 12:00:00 AM","S-5909","Invoice","Talpur Medical Store (Jahan Mori)","Credit","","","0","Affan","2998","0"
"7228","3/27/2025 12:00:00 AM","S-5910","Invoice","Wasaan Medical Store","Credit","","0","0","Affan","3364","0"
"7229","3/27/2025 12:00:00 AM","S-5911","Invoice","Manooj M/S (jahand mori)","Credit","","0","0","Affan","3890","0"
"7230","3/27/2025 12:00:00 AM","S-5912","Invoice","Parveez M/S (jahand mori)","Credit","","0","0","Affan","600","0"
"7231","3/27/2025 12:00:00 AM","S-5913","Invoice","Poshia Clinic (jahand mori)","Credit","","0","0","Afan","540","0"
"7232","3/29/2025 12:00:00 AM","S-5914","Invoice","Cash In Hand","Cash","Cash In Hand","0","0","sheraz","450","0"
"7233","3/29/2025 12:00:00 AM","S-5915","Invoice","Cash In Hand","Cash","Cash In Hand","0","0","sheraz","1420","0"
"7234","3/29/2025 12:00:00 AM","S-5916","Invoice","Cash In Hand","Cash","Cash In Hand","0","0","usama","2400","0"
"7235","3/29/2025 12:00:00 AM","S-5917","Invoice","Cash In Hand","Cash","Cash In Hand","0","0","usama","350","0"
"7236","3/29/2025 12:00:00 AM","S-5918","Invoice","Cash In Hand","Cash","Cash In Hand","0","0","Affan","450","0"
"7237","3/29/2025 12:00:00 AM","S-5919","Invoice","Cash In Hand","Cash","Cash In Hand","0","0","Affan","2900","0"
"7238","3/29/2025 12:00:00 AM","S-5920","Invoice","Sheroze H/S Muzzamil ","Credit","","0","0","Affan","1693","0"
"7239","3/29/2025 12:00:00 AM","S-5921","Invoice","Noman Homeopathic Store","Credit","","0","0","Affan7","966","0"
"7240","3/29/2025 12:00:00 AM","S-5922","Invoice","Rafay Homeopathic Store","Credit","","0","0","Affan","1817","0"
"7241","3/29/2025 12:00:00 AM","S-5923","Invoice","Mughal H/S","Credit","","0","0","Affan","119","0"
"7242","3/29/2025 12:00:00 AM","S-5924","Invoice","Tawaqal Homoeopathic Store","Credit","","0","0","Affan","161","0"
"7243","3/29/2025 12:00:00 AM","S-5925","Invoice","Muslim Homoeopathic Store LPR ","Credit","","0","0","Affan","252","0"
"7244","3/29/2025 12:00:00 AM","S-5926","Invoice","Chand Homoeopathic Store","Credit","","0","0","Affan","117","0"
"7245","3/29/2025 12:00:00 AM","S-5927","Invoice","Bilal Homoeopathic Store","Credit","","0","0","Affan","287","0"
"7246","3/29/2025 12:00:00 AM","S-5928","Invoice","German Homeopathic Store (Dr Saqib Khan)","Credit","","0","0","Affan","1739","0"
"7247","3/29/2025 12:00:00 AM","S-5929","Invoice","Hassan Homeopathic Store","Credit","","0","0","Affan","1053","0"
"7248","3/29/2025 12:00:00 AM","P-1312","Purchase","Bilal Homoeopathic Store","Credit","","0","0","Affan","1812",""
"7249","3/29/2025 12:00:00 AM","P-1313","Purchase","Hassan Homeopathic Store","Credit","","","0","Affan","1000",""
"7250","3/29/2025 12:00:00 AM","P-1314","Purchase","Rafay Homeopathic Store","Credit","","0","0","Affan","2770",""
"7251","3/29/2025 12:00:00 AM","P-1315","Purchase","German Homeopathic Store (Dr Saqib Khan)","Credit","","0","0","Affan","5233",""
"7252","3/29/2025 12:00:00 AM","P-1316","Purchase","Hamza Sohail H/S (Lajpat Road)","Credit","","0","0","Affan","1000",""
"7253","3/30/2025 12:00:00 AM","P-1317","Purchase","Tahir Kent SPO","Credit","Cash In Hand","0","0","usama","133",""
"7254","3/30/2025 12:00:00 AM","S-5930","Invoice","Hassan Homeopathic Store","Credit","","0","0","Affan","922","0"
"7255","3/30/2025 12:00:00 AM","S-5931","Invoice","Rafay Homeopathic Store","Credit","","0","0","Affan","120","0"
"7256","3/30/2025 12:00:00 AM","S-5932","Invoice","Chand Homoeopathic Store","Credit","","0","0","Affan","176","0"
"7257","3/30/2025 12:00:00 AM","S-5933","Invoice","Muslim Homoeopathic Store LPR ","Credit","","0","0","Affan","114","0"
"7258","3/30/2025 12:00:00 AM","S-5934","Invoice","Bilal Homoeopathic Store","Credit","","0","0","Affan4","840","0"
"7259","3/30/2025 12:00:00 AM","S-5935","Invoice","Cash In Hand","Credit","","0","0","usama","1800","0"
"7260","3/30/2025 12:00:00 AM","S-5936","Invoice","Cash In Hand","Cash","Cash In Hand","0","0","Affam","150","0"
"7261","3/30/2025 12:00:00 AM","S-5937","Invoice","German Homeopathic Store (Dr Saqib Khan)","Credit","","0","0","Affan","1795","0"
"7262","3/30/2025 12:00:00 AM","S-5938","Invoice","Noman Homeopathic Store","Credit","","0","0","Affan","1245","0"
"7263","3/30/2025 12:00:00 AM","S-5939","Invoice","Cash In Hand","Cash","Cash In Hand","0","0","Affan","640","0"
"7264","3/30/2025 12:00:00 AM","S-5940","Invoice","Muslim Homoeopathic Store LPR ","Credit","","0","0","Affa n","446","0"
"7265","3/30/2025 12:00:00 AM","S-5941","Invoice","Cash In Hand","Cash","Cash In Hand","0","","Affan","608","0"
"7266","3/30/2025 12:00:00 AM","S-5942","Invoice","Hassan Homeopathic Store","Credit","","0","0","Affan","1382","0"
"7267","3/30/2025 12:00:00 AM","S-5943","Invoice","Cash In Hand","Cash","Cash In Hand","0","0","sheraz","400","0"
"7268","3/30/2025 12:00:00 AM","P-1318","Purchase","German Homeopathic Store (Dr Saqib Khan)","Credit","","0","","Affan","2847",""
"7269","3/30/2025 12:00:00 AM","S-5944","Invoice","Hassan Homeopathic Store","Credit","","0","0","sheraz","2764","0"
"7270","4/3/2025 12:00:00 AM","S-5945","Invoice","Cash In Hand","Cash","Cash In Hand","","","usama","1050","0"
"7271","4/3/2025 12:00:00 AM","S-5946","Invoice","Cash In Hand","Cash","Cash In Hand","0","0","usama","1350","0"
"7272","4/3/2025 12:00:00 AM","S-5947","Invoice","Cash In Hand","Cash","Cash In Hand","0","0","usama","300","0"
"7273","4/3/2025 12:00:00 AM","S-5948","Invoice","Cash In Hand","Cash","Cash In Hand","0","0","usama","200","0"
"7274","4/3/2025 12:00:00 AM","S-5949","Invoice","Cash In Hand","Cash","Cash In Hand","0","0","usama","100","0"
"7275","4/3/2025 12:00:00 AM","S-5950","Invoice","Cash In Hand","Cash","Cash In Hand","0","0","usama","1070","0"
"7276","4/3/2025 12:00:00 AM","S-5951","Invoice","Hassan Homeopathic Store","Credit","","0","0","usama","1665","0"
"7277","4/3/2025 12:00:00 AM","S-5952","Invoice","Noman Homeopathic Store","Credit","","0","0","usama","587","0"
"7278","4/3/2025 12:00:00 AM","S-5953","Invoice","Tawaqal Homoeopathic Store","Credit","","0","0","usama","135","0"
"7279","4/3/2025 12:00:00 AM","S-5954","Invoice","Muslim Homoeopathic Store LPR ","Credit","","0","0","usama","240","0"
"7280","4/3/2025 12:00:00 AM","S-5955","Invoice","Bilal Homoeopathic Store","Credit","","0","0","usama","114","0"
"7281","4/3/2025 12:00:00 AM","S-5956","Invoice","Cash In Hand","Cash","Cash In Hand","0","0","usama","446","0"
"7282","4/3/2025 12:00:00 AM","S-5957","Invoice","Pakistan H/S LPR","Credit","","0","0","usama","203","0"
"7283","4/3/2025 12:00:00 AM","S-5958","Invoice","Tahir Kent SPO","Credit","","0","0","usama","1965","0"
"7284","4/3/2025 12:00:00 AM","S-5959","Invoice","Dua Homoeopathic Store ","Credit","","0","0","usama","504","0"
"7285","4/3/2025 12:00:00 AM","S-5960","Invoice","Baba Homoeo Store","Credit","","0","0","usama","771","0"
"7286","4/3/2025 12:00:00 AM","S-5961","Invoice","Rafay Homeopathic Store","Credit","","0","0","usama","240","0"
"7287","4/3/2025 12:00:00 AM","S-5962","Invoice","Cash In Hand","Cash","Cash In Hand","0","0","usama","1300","0"
"7288","4/3/2025 12:00:00 AM","S-5963","Invoice","Cash In Hand","Cash","Cash In Hand","0","0","usama","500","0"
"7289","4/3/2025 12:00:00 AM","S-5964","Invoice","German Homeopathic Store (Dr Saqib Khan)","Credit","","0","0","usama","278","0"
"7290","4/3/2025 12:00:00 AM","S-5965","Invoice","Cash In Hand","Cash","Cash In Hand","0","0","usama","500","0"
"7291","4/3/2025 12:00:00 AM","P-1319","Purchase","Memon H/S (Herabad)","Credit","","","","Affan","490",""
"7292","4/5/2025 12:00:00 AM","S-5966","Invoice","Cash In Hand","Cash","Cash In Hand","0","0","uasama","2179","0"
"7293","4/5/2025 12:00:00 AM","S-5967","Invoice","Cash In Hand","Cash","Cash In Hand","0","0","usama","2500","0"
"7294","4/5/2025 12:00:00 AM","S-5968","Invoice","Cash In Hand","Cash","Cash In Hand","0","0","usama","900","0"
"7295","4/5/2025 12:00:00 AM","P-1320","Purchase","Tahir Kent SPO","Credit","","0","0","usama","220",""
"7296","4/5/2025 12:00:00 AM","S-5969","Invoice","Cash In Hand","Cash","Cash In Hand","0","0","Affan","350","0"
"7297","4/5/2025 12:00:00 AM","S-5970","Invoice","Cash In Hand","Cash","Cash In Hand","0","0","Affan","1574","0"
"7298","4/5/2025 12:00:00 AM","S-5971","Invoice","Pawan M/S JAMSABAD (KGM)","Credit","","0","0","Afan","13360","0"
"7299","4/5/2025 12:00:00 AM","S-5972","Invoice","Cash In Hand","Cash","Cash In Hand","","0","Affan","3516","0"
"7300","4/5/2025 12:00:00 AM","P-1321","Purchase","Cash In Hand","Cash","Cash In Hand","0","0","sheraz","3098",""
"7301","4/5/2025 12:00:00 AM","S-5973","Invoice","Cash In Hand","Cash","Cash In Hand","0","0","usama","250","0"
"7302","4/5/2025 12:00:00 AM","S-5974","Invoice","Cash In Hand","Cash","Cash In Hand","0","0","usama","600","0"
"7303","4/5/2025 12:00:00 AM","S-5975","Invoice","Cash In Hand","Cash","Cash In Hand","0","0","usama","400","0"
"7304","4/5/2025 12:00:00 AM","S-5976","Invoice","Cash In Hand","Cash","Cash In Hand","0","0","usama","600","0"
"7305","4/5/2025 12:00:00 AM","S-5977","Invoice","Cash In Hand","Cash","Cash In Hand","0","0","usama","1620","0"
"7306","4/5/2025 12:00:00 AM","S-5978","Invoice","Cash In Hand","Cash","Cash In Hand","0","0","usama","322","0"
"7307","4/5/2025 12:00:00 AM","S-5979","Invoice","Cash In Hand","Cash","Cash In Hand","0","0","uasama","1695","0"
"7308","4/5/2025 12:00:00 AM","S-5980","Invoice","German Homeopathic Store (Dr Saqib Khan)","Credit","","0","0","Affan","7483","0"
"7309","4/5/2025 12:00:00 AM","S-5981","Invoice","Jameel H/S LPR","Credit","","0","0","Affan","385","0"
"7310","4/5/2025 12:00:00 AM","S-5982","Invoice","Sohail Homoeo & Harbal Store","Credit","","0","0","Affan","910","0"
"7311","4/5/2025 12:00:00 AM","S-5983","Invoice","Muslim Homoeopathic Store LPR ","Credit","","0","0","Affan","1014","0"
"7312","4/5/2025 12:00:00 AM","S-5984","Invoice","Chand Homoeopathic Store","Credit","","0","0","Afffan","94","0"
"7313","4/5/2025 12:00:00 AM","S-5985","Invoice","Noman Homeopathic Store","Credit","","0","0","Affan","2026","0"
"7314","4/5/2025 12:00:00 AM","S-5986","Invoice","Sheroze H/S Muzzamil ","Credit","","0","0","Affan","1080","0"
"7315","4/5/2025 12:00:00 AM","S-5987","Invoice","Hassan Homeopathic Store","Credit","","0","0","Affan","4504","0"
"7316","4/5/2025 12:00:00 AM","S-5988","Invoice","Cash In Hand","Cash","Cash In Hand","0","0","Affan","7240","0"
"7317","4/6/2025 12:00:00 AM","S-5989","Invoice","Cash In Hand","Cash","Cash In Hand","0","0","Affan","12682","0"
"7318","4/6/2025 12:00:00 AM","S-5990","Invoice","Dr Tayyab (Tando Adam)","Credit","","0","0","Affan","10863","0"
"7319","4/6/2025 12:00:00 AM","S-5991","Invoice","Hakeem Nanumal Pansar Store (PANOAQIL)","Credit","","0","0","Affan","11479","0"
"7320","4/6/2025 12:00:00 AM","P-1322","Purchase","Al-Khadija Homoeo Store (HYD)","Credit","","0","0","Affan","34",""
"7321","4/6/2025 12:00:00 AM","P-1323","Purchase","Baba Homoeo Store","Credit","","00","0","Affan","43",""
"7322","4/6/2025 12:00:00 AM","P-1324","Purchase","Dua Homoeopathic Store ","Credit","","0","0","Affan","234",""
"7323","4/6/2025 12:00:00 AM","P-1325","Purchase","Hassan Homeopathic Store","Credit","","0","0","Affan","1421",""
"7324","4/6/2025 12:00:00 AM","P-1326","Purchase","Hoor M/S Lajpat Road","Credit","","0","0","Affan","2",""
"7325","4/6/2025 12:00:00 AM","P-1327","Purchase","Jameel H/S LPR","Credit","","0","0","Affan","44",""
"7326","4/6/2025 12:00:00 AM","P-1328","Purchase","Mughal H/S","Credit","","0","0","Affan","7",""
"7327","4/6/2025 12:00:00 AM","P-1329","Purchase","Rafay Homeopathic Store","Credit","","0","0","Affan","169",""
"7328","4/6/2025 12:00:00 AM","P-1330","Purchase","Shalimar Homoeo Store LPR","Credit","","0","0","Affan","4",""
"7329","4/6/2025 12:00:00 AM","P-1331","Purchase","Sohail Homoeo & Harbal Store","Credit","","0","0","Affan","192",""
"7330","4/6/2025 12:00:00 AM","P-1332","Purchase","Star Homoeo Store","Credit","","0","0","Affan","100",""
"7331","4/6/2025 12:00:00 AM","P-1333","Purchase","Sufi Homeopathic Store","Credit","","0","0","Affan","34",""
"7332","4/6/2025 12:00:00 AM","P-1334","Purchase","German Homeopathic Store (Dr Saqib Khan)","Credit","","0","0","Afffan","4424",""
"7333","4/6/2025 12:00:00 AM","P-1335","Purchase","German Homeopathic Store (Dr Saqib Khan)","Credit","","0","0","Affan","14908",""
"7334","4/6/2025 12:00:00 AM","S-5992","Invoice","Cash In Hand","Cash","Cash In Hand","","0","Afffan","500","0"
"7335","4/6/2025 12:00:00 AM","S-5993","Invoice","Cash In Hand","Cash","Cash In Hand","0","0","Affan","200","0"
"7336","4/6/2025 12:00:00 AM","S-5994","Invoice","Hoor M/S Lajpat Road","Credit","","","0","Affan","130","0"
"7337","4/6/2025 12:00:00 AM","S-5995","Invoice","Baba Homoeo Store","Credit","","0","0","Affan","600","0"
"7338","4/6/2025 12:00:00 AM","S-5996","Invoice","Rafay Homeopathic Store","Credit","","0","0","Afan","552","0"
"7339","4/6/2025 12:00:00 AM","S-5997","Invoice","Rafay Homeopathic Store","Credit","","0","0","Aff\an","495","0"
"7340","4/6/2025 12:00:00 AM","S-5998","Invoice","Jameel H/S LPR","Credit","","0","0","Affan","320","0"
"7341","4/6/2025 12:00:00 AM","S-5999","Invoice","German Homeopathic Store (Dr Saqib Khan)","Credit","","","0","Affan","912","0"
"7342","4/6/2025 12:00:00 AM","S-6000","Invoice","Hassan Homeopathic Store","Credit","","0","0","Affan","1392","0"
"7343","4/6/2025 12:00:00 AM","S-6001","Invoice","Star Homoeo Store","Credit","","0","","Affan","188","0"
"7344","4/6/2025 12:00:00 AM","S-6002","Invoice","Muslim Homoeopathic Store LPR ","Credit","","0","0","Afffan","161","0"
"7345","4/6/2025 12:00:00 AM","S-6003","Invoice","Noman Homeopathic Store","Credit","","0","0","Affan","3311","0"
"7346","4/7/2025 12:00:00 AM","S-6004","Invoice","Cash In Hand","Cash","Cash In Hand","0","0","Affan","950","0"
"7347","4/7/2025 12:00:00 AM","P-1336","Purchase","Hassan Homeopathic Store","Credit","","0","0","Affan","812",""
"7348","4/7/2025 12:00:00 AM","P-1337","Purchase","German Homeopathic Store (Dr Saqib Khan)","Credit","","0","0","Affan","912",""
"7349","4/7/2025 12:00:00 AM","P-1338","Purchase","Rafay Homeopathic Store","Credit","","0","0","Affan","846",""
"7350","4/7/2025 12:00:00 AM","S-6005","Invoice","Cash In Hand","Cash","Cash In Hand","0","0","usama","1000","0"
"7351","4/7/2025 12:00:00 AM","S-6006","Invoice","Cash In Hand","Cash","Cash In Hand","0","0","Affan","350","0"
"7352","4/7/2025 12:00:00 AM","S-6007","Invoice","Cash In Hand","Cash","Cash In Hand","","0","Affan","850","0"
"7353","4/7/2025 12:00:00 AM","P-1339","Purchase","Sheroze H/S Muzzamil ","Credit","","0","0","Affan","514",""
"7354","4/7/2025 12:00:00 AM","S-6008","Invoice","German Homeopathic Store (Dr Saqib Khan)","Credit","","0","0","Affan","245","0"
"7355","4/7/2025 12:00:00 AM","S-6009","Invoice","Noman Homeopathic Store","Credit","","0","0","Affan7","1374","0"
"7356","4/7/2025 12:00:00 AM","S-6010","Invoice","Rafay Homeopathic Store","Credit","","","","Affan","532","0"
"7357","4/7/2025 12:00:00 AM","S-6011","Invoice","Bilal Homoeopathic Store","Credit","","0","0","Affan","385","0"
"7358","4/7/2025 12:00:00 AM","S-6012","Invoice","Hassan Homeopathic Store","Credit","","0","0","Affan","110","0"
"7359","4/7/2025 12:00:00 AM","S-6013","Invoice","Star Homoeo Store","Credit","","0","0","ADffan","600","0"
"7360","4/7/2025 12:00:00 AM","S-6014","Invoice","Muslim Homoeopathic Store LPR ","Credit","","0","0","Affan","120","0"
"7361","4/7/2025 12:00:00 AM","S-6015","Invoice","Al-Khadija Homoeo Store (HYD)","Credit","","0","0","Affan","1221","0"
"7362","4/7/2025 12:00:00 AM","S-6016","Invoice","Mr Shahid khanzai","Credit","","0","0","usama","700","0"
"7363","4/7/2025 12:00:00 AM","S-6017","Invoice","Hassan Homeopathic Store","Credit","","0","0","Affan","870","0"
"7364","4/7/2025 12:00:00 AM","S-6018","Invoice","Cash In Hand","Cash","Cash In Hand","0","0","usama","500","0"
"7365","4/8/2025 12:00:00 AM","S-6019","Invoice","Cash In Hand","Cash","Cash In Hand","0","0","usama","782","0"
"7366","4/8/2025 12:00:00 AM","S-6020","Invoice","Cash In Hand","Cash","Cash In Hand","0","0","usama","1200","0"
"7367","4/8/2025 12:00:00 AM","S-6021","Invoice","Cash In Hand","Cash","Cash In Hand","0","0","sheraz","500","0"
"7368","4/8/2025 12:00:00 AM","S-6022","Invoice","Cash In Hand","Cash","Cash In Hand","0","0","usama","1160","0"
"7369","4/8/2025 12:00:00 AM","S-6023","Invoice","Noman Homeopathic Store","Credit","","0","0","usama","935","0"
"7370","4/8/2025 12:00:00 AM","S-6024","Invoice","Bilal Homoeopathic Store","Credit","","0","0","usama","650","0"
"7371","4/8/2025 12:00:00 AM","S-6025","Invoice","Hassan Homeopathic Store","Credit","","0","0","usama","194","0"
"7372","4/8/2025 12:00:00 AM","S-6026","Invoice","Cash In Hand","Credit","","0","0","usama","816","0"
"7373","4/8/2025 12:00:00 AM","P-1340","Purchase","Hassan Homeopathic Store","Credit","","0","0","usama","194",""
"7374","4/8/2025 12:00:00 AM","S-6027","Invoice","Hassan Homeopathic Store","Credit","","0","0","usama","1694","0"
"7375","4/8/2025 12:00:00 AM","S-6028","Invoice","Rafay Homeopathic Store","Credit","","0","0","usama","368","0"
"7376","4/8/2025 12:00:00 AM","S-6029","Invoice","Shalimar Homoeo Store LPR","Credit","","0","0","usama","446","0"
"7377","4/8/2025 12:00:00 AM","S-6030","Invoice","Sohail Homoeo & Harbal Store","Credit","","0","0","usama","188","0"
"7378","4/8/2025 12:00:00 AM","S-6031","Invoice","Cash In Hand","Cash","Cash In Hand","0","0","uasama","1000","0"
"7379","4/9/2025 12:00:00 AM","S-6032","Invoice","Haji Sawan","Credit","","0","0","usama","621","0"
"7380","4/9/2025 12:00:00 AM","S-6033","Invoice","Cash In Hand","Credit","","0","0","uasama","1000","0"
"7381","4/9/2025 12:00:00 AM","S-6034","Invoice","Cash In Hand","Cash","Cash In Hand","0","0","usama","540","0"
"7382","4/9/2025 12:00:00 AM","S-6035","Invoice","Cash In Hand","Cash","Cash In Hand","0","0","uasama","954","0"
"7383","4/9/2025 12:00:00 AM","S-6036","Invoice","Cash In Hand","Cash","Cash In Hand","0","0","usama","1522","0"
"7384","4/9/2025 12:00:00 AM","S-6037","Invoice","Cash In Hand","Cash","Cash In Hand","0","0","usama","400","0"
"7385","4/9/2025 12:00:00 AM","S-6038","Invoice","Cash In Hand","Cash","Cash In Hand","0","0","usama","1850","0"
"7386","4/9/2025 12:00:00 AM","S-6039","Invoice","Hassan Homeopathic Store","Credit","Cash In Hand","0","0","usama","2644","0"
"7387","4/9/2025 12:00:00 AM","S-6040","Invoice","Bilal Homoeopathic Store","Credit","","0","0","usama","130","0"
"7388","4/9/2025 12:00:00 AM","S-6041","Invoice","Shalimar Homoeo Store LPR","Credit","","0","0","uasama","115","0"
"7389","4/9/2025 12:00:00 AM","S-6042","Invoice","Rafay Homeopathic Store","Credit","","0","0","usama","1029","0"
"7390","4/9/2025 12:00:00 AM","S-6043","Invoice","Dua Homoeopathic Store ","Credit","","0","04","usama","188","0"
"7391","4/9/2025 12:00:00 AM","S-6044","Invoice","Muslim Homoeopathic Store LPR ","Credit","","0","0","usama","1073","0"
"7392","4/9/2025 12:00:00 AM","S-6045","Invoice","Noman Homeopathic Store","Credit","","0","0","usama","1114","0"
"7393","4/10/2025 12:00:00 AM","S-6046","Invoice","Cash In Hand","Cash","Cash In Hand","0","0","usama","757","0"
"7394","4/10/2025 12:00:00 AM","S-6047","Invoice","Dr Rajesh Kumar","Credit","","0","0","usama","2276","0"
"7395","4/10/2025 12:00:00 AM","S-6048","Invoice","Dr Jamaal Nasir (T.M.K)","Credit","","0","0","usama","5571","0"
"7396","4/10/2025 12:00:00 AM","P-1341","Purchase","Hassan Homeopathic Store","Credit","","0","0","uasama","2644",""
"7397","4/10/2025 12:00:00 AM","S-6049","Invoice","Hassan Homeopathic Store","Credit","","0","0","usama","4822","0"
"7398","4/10/2025 12:00:00 AM","S-6050","Invoice","Cash In Hand","Cash","Cash In Hand","0","0","usama","1350","0"
"7399","4/10/2025 12:00:00 AM","S-6051","Invoice","Cash In Hand","Cash","Cash In Hand","0","0","usama","420","0"
"7400","4/10/2025 12:00:00 AM","P-1342","Purchase","Hassan Homeopathic Store","Credit","","","0","Affan","5576",""
"7401","4/10/2025 12:00:00 AM","S-6052","Invoice","Cash In Hand","Cash","Cash In Hand","0","0","Affan","350","0"
"7402","4/10/2025 12:00:00 AM","S-6053","Invoice","DR Imran Qureshi (sanger)","Credit","","0","0","Affan","31007","0"
"7403","4/10/2025 12:00:00 AM","S-6054","Invoice","German Homeopathic Store (Dr Saqib Khan)","Credit","","0","0","Affan","1795","0"
"7404","4/10/2025 12:00:00 AM","S-6055","Invoice","Dua Homoeopathic Store ","Credit","","","0","Affan","253","0"
"7405","4/10/2025 12:00:00 AM","S-6056","Invoice","Muslim Homoeopathic Store LPR ","Credit","","0","0","Affan","600","0"
"7406","4/10/2025 12:00:00 AM","S-6057","Invoice","Shalimar Homoeo Store LPR","Credit","","0","0","Affan","758","0"
"7407","4/10/2025 12:00:00 AM","S-6058","Invoice","Rafay Homeopathic Store","Credit","","0","0","Afan","840","0"
"7408","4/10/2025 12:00:00 AM","S-6059","Invoice","Hassan Homeopathic Store","Credit","","0","0","Affan","375","0"
"7409","4/10/2025 12:00:00 AM","S-6060","Invoice","Noman Homeopathic Store","Credit","",".0","0","Affan","2023","0"
"7410","4/12/2025 12:00:00 AM","S-6061","Invoice","H/Dr Yousuf (Kotri)","Credit","","0","0","uasama","550","0"
"7411","4/12/2025 12:00:00 AM","P-1343","Purchase","H/Dr Yousuf (Kotri)","Credit","","0","0","usama","550",""
"7412","4/12/2025 12:00:00 AM","S-6062","Invoice","Cash In Hand","Cash","Cash In Hand","0","0","usama","1375","0"
"7413","4/12/2025 12:00:00 AM","S-6063","Invoice","Cash In Hand","Cash","Cash In Hand","0","0","usama","915","0"
"7414","4/12/2025 12:00:00 AM","S-6064","Invoice","Tahir Kent SPO","Credit","","0","0","usama","1105","0"
"7415","4/12/2025 12:00:00 AM","S-6065","Invoice","H/Dr.Irfan (T.A)","Credit","","0","0","usama","2690","0"
"7416","4/12/2025 12:00:00 AM","P-1344","Purchase","Dr Lal Bux Gopang (Piro Lashari)","Credit","","0","0","usama","8250",""
"7417","4/12/2025 12:00:00 AM","S-6066","Invoice","Cash In Hand","Cash","Cash In Hand","0","0","usama","2151","0"
"7418","4/12/2025 12:00:00 AM","S-6067","Invoice","Cash In Hand","Cash","Cash In Hand","0","0","usama","2650","0"
"7419","4/12/2025 12:00:00 AM","S-6068","Invoice","Cash In Hand","Cash","Cash In Hand","0","0","usama","1300","0"
"7420","4/12/2025 12:00:00 AM","S-6069","Invoice","Cash In Hand","Cash","Cash In Hand","0","0","usama","750","0"
"7421","4/12/2025 12:00:00 AM","S-6070","Invoice","Habibullah Pansar Store (Hyderabad)","Credit","","0","0","usama","792","0"
"7422","4/12/2025 12:00:00 AM","S-6071","Invoice","Dr Akram (Rehman Clinic) (Shahdadpure)","Credit","","0","0","uasama","7453","0"
"7423","4/12/2025 12:00:00 AM","P-1345","Purchase","Cash In Hand","Cash","Cash In Hand","0","0","shaan","4500",""
"7424","4/12/2025 12:00:00 AM","S-6072","Invoice","Shop Expense","Credit","","0","0","usama","1100","0"
"7425","4/12/2025 12:00:00 AM","S-6073","Invoice","Hakeem Abdul Muqeem (Al Hafiz Pansar)(khipro)","Credit","","0","0","usama","6941","0"
"7426","4/12/2025 12:00:00 AM","S-6074","Invoice","Muslim Homoeopathic Store LPR ","Credit","","0","0","usama","1958","0"
"7427","4/12/2025 12:00:00 AM","S-6075","Invoice","Noman Homeopathic Store","Credit","","0","0","usama","2584","0"
"7428","4/12/2025 12:00:00 AM","S-6076","Invoice","Pakistan H/S LPR","Credit","","40","0","usama","252","0"
"7429","4/12/2025 12:00:00 AM","S-6077","Invoice","Bilal Homoeopathic Store","Credit","","0","0","usama","2400","0"
"7430","4/12/2025 12:00:00 AM","S-6078","Invoice","Chand Homoeopathic Store","Credit","","0","0","usama","325","0"
"7431","4/12/2025 12:00:00 AM","S-6079","Invoice","Hassan Homeopathic Store","Credit","","0","0","usama","260","0"
"7432","4/12/2025 12:00:00 AM","S-6080","Invoice","German Homeopathic Store (Dr Saqib Khan)","Credit","","0","0","usama","3490","0"
"7433","4/12/2025 12:00:00 AM","S-6081","Invoice","Hakeem Abdul Muqeem (Al Hafiz Pansar)(khipro)","Credit","","0","0","usama","1500","0"
"7434","4/12/2025 12:00:00 AM","S-6082","Invoice","Cash In Hand","Cash","Cash In Hand","0","0","usama","1000","0"
"7435","4/13/2025 12:00:00 AM","S-6083","Invoice","Cash In Hand","Cash","Cash In Hand","0","0","usama","300","0"
"7436","4/13/2025 12:00:00 AM","S-6084","Invoice","Cash In Hand","Cash","Cash In Hand","0","0","uasama","1050","0"
"7437","4/13/2025 12:00:00 AM","S-6085","Invoice","Tahir Kent SPO","Credit","","0","0","usama","422","0"
"7438","4/13/2025 12:00:00 AM","S-6086","Invoice","Cash In Hand","Cash","Cash In Hand","0","0","usama","702","0"
"7439","4/13/2025 12:00:00 AM","P-1346","Purchase","Cash In Hand","Cash","Cash In Hand","0","0","usama","1000",""
"7440","4/13/2025 12:00:00 AM","S-6087","Invoice","Cash In Hand","Cash","Cash In Hand","0","0","Affan","1750","0"
"7441","4/13/2025 12:00:00 AM","S-6088","Invoice","Cash In Hand","Credit","","0","0","Afan","3400","0"
"7442","4/13/2025 12:00:00 AM","S-6089","Invoice","Cash In Hand","Cash","Cash In Hand","0","0","Affan","3400","0"
"7443","4/13/2025 12:00:00 AM","S-6090","Invoice","Cash In Hand","Cash","Cash In Hand","0","0","usama","900","0"
"7444","4/13/2025 12:00:00 AM","P-1347","Purchase","German Homeopathic Store (Dr Saqib Khan)","Credit","","0","0","Affan","2040",""
"7445","4/13/2025 12:00:00 AM","P-1348","Purchase","Dua Homoeopathic Store ","Credit","","0","0","Affan","314",""
"7446","4/13/2025 12:00:00 AM","P-1349","Purchase","Rafay Homeopathic Store","Credit","","0","0","Affan","930",""
"7447","4/13/2025 12:00:00 AM","S-6091","Invoice","Tawaqal Homoeopathic Store","Credit","","","","Afan","195","0"
"7448","4/13/2025 12:00:00 AM","S-6092","Invoice","Muslim Homoeopathic Store LPR ","Credit","","0","00","Affan","180","0"
"7449","4/13/2025 12:00:00 AM","S-6093","Invoice","Hassan Homeopathic Store","Credit","","0","0","sfffan","276","0"
"7450","4/13/2025 12:00:00 AM","S-6094","Invoice","Rafay Homeopathic Store","Credit","","0","0","Affan","2389","0"
"7451","4/13/2025 12:00:00 AM","S-6095","Invoice","Baba Homoeo Store","Credit","","","0","Affan","600","0"
"7452","4/13/2025 12:00:00 AM","S-6096","Invoice","Dua Homoeopathic Store ","Credit","","0","0","Affan","1481","0"
"7453","4/13/2025 12:00:00 AM","S-6097","Invoice","German Homeopathic Store (Dr Saqib Khan)","Credit","","0","0","Affan","313","0"
"7454","4/13/2025 12:00:00 AM","S-6098","Invoice","Chand Homoeopathic Store","Credit","","0","0","Affan","175","0"
"7455","4/13/2025 12:00:00 AM","S-6099","Invoice","Noman Homeopathic Store","Credit","","0","0","Affan","1715","0"
"7456","4/13/2025 12:00:00 AM","P-1350","Purchase","German Homeopathic Store (Dr Saqib Khan)","Credit","","0","0","Affan","2831",""
"7457","4/14/2025 12:00:00 AM","S-6100","Invoice","Mughal H/S","Credit","","0","0","usama","759","0"
"7458","4/14/2025 12:00:00 AM","S-6101","Invoice","Sohail Homoeo & Harbal Store","Credit","","0","0","usama","234","0"
"7459","4/14/2025 12:00:00 AM","S-6102","Invoice","Noman Homeopathic Store","Credit","","0","0","usama","826","0"
"7460","4/14/2025 12:00:00 AM","S-6103","Invoice","Jameel H/S LPR","Credit","","0","0","usama","140","0"
"7461","4/14/2025 12:00:00 AM","S-6104","Invoice","Rafay Homeopathic Store","Credit","","0","0","uasama","472","0"
"7462","4/14/2025 12:00:00 AM","S-6105","Invoice","Chand Homoeopathic Store","Credit","","0","0","uasama","94","0"
"7463","4/14/2025 12:00:00 AM","S-6106","Invoice","German Homeopathic Store (Dr Saqib Khan)","Credit","","0","0","usama","828","0"
"7464","4/15/2025 12:00:00 AM","S-6107","Invoice","Cash In Hand","Cash","Cash In Hand","0","0","usama","150","0"
"7465","4/15/2025 12:00:00 AM","P-1351","Purchase","Al-Khadija Homoeo Store (HYD)","Credit","","0","0","Affa n","121",""
"7466","4/15/2025 12:00:00 AM","P-1352","Purchase","Dua Homoeopathic Store ","Credit","","0","0","Aafan","1540",""
"7467","4/15/2025 12:00:00 AM","P-1353","Purchase","Hassan Homeopathic Store","Credit","","0","0","Affan","2411",""
"7468","4/15/2025 12:00:00 AM","P-1354","Purchase","Jameel H/S LPR","Credit","","","00","Affan","20",""
"7469","4/15/2025 12:00:00 AM","P-1355","Purchase","Muslim Homoeopathic Store LPR ","Credit","","0","0","Affan","2142",""
"7470","4/15/2025 12:00:00 AM","P-1356","Purchase","Shalimar Homoeo Store LPR","Credit","","0","0","Affan","69",""
"7471","4/15/2025 12:00:00 AM","P-1357","Purchase","Sohail Homoeo & Harbal Store","Credit","","0","0","Affan","22",""
"7472","4/15/2025 12:00:00 AM","P-1358","Purchase","Star Homoeo Store","Credit","","0","0","Affan","48",""
"7473","4/15/2025 12:00:00 AM","S-6108","Invoice","Dr Tayyab (Tando Adam)","Credit","","0","0","Afffan","1166","0"
"7474","4/15/2025 12:00:00 AM","S-6109","Invoice","H/Dr.Irfan (T.A)","Credit","","0","0","Affan","1166","0"
"7475","4/15/2025 12:00:00 AM","P-1359","Purchase","Dr Tayyab (Tando Adam)","Credit","","0","0","Affan","1166",""
"7476","4/15/2025 12:00:00 AM","S-6110","Invoice","Cash In Hand","Cash","Cash In Hand","0","0","Affan","150","0"
"7477","4/15/2025 12:00:00 AM","S-6111","Invoice","Cash In Hand","Cash","Cash In Hand","0","0","sheraz","400","0"
"7478","4/15/2025 12:00:00 AM","S-6112","Invoice","Cash In Hand","Cash","Cash In Hand","0","0","Affan","150","0"
"7479","4/15/2025 12:00:00 AM","S-6113","Invoice","Bilal Homoeopathic Store","Credit","","0","0","Affan","864","0"
"7480","4/15/2025 12:00:00 AM","S-6114","Invoice","German Homeopathic Store (Dr Saqib Khan)","Credit","","","0","Affan","1140","0"
"7481","4/15/2025 12:00:00 AM","S-6115","Invoice","Muslim Homoeopathic Store LPR ","Credit","","0","0","Affan","600","0"
"7482","4/15/2025 12:00:00 AM","S-6116","Invoice","Tawaqal Homoeopathic Store","Credit","","0","0","Affan","446","0"
"7483","4/15/2025 12:00:00 AM","S-6117","Invoice","Dua Homoeopathic Store ","Credit","","0","0","Affan","253","0"
"7484","4/15/2025 12:00:00 AM","S-6118","Invoice","Noman Homeopathic Store","Credit","","0","0","Affan","949","0"
"7485","4/15/2025 12:00:00 AM","S-6119","Invoice","Sohail Homoeo & Harbal Store","Credit","","0","0","Affan","630","0"
"7486","4/15/2025 12:00:00 AM","S-6120","Invoice","Hassan Homeopathic Store","Credit","","0","0","Affan","4735","0"
"7487","4/15/2025 12:00:00 AM","S-6121","Invoice","Cash In Hand","Cash","Cash In Hand","0","0","Affan","400","0"
"7488","4/15/2025 12:00:00 AM","S-6122","Invoice","Cash In Hand","Cash","Cash In Hand","0","0","Affan","300","0"
"7489","4/15/2025 12:00:00 AM","S-6123","Invoice","Cash In Hand","Cash","Cash In Hand","0","0","Affan","1650","0"
"7490","4/15/2025 12:00:00 AM","S-6124","Invoice","Cash In Hand","Cash","Cash In Hand","0","0","usama","650","0"
"7491","4/16/2025 12:00:00 AM","S-6125","Invoice","Cash In Hand","Cash","Cash In Hand","0","0","usama","500","0"
"7492","4/16/2025 12:00:00 AM","S-6126","Invoice","Cash In Hand","Cash","Cash In Hand","0","0","usama","450","0"
"7493","4/16/2025 12:00:00 AM","P-1360","Purchase","Bilal Homoeopathic Store","Credit","","0","0","Afan","864",""
"7494","4/16/2025 12:00:00 AM","P-1361","Purchase","Dua Homoeopathic Store ","Credit","","0","00","Affan","253",""
"7495","4/16/2025 12:00:00 AM","P-1362","Purchase","Tawaqal Homoeopathic Store","Credit","","0","","Affan","446",""
"7496","4/16/2025 12:00:00 AM","P-1363","Purchase","German Homeopathic Store (Dr Saqib Khan)","Credit","","0","00","Affan","3580",""
"7497","4/16/2025 12:00:00 AM","S-6127","Invoice","Rafay Homeopathic Store","Credit","","","","Affan","1548","0"
"7498","4/16/2025 12:00:00 AM","S-6128","Invoice","Sohail Homoeo & Harbal Store","Credit","","0","0","Affan","446","0"
"7499","4/16/2025 12:00:00 AM","S-6129","Invoice","Muslim Homoeopathic Store LPR ","Credit","","0","0","Affan","1060","0"
"7500","4/16/2025 12:00:00 AM","S-6130","Invoice","Noman Homeopathic Store","Credit","","0","0","Affan","1630","0"
"7501","4/16/2025 12:00:00 AM","S-6131","Invoice","Hassan Homeopathic Store","Credit","","0","0","Affan","1985","0"
"7502","4/16/2025 12:00:00 AM","S-6132","Invoice","Cash In Hand","Cash","Cash In Hand","","","Affan","1950","0"
"7503","4/17/2025 12:00:00 AM","S-6133","Invoice","Cash In Hand","Cash","Cash In Hand","","","Affan","500","0"
"7504","4/17/2025 12:00:00 AM","S-6134","Invoice","Muzamil Homoeo Store (D.K.M)","Credit","","","","Affan","10160","0"
"7505","4/17/2025 12:00:00 AM","P-1364","Purchase","Dr iqbal (Muzammil H/S)","Credit","","0","0","Affan","10160",""
"7506","4/17/2025 12:00:00 AM","S-6135","Invoice","Cash In Hand","Cash","Cash In Hand","","","usama","7655","0"
"7507","4/17/2025 12:00:00 AM","S-6136","Invoice","Sheroze H/S Muzzamil ","Credit","","00","00","Affan","1620","0"
"7508","4/17/2025 12:00:00 AM","P-1365","Purchase","Sheroze H/S Muzzamil ","Credit","","0","0","Affan","1620",""
"7509","4/17/2025 12:00:00 AM","S-6137","Invoice","Cash In Hand","Cash","Cash In Hand","","","Affan","450","0"
"7510","4/17/2025 12:00:00 AM","S-6138","Invoice","Cash In Hand","Cash","Cash In Hand","00","00000","usama","700","0"
"7511","4/17/2025 12:00:00 AM","S-6139","Invoice","Cash In Hand","Cash","Cash In Hand","","","usama","1242","0"
"7512","4/17/2025 12:00:00 AM","S-6140","Invoice","Dr Rasheed Kashmiri (Tando Alayar)","Credit","","","00","usama","120","0"
"7513","4/17/2025 12:00:00 AM","S-6141","Invoice","Dr Rasheed Kashmiri (Tando Alayar)","Credit","","00","00","usama","6980","0"
"7514","4/17/2025 12:00:00 AM","S-6142","Invoice","Habibullah Pansar Store (Hyderabad)","Credit","","0","0","usama","7244","0"
"7515","4/17/2025 12:00:00 AM","S-6143","Invoice","Hakeem Dainsh (kunri)","Credit","","0","0","Affan","34337","0"
"7516","4/17/2025 12:00:00 AM","P-1366","Purchase","Rafay Homeopathic Store","Credit","","0","0","Affan","1031",""
"7517","4/17/2025 12:00:00 AM","S-6144","Invoice","German Homeopathic Store (Dr Saqib Khan)","Credit","","0","0","Affan","1190","0"
"7518","4/17/2025 12:00:00 AM","S-6145","Invoice","Dua Homoeopathic Store ","Credit","","0","0","Affan","126","0"
"7519","4/17/2025 12:00:00 AM","S-6146","Invoice","Hoor M/S Lajpat Road","Credit","","0","0","Affan","90","0"
"7520","4/17/2025 12:00:00 AM","S-6147","Invoice","Noman Homeopathic Store","Credit","","","","Affan","3833","0"
"7521","4/17/2025 12:00:00 AM","S-6148","Invoice","Hassan Homeopathic Store","Credit","","0","0","Affan","210","0"
"7522","4/17/2025 12:00:00 AM","S-6149","Invoice","Sohail Homoeo & Harbal Store","Credit","","","0","Aff\an","468","0"
"7523","4/17/2025 12:00:00 AM","S-6150","Invoice","Cash In Hand","Cash","Cash In Hand","","","Affan","4000","0"
"7524","4/17/2025 12:00:00 AM","S-6151","Invoice","Rafay Homeopathic Store","Credit","","","","Affan","440","0"
"7525","4/17/2025 12:00:00 AM","P-1367","Purchase","Cash In Hand","Cash","Cash In Hand","0","0","sa","100",""
"7526","4/19/2025 12:00:00 AM","S-6152","Invoice","Cash In Hand","Cash","Cash In Hand","","","usama","900","0"
"7527","4/19/2025 12:00:00 AM","S-6153","Invoice","Cash In Hand","Cash","Cash In Hand","","","usama","2961","0"
"7528","4/19/2025 12:00:00 AM","S-6154","Invoice","Cash In Hand","Cash","Cash In Hand","","","Affan","400","0"
"7529","4/24/2024 12:00:00 AM","P-1368","Purchase","Muzamil Homoeo Store (D.K.M)","Credit","","0","0","raza","310",""
"7530","4/19/2025 12:00:00 AM","S-6155","Invoice","Cash In Hand","Cash","Cash In Hand","","","Affan","400","0"
"7531","4/19/2025 12:00:00 AM","S-6156","Invoice","Pawan M/S JAMSABAD (KGM)","Credit","","","","Affan","6810","0"
"7532","4/19/2025 12:00:00 AM","S-6157","Invoice","Muslim Homoeopathic Store LPR ","Credit","","","","Affan","180","0"
"7533","4/19/2025 12:00:00 AM","S-6158","Invoice","Star Homoeo Store","Credit","","0","0","Affan","50","0"
"7534","4/19/2025 12:00:00 AM","S-6159","Invoice","Noman Homeopathic Store","Credit","","0","0","Affan","2064","0"
"7535","4/19/2025 12:00:00 AM","S-6160","Invoice","Hassan Homeopathic Store","Credit","","","","Affan","403","0"
"7536","4/20/2025 12:00:00 AM","P-1369","Purchase","Hassan Homeopathic Store","Credit","","","","Affan","433",""
"7537","4/20/2025 12:00:00 AM","S-6161","Invoice","Rafay Homeopathic Store","Credit","","","","Affan","8622","0"
"7538","4/20/2025 12:00:00 AM","S-6162","Invoice","Muslim Homoeopathic Store LPR ","Credit","","","","Affan","81","0"
"7539","4/20/2025 12:00:00 AM","S-6163","Invoice","Cash In Hand","Cash","Cash In Hand","","","Affan","1100","0"
"7540","4/20/2025 12:00:00 AM","S-6164","Invoice","Cash In Hand","Cash","Cash In Hand","","","Affan","250","0"
"7541","4/20/2025 12:00:00 AM","S-6165","Invoice","Hassan Homeopathic Store","Credit","","","","Affan","114","0"
"7542","4/20/2025 12:00:00 AM","S-6166","Invoice","Sheroze H/S Muzzamil ","Credit","","","","Affan","300","0"
"7543","4/20/2025 12:00:00 AM","S-6167","Invoice","Noman Homeopathic Store","Credit","","","","Affan","6729","0"
"7544","4/20/2025 12:00:00 AM","S-6168","Invoice","Cash In Hand","Credit","","0","0","raza","500","0"
"7545","4/21/2025 12:00:00 AM","S-6169","Invoice","H/Dr.Irfan (T.A)","Credit","","0","0","usama","2843","0"
"7546","4/21/2025 12:00:00 AM","S-6170","Invoice","Cash In Hand","Cash","Cash In Hand","","","Affan","400","0"
"7547","4/21/2025 12:00:00 AM","P-1370","Purchase","Sheroze H/S Muzzamil ","Credit","","","","Affan","300",""
"7548","4/21/2025 12:00:00 AM","S-6171","Invoice","Noman Homeopathic Store","Credit","","","","Affan","240","0"
"7549","4/21/2025 12:00:00 AM","S-6172","Invoice","Muslim Homoeopathic Store LPR ","Credit","","","","Affan","125","0"
"7550","4/21/2025 12:00:00 AM","S-6173","Invoice","Jameel H/S LPR","Credit","","","","Affan","126","0"
"7551","4/21/2025 12:00:00 AM","S-6174","Invoice","Cash In Hand","Cash","Cash In Hand","","","Affan","300","0"
"7552","4/21/2025 12:00:00 AM","S-6175","Invoice","Cash In Hand","Cash","Cash In Hand","","","Affan","750","0"
"7553","4/21/2025 12:00:00 AM","S-6176","Invoice","Muslim Homoeopathic Store LPR ","Credit","","","","Affan","1897","0"
"7554","4/21/2025 12:00:00 AM","S-6177","Invoice","Chand Homoeopathic Store","Credit","","","","Affan","488","0"
"7555","4/21/2025 12:00:00 AM","S-6178","Invoice","Hassan Homeopathic Store","Credit","","","","Affan","504","0"
"7556","4/21/2025 12:00:00 AM","P-1371","Purchase","Hassan Homeopathic Store","Credit","","","","Affan","604",""
"7557","4/21/2025 12:00:00 AM","S-6179","Invoice","Dr Shabbir (Odero Lal)","Credit","","","","Affan","13265","0"
"7558","4/21/2025 12:00:00 AM","S-6180","Invoice","Shahid Medical Store (Chambar)","Credit","","","","Affan","9262","0"
"7559","4/21/2025 12:00:00 AM","P-1372","Purchase","Rafay Homeopathic Store","Credit","","","","Affan","5992",""
"7560","4/21/2025 12:00:00 AM","P-1373","Purchase","Rafay Homeopathic Store","Credit","","","","Affan","922",""
"7561","4/22/2025 12:00:00 AM","S-6181","Invoice","Cash In Hand","Cash","Cash In Hand","","","Affan","700","0"
"7562","4/22/2025 12:00:00 AM","S-6182","Invoice","DR Tariq (Puleli)","Credit","","","","Affan","4392","0"
"7563","4/22/2025 12:00:00 AM","S-6183","Invoice","Hassan Homeopathic Store","Credit","","","","Affan","428","0"
"7564","4/22/2025 12:00:00 AM","S-6184","Invoice","Muslim Homoeopathic Store LPR ","Credit","","","","Affan","446","0"
"7565","4/22/2025 12:00:00 AM","P-1374","Purchase","Noman Homeopathic Store","Credit","","","","Affan","315",""
"7566","4/22/2025 12:00:00 AM","S-6185","Invoice","Cash In Hand","Cash","Cash In Hand","","","Affan","250","0"
"7567","4/23/2025 12:00:00 AM","S-6186","Invoice","Cash In Hand","Cash","Cash In Hand","","","Affan","350","0"
"7568","4/23/2025 12:00:00 AM","S-6187","Invoice","Cash In Hand","Cash","Cash In Hand","","","Affan","300","0"
"7569","4/23/2025 12:00:00 AM","S-6188","Invoice","Cash In Hand","Cash","Cash In Hand","","","Affan","200","0"
"7570","4/23/2025 12:00:00 AM","S-6189","Invoice","Cash In Hand","Cash","Cash In Hand","","","Affan","200","0"
"7571","4/23/2025 12:00:00 AM","S-6190","Invoice","Areez pansar store (Tando Alayar)","Credit","","","","Affan","7719","0"
"7572","4/23/2025 12:00:00 AM","S-6191","Invoice","DR Shahid Ahmed ","Credit","","","","Affan","4026","0"
"7573","4/23/2025 12:00:00 AM","S-6192","Invoice","DR Ramesh Kumar (Samaro City )","Credit","","","","Affan","10110","0"
"7574","4/23/2025 12:00:00 AM","S-6193","Invoice","Noman Homeopathic Store","Credit","","","","Affan","203","0"
"7575","4/23/2025 12:00:00 AM","S-6194","Invoice","Chand Homoeopathic Store","Credit","","","","Affan","126","0"
"7576","4/23/2025 12:00:00 AM","S-6195","Invoice","Cash In Hand","Cash","Cash In Hand","","","Aafan","1000","0"
"7577","4/23/2025 12:00:00 AM","S-6196","Invoice","Cash In Hand","Cash","Cash In Hand","","","Affan","400","0"
"7578","4/24/2025 12:00:00 AM","S-6197","Invoice","Cash In Hand","Cash","Cash In Hand","","","usama","10508","0"
"7579","4/24/2025 12:00:00 AM","P-1375","Purchase","Cash In Hand","Cash","Cash In Hand","1","","usama","3000",""
"7580","4/24/2025 12:00:00 AM","S-6198","Invoice","Muslim Homoeopathic Store LPR ","Credit","","","","Affan","365","0"
"7581","4/24/2025 12:00:00 AM","S-6199","Invoice","Noman Homeopathic Store","Credit","","","","Affan","150","0"
"7582","4/24/2025 12:00:00 AM","S-6200","Invoice","Hassan Homeopathic Store","Credit","","","","Affan","1150","0"
"7583","4/24/2025 12:00:00 AM","S-6201","Invoice","Cash In Hand","Cash","Cash In Hand","4","4","usama","200","0"
"7584","4/30/2025 12:00:00 AM","S-6202","Invoice","Cash In Hand","Cash","Cash In Hand","","","usama","5811","0"
"7585","5/3/2025 12:00:00 AM","S-6203","Invoice","Cash In Hand","Cash","Cash In Hand","","","usama","10658","0"
"7586","5/3/2025 12:00:00 AM","S-6204","Invoice","Sohail Homoeo & Harbal Store","Credit","","4","","usama","306","0"
"7587","5/6/2025 12:00:00 AM","S-6205","Invoice","H/Dr.Irfan (T.A)","Credit","","0","0","usama","3477","0"
"7588","4/24/2025 12:00:00 AM","S-6206","Invoice","Dr manzoor Ahmed (Tando Jaam)","Credit","","5","1","usama","8723","0"
"7589","4/24/2025 12:00:00 AM","P-1376","Purchase","Dr manzoor Ahmed (Tando Jaam)","Credit","","2","20","usama","336",""
"7590","4/24/2025 12:00:00 AM","S-6207","Invoice","Dr manzoor Ahmed (Tando Jaam)","Credit","","2","20","usama","2610","0"
"7591","4/24/2025 12:00:00 AM","S-6208","Invoice","Dr Manzoor (Shah Pur Janiya)","Credit","","2","20","Afaan","1680","0"
"7592","4/24/2025 12:00:00 AM","S-6209","Invoice","Dr manzoor Ahmed (Tando Jaam)","Credit","","4","4","usama","1680","0"
"7593","4/24/2025 12:00:00 AM","P-1377","Purchase","Dr Manzoor (Shah Pur Janiya)","Credit","","4","4","usama","1680",""
"7594","4/26/2025 12:00:00 AM","S-6210","Invoice","Cash In Hand","Cash","Cash In Hand","1","1","usama","1680","0"
"7595","5/17/2025 12:00:00 AM","S-6211","Invoice","Dr manzoor Ahmed (Tando Jaam)","Cash","Cash In Hand","1","1","usama","1475","0"
"7596","5/19/2025 12:00:00 AM","P-1378","Purchase","Cash In Hand","Credit","","0","0","usama","248",""
"7597","5/19/2025 12:00:00 AM","S-6212","Invoice","H/Dr.Irfan (T.A)","Credit","","","","uasama","4463","0"
"7598","5/25/2025 12:00:00 AM","S-6213","Invoice","H/Dr.Irfan (T.A)","Credit","","","0","usama","88","0"
"7599","5/25/2025 12:00:00 AM","S-6214","Invoice","Cash In Hand","Cash","Cash In Hand","0","0","usama","500","0"
"7600","6/24/2025 12:00:00 AM","S-6215","Invoice","M/S Labortaries","Cash","Cash In Hand","0","No ne","raza","358400","0"
"7601","6/24/2025 12:00:00 AM","S-6216","Invoice","M/S Labortaries","Cash","Cash In Hand","0","0","raza","259200","0"
"7602","6/24/2025 12:00:00 AM","S-6217","Invoice","M/S Labortaries","Cash","Cash In Hand","0","0","raza","129600","0"
"7603","3/30/2009 12:00:00 AM","P-1379","Purchase","Chand Homoeopathic Store","Cash","Cash In Hand","0","0"," usama","280",""
"7604","3/30/2009 12:00:00 AM","P-1380","Purchase","Ali Raza","Cash","Cash In Hand","","","raza","150",""
"7605","8/22/2026 12:00:00 AM","P-1381","Purchase","Affan Chand H/S","Cash","BM Pvt LTD","563","by Hand Fraz Bhai","ADDan","2500",""
