"ID","Item Name","Item Code","Naration","Minimum Level","Sale Price","Purchase Price"
"142","1 Ghr 20Ml","GHR","0","6","595","595"
"143","2 Ghr 20Mi","GHR","0","6","595","400"
"144","3 Ghr 20Ml","GHR","0","6","595","595"
"145","4 Ghr 20 Ml","GHR","0","6","595","595"
"146","5 Ghr 20 Ml","GHR ","0","6","595","595"
"147","6 Ghr 20 Ml","GHR","0","6","595","595"
"148","7 Ghr 20Ml","GHR","0","6","595","504"
"149","8 Ghr 20Ml","GHR","0","6","595","595"
"150","9 Ghr 20Ml","GHR","0","6","595","595"
"151","10 Ghr 20Ml","GHR","0","6","595","595"
"152","11 Ghr 20Ml","GHR","0","6","595","595"
"153","12 Ghr 20Ml","GHR","0","6","595","595"
"154","13 Ghr 20Ml","GHR","0","6","595","595"
"155","14 Ghr 20Ml","GHR","0","6","595","595"
"156","15 Ghr 20Ml","GHR","0","6","595","504"
"157","16 Ghr 20Ml","GHR","0","6","0","504"
"158","17 Ghr 20Ml","GHR","0","6","595","595"
"159","18 Ghr 20Ml","GHR","0","6","595","595"
"160","19 Ghr 20Ml","GHR","0","6","595","595"
"161","20 Ghr 20Ml","GHR","0","6","595","504"
"162","21 Ghr 20Ml","GHR","0","6","0","595"
"163","22 Ghr 20Ml","GHR","0","6","595","595"
"164","23 Ghr 20Ml","GHR","0","6","595","504"
"165","24 Ghr 20Ml","GHR","0","6","595","595"
"166","25 Ghr 20Ml","GHR","0","6","595","595"
"167","26 Ghr 20Ml","GHR","0","6","595","595"
"168","27 Ghr 20Ml","GHR","0","6","595","595"
"169","28 Ghr 20Ml","GHR","0","6","595","504"
"170","29 Ghr 20Ml","GHR","0","6","595","504"
"171","30 Ghr 20Ml","GHR","0","6","595","0"
"172","31 Ghr 20Ml","GHR","0","6","0","504"
"173","32 Ghr 20Ml","GHR","0","6","595","504"
"174","33 Ghr 20Ml","GHR","0","6","595","595"
"175","34 Ghr 20Ml","GHR ","0","6","595","595"
"176","35 Ghr 20Ml","GHR","0","6","0","595"
"177","36 Ghr 20Ml","GHR","0","6","0","0"
"178","37 Ghr 20Ml","GHR","0","6","595","595"
"179","38 Ghr 20Ml","GHR","0","6","595","595"
"180","39 Ghr 20Ml","GHR","0","6","595","595"
"181","40 Ghr 20Ml","GHR","0","6","595","504"
"182","41 Ghr 20Ml","GHR","0","6","595","504"
"183","42 Ghr 20Ml","GHR","0","6","595","504"
"184","Rene Cure 120Ml Syp","BM","0","6","150","150"
"185","Nux D.S 120Ml Syp","BM","0","6","180","180"
"186","Cascara Senna 120Ml Syp","BM","0","6","155","93"
"187","Podophyllum 120Ml Syp","BM","0","6","180","180"
"188","Chesty 120Ml Syp","BM","0","6","180","150"
"189","Asoka Cordial 120Ml Syp","BM","0","6","180","150"
"190","Alfalfa Ginsing 120Ml Syp","BM","0","6","150","150"
"191","Nux Vomica 120Ml Syp","BM","0","6","180","180"
"192","Baptisia 120Ml Syp","BM","0","6","180","150"
"193","Baby Tonic 120Ml Syp","BM","0","6","180","180"
"194","Hepatoliver 120Ml Syp","BM","0","6","150","150"
"195","Bryonia 120Ml Syp","BM","0","6","180","180"
"196","Alfalfa Tonic 120Ml Syp","BM","0","6","180","150"
"197","Femolin 240Ml Syp","BM","0","6","250","150"
"198","Ferrum Guard 240Ml Syp","BM","0","6","250","150"
"199","Moringa 240Ml Syp","BM","0","6","300","300"
"200","Sepa Tab","BM","0","5","250","200"
"201","Doloex Plus Tab ","BM","0","5","200","150"
"202","Syzjambol Tab","BM","0","5","200","150"
"203","Nux Vomica Tab ","BM","0","5","150","150"
"204","Bio-Calcium Tab ","BM","0","5","200","200"
"205","Vermifuge Tab","BM","0","5","250","150"
"206","Ginseng Tab ","BM","0","5","200","200"
"207","Arthribid Tab ","BM","0","5","200","90"
"208","Pimpie Cream","BM","0","5","180","108"
"209","Calendula Ointment","BM","0","5","180","180"
"210","Rhus Tox Ointment","BM","0","5","180","108"
"211","Fairy Face Lotion","BM","0","5","150","90"
"212","Fevo Mek 60Ml","MEK","0","5","110","110"
"213","Podo Mak 60Ml","MEK","0","5","110","110"
"214","Mek-Cough 60Ml","MEK","0","5","0","0"
"215","Gastro Pex 60Ml","MEK","0","5","110","110"
"216","Gastro Pex 500Ml","MEK","0","5","430","0"
"217","Digi-Mak 500Ml","MEK","0","5","0","0"
"218","Hapartone 500Ml","MEK","0","5","430","430"
"219","Alfalfa 500Ml","MEK","0","5","0","0"
"220","Gastro Pex Tab 250G","MEK","0","5","660","550"
"221","Pain Mak Tab","MEK","0","5","240","190"
"222","Mekcard Tab ","MEK","0","5","260","260"
"223","Dia-Mak Tab","MEK","0","5","0","0"
"224","Ginkgo Mek Tab ","MEK","0","5","280","280"
"225","Iero-Mek Tab ","MEK","0","5","280","350"
"226","Mekchol Tab","MEK","0","5","260","260"
"227","Siliclax Drop","MEK","0","5","160","149"
"228","Mullein (Ear-Drop)","MEK","0","5","160","200"
"229","Senox (Nasal Drop)","MEK","0","5","200","200"
"230","Dento-Mek (Toothache-Lotion)","MEK","0","5","160","160"
"231","Vitagene-Forte (Drop)","BM","0","6","250","250"
"232","Venocard-Diocarde (Glod Drop)","BM","0","6","250","200"
"233","Mek-Cantharis Cream","MEK","0","6","0","0"
"234","Pain Gel Gel ","MEK","0","6","180","220"
"235","Calendula (Ointment)","MEK","0","6","160","160"
"236","Thuja Cream","MEK","0","6","210","210"
"237","Sulfur Cream","MEK","0","6","210","210"
"238","T-1 Gas & Indigestion 30Ml Drops","MEK","0","12","230","230"
"239","T-2 Acute And Chronic Asthama 30Ml","MEK","0","12","230","230"
"240","T-3 Sinusits 30Ml","MEK","0","12","150","230"
"241","T-4 Blood Purifier 30Ml","MEK","0","12","230","230"
"242","T-5 Sugar Control 30Ml","MEK","0","12","230","230"
"243","T-6 Rheumatism 30Ml","MEK","0","12","230","230"
"244","T-7 Haemorrhoids 30Ml","MEK","0","12","230","230"
"245","T-8 Leucorrhea 30Ml","MEK","0","12","230","320"
"246","T-9 High Blood Pressure 30Ml","MEK","0","12","230","230"
"247","T-10 Relieve The Symptoms 30Ml","MEK","0","12","190","230"
"248","T-11 Eye Bright 30Ml ","MEK","0","12","230","230"
"249","T-12 Increas Weight 30Ml","MEK","0","12","230","230"
"250","T-13 Amenorrhoea & Dysmenorrhoea 30Ml","MEK","0","12","230","230"
"251","T-14 Hight 30Ml","MEK","0","12","230","230"
"252","T-15 Bed Wetting 30Ml","MEK","0","12","230","230"
"253","T-16 Slimming 30Ml","MEK","0","12","230","230"
"254","T-17 Kidney & Bladder Calculi 30Ml","MEK","0","12","230","230"
"255","T-18 Tonsillitis 30Ml","MEK","0","12","230","230"
"256","T-19 Vertigo 30Ml","MEK","0","12","230","230"
"257","T-20 Ace Pimples 30Ml ","MEK","0","12","230","230"
"258","T-21 Low Blood Pressure 30Ml","MEK","0","12","190","230"
"259","T-22 Sleeplessness 30Ml","MEK","0","12","230","230"
"260","T-23 Prostatitis 30Ml","MEK","0","12","230","230"
"261","T-24 Bronchitis 30Ml","MEK","0","12","230","230"
"262","T-25 Diarrhoea & Dysentery 30Ml","MEK","0","12","230","230"
"263","T-26 Vermifuge 30Ml","MEK","0","12","230","230"
"264","T-27 Hair 30Ml","MEK","0","12","230","230"
"265","T-28 Fever 30Ml","MEK","0","12","230","230"
"266","T-29 Anaemia 30Ml","MEK","0","12","230","230"
"267","T-30 Constipation 30Ml","MEK","0","12","230","230"
"268","T-31 Sweating 30Ml","MEK","0","12","170","230"
"269","T-32 Lumbago 30Ml","MEK","0","12","170","230"
"270","T-33 Inflammation 30Ml ","MEK","0","12","230","230"
"271","T-34 Urinary Disease 30Ml","MEK","0","12","230","230"
"272","T-35 Liver & Gall Bladder 30Ml","MEK","0","12","230","230"
"273","T-36 Bleeding 30Ml ","MEK","0","12","230","230"
"274","T-37 Relieve The Symptoms Of Unwanted Facial Hair 30Ml","MEK","0","12","170","230"
"275","T-38 Nasal Catarrh 30Ml","MEK","0","12","230","230"
"276","T-39 Eczema 30Ml ","MEK","0","12","230","230"
"277","T-40 Leucoderma 30Ml","MEK","0","12","230","230"
"278","T-41 Undeveloped Breast","MEK","0","12","230","230"
"279","T-42 Relieve The Symtoms Of Headache 30Ml","MEK","0","12","180","230"
"280","T-43 Fibroids & Ovarian Cyst 30Ml","MEK","0","12","230","230"
"281","T-44 Weak Memory 30Ml","MEK","0","12","190","230"
"282","T-45 Cholesterol 30Ml","MEK","0","12","230","230"
"283","T-46 Arthritis (Uric Acid) 30Ml","MEK","0","12","230","230"
"284","T-47 Recalification 30Ml","MEK","0","12","230","230"
"285","T-48Ausea & Vometing 30Ml","MEK","0","12","230","230"
"286","T-49 Tonic For Men 30Ml ","MEK","0","12","230","230"
"287","T-50 Paralysis 30Ml ","MEK","0","12","230","230"
"288","T-51 Relieve The Symtoms Of Tumor 30Ml","MEK","0","12","230","230"
"289","T-52 Hepatitis 30Ml ","MEK","0","12","230","230"
"290","T-53 Mouth Ulcer 30Ml","MEK","0","12","230","230"
"291","T-54 Relieve The Symtoms Of Cervical Spondylosis 30Ml","MEK","0","12","230","230"
"292","T-55 Heel Pain 30Ml","MEK","0","12","230","230"
"293","T-56 Urticaria 30Ml","MEK","0","12","230","230"
"294","T-57 Relieve The Symptoms Of Influenza 30Ml","MEK","0","12","230","230"
"295","T-58 Itching & Skin Irritation 30Ml","MEK","0","12","230","230"
"296","T-59 Relieve The Symptoms Of Warts 30Ml","MEK","0","12","230","230"
"297","T-60 Sciatica 30Ml ","MEK","0","12","230","230"
"298","Ferro Mek 415Gm Syp","MEK","0","12","400","470"
"299","Korean Ginseng Tonic 250Ml Syp","MEK","0","12","400","400"
"300","Sharbat E Faulad 250Ml Syp","MEK","0","12","330","330"
"301","Ginkgo Mek 250Ml Syp","MEK","0","12","330","330"
"302","Gastro Pex 250Ml Syp","MEK","0","12","330","330"
"303","Mekbin Hemoglobin 250Ml Syp","MEK","0","12","330","330"
"304","Tonsimek 120Ml Syp","MEK","0","12","260","220"
"305","Podo Mek 120Ml Syp","MEK","0","12","160","160"
"306","Nefrenol Kidny 120Ml Syp","MEK","0","12","170","180"
"307","Avena Force 250Ml Syp","MEK","0","12","390","390"
"308","Jaam E Hayat 250Ml Syp","MEK","0","12","390","390"
"309","Bio Mek 250Ml Syp","MEK","0","12","390","330"
"310","Calci Mek 250Ml Syp","MEK","0","12","340","410"
"311","Senox Cold 120Ml Syp","MEK","0","12","160","160"
"312","Phytolacca Berry 120Ml Syp","MEK","0","12","260","260"
"313","Mek Cough 120Ml Syp","MEK","0","120","160","160"
"314","Rheuma Liniment 120Ml Syp","MEK","0","120","340","330"
"315","Mektone Baby Tonic 120Ml Syp","MEK","0","120","210","180"
"316","Mek Cuff 120Ml Syp","MEK","0","120","200","200"
"317","Korean Ginseng Tonic 120Ml Syp","MEK","0","120","180","0"
"318","Leuco Mek 120Ml Syp","MEK","0","12","280","160"
"319","Khoon Safi 120Ml Syp.","MEK","0","12","180","180"
"320","Glyco Mek 120Ml Syp","MEK","0","12","180","180"
"321","Hepartone Liver Tonic 120Ml Syp","MEK","0","12","220","220"
"322","Ferrum Complex 120Ml Syp","MEK","0","12","180","200"
"323","Arthro Mek 120Ml Syp","MEK","0","12","180","180"
"324","Fevo Mek 120Ml Syp","MEK","0","12","160","160"
"325","Digi Mek Digestive Tonic 120Ml Syp","MEK","0","12","160","160"
"326","Agnus Damiana 120Ml Drops","MEK","0","12","260","260"
"327","Avena Ginkgo 120Ml Syp","MEK","0","12","260","260"
"328","Arnica Medicated 120Ml Shampoo","MEK","0","12","370","370"
"329","Calci Mek 120Ml Syp","MEK","0","12","190","190"
"330","Arnica Medicated 120Ml Oil","MEK","0","120","370","370"
"331","Alfalfa Super Tonic 120Ml Syp","MEK","0","12","160","160"
"332","Caledula Medicated 60Ml Skin Lotion","MEK","0","12","160","200"
"333","Tension Relief 60Ml Drops","BM","0","12","250","0"
"334","Euphrasia Eye 15Ml Drops","BM","0","12","190","114"
"335","Plantigo Oral Detal Remedy 15Ml Drops","BM","0","12","150","150"
"336","Mullien Ear 15Ml Drops","BM","0","12","200","150"
"337","Cineraria Maritima Eye 15Ml Drops","BM","0","12","150","150"
"338","Rene Cure 30Ml Drops","BM","0","12","250","250"
"339","Doloex 30 Tablets","BM","0","12","200","200"
"340","Ecze Mek Eczema Ointment","MEK","0","6","230","230"
"341","Pilo Mek Haemorrhoids Ointment","MEK","0","6","170","170"
"342","Mek Sulf Medicated Cream","MEK","0","12","160","160"
"343","Damia Plus Cream For Men","MEK","0","6","280","240"
"344","Hydrocotyle Medicated Cream","MEK","0","6","150","130"
"345","Chrysarobinum Medicated Cream","MEK","0","6","230","230"
"346","Dermo Mek Acne Medicated Cream ","MEK","0","6","170","160"
"347","Arnica Medicated Cream","MEK","0","6","160","160"
"348","1 Hepar Sulf 30Ml","BM","0","12","190","190"
"349","2 Paeonia 30Ml","BM","0","12","190","190"
"350","3 Chelidonium 30Ml","BM","0","12","190","190"
"351","4 Veratrum Alb 30Ml","BM","0","12","190","114"
"352","5 Echinacea 30Ml","BM","0","12","190","190"
"353","6 Agripuls 30Ml","BM","0","12","160","160"
"354","7 Petroleum 30Ml","BM","0","12","190","190"
"355","8 Formica Rufa 30Ml","BM","0","12","190","190"
"356","9 Scrophularia 30Ml","BM","0","12","190","160"
"357","10 Opuntia 30Ml","BM","0","12","190","190"
"358","11 Usnea Barb 30Ml","BM","0","12","190","190"
"359","12 Anti Crud 30Ml","BM","0","12","190","190"
"360","13 Drosera 30Ml","BM","0","12","190","190"
"361","14 Gossypium 30Ml","BM","0","12","190","160"
"362","15 Lithium Carb 30Ml","BM","0","12","190","190"
"363","16 Cratagus 30Ml","BM","0","12","190","160"
"364","17 Passiflora 30Ml","BM","0","12","190","190"
"365","18 Ruta Grave","BM","0","12","190","190"
"366","19 Fucus Ves 30Ml","BM","0","12","190","160"
"367","20 Sulphur 30Ml","BM","0","12","190","114"
"368","21 Magnesia Mur 30Ml","BM","0","12","190","114"
"369","22 Adonisver 30Ml","BM","0","12","160","190"
"370","23 Equisetum 30Ml","BM","0","12","190","190"
"371","24 Kali Phos 30Ml","BM","0","12","190","160"
"372","25 Humulus Lup 30Ml","BM","0","12","190","190"
"373","26 Naphthalinum 30Ml","BM","0","12","190","190"
"374","27 Crocus 30Ml","BM","0","12","190","114"
"375","28 Arum Triph 30Ml","BM","0","12","190","114"
"376","29 Juniperus 30Ml","BM","0","12","190","190"
"377","30 Arte Nit 30Ml","BM","0","12","190","96"
"378","31 Calcarea Flor 30Ml","BM","0","12","160","114"
"379","32 Ceanothus 30Ml","BM","0","12","190","190"
"380","33 Ferrum Met 30Ml","BM","0","12","160","114"
"381","34 Grindonna 30Ml","BM","0","12","160","114"
"382","35 Colocynthis 30Ml","BM","0","12","190","190"
"383","36 Fraxinus 30Ml","BM","0","12","190","190"
"384","37 Iod Carb 30Ml","BM","0","12","190","190"
"385","38 Kali Brom 30Ml","BM","0","12","160","114"
"386","39 Urtica Urens 30Ml","BM","0","12","190","114"
"387","40 Zincum Acet 30Ml","BM","0","12","190","114"
"388","41 Angustura 30Ml","BM","0","12","190","190"
"389","42 Baptisia Tinic","BM","0","12","190","190"
"390","43 Santonine 30Ml","BM","0","12","190","114"
"391","44 Cimicifuga 30Ml","BM","0","12","190","160"
"392","45 Clematis 30Ml","BM","0","12","190","114"
"393","46 Chamomilla 30Ml","BM","0","12","190","114"
"394","47 Ginko Biloba 30Ml","BM","0","12","190","114"
"395","48 Chemobell 30Ml","BM","0","12","190","114"
"396","49 Saw Palmetto 30Ml","BM","0","12","190","114"
"397","50 Baryta Carb 30Ml","BM","0","12","190","96"
"398","51 Berberis Vulg 30Ml","BM","0","12","190","160"
"399","52 Cardus Mar 30Ml","BM","0","12","190","114"
"400","53 Apium Virus 30Ml","BM","0","12","190","160"
"401","54 Hyfraga 30Ml","BM","0","12","0","160"
"402","55 Daphne Ind 30Ml","BM","0","12","190","0"
"403","56 Euphorbium 30Ml","BM","0","12","190","160"
"404","57 Echindula 30Ml","BM","0","12","0","160"
"405","59 Calcarea 30Ml","BM","0","12","160","160"
"406","60 Fuligo 30Ml","BM","0","12","190","160"
"407","61 Acid Fumaric 30Ml","BM","0","12","0","160"
"408","62 Papaya 30Ml","BM","0","12","190","160"
"409","63 Kali Mur 30Ml","BM","0","12","190","160"
"410","64  Vesimel 30Ml","BM","0","12","160","160"
"411","65 Bellodonna 30Ml","BM","0","12","160","160"
"412","66 Ars Sulp","BM","0","12","160","160"
"413","67 Stigmaydis 30Ml","BM","0","12","190","96"
"414","68 Dulcamara 30Ml","BM","0","12","190","96"
"415","69 Lycopodium 30Ml","BM","0","12","160","96"
"416","70 Tuja 30Ml","BM","0","12","190","114"
"417","71 Baryta Mur 30Ml","BM","0","12","190","160"
"418","72 Pareira Brava Baryta Mur 30Ml","BM","0","12","190","190"
"419","73 Saccharum 30Ml","BM","0","12","0","160"
"420","74 Hydrastis 30Ml","BM","0","12","190","160"
"421","75 Alumina 30Ml","BM","0","12","190","190"
"422","76 Secale 30Ml","BM","0","12","160","160"
"423","77 Podocarb 30Ml","BM","0","12","160","114"
"424","78 Condurango 30Ml","BM","0","12","0","160"
"425","79 Polygonum 30Ml","BM","0","12","0","0"
"426","80 Aletris Far 30Ml","BM","0","12","190","190"
"427","81 Camphor 30Ml","BM","0","12","0","190"
"428","82 Beta Vulgaris 30Ml","BM","0","12","190","160"
"429","83 Rhenum 30Ml","BM","0","12","190","114"
"430","84 Lycopodium 30Ml","BM","0","12","190","190"
"431","85 Prunus 30Ml","BM","0","12","0","160"
"432","86 Filipendula 30Ml","BM","0","12","0","160"
"433","87 Gultheria 30Ml","BM","0","12","0","160"
"434","88 Moschus 30Ml","BM","0","12","160","190"
"435","89 Impatiens Glan 30Ml","BM","0","12","190","160"
"436","90 Helonias 30Ml","BM","0","12","0","190"
"437","91 Mandragora 30Ml","BM","0","12","0","160"
"438","92 Staphis 30Ml","BM","0","12","0","160"
"439","94 Menyathus 30Ml","BM","0","12","160","160"
"440","93 Mezereum 30Ml","BM","0","12","0","190"
"441","95 Platina 30Ml","BM","0","12","190","190"
"442","96 Agraphis 30Ml","BM","0","12","190","190"
"443","97 Phytolacca Dec 30Ml","BM","0","12","190","190"
"444","98 Sanguinaria 30Ml","BM","0","12","160","190"
"445","99 Guaiacum 30Ml","BM","0","12","190","190"
"446","100 Castoreum 30Ml","BM","0","12","190","190"
"447","101 Bromium 30Ml","BM","0","12","190","190"
"448","102 Cuprum 30Ml","BM","0","12","190","114"
"449","103 Kali Bic 30Ml","BM","0","12","190","96"
"450","104 Chimaphila 30Ml","BM","0","12","160","160"
"451","105 Ikshugandha 30Ml","BM","0","12","190","190"
"452","107 Skookum 30Ml","BM","0","12","190","114"
"453","106 Aesculus 30Ml","BM","0","12","190","190"
"454","108 Calc Caust 30Ml","BM","0","12","160","96"
"455","109 Grindelia Rub 30Ml","BM","0","12","190","160"
"456","110  Rhus Tox 30Ml","BM","0","12","0","96"
"457","111 Arsenic Alb 30Ml","BM","0","12","190","96"
"458","112 Iris Vers 30Ml","BM","0","12","190","190"
"459","113 Amloki 30Ml","BM","0","12","190","190"
"460","114 Rhus Mara 30Ml","BM","0","12","190","160"
"461","115 Borax 30Ml","BM","0","12","190","160"
"462","116 Glonine 30Ml","BM","0","12","190","114"
"463","117 Chenopodium 30Ml","BM","0","12","190","114"
"464","118 Anacardium 30Ml","BM","0","12","0","190"
"465","119 Calcium Iod 30Ml","BM","0","12","190","114"
"466","120 Abroma Aug 30Ml","BM","0","12","190","190"
"467","121 Rhus Vernix 30Ml","BM","0","12","160","114"
"468","122 Sabal 30Ml","BM","0","12","190","190"
"469","123 Verbascum 30Ml","BM","0","12","160","114"
"470","124 Acid Nit 30Ml","BM","0","12","190","160"
"471","125 Dolichos 30Ml","BM","0","12","190","160"
"472","126 Stigmata May 30Ml","BM","0","12","190","160"
"473","127 Yerba 30Ml","BM","0","12","190","114"
"474","128 Bryonia 30Ml","BM","0","12","190","114"
"475","129 Leptandra 30Ml","BM","0","12","160","114"
"476","130 Ferrum Phos 30Ml","BM","0","12","190","190"
"477","131 Gymnema 30Ml","BM","0","12","190","160"
"478","132 Cadmium Sulph 30Ml","BM","0","12","160","160"
"479","133 Silicea 30Ml","BM","0","12","190","190"
"480","134 Myristica 30Ml","BM","0","12","190","190"
"481","135 Curcuma 30Ml","BM","0","12","190","190"
"482","136 Lathyrus Sativ 30Ml","BM","0","12","160","114"
"483","137 Prunus Cer 30Ml","BM","0","12","160","114"
"484","138 Cephallandra Ind 30Ml","BM","0","12","0","160"
"485","139 Rhododendron 30Ml","BM","0","12","190","96"
"486","140 Causticum 30Ml","BM","0","12","160","114"
"487","141 Symphytum 30Ml","BM","0","12","0","160"
"488","142 Cichorium 30Ml","BM","0","12","0","160"
"489","143 Alfalfa 30Ml","BM","0","12","160","114"
"490","144 Rosmarinus 30Ml","BM","0","12","0","160"
"491","145 Strophanthus 30Ml","BM","0","12","190","200"
"492","146 Calendula Off 30Ml","BM","0","12","0","160"
"493","147  Plantago Maj 30Ml","BM","0","12","0","190"
"494","148 Dioscorea 30Ml","BM","0","12","160","190"
"495","149 Taraxacum 30Ml","BM","0","12","0","190"
"496","150 Justicia Adhatoda 30Ml","BM","0","12","190","190"
"497","151 Gelsemium 30Ml","BM","0","12","190","145"
"498","152 Cyclamen 30Ml","BM","0","12","190","190"
"499","153 Digitails 30Ml","BM","0","12","190","190"
"500","154 Ptelea 30Ml","BM","0","12","190","96"
"501","155 Hamfolium 30Ml","BM","0","12","0","190"
"502","156 Hydrageron 30Ml","BM","0","12","190","190"
"503","157 Pulsatilla 30Ml","BM","0","12","160","190"
"504","158 Podophyllum 30Ml","BM","0","12","0","190"
"505","159 A.Janosia 30Ml","BM","0","12","160","96"
"506","160 Graphites 30Ml","BM","0","12","190","114"
"507","161 Sangubarb 30Ml","BM","0","12","0","0"
"508","162 Anagalis 30Ml","BM","0","12","0","160"
"509","163 Kali Sulph 30Ml","BM","0","12","190","190"
"510","164 Balsum 30Ml","BM","0","12","190","114"
"511","165 Angelica Atro 30Ml","BM","0","12","0","190"
"512","166 Aegle Folia 30Ml","BM","0","12","0","190"
"513","167 Abrotanum 30Ml","BM","0","12","190","160"
"514","168 Conium 30Ml","BM","0","12","0","160"
"515","169 Ipecac 30Ml","BM","0","12","0","0"
"516","170 Doryphora 30Ml","BM","0","12","160","96"
"517","171 Anti Tart 30Ml","BM","0","12","0","190"
"518","172 Iodium 30Ml","BM","0","12","190","190"
"519","179 Digioxy 30Ml","BM","0","12","190","190"
"520","173 Rhus Uren 30Ml","BM","0","12","0","0"
"521","174 Lecithinum 30Ml","BM","0","12","0","190"
"522","175 Casvara Sag 30Ml","BM","0","12","190","190"
"523","176 Aconite Nap 30Ml","BM","0","12","190","114"
"524","177 Arnica Mont 30Ml","BM","0","12","0","190"
"525","178 Vaccininum 30Ml","BM","0","12","0","190"
"526","180 Argentum Nit 30Ml","BM","0","12","190","190"
"527","181 Helleborus","BM","0","12","0","190"
"528","182 Merc Sol 30Ml","BM","0","12","190","190"
"529","183 Cineraria 30Ml","BM","0","12","160","114"
"530","184 Triticum Rep 30Ml","BM","0","12","190","190"
"531","185 Echiphos 30Ml","BM","0","12","0","190"
"532","1 Apis Melliffica 20Ml","HFP","Drops","24","230","145"
"533","2 Collin Sonia 20Ml","HFP","Drops","24","230","145"
"534","3 Cardus Marinus 20Ml","HFP","Drops","24","145","145"
"535","4 Pelargonium 20Ml","HFP","Drops","24","145","145"
"536","5 Syzygium 20Ml","HFP","Drops","24","120","145"
"537","6 Drosera 20Ml","HFP","Drops","24","145","145"
"538","8 Lemna Minar  20Ml","HFP","Drops","24","170","120"
"539","10 Sepia 20Ml","HFP","Dorps","24","170","170"
"540","13 Calc Carb 20Ml","HFP","Drops","24","145","145"
"541","14 Echinacea 20Ml","HFP","Drops","24","170","145"
"542","15 Rhustox 20Ml","HFP","Drops","24","230","145"
"543","16 Pulsatilla 20Ml","HFP","0","24","170","170"
"544","19 Carbo Veg 20Ml","HFP","Drops","24","145","145"
"545","20 Cratagus Oxy 20Ml","HFP","Drops","24","145","145"
"546","21 Blatta Ori 20Ml","HFP","Drops","24","120","145"
"547","22 Millefolium 20Ml","HFP","Drops","24","145","145"
"548","23 Canthris 20Ml","HFP","Drops","24","230","145"
"549","24 Kali Brom 20Ml","HFP","Drops","24","145","145"
"550","25 Sabal Serr 20Ml","HFP","Drops","24","170","170"
"551","26 Filix Mas 20Ml","HFP","Drops","24","120","120"
"552","27 Kalmia 20Ml","HFP","Drops","24","170","145"
"553","28 Thyrodinum 20Ml","HFP","Drops","24","145","145"
"554","32 Fraxinus 20Ml","HFP","Drops","24","170","145"
"555","33 Hepatica 20Ml","HFP","Drops","24","145","145"
"556","34 Borex 20Ml","HFP","Drops","24","230","230"
"557","35 Acid Phos 20Ml","HFP","Drops","24","145","145"
"558","36 Arg Nit 20Ml","HFP","Drops","24","230","145"
"559","37 Fel Turi 20Ml","HFP","Drops","24","145","0"
"560","38 Berbaris Velg 20Ml","HFP","Drops","24","230","230"
"561","39 Sulfer 20Ml","HFP","Drops","24","170","145"
"562","40 Yohimbinum 20Ml","HFP","Drops","24","100","145"
"563","41 Teucrium 20Ml","HFP","Drops","24","100","145"
"564","42 Petrolium 20Ml","HFP","Drops","24","170","145"
"565","43 Histamin 20Ml","HFP","Drops","24","230","145"
"566","44 Jaborandi 20Ml","HFP","Drops","24","145","145"
"567","45 Petisonum 20Ml","HFP","Drops","24","170","145"
"568","46 Hydrocotyle 20Ml","HFP","Drops","24","145","145"
"569","47 Ipicac 20Ml","HFP","Drops","24","0","145"
"570","48 Alfalfa 20Ml","HFP","Drops","24","170","145"
"571","49 Cholistrenum 20Ml","HFP","Drops","24","120","145"
"572","50 Rauwalfia 20Ml","HFP","Drops","24","170","145"
"573","Alfalfa 120Ml Syp","HFP","0","20","200","150"
"574","Alfalfa 250Ml Syp","HFP","0","20","375","375"
"575","Allergic 120Ml Syp","HFP","0","40","250","250"
"576","Asthama-H 120Ml Syp","HFP","0","20","250","185"
"577","Biona 120Ml Syp","HFP","0","15","220","170"
"578","Bone Plus 120Ml Syp","HFP","0","25","230","130"
"579","Cough Control 120Ml Syp","HFP","0","50","230","230"
"580","Dyrofen 120Ml Syp","HFP","0","20","0","0"
"581","Fever Kill 120Ml Syp","HFP","0","25","210","0"
"582","Ferrum Compose 120Ml Syp","HFP","0","25","150","150"
"583","Gastrogena 120Ml Syp","HFP","0","50","230","230"
"584","Gastogena + Podina 250Ml Syp","HFP","0","30","200","280"
"585","Growth-Up Baby Tonic 120Ml Syp","HFP","0","20","230","150"
"586","Gyno Plus 120Ml Syp","HFP","0","30","150","150"
"587","H-Biotic 120Ml Syp","HFP","0","30","230","135"
"588","Khoon Safi 120Ml Syp","HFP","0","20","150","130"
"589","Liver Rex 120Ml Syp","HFP","0","30","230","180"
"590","Uronal 120Ml Syp","HFP","0","50","230","230"
"591","Uronal 250Ml Syp","HFP","0","25","350","350"
"592","Calci + 250Ml Syp","HFP","0","40","375","320"
"593","Jam-E-Qalb 250Ml Syp","HFP","0","25","300","170"
"594","Nervo + 250Ml Syp","HFP","0","25","375","375"
"595","Power Inn 250Ml Syp","HFP","0","30","375","320"
"596","Sharbat-E-Fload 250Ml Syp","HFP","0","25","375","375"
"597","Wight Gainer Capsule","HFP","0","20","1175","1175"
"598","Wight Loss Capsule","HFP","0","15","1175","0"
"599","Sexo Fort Capsule ","HFP","0","15","1475","1475"
"600","Sexofort Drops 20Ml","HFP","0","12","325","150"
"601","Korean Ginsing Tonic 250Ml Syp","HFP","0","15","1975","1975"
"602","Korean Ginsing Tonic 120Ml Syp","HFP","0","15","1075","1075"
"603","Korean Ginsing Tonic 60Ml Syp","HFP","0","20","575","575"
"604","Korean Ginsing Suger Free 250Ml Syp","HFP","0","15","1975","1975"
"605","Kidney Gold Drops 20Ml","HFP","0","30","575","575"
"606","Cold Cure Tablet  ","HFP","0","20","295","320"
"607","Bed Wetting Tab ","HFP","0","15","0","0"
"608","Aurocard Drops","HFP","0","20","150","250"
"609","Bad Wetting Drops","HFP","0","15","170","170"
"610","Pilron Drops","HFP","0","20","250","250"
"611","Uronal Drops","HFP","0","30","325","250"
"612","Arnica Oil ","HFP","0","15","375","375"
"613","Power Fit Capsule","HFP","0","20","0","0"
"614","Alfalfa 450Ml Syp","HFP","0","5","375","0"
"615","Biona 450Ml Syp ","HFP","0","5","0","0"
"616","Bone Plus 450Ml","HFP","0","5","0","0"
"617","Calci + 450Ml","HFP","0","5","0","0"
"618","Cough Cantrol 450Ml","HFP","0","5","0","0"
"619","Dyrofen 450Ml Syp","HFP","0","5","0","0"
"620","Fever Kill 450Ml","HFP","0","5","0","0"
"621","Gastrogena 450Ml","HFP","0","5","0","0"
"622","Liver Rex 450Ml","HFP","0","5","0","0"
"623","Uronal 450Ml Syp","HFP","0","5","0","0"
"624","Vomotolen 60Ml Syp","HFP","0","5","100","85"
"625","Vomotolen 450Ml Syp","HFP","0","5","100","0"
"626","Dia Mek Tab","MEK","0","12","260","260"
"627","Calci Mek Tab","MEK","0","12","340","340"
"628","Mek Height Tab","MEK","0","12","280","280"
"629","Acn Mek Cream","MEK","0","12","160","160"
"630","Damina Force Tab","MEK","0","12","410","380"
"631","Sino Mek Tab","MEK","0","12","280","280"
"632","Damia Mek Tab","MEK","0","12","400","400"
"633","186 Ignatia 30Ml","BM","0","12","0","190"
"634","187 Ceanopodium 30Ml","BM","0","12","190","190"
"635","188 Allium Cepa 30Ml","BM","0","6","190","96"
"636","189 Artemisia Vul 30Ml","BM","0","6","0","190"
"637","190 Avena Sativa 30Ml","BM","0","6","0","190"
"638","191 Urtisotum 30Ml","BM","0","6","0","190"
"639","192 Cantharis 30Ml","BM","0","6","190","190"
"640","193 Apis Mel 30Ml","BM","0","6","160","160"
"641","194 Rawsemp 30Ml","BM","0","6","0","190"
"642","195 Ornithogalum 30Ml","BM","0","6","190","190"
"643","196 Lachnathes 30Ml","BM","0","6","190","160"
"644","197  Hypericum 30Ml","BM","0","6","190","190"
"645","198 Dulcardron 30Ml","BM","0","6","0","190"
"646","199 Gual Phos 30Ml","BM","0","6","190","190"
"647","200 Ledum Pal 30Ml","BM","0","6","190","190"
"648","Dental Lotion 15ml","BM","0","10","0","90"
"649","58 Chionanthus Drops 30ml","BM","0","12","160","190"
"650","203 Gnaphalium Drops 30ml","BM","0","12","190","190"
"651","223 Iris Germanica Drops 30ML","BM","0","12","190","190"
"652","229 Terebinthina Drops 30ML","BM","0","12","190","190"
"653","234 Eupatorium Perf Drops 30ml","BM","0","12","190","96"
"654","242 Aloes Drops 30ml","BM","0","12","160","190"
"655","246 Lycomet Drops 30ML","BM","0","12","190","190"
"656","Podophyllum 60Ml Syp","BM","0","12","100","100"
"657","Bryonia 60Ml Syp","BM","0","12","100","100"
"658","Baptisia 60Ml Syp","BM","0","10","100","100"
"659","Baby Tonic 60Ml Syp","BM","0","6","100","100"
"660","Sexovite","BM","0","2","200","200"
"661","Blanketts 3 grain white (450GM)","BM","0","4","1250","1150"
"662","Disketts 5 Grain white round (450GM)","BM","0","4","280","188"
"663","Tonsimek Tablet 25gm","MEK","0","5","160","160"
"664","Alfalfa 450Ml","MEK","0","5","430","430"
"665","Digi-Mak 450Ml","MEK","0","5","350","300"
"666","Ferrum Complex 450Ml","MEK","0","5","350","430"
"667","Gastro Pex 450Ml","MEK","0","5","430","410"
"668","Hapatone 450Ml","MEK","0","5","350","350"
"669","Korean Ginseng Tonic SFree 120Ml Syp","MEK","0","20","0","180"
"670","Korean Ginseng Tonic SFree 250Ml Syp","MEK","0","15","330","330"
"671","Mek Cough 60Ml Syp","MEK","0","15","0","110"
"672","Minola Plus 120ml SYP","MEK","0","15","180","180"
"673","Mouthmek 60 Tab","MEK","0","5","160","160"
"674","Nefrenol Kidny Drops 30ml","MEK","0","24","270","270"
"675","Relaxo Mek 30Tab","MEK","0","5","280","280"
"676","Samza 1 Bed Wetting 25GM","MEK","0","12","200","200"
"677","Spondi Mek Drops 30ml","MEK","0","12","220","220"
"678","Bio Mek 21( 25GM)","MEK","0","12","260","260"
"679","Calendula (Cream)","MEK","0","24","210","210"
"680","Calendula (lotion)","MEK","0","12","160","160"
"681","Fem Mek 120Ml Syp","MEK","0","10","160","200"
"682","Gastro Pex 60Tab","MEK","0","30","200","200"
"683","Gastro Pex 120Ml Syp","MEK","0","50","190","190"
"684","Berberis Vulg Q (C) 30ml","BM","0","25","340","280"
"685","Bryonia Alb 30 (BM)","BM","0","10","230","230"
"686","Carbo Veg 30 (BM)","BM","0","10","230","230"
"687","China Off 30 (BM)","BM","0","10","230","230"
"688","Conium 30 (BM)","BM","0","10","230","230"
"689","Lycopodium 30 (BM)","BM","0","10","230","162"
"690","Nux Vomica 30 (BM)","BM","0","50","230","230"
"691","Rhus Tox 30 (BM)","BM","0","10","230","230"
"692","Sepia CM (BM)","BM","0","10","200","200"
"693","Sulfer 30 (BM)","BM","0","10","230","230"
"694","Thuja Occ 30 120ml (BM)","BM","0","10","230","200"
"695","1","0","0","10","150","200"
"696","Allium Cepa 30 (BM)","BM","0","10","250","230"
"697","Argentum Nit 30 (BM)","BM","0","10","230","230"
"698","Arsenic Album 30 (BM)","BM","0","10","230","230"
"699","Baryta Carb 30 (BM)","BM","0","12","230","230"
"700","Belladonna 30 (BM)","BM","0","15","230","230"
"701","Hepar Sulf CM (BM)","BM","0","5","250","200"
"702","3","0","0","2","0","240"
"703","6","0","0","3","0","240"
"704","Acid Phos 200 BM","BM","0","10","230","230"
"705","Aconite Nep 200 (BM)","BM","0","5","230","230"
"706","Arsenic Album 200 (BM)","BM","0","12","230","230"
"707","Baryta Carb 200 (BM)","BM","0","12","230","230"
"708","Belladonna 200 (BM)","BM","0","12","230","230"
"709","Berberis Vulg 200 (BM)","BM","0","10","230","230"
"710","Bryonia Alb 200 (BM)","BM","0","10","230","230"
"711","Carbo Veg 200 (BM)","BM","0","15","230","230"
"712","China Off 200 (BM)","BM","0","12","230","230"
"713","2","0","0","10","190","210"
"714","Lycopodium 200 (BM)","BM","0","15","230","230"
"715","Medorrinum 30 (BM)","BM","0","10","210","210"
"716","Natrum Sulf 200 (BM)","BM","0","10","0","210"
"717","Rhus Tox 200 (BM)","BM","0","15","230","230"
"718","Sepia 200 (BM)","BM","0","10","230","230"
"719","5","0","0","10","230","210"
"720","Sulfer 200 (BM)","BM","0","10","230","230"
"721","Thuja Occ 30 (BM)","BM","0","10","230","210"
"722","1 For Inflammation ","BL","Drops","10","140","140"
"723","2 For Hemorrhoids","BL","Drops","10","140","140"
"724","3 For Low Blood Pressure","BL","Drops","10","0","120"
"725","4 For High Blood Pressure","BL","Drops","10","0","140"
"726","5 For Acne & Pimples","Bl","Drops","10","0","140"
"727","6 For Leucorrhoea","BL","0","10","0","140"
"728","7 For Blood Suger","BL","0","10","150","150"
"729","8 For Rhinitis & Sinusitis","BL","0","10","140","140"
"730","9 For Ravenous Hunger Obesity","BL","0","10","140","140"
"731","10 Drops For Hight Grow ","BL","0","10","0","140"
"732","11 For Headache & Migraine","BL","0","10","0","150"
"733","12 For Hiyperacidity & Gastritis","BL","0","10","150","150"
"734","13 For Breast Developing","BL","0","5","0","100"
"735","14 Organic & Functional Complaints of Liver & Gallbladder","BL","0","6","140","140"
"736","15 Muscular & Joint Rheumatism","BL","0","6","150","150"
"737","16 Drops For Prostatitis & Enlargement","BL","0","6","120","120"
"738","17 Drops For Ammnenorrohea & Dysmenorrohea","BL","0","6","140","140"
"739","18 Curing Bronchial Asthma","BL","0","6","140","140"
"740","19 For Nocturnal Emission","BL","0","6","0","140"
"741","20 For Insomnia ","BL","0","6","140","140"
"742","21 Vision Weakness","BL","0","6","0","100"
"743","22 Acute &Chronic Constipation","BL","0","6","140","150"
"744","23 For Bed Wetting","BL","0","10","0","140"
"745","24 Nephritis Cystits & Alnuminuna","BL","0","10","140","140"
"746","25 For Vomiting","BL","0","6","0","140"
"747","26  For Paralysis Paraesthesia ","BL","0","6","0","140"
"748","27 Fever Typhoid & Malaria","BL","0","6","0","140"
"749","28 Round , Tape & Hook Worms","BL","0","6","0","120"
"750","29 Toothache & Gingivitis","BL","0","6","140","140"
"751","30 For Weakness Of Eyes","BL","0","6","0","120"
"752","31 Drops For Giotre","BL","0","6","140","0"
"753","32 For Warts ","BL","0","6","140","140"
"754","33 For Stomatitis","BL","0","6","0","140"
"755","34 Falling Hair","BL","0","6","140","120"
"756","35 Spondylosis","BL","0","6","0","140"
"757","36 Vaginitis & Vvlvovagnitis","BL","0","6","140","140"
"758","37 Dysentery","BL","0","6","140","120"
"759","38 Appendicitis","BL","0","6","0","100"
"760","39 For Females","BL","0","6","150","150"
"761","40 DRops For Itching","BL","0","6","0","140"
"762","41 For Itching","BL","0","6","0","100"
"763","42 For Peptic Ulcer","BL","0","6","140","140"
"764","43 For Tumors","BL","0","6","140","140"
"765","44 Drops For Hepatitis B & C","BL","0","6","0","100"
"766","45 For Urine Problem ","BL","0","6","140","150"
"767","46 Drops For Marasmus","BL","0","6","0","100"
"768","47 For Tonsils","BL","0","6","0","140"
"769","48 For Hernia","BL","0","6","140","140"
"770","49 For Sunstrok ","BL","0","6","0","120"
"771","50 Arthrities & Excessive Uric Acid","BL","0","6","0","140"
"772","51 For Male","BL","0","6","0","120"
"773","B-10 Pareira Brava Compound","BL","0","10","180","180"
"774","B-30 Rauwolfia Compound","BL","0","10","180","180"
"775","B-40 Ginseng Compound","BL","0","10","240","240"
"776","Passilex Drops","BL","0","10","200","200"
"777","Gastomex Drops","BL","0","10","200","170"
"778","Kolobion Colic Drops","BL","0","10","120","120"
"779","Sharbat Faulad  240ml","BL","0","12","250","250"
"780","Qalbiron SYP  240ml","BL","0","12","0","250"
"781","A Fin Tab","BL","0","15","200","210"
"782","Passilex Tab","BL","0","15","240","240"
"783","Fucus Tab","BL","0","15","370","370"
"784","Livo Fit Tab","BL","0","15","350","390"
"785","Mensolex Tab","BL","0","15","240","240"
"786","Moschus Tab","BL","0","5","870","870"
"787","B-Prol Tab 20 Tab","BL","0","15","220","200"
"788","Arthirex Tab ","BL","0","15","220","220"
"789","Asthalex Tab","BL","0","15","200","200"
"790","Bryta--Tons Tab","BL","0","5","270","290"
"791","Diabion Tab","BL","0","10","200","145"
"792","Tonsi-B Tab","BL","0","10","220","220"
"793","Bio Lax No 21 Tab","BL","0","15","250","350"
"794","Wetfin Tab 60 Tab","BL","0","10","270","270"
"795","Arthorol Tab","BL","0","5","130","130"
"796","Damialex Tab","BL","0","10","300","280"
"797","Damialex Plus Tab ","BL","0","5","300","300"
"798","SG Tab","BL","0","15","220","220"
"799","B-Flox Tab","BL","0","15","220","170"
"800","Ginko Lex Tab","BL","0","10","240","240"
"801","Alfalfa Tonic 120ml","BL","0","15","150","150"
"802","Alfalfa Tonic 60ml","BL","0","5","145","140"
"803","Ashoka SYP","BL","0","10","150","160"
"804","Chamomilla ( Baby Care ) SYP 120ml","BL","0","10","140","140"
"805","Chamomilla ( Baby Care ) SYP 60ml","BL","0","15","110","110"
"806","Lecethinum SYP 120ml","BL","0","10","140","140"
"807","Cratelex 120ml SYP","BL","0","10","160","160"
"808","Colic 60ml SYP","BL","0","15","110","110"
"809","Droselex SYP 120ml ","BL","0","15","160","150"
"810","Droselex SYP 60ml ","BL","0","10","110","110"
"811","Gastomex SYP 120ml","BL","0","10","150","150"
"812","Chiliton 120ml SYP","BL","0","15","150","150"
"813","Fevolex 120ml SYP","BL","0","15","150","150"
"814","Worm Lex 60ml SYP","BL","0","20","90","90"
"815","Capsi Plus SYP","BL","0","12","140","140"
"816","Calcilex 120ml SYP","BL","0","15","160","160"
"817","Antalex 120ml SYP","BL","0","10","150","140"
"818","Pipra Mint 120ml SYP","BL","0","10","150","160"
"819","Sharbat-e-Faulad 120ml SYP","BL","0","15","140","140"
"820","Discorea 120ml SYP","BL","0","10","150","150"
"821","Ener-Vita 120ml SYP","BL","0","15","140","140"
"822","Sulforex 120ml SYP","BL","0","15","140","140"
"823","Bryon 120ml SYP ","BL","0","15","140","140"
"824","Fevo Tox 60ml SYP","BL","0","20","110","110"
"825","Aventa-Vit 120ml SYP","BL","0","15","140","140"
"826","Sharbat-e-Sader 120ml SYP","BL","0","15","140","150"
"827","Bposti ( Vital Tonic ) 120ml ","BL","0","15","140","140"
"828","Five Phoses Calcium SYP 120ml","PBHL","SYP","10","190","0"
"829","Acid Phos Complx 120ml SYP","PBHL","SYP","10","0","190"
"830","Alermin Allergic SYP ","PBHL","SYP","10","220","220"
"831","Alfalfa Active Tonic 120ml","PBHL","SYP","10","210","0"
"832","Alfalfa Junior 120ml SYP","PBHL","SYP","10","0","0"
"833","Alfalfa S/Free 120ml SYP","PBHL","SYP","10","220","220"
"834","Alfalfa + Crategus SYP","PBHL","SYP","10","0","0"
"835","Arthrocyn 120ml SYP","PBHL","SYP","10","0","0"
"836","Asoka Cardial 120ml SYP","PBHL","SYP","10","260","260"
"837","Asthabion 120ml SYP","PBHL","SYP","15","230","230"
"838","Avena + Ginseng 120ml SYP","PBHL","SYP","10","0","0"
"839","Baba Glon 120ml SYP","PBHL","SYP","10","210","210"
"840","Bargal B-V Feltauri 120ml SYP","PBHL","SYP","10","225","0"
"841","BR-Aletrican Cordial 120ml SYP","PBHL","SYP","10","190","190"
"842","Broliv 120ml SYP","PBHL","SYP","10","190","190"
"843","Brolysis 120ml SYP","PBHL","SYP","10","250","200"
"844","Brook Lax 120ml SYP","PBHL","SYP","10","225","225"
"845","BroTux Cough 120ml SYP ","PBHL","SYP","20","220","210"
"846","BroTux Honey 120ml SYP","PBHL","SYP","15","190","190"
"847","BroTux S/Free 120ml SYP","PBHL","SYP","15","220","0"
"848","BroWorm 120ml SYP","PBHL","SYP","10","230","200"
"849","Bryonia Liniment 120ml SYP","PBHL","SYP","10","370","370"
"850","Calci Win 120ml SYP","PBHL","SYP","10","210","210"
"851","Capci Plex 120ml SYP","PBHL","SYP","10","0","0"
"852","Coldi Off 120ml SYP","PBHL","SYP","10","190","0"
"853","Colic 120ml SYP","PBHL","SYP","10","210","190"
"854","Cravin 120ml SYP","PBHL","SYP","10","0","190"
"855","Damia Vit 120ml SYP","PBHL","SYP","10","0","0"
"856","Diar Nil 120ml SYP","PBHL","SYP","10","0","0"
"857","Digestiv S/Free 120ml SYP","PBHL","SYP","10","0","0"
"858","Digestiv 120ml SYP","PBHL","0","10","210","190"
"859","Epilym HYS 120ml SYP","PBHL","0","10","225","225"
"860","B-20 Chinonthus Compound With Chelidonium","BL","0","5","160","160"
"861","DYSIT (Dry Syrup)","BL","0","10","150","150"
"862","F-BEX (Dry Syrup)","BL","0","10","150","160"
"863","Erecto Fill","Clinic","0","50","620","200"
"864","Joint Flex Cap","AK","0","100","70","100"
"865","Pain Guard Cap","Clinic","0","100","150","140"
"866","Ceanothus Q (WShah)","WShah","0","5","340","0"
"867","Bronncal Cough SYP","MASOD","0","15","0","0"
"868","R5 Gestreu Drops","RECK","0","15","1170","980"
"869","Dilan Drops","KAMAL","0","20","390","390"
"870","Colic 60ml","HFP","0","20","140","100"
"871","17 Causticum 20ml","HFP","0","12","120","145"
"872","Kali Bich 30","WShah","0","5","180","180"
"873","Berbaris Aqi Q","MASOD","0","5","380","310"
"874","Tonsitin","Shwabe","0","5","785","785"
"875","233 Cough Spasmodic","BM","0","3","190","114"
"876","Athlatex Cap","Eagle","0","5","170","280"
"877","Dia Tac Cap","Eagle","0","5","230","88"
"878","Suchi Booti","ZAM ZAM","0","5","200","150"
"879","Syzigeum Compse Drops","Shwabe","0","5","980","550"
"880","Acne Cure Cream ","PBHL","0","50","190","120"
"881","N.Gasik 100 Tab","NazZ","0","10","400","400"
"882","Damiana Plant Drops","Shwabe","0","5","1250","1250"
"883","Warts Remover ","MeDi","0","10","250","250"
"884","Elolex Tab Strip","Clinic","0","50","80","0"
"885","Acno Pimp Cream 20 gms","PBHL","0","12","190","200"
"886","Bergal BV-Feltauri SYP 120ml ","PBHL","0","6","250","250"
"887","BioCom No 21 30gms Tab","PBHL","0","12","285","250"
"888","Braston Cream 50gms","PBHL","0","3","500","500"
"889","Calendula Cream 20gms","PBHL","0","12","200","200"
"890","Canthris Burns Cream 20 gms","PBHL","0","6","165","165"
"891","F-F Cure 30ml Drops ","PBHL","0","6","250","250"
"892","Fevnol Drops 30ml","PBHL","0","3","0","200"
"893","Gen-Ron Royal Jelly + Ginseng 300ml","PBHL","0","3","1050","650"
"894","Ginkon 240ml SYP ","PBHL","0","6","375","375"
"895","Hua Hua Tonic 250ml","PBHL","0","6","350","350"
"896","Iro Lecin Heavy Malt 300ml","PBHL","0","12","470","470"
"897","Kidnol 240ml SYP","PBHL","0","12","350","350"
"898","Sciatiran 30ml Drops","PBHL","0","12","290","260"
"899","Spondi -- L 30ml Drops","PBHL","0","12","270","270"
"900","Acne Pimp Soap 100gms","PBHL","0","12","200","200"
"901","Calendula 100 gms","PBHL","0","12","350","165"
"902","D-- Paste 70 gms","PBHL","0","12","0","200"
"903","Magic Hair Oil 150ml","PBHL","0","12","430","325"
"904","Neem Cream 100 gms","PBHL","0","12","0","165"
"905","O - Love ( Olive Oil Soap ) 100gms","PBHL","0","12","225","225"
"906","Alfalfa - AXT Tonic 120ml","PBHL","0","12","230","210"
"907","Astich Itch Cure Lotion 100ml","PBHL","0","6","300","300"
"908","Baby Chamomila Drops 15ml ","PBHL","0","12","150","175"
"909","Baby Colic Relief 15ml Drops ","PBHL","0","12","150","150"
"910","Baby Fevokidi 15ml ","PBHL","0","10","150","170"
"911","Baby Flu 15ml Drops ","PBHL","0","12","150","170"
"912","Boric Calendula Karcks Oil 100ml ","PBHL","0","5","250","250"
"913","Brolysis Lotion 100ml ","PBHL","0","5","250","300"
"914","Bro Sulf Anti Itch Lotion 100ml","PBHL","0","5","300","300"
"915","BroTux Cough 60ml SYP ","PBHL","0","12","135","135"
"916","BroWorm 60ml SYP","PBHL","0","12","150","170"
"917","Bryonia Liniment 60ml SYP","PBHL","0","12","275","270"
"918","Calendula Ointment 20gms","PBHL","0","25","175","200"
"919","Capsicum Complex 60ml SYP","PBHL","0","12","0","70"
"920","Dental Toothhach LTN 15ml","PBHL","0","12","170","150"
"921","Diarkidi Drops 15ml","PBHL","0","12","160","160"
"922","Echinatia Cream 20gms","PBHL","0","10","175","175"
"923","Eczon Cream 20gms","PBHL","0","12","165","190"
"924","Euphrasia Eye Drop 15ml","PBHL","0","12","230","230"
"925","Fevnol 120ml SYP","PBHL","0","12","210","220"
"926","Graphites Ointment 50mgs","PBHL","0","10","250","250"
"927","Haemorrhoids Ointment 20mgs","PBHL","0","50","225","225"
"928","Itch Cure Cream 20mgs","PBHL","0","12","300","190"
"929","Mouth Care 15ml  LTN","PBHL","0","12","150","150"
"930","Mullen Ear Drops 15ml","PBHL","0","12","175","170"
"931","Ora Care Gel 10mgs ","PBHL","0","12","150","150"
"932","Sulfer Cream 20mgs","PBHL","0","12","200","200"
"933","Tetreen Cream 20gms","PBHL","0","12","225","225"
"934","Teucreum Nasal Drops 15ml","PBHL","0","12","150","170"
"935","Thuja Cream 20gms ","PBHL","0","12","200","190"
"936","Ulcefor 120ml SYP","PBHL","0","12","230","230"
"937","Urac 120ml SYP","PBHL","0","12","200","200"
"938","Urican 120ml","PBHL","0","12","200","200"
"939","Rheu Max RED Ointment 20gms","PBHL","0","12","180","205"
"940","Brain Tonic 120ml SYP","PBHL","0","24","350","350"
"941","Jaborandi 120ml ","PBHL","0","15","370","320"
"942","Alfalfa - AXT Tonic 240ml","PBHL","0","24","320","290"
"943","Asoka Cardial 250ml SYP","PBHL","0","12","290","290"
"944","Hemor-Nill 120ml SYP","PBHL","0","12","230","230"
"945","IVY Fit 120ml SYP","PBHL","0","6","190","200"
"946","Kidnol 120ml SYP","PBHL","0","24","250","250"
"947","Leconol 30Cap","PBHL","0","6","350","390"
"948","Leconol 120ml SYP","PBHL","0","12","230","230"
"949","Leuco Coures","PBHL","0","3","0","300"
"950","LeXit 120ml SYP","PBHL","0","6","200","200"
"951","SootheX Thand Keena 120ml SYP","PBHL","0","6","170","170"
"952","Spevol 30Cap","PBHL","0","6","400","400"
"953","Teucol 120ml SYP","PBHL","0","6","0","190"
"954","Tonsi Care 120ml SYP","PBHL","0","24","220","220"
"955","Tonsi Care 60ml SYP","PBHL","0","12","160","135"
"956","Urican 30Cap","PBHL","0","6","350","350"
"957","Vomin 60ml SYP ","PBHL","0","12","135","135"
"958","Mayariods 30Cap","PBHL","0","6","300","300"
"959","1 Infamel 30ml Drops","BHP","0","5","140","140"
"960","3 ovaleuk 30ml Drops","BHP","0","5","140","140"
"961","4 Yerbarstihm 30ml Drops","BHP","0","5","180","140"
"962","5 Diabrom 30ml Drops","BHP","0","5","0","140"
"963","7 Aqufair 30ml Drops","BHP","0","5","140","140"
"964","8 Baptiopyretics 30ml Drops","BHP","0","5","140","140"
"965","9 Hypecaro 30ml Drops","BHP","0","5","0","140"
"966","10 Hypocard 30ml Drops","BHP","0","5","140","140"
"967","11 Diasenti 30ml Drops","BHP","0","5","0","140"
"968","12 Dermasor 30ml Drops","BHP","0","5","0","140"
"969","14 Menstiops 30 ml Drops","BHP","0","5","0","140"
"970","16 Brodil 30ml Drops","BHP","0","5","140","140"
"971","17 Noctiuplan 30ml Drops","BHP","0","5","140","140"
"972","18 Prostaier 30ml Drops","BHP","0","5","0","140"
"973","19 Inferinosa 30ml Drops","BHP","0","5","225","140"
"974","20 Rinocin 30ml Drops ","BHP","0","5","140","140"
"975","22 Deprison 30ml Drops","BHP","0","5","140","140"
"976","23 Migroccyl 30ml Drops","BHP","0","5","140","140"
"977","24 Breastiophil 30ml Drops","BHP","0","5","140","140"
"978","Alfalfa Gold Tonic 120ml SYP","BHP","0","6","140","140"
"979","Aller Nill 120ml SYP","BHP","0","10","140","140"
"980","Asoka 120ml SYP","BHP","0","10","140","140"
"981","Avena Plus 120ml SYP","BHP","0","6","130","130"
"982","B Coviti 120ml SYP","BHP","0","10","150","150"
"983","B-Nol 120ml SYP","BHP","0","6","0","130"
"984","Bio-KF 120ml ","BHP","0","12","140","140"
"985","Bio-KF 60ml ","BHP","0","12","90","90"
"986","Chillno 120ml SYP","BHP","0","6","170","140"
"987","Cholesati 30ml Drops","BHP","0","5","0","200"
"988","Coli Mix Honey 120ml Syp","BHP","0","6","140","140"
"989","Cufik-Sfree 120ml SYP","BHP","0","6","140","140"
"990","Damiana 120ml SYP ","BHP","0","12","350","350"
"991","Dia Card 120ml SYP ","BHP","0","6","0","150"
"992","Diocardia Gold 30ml Drops","BHP","0","6","200","200"
"993","Dyro 120ML SYP","BHP","0","6","140","140"
"994","Dyro 60ML SYP","BHP","0","6","80","90"
"995","Eilee 20Tab","BHP","0","5","120","120"
"996","Ener Vit 240ml","BHP","0","6","240","220"
"997","Ener Vit 120ml","BHP","0","6","140","140"
"998","Fever Nill 120ml SYP (BHP)","BHP","0","6","170","140"
"999","Gasti 120ml SYP","BHP","0","10","120","120"
"1000","Ginko Bex 120ml SYP","BHP","0","6","0","150"
"1001","Globo Gin 240ml SYP","BHP","0","6","220","220"
"1002","Globo Gin 120ml SYP","BHP","0","6","220","140"
"1003","Haemoran 30ml Drops","BHP","0","10","200","200"
"1004","Hycine 60ml SYP","BHP","0","10","0","90"
"1005","Insomax 60ml Drops","BHP","0","5","240","240"
"1006","Iropex 120ml SYP","BHP","0","6","150","150"
"1007","Kalcuren 30ml Drops","BHP","0","10","200","200"
"1008","Kidney Care 120ml SYP","BHP","0","6","140","140"
"1009","LexX 120ml SYP","BHP","0","10","150","140"
"1010","Muiration - M 30ml Drops","BHP","0","6","220","220"
"1011","Multi Plus 120ml SYP","BHP","0","6","0","150"
"1012","Norcid Plus 120ml SYP","BHP","0","10","150","150"
"1013","Phytobese 30ml Drops ","BHP","0","5","200","200"
"1014","Re-Biotic 120ml SYP","BHP","0","6","140","140"
"1015","Sharbat-E-Faulad 240ml SYP","BHP","0","6","200","200"
"1016","She Max 240ml SYP","BHP","0","3","260","240"
"1017","Uropal 30ml Drops","BHP","0","6","200","200"
"1018","V-lac 20Tab","BHP","0","5","0","180"
"1019","Vomitirol 120ml SYP","BHP","0","5","0","140"
"1020","Worms Nill 60ml SYP","BHP","0","5","90","90"
"1021","R17 Cobralactin","RECK","0","10","1170","980"
"1022","Cacl Phos 6X 30gm (Brooks)","PBHL","0","5","230","200"
"1023","Alfalfa 250Ml","MEK","0","5","330","330"
"1024","Multilex 20 Tab","BL","0","6","220","220"
"1025","Irolex 20 Tab","BL","0","6","200","240"
"1026","Renelex 120ml SYP","BL","0","15","160","160"
"1027","Blosmo Gel 120ml SYP","BL","0","15","140","140"
"1028","Digi Lex 120ml SYP","BL","0","15","140","150"
"1029","DoloTox 120ml SYP","BL","0","15","0","150"
"1030","Liver Tone 120ml SYP","BL","0","5","150","140"
"1031","Leco Plus B 20Tab","BL","0","10","220","220"
"1032","BlosmoleX 240ml SYP","BL","0","12","250","250"
"1033","Bl-31 Drops","BL","0","5","0","140"
"1034","Bergenine 120ml SYP","ZAM ZAM","SYP","5","370","370"
"1035","Justicia 120ml SYP","ZAM ZAM","SYP","5","160","160"
"1036","Digesto 120ml SYP","ZAM ZAM","0","5","160","160"
"1037","Alfalfa D/S 120ml SYP","ZAM ZAM","0","10","0","140"
"1038","Z - Biotic 120ml SYP","ZAM ZAM","0","10","160","160"
"1039","Raphnus + Drops","ZAM ZAM","0","10","0","150"
"1040","Suchi Booti Drops","ZAM ZAM","0","15","0","200"
"1041","Calco - Z Drops","ZAM ZAM","0","10","200","200"
"1042","BP Normal Drops ","ZAM ZAM","0","10","0","150"
"1043","Avena +   240ml SYP","ZAM ZAM","0","10","240","240"
"1044","Ferro - Z 240ml","ZAM ZAM","0","10","240","240"
"1045","Avena Forte 240ml","ZAM ZAM","0","10","250","250"
"1046","Ashoka 240ml SYP","ZAM ZAM","0","6","250","250"
"1047","Moring - Z 240ml ","ZAM ZAM","0","6","280","280"
"1048","ZM - 9","ZAM ZAM","0","10","150","150"
"1049","ZM - 12","ZAM ZAM","0","10","150","150"
"1050","ZM - 11","ZAM ZAM","0","10","150","150"
"1051","ZM - 7","ZAM ZAM","0","6","150","150"
"1052","ZM - 2","ZAM ZAM","0","10","150","150"
"1053","ZM - 1","ZAM ZAM","0","10","150","150"
"1054","ZM - 18","ZAM ZAM","0","6","150","120"
"1055","HR No 10","MASOD","0","5","210","210"
"1056","Alfalfa Mek S/Free 120ml","MEK","0","15","210","160"
"1057","LaXy 20 Tab","MEK","0","20","140","140"
"1058","Nefrenol Kidny 250Ml Syp","MEK","0","25","330","330"
"1059","Pulsatila 30","MASOD","0","5","750","280"
"1060","Apis Mellfica 200","MEK","0","5","250","205"
"1061","Single Doze","Clinic","0","5","100","120"
"1062","4","0","0","5","250","250"
"1063","Tonsi Care Tablets","PBHL","0","10","175","175"
"1064","Pain Nill Tab","Clinic","0","100","140","140"
"1065","29 Migrane","Kent","Drops","5","180","180"
"1066","24 For Dirrhea","Kent","0","5","200","180"
"1067","49 Albuminrea","Kent","0","5","180","180"
"1068","Ferrum Phos 200","MASOD","0","5","210","210"
"1069","Kali Mur 200","MEK","0","5","230","170"
"1070","Phytolacca Berry 200","MEK","0","5","180","180"
"1071","13 Nerve And Brain Tonic","Kent","0","15","200","200"
"1072","Acne Cap 30 Capsule","Kent","0","3","210","175"
"1073","Anti Smoking Tablet","Kent","0","3","180","180"
"1074","Avena Super Tonic S/Free","Kent","0","10","380","380"
"1075","Alfalfa Tonic 250ml","Kent","0","5","405","350"
"1076","ADDi Stop 21 Days Plan","Kent","0","3","650","650"
"1077","Anti Rash Ointment 20GM","Kent","0","5","160","160"
"1078","Alfalfa 50 Tablets","Kent","0","3","130","130"
"1079","Acne Cure Cream 20 GM","Kent","0","1000","120","145"
"1080","Easy Move Spary 120ml","Kent","0","5","450","450"
"1081","Action 3 Cream","Kent","0","5","195","195"
"1082","Anti Crack Cream","Kent","0","5","150","150"
"1083","Acne Sable Ointment ","Kent","0","2","0","120"
"1084","Arnica + Oil 120ml ","Kent","0","3","360","360"
"1085","Arnica Gel 35GM","Kent","0","2","150","140"
"1086","Embellia Officialis 60 Cap","Kent","0","2","0","270"
"1087","Anagesic Cream 35GM","Kent","0","2","290","290"
"1088","Action 1 Drops 20ml ","Kent","0","2","230","200"
"1089","Acid Phos 120ml SYP  ","Kent","0","3","180","180"
"1090","Action 2 Spary 15ml ","Kent","0","5","200","200"
"1091","Acid Phos 30Cap   ","Kent","0","2","0","200"
"1092","Allo Cure Nasal drops 15ml","Kent","0","3","200","200"
"1093","Malidang 30ml","Kent","0","3","170","160"
"1094","Ambra Musk 100Tab","Kent","0","3","170","170"
"1095","Ambra Super 30Tab","Kent","0","3","170","170"
"1096","Anti Dandruff Lotion 60ml","Kent","0","0","260","200"
"1097","Biovina Tonic 120ml SYP","Kent","0","10","185","185"
"1098","Berbaris Renal 30ml Drops","Kent","0","10","220","220"
"1099","Baby Tonic 60ml","Kent","0","10","140","140"
"1100","Bed Wetting 25GM Tab","Kent","0","10","190","170"
"1101","Calcium Liquid 250ml SYP","Kent","0","5","350","350"
"1102","Constisen S/Free 120ml SYP","Kent","0","5","0","260"
"1103","Carategus Heart Tonic S/Free 120ml SYP","Kent","0","5","190","190"
"1104","Carategus Gold 30ml Drops ","Kent","0","1","220","220"
"1105","Carategus Heart Tonic S/Free 250ml SYP","Kent","0","3","350","350"
"1106","Calcium Tablet Orange Flavour","Kent","0","5","155","145"
"1107","Dental Remedy 15ml","Kent","0","5","110","110"
"1108","Damiana Male Tonic 30ml Drops ","Kent","0","2","230","230"
"1109","Ferrum Compoud Tonic 120ml","Kent","0","10","180","190"
"1110","Fero Lecithine Malt 415GM","Kent","0","5","525","460"
"1111","Gastric Plus 75Tab ","Kent","0","20","145","145"
"1112","Gastric Plus 120ml SYP with Lemon","Kent","0","25","180","190"
"1113","Gripp Aconitum 60ml SYP","Kent","0","20","140","140"
"1114","Gyno Compound 120ml SYP","Kent","0","10","180","180"
"1115","Haemo Corr 60ml SYP ","Kent","0","20","155","140"
"1116","Hilex Tablet","Kent","0","20","200","200"
"1117","Histamine S/Free 120ml SYP","Kent","0","15","190","190"
"1118","HeadAche Tablet","Kent","0","2","1100","150"
"1119","Hilex 120ml SYP","Kent","0","20","180","180"
"1120","Jaam- E -Sehat 250ml SYP S/Free","Kent","0","30","375","375"
"1121","Korean Ginseng 250ml SYP","Kent","0","3","350","350"
"1122","Kenphylori 120ml SYP ","Kent","0","25","220","200"
"1123","Ginkgo 250ml","Kent","0","15","465","495"
"1124","Ginkgo S/Free 250ml","Kent","0","20","495","530"
"1125","KidniVina 120ml S/Free SYP","Kent","0","10","190","190"
"1126","Korean Ginseng 120ml SYP","Kent","0","5","190","190"
"1127","Liver Rex 120ml S/Free SYP","Kent","0","10","210","190"
"1128","LeucoVina 120ml SYP","Kent","0","10","180","180"
"1129","Mullein Ear Drops 15ml","Kent","0","20","120","110"
"1130","MullBerry Tea","Kent","0","1","650","650"
"1131","MouthLine Lotion 15ml","Kent","0","15","100","90"
"1132","Max Vital ( Multi Max) 250ml SYP","Kent","0","3","360","360"
"1133","MouthLine Powder 15ml","Kent","0","15","150","150"
"1134","Arnica Ointment 20GM","Kent","0","3","125","125"
"1135","Ecinacea Cream 20GM","Kent","0","3","125","125"
"1136","Canthris Cream","Kent","0","3","125","125"
"1137","Chrysarobinum Cream","Kent","0","3","125","125"
"1138","Graphites Cream","Kent","0","3","150","125"
"1139","Piles Ointment","Kent","0","10","130","130"
"1140","Hydrocotyle Cream","Kent","0","3","165","125"
"1141","Sulphur Cream","Kent","0","3","125","125"
"1142","Piles Course","Kent","0","3","300","280"
"1143","Pelargonium 30ml Drops","Kent","0","3","200","200"
"1144","Solidago S/Free 120ml SYP","Kent","0","10","190","190"
"1145","Siberian Ginseng Tonic","Kent","0","2","0","350"
"1146","Syzygium Diabeties 30ml Drops","Kent","0","3","200","200"
"1147","Spondy Cure 30ml Drops","Kent","0","3","200","200"
"1148","Sinus Nasal Drops ","Kent","0","20","100","100"
"1149","Super Wight Gainer StrawBerry 300GM","Kent","0","10","710","590"
"1150","Sinus Eaz Spray & Drops","Kent","0","3","320","300"
"1151","Sharbat - E - Faulad 250ml","Kent","0","10","415","360"
"1152","Typhoid 120ml SYP","Kent","0","5","215","180"
"1153","Thymus 120ml S\Free Cough SYP","Kent","0","10","215","190"
"1154","Tosifort 120ml SYP","Kent","0","15","210","210"
"1155","Tryfol Plus 120ml SYP","Kent","0","15","180","180"
"1156","Terebinthina S/Free 250ml","Kent","0","2","350","350"
"1157","Terebinthina S/Free 120ml","Kent","0","10","215","190"
"1158","Veratum Compound 60ml SYP","Kent","0","15","155","140"
"1159","W. M . L Cream","Kent","0","3","125","125"
"1160","Arnica Oil 120ml ","Kent","0","20","310","310"
"1161","1 Asthama 30ml Drops","Kent","0","5","200","200"
"1162","2 Colic Drops","Kent","0","5","200","180"
"1163","3 Chough & Cold Drops","Kent","0","5","200","180"
"1164","4 Diabetes Drops","Kent","0","5","180","180"
"1165","5 Gastrointestinal Diseases Drops","Kent","0","5","200","180"
"1166","6 Essentia Aurea Heart Drops","Kent","0","5","200","180"
"1167","7 Hemorrhoids & Anal Fissure Drops","Kent","0","5","200","100"
"1168","8 Influenza Drops ","Kent","0","5","200","180"
"1169","9 Kidney & Bladder Dops","Kent","0","5","200","180"
"1170","10 Leucorrhoea Drops","Kent","0","5","180","180"
"1171","11 Lever & Galbladder Drops","Kent","0","5","200","180"
"1172","12 Menstruation Disorder Drops","Kent","0","5","180","180"
"1173","14 Slimming Drops","Kent","0","5","180","180"
"1174","15 Rheumatisum Drops","Kent","0","5","200","180"
"1175","16 Sexual Weekness Drops","Kent","0","5","200","180"
"1176","17 Chronic Catarrh Drops","Kent","0","5","200","180"
"1177","18 Skin Diseases Drops","Kent","0","5","200","180"
"1178","19 Insomnia Drops","Kent","0","5","180","180"
"1179","20 Vermifuga Drops","Kent","0","5","180","180"
"1180","21 Leucoderma Drops","Kent","0","5","200","180"
"1181","22 Inflamation & Swelling Drops","Kent","0","5","180","180"
"1182","23 Constipation Drops","Kent","0","5","180","180"
"1183","25 Prostatitis Drops","Kent","0","5","200","180"
"1184","26 Toothache Drops","Kent","0","5","200","180"
"1185","27 For Dysentry Drops","Kent","0","5","0","180"
"1186","28 Vertigo Drops","Kent","0","5","200","180"
"1187","31 Bed Wetting Drops","Kent","0","5","200","180"
"1188","32 High Blood Pressure Drops","Kent","0","5","200","180"
"1189","33 Lack of Appetite ","Kent","0","5","200","180"
"1190","34 Itching Drops","Kent","0","5","200","180"
"1191","35 Height Gaining Drops ","Kent","0","5","200","200"
"1192","36 Earache Problum Drops","Kent","0","5","200","180"
"1193","37 Trauma Drops","Kent","0","5","180","180"
"1194","38 Arthritis Drops","Kent","0","5","180","180"
"1195","39 Eye Irritation Drops","Kent","0","5","200","180"
"1196","40 Neuralgia Drops","Kent","0","5","200","180"
"1197","41 Corn & Callouses Skin Drops","Kent","0","5","180","180"
"1198","42 Cholesterol Drops","Kent","0","5","180","180"
"1199","43 Hair Loss Drops","Kent","0","5","200","180"
"1200","44 Ijuries Drops","Kent","0","5","0","180"
"1201","45 Amenorrhoea Drops","Kent","0","5","200","200"
"1202","46 Menorrhagia Drops","Kent","0","5","180","180"
"1203","47 Mouth Blisters Drops","Kent","0","5","200","180"
"1204","48 Stimulation Of Defensive System","Kent","0","5","180","180"
"1205","50 Ginseng Drops","Kent","0","5","200","180"
"1206","51 Nausea & Vomiting","Kent","0","5","180","180"
"1207","52 Cholelithiasis Drops","Kent","0","5","200","200"
"1208","53 Hepatitis A\B\C Drops","Kent","0","5","200","180"
"1209","54 Hepatitis C Drops","Kent","0","5","0","180"
"1210","55 Epilepsy Drops","Kent","0","5","180","180"
"1211","56 Paralysis Drops","Kent","0","5","180","180"
"1212","57 Osteo 0Arthritis Drops","Kent","0","5","180","180"
"1213","58 Tonsils Drops ","Kent","0","5","200","180"
"1214","59 Goitre Drops","Kent","0","5","180","180"
"1215","60 Cervical Spondilosis Drops","Kent","0","5","180","180"
"1216","61 Chicken Pox Drops","Kent","0","5","0","180"
"1217","62 Low Blood Pressure Drops","Kent","0","5","0","180"
"1218","63 Measles Drops","Kent","0","5","0","180"
"1219","64 Hey Fever Drops","Kent","0","5","0","180"
"1220","65 Anaemia & Debility Drops","Kent","0","5","0","180"
"1221","66 Tumor Drops","Kent","0","5","200","180"
"1222","67 Hernia Drops","Kent","0","5","180","180"
"1223","68 Digestive Drops","Kent","0","5","180","180"
"1224","69 Profuse Perspiration Drops","Kent","0","5","180","180"
"1225","70 Fever Drops","Kent","0","5","200","180"
"1226","71 Breast Enhancement Drops.","Kent","0","5","180","180"
"1227","CMS Drops (Shwabe)","Shwabe","0","5","920","1250"
"1228","Luzy Tablet","KAMAL","0","50","850","850"
"1229","Ginko Biloba Q St","Clinic","0","5","995","980"
"1230","Yalex Forte 24 Tab Pack","MASOD","0","5","350","290"
"1231","Dum Cap 30Cap","NazZ","0","5","280","250"
"1232","Relezze Tab","Eagle","0","5","210","210"
"1233","N - Flex Dry SYP","BL","0","10","160","160"
"1234","HR No ","MASOD","0","10","210","210"
"1235","Kali Sulf 6X","Kent","0","5","0","200"
"1236","Silicea 6X 150gm (Brooks)","PBHL","0","5","630","550"
"1237","Ashwaganda Q B Class 450ml","WShah","0","5","1560","1560"
"1238","Sulfer Soap ","PBHL","0","10","200","200"
"1239","CliMax Cap","Eagle","0","5","170","400"
"1240","Hydrastis Q (BM)","BM","0","5","540","540"
"1241","Berbaris Q","MEK","0","5","170","220"
"1242","Ignatia 200","MEK","0","5","250","180"
"1243","Bryta IOD 200","WShah","0","5","230","200"
"1244","Hydrastis 200","WShah","0","5","190","190"
"1245","Mek-Cough 1200Ml","MEK","0","10","160","0"
"1246","Relxo Phos Tab","MASOD","0","5","440","0"
"1247","Kamal Maram 4g ","KAMAL","0","10","120","110"
"1248","Echinatia Q ST","Clinic","0","10","1250","980"
"1249","Flugin  ( 30Cap )","NazZ","0","10","280","280"
"1250","HR No 1","MASOD","0","10","490","350"
"1251","A - 77 Anti - Necotin Drps","Clinic","0","5","980","0"
"1252","HR No 50 Harmovit M 20ml","MASOD","0","10","210","170"
"1253","Kaliumpron Plus 20gm Tab","MASOD","0","5","0","160"
"1254","HR No 25 Ezinol 20ml","MASOD","0","5","210","210"
"1255","HR No 85 Tremculus 20ml","MASOD","0","5","170","150"
"1256","HR No 8 Femi - H 20ml","MASOD","0","5","0","170"
"1257","Arnica Medicated Oil 120ml","MASOD","0","15","550","550"
"1258","Vil - M 100g Tab ","MASOD","0","5","0","650"
"1259","HR No 41 Avenasom 20ml","MASOD","0","5","210","160"
"1260","HR No 65 Circul - Tone 20ml","MASOD","0","5","210","170"
"1261","HR No 6 Kofnot 20ml","MASOD","0","5","210","210"
"1262","Neurotex - E 20 Tab","MASOD","0","5","340","340"
"1263","HR No 27 Hepareg 20ml","MASOD","0","5","210","160"
"1264","HR No 87 Emergeno Sh 20ml","MASOD","0","5","170","170"
"1265","HR No 81 Canacura 20ml","MASOD","0","10","210","210"
"1266","Bloom 60 ml SYP","MASOD","0","15","210","170"
"1267","HR No 101 Scaboless 20ml","MASOD","0","10","270","210"
"1268","HR No 43 Foliculenum 20ml","MASOD","0","5","210","210"
"1269","HR No 67 Freezon 20ml","MASOD","0","5","210","170"
"1270","HR No 70,71 ,72 , Fibromata No 1 2 3 20ml","MASOD","0","5","490","390"
"1271","HR No 29 Enuris 20ml","MASOD","0","5","210","160"
"1272","HR No 88 Manicut 20ml","MASOD","0","5","170","170"
"1273","HR No 82 Phytophatnil 60 ml","MASOD","0","5","490","400"
"1274","Broncal 120ml ","MASOD","0","15","150","250"
"1275","HR No 14 ulset 20ml","MASOD","0","5","210","210"
"1276","HR No 44 Arocardin 20ml","MASOD","0","5","210","210"
"1277","HR No 7 Entricol 20ml","MASOD","0","5","210","170"
"1278","HR No 100 Teething Aid 20ml","MASOD","0","5","220","180"
"1279","HR No 77 Oral Drops 20ml","MASOD","0","5","210","170"
"1280","HR No 89 Cureoshiz 20ml","MASOD","0","5","170","150"
"1281","Relaxo Fhos 180Tab","MASOD","0","5","0","440"
"1282","HR No 30 Sarsapar 20ml","MASOD","0","5","210","170"
"1283","Broncal 60ml ","MASOD","0","15","200","160"
"1284","HR No 15 Goutek 20ml","MASOD","0","5","210","210"
"1285","HR No 45 Haemostasis 20ml ","MASOD","0","5","210","170"
"1286","HR No 75 Carbunculone 20ml","MASOD","0","5","210","160"
"1287","HR No 11 Highlin 20ml","MASOD","0","5","210","220"
"1288","HR No 83 Spermaatoriyya 20ml","MASOD","0","5","210","220"
"1289","Vil - M 20gm Tab ","MASOD","0","5","280","170"
"1290","HR No 33 Hemoform 20ml","MASOD","0","5","210","170"
"1291","HR No 90 Neuro Ginkgo Plus 20ml","MASOD","0","5","270","180"
"1292","Dermi Clear 60ml","MASOD","0","5","340","280"
"1293","HR No 49 Femitone 20ml","MASOD","0","58","270","270"
"1294","HR No 16 Relaxofos 20ml","MASOD","0","5","210","210"
"1295","HR No 78 Sevorrha 20ml","MASOD","0","5","0","170"
"1296","HR No 12 Lowin 20ml","MASOD","0","5","210","150"
"1297","Cineraria Maritima ( Alcohol Free ) 10ml ","MASOD","0","5","330","270"
"1298","Yalex  Fort Syp 120ml ","MASOD","0","10","250","250"
"1299","Yalex Forte 800 Tab Pack","MASOD","0","2","4510","3300"
"1300","HR No 91 Exon 20ml","MASOD","0","5","210","150"
"1301","Enerjizer 12 Tab","MASOD","0","5","210","168"
"1302","Diarr No 120ml  ","MASOD","0","15","270","220"
"1303","HR No 34 Herbasthine 20ml ","MASOD","0","5","210","210"
"1304","HR No 52 Hyper Thyreo 20ml","MASOD","0","5","210","150"
"1305","HR No 17 Hepalgin 20ml","MASOD","0","5","210","137"
"1306","HR No 84 Oral Drops 20ml","MASOD","0","5","210","210"
"1307","Cineraria Maritima Eye Drop 10ml ","MASOD","0","56","310","250"
"1308","HR No 13 Uranon 20ml ","MASOD","0","5","210","150"
"1309","Diarr Nol 600ml  ","MASOD","0","15","0","180"
"1310","HR No 23 Hemorhine 20ml","MASOD","0","5","210","170"
"1311","HR No 92 Circulonom 20ml","MASOD","0","5","0","150"
"1312","HR No 18 Info - M 20ml","MASOD","0","5","270","220"
"1313","HR No 36 Parasis - C 20ml","MASOD","0","5","210","170"
"1314","Pilocalm 60ml","MASOD","0","5","550","550"
"1315","HR No 54 Intestoverm 20ml","MASOD","0","5","210","210"
"1316","HR No 98 Allegxal 20ml","MASOD","0","5","0","170"
"1317","HR No 86 Sun -Strike 20ml","MASOD","0","5","0","150"
"1318","HR No 2 Icteron 60ml","MASOD","0","15","490","490"
"1319","Ear Drop 10ml","MASOD","0","5","0","200"
"1320","Hensel Tonic 120ml ","MASOD","0","5","280","268"
"1321","HR No 35 Gastronex 20ml","MASOD","0","5","210","170"
"1322","HR No 95 Agelift 20ml","MASOD","0","5","270","180"
"1323","Urynil 120ml SYP","MASOD","0","15","260","150"
"1324","HR No 55 Bufozin 20ml","MASOD","0","5","170","170"
"1325","HR No 99 Kaira 20ml","MASOD","0","5","210","160"
"1326","HR No 9 Migpa - HF 20ml","MASOD","0","5","210","160"
"1327","HR No 20 Sciatialgin 20ml","MASOD","0","5","210","210"
"1328","HR No 19 Info - F 20ml","MASOD","0","5","270","220"
"1329","Localen 120ml ","MASOD","0","5","180","180"
"1330","Hyprecal 120ml Lotion","MASOD","0","10","0","190"
"1331","HR No 46 Leuco - F 20ml","MASOD","0","5","210","170"
"1332","HR No 97 Gray Go 20ml","MASOD","0","5","0","150"
"1333","Womiton 120ml SYP","MASOD","0","12","260","180"
"1334","HR No 47 Asthamine 20ml ","MASOD","0","5","210","164"
"1335","ViSion Plus 10ml","MASOD","0","5","390","250"
"1336","HR No 56 Rhematone 20ml","MASOD","0","5","210","160"
"1337","HR No 59 Earodrum 20ml","MASOD","0","5","210","210"
"1338","HR No 93 Fade - Out 20ml","MASOD","0","5","0","180"
"1339","HR No 24 Fairy Face 20ml","MASOD","0","5","210","170"
"1340","HR No 21 Femina 20ml","MASOD","0","5","210","170"
"1341","Menola Tonic 120ml","MASOD","0","10","260","210"
"1342","Eye Bright Drops 10ml","MASOD","0","5","230","190"
"1343","HR No 94 Freckle Go","MASOD","0","5","270","180"
"1344","Yalex  Fort 100 Tab","MASOD","0","5","1100","600"
"1345","HR No 57 Vlgore - Zee 20ml","MASOD","0","5","0","150"
"1346","HR No 68 Cigdown 20ml","MASOD","0","5","170","150"
"1347","HR No 48 Cholestin 20ml","MASOD","0","5","210","170"
"1348","HR No 26 Lambojin 20ml","MASOD","0","5","210","170"
"1349","HR No 22 Dermaheal 20ml","MASOD","0","5","170","170"
"1350","Fytolaca HF 180Tab","MASOD","0","5","640","640"
"1351","HR No 53 Hypo Thyreo 20ml","MASOD","0","6","210","170"
"1352","HR No 69 Gingisto 20ml","MASOD","0","5","170","150"
"1353","Fever - M 30ml","MASOD","0","5","260","210"
"1354","HR No 96 Hair Nutro Plus 20ml","MASOD","0","5","270","270"
"1355","HR No 58 Opti - Teck 20ml","MASOD","0","5","210","150"
"1356","HR No 60 Stoma 20ml ","MASOD","0","5","210","210"
"1357","HR No 3 Inflam 20ml","MASOD","0","6","210","210"
"1358","HR No 28 Turmoral 20ml","MASOD","0","5","210","170"
"1359","Ginseng Drops 30ml","MASOD","0","5","260","210"
"1360","Hepalgin 120ml SYP","MASOD","0","15","270","220"
"1361","HR No 74 Vltadef 20ml","MASOD","0","5","210","150"
"1362","HR No 66 Gynae - Info 20ml","MASOD","0","5","210","170"
"1363","Active Solution 120ml","MASOD","0","5","700","423"
"1364","HR No 61 Crysticon 20ml","MASOD","0","5","210","170"
"1365","HR No 62 Fatigueron 20ml","MASOD","0","5","210","150"
"1366","HR No 32 Hypon 20ml","MASOD","0","5","210","170"
"1367","HR No 31 Rheuma 20ml","MASOD","0","5","210","210"
"1368","Hylin 100gm TAb","MASOD","0","1","0","600"
"1369","Bioge No 21 ( 20gm )","MASOD","0","5","495","495"
"1370","HR No 79 Rex Mens 20ml","MASOD","0","5","0","150"
"1371","HR No 73 Diureline 20ml","MASOD","0","5","210","170"
"1372","HR No 4 Rhenicine 20ml","MASOD","0","5","210","210"
"1373","HR No 37 Hystrofen 20ml","MASOD","0","5","210","170"
"1374","Alfalfa Plus S / Free 120ml","MASOD","0","15","270","150"
"1375","HR No 63 Papillomata 20ml","MASOD","0","5","210","170"
"1376","HR No 42 Veinohaem 20ml","MASOD","0","10","210","150"
"1377","Kaliumpron Plus 100gm Tab","MASOD","0","5","0","360"
"1378","HR No 10 Tonsitec 20ml","MASOD","0","6","170","170"
"1379","HR No 80 Immu - Step 20ml","MASOD","0","5","210","160"
"1380","HR No 76 Colitisuls 20ml","MASOD","0","5","210","170"
"1381","Andro Tone 120ml Syp","MASOD","0","5","260","260"
"1382","HR No 38 Toxina 20ml","MASOD","0","5","210","150"
"1383","HR No 64 Catcom 20ml","MASOD","0","5","210","150"
"1384","Fallacy ST 20Cap","Clinic","0","10","1075","0"
"1385","12 Nat Phos 20ml ","HFP","0","20","170","145"
"1386"," R-29 Theridon","RECK","0","5","980","980"
"1387","Calc Flore 30","MASOD","0","5","280","230"
"1388","Echinacea Q (F Class)","MASOD","0","5","570","430"
"1389","Mitty Chor 120ml SYP","BL","0","25","160","200"
"1390","Ashwagandha Q ( C Class )","RECK","0","5","1500","1500"
"1391","Calc Carb 200 (Shwabe)","Shwabe","0","5","820","680"
"1392","Gelesimium 200","Shwabe","0","5","820","680"
"1393","Coffea 200 (Shwabe)","Shwabe","0","5","230","680"
"1394","Anacardium 30 (Shwabe)","Shwabe","0","5","750","620"
"1395","Avena Sativa Q A Class","MASOD","0","5","210","0"
"1396","Chelidonium Q ( C Class )","MASOD","0","5","340","0"
"1397","BioCom No 5 30gms Tab","PBHL","0","5","220","200"
"1398","BioCom No ( 8 ) 30gms Tab","PBHL","0","5","220","220"
"1399","BioCom No ( 9 ) 30gms Tab","PBHL","0","5","0","220"
"1400","BioCom No ( 10 ) 30gms Tab","PBHL","0","5","220","220"
"1401","BioCom No ( 11 ) 30gms Tab","PBHL","0","5","220","220"
"1402","BioCom No ( 13 ) 30gms Tab","PBHL","0","5","220","220"
"1403","BioCom No ( 14 ) 30gms Tab","PBHL","0","5","0","220"
"1404","BioCom No ( 18 ) 30gms Tab","PBHL","0","5","0","220"
"1405","BioCom No ( 19 ) 30gms Tab","PBHL","0","5","220","220"
"1406","BioCom No ( 22 ) 30gms Tab","PBHL","0","5","0","220"
"1407","Calendula Q ( C ) Class","MASOD","0","5","340","0"
"1408","Secale Corr 30 ","MASOD","0","5","230","230"
"1409","Pulsatilla 200","MASOD","0","5","280","0"
"1410","Silicea 6X","MASOD","0","5","250","200"
"1411","Vesicaria Q St","Clinic","0","5","995","0"
"1412","Ell Serum 30","MASOD","0","5","230","0"
"1413","Calc Flour 6X 30gm (Brooks)","PBHL","0","6","230","230"
"1414","Collinsonia Q (Shwabe)","Shwabe","0","5","995","995"
"1415","Berberis Vulg Q (Shwabe)","Shwabe","0","25","1250","1250"
"1416","Calc Flour 6X (Shwabe)","Shwabe","0","10","750","635"
"1417","Arg Nit 30","MASOD","0","5","230","0"
"1418","Berbaris Velg  Q","MASOD","0","10","340","340"
"1419","Sarsaparilla Q (BM)","MASOD","0","10","250","0"
"1420","Silicea 1M","MASOD","0","10","290","0"
"1421","Cydonia Velg Q (Shwabe)","Shwabe","0","5","995","995"
"1422","Anacadium 30","MASOD","0","5","0","230"
"1423","Belladona 200 (Shwabe)","Shwabe","0","10","820","680"
"1424","Marter Cap","Eagle","0","10","220","220"
"1425","Havert Tab","Eagle","0","10","220","220"
"1426","Reumatac Tab","Eagle","0","10","230","210"
"1427","Azma Nill Tab","Eagle","0","10","220","220"
"1428","Allerjin Tab","Eagle","0","10","250","250"
"1429","Pain Tac Tab","Eagle","0","10","0","210"
"1430","Suranjan D.S Cap","Eagle","0","10","0","110"
"1431","Cicuta Vir 200","MASOD","0","5","230","0"
"1432","Agaricus Mus 200","MASOD","0","10","230","0"
"1433","6 Gerosal Drops","BHP","0","10","140","140"
"1434","RhumatoX Drops","BHP","0","5","0","140"
"1435","21 Tonsil Drops","BHP","0","5","0","140"
"1436","B-TF Tablets","BHP","0","10","220","220"
"1437","Opium 30 30ml","MASOD","0","5","280","230"
"1438","Iodium 30 30ml","MASOD","0","10","280","0"
"1439","Herit Beauty Cream ","Clinic","0","10","350","0"
"1440","Herite Beauty Soap","Clinic","0","12","150","150"
"1441","Chaledonium Q","MASOD","0","5","340","0"
"1442","L No - 104","Clinic","0","5","980","0"
"1443","Khoon Safi 60ml","NP","Drops","5","175","220"
"1444","Colic-Grip 30ml","NP","0","5","0","130"
"1445","Energy 60ml","NP","0","5","0","200"
"1446","Hepa-Safe 60ml","NP","0","5","200","200"
"1447","CalCuli Renal 30ml","NP","0","25","170","17"
"1448","Passi Valerina 30ml","NP","0","5","170","170"
"1449","Rau-Vasicum 30ml","NP","0","5","0","170"
"1450","SYZ Cephlandra 30ml","NP","0","170","0","170"
"1451","Avena Ginko 30ml","NP","0","5","170","170"
"1452","Mintha Pep 120ml SYP","NP","0","10","150","150"
"1453","Cough X 120ml SYP","NP","0","5","150","150"
"1454","Carbo-Pep 30Tab","NP","0","40","150","150"
"1455","Egiolax Plus 30Tab","NP","0","5","150","150"
"1456","1-Sinusitis 100Tab","NP","0","5","160","160"
"1457","2-Tonsillitis 100Tab","NP","0","5","160","160"
"1458","3-Piles 100Tab","NP","0","5","160","160"
"1459","4-Skindisorder 100Tabs","NP","0","5","190","190"
"1460","5-Liver Disorder 100Tabs","NP","0","5","160","160"
"1461","7-Cough Catarrh 100 Tabs","NP","0","5","160","160"
"1462","8-Depression & Tension 100 Tabs","NP","0","5","160","160"
"1463","9-Menstural Disorder 100Tabs","NP","0","5","0","160"
"1464","10-Hepatitis 100 Tabs","NP","0","5","190","190"
"1465","11-Infactions 100 Tabs","NP","0","5","160","190"
"1466","13-Acne Pimpls 100 Tabs","NP","0","5","160","160"
"1467","21-Low Blood Pressure 100 Tabs","NP","0","5","160","190"
"1468","22-Bed Wetting 100 Tabs","NP","0","5","0","160"
"1469","23-Brain Tonic 100 Tabs","NP","0","5","190","160"
"1470","24-Easy Parturation 100 Tabs","NP","0","5","190","160"
"1471","25-Natural Height 100 Tabs","NP","0","5","160","160"
"1472","27-Sawpal Beauty 100 Tabs","NP","0","5","190","160"
"1473","28-Danti Care 100 Tabs","NP","0","5","0","160"
"1474","29-Built-up 100 Tabs","NP","0","5","160","160"
"1475","30-Obesity 100 Tabs","NP","0","5","0","160"
"1476","26-Allergic Bronchitis 100 Tabs","NP","0","5","160","190"
"1477","Monos 5 Tabs","NP","0","5","175","175"
"1478","15-Fever 100 Tabs","NP","0","5","0","160"
"1479","16-Homoeopathic Vitamins 100 Tab","NP","0","5","190","190"
"1480","17-Easy Detition 100 Tabs","NP","0","5","160","160"
"1481","18-Diarrhoea 100 Tabs","NP","0","5","0","160"
"1482","19-Falling of Hairs 100 Tabs","NP","0","5","160","160"
"1483","20-Unwanted Facial Hairs 100 Tabs","NP","0","5","160","160"
"1484","12-High Blood Pressure 100 Tabs","NP","0","5","190","190"
"1485","14- Diabetes 100 Tabs","NP","0","5","160","160"
"1486","Egiolax Plus Jar Pack 850Tab","NP","0","3","2000","2300"
"1487","Carbo-Pep Jar Pack 850 Tab","NP","0","2","2150","2400"
"1488","Stomey 30Cap","Clinic","0","5","425","425"
"1489","Arnica Mont 200 30ml","MASOD","0","10","280","230"
"1490","2 Grain Orang Colour Diskettes","MASOD","0","5","280","0"
"1491","2 Grain Green Colour Diskettes","MASOD","0","5","280","210"
"1492","4 Grain Oval Rose Colour Diskettes","MASOD","0","5","170","0"
"1493","Ginkgo Vit Oral (Ampoule)","PBHL","0","10","850","850"
"1494","Nux Vomica 200 30ml","MASOD","0","10","280","230"
"1495","China Off 30 (30ml)","MASOD","0","5","280","0"
"1496","China Off 200 (30ml)","MASOD","0","5","280","0"
"1497","Berbaris Aqi 200 (30ml)","MASOD","0","5","230","0"
"1498","Belladona 200 (30ml)","MASOD","0","5","280","0"
"1499","Ipecacuanha 200 (30ml)","MASOD","0","5","230","0"
"1500","Asoka Q 30ml","MASOD","0","5","270","0"
"1501","Limnna Minor 30","MASOD","0","5","280","0"
"1502","Bacopa Monnieri  Q (30ml) ( C Class )","MASOD","0","5","280","280"
"1503","Ideal Groth corse","PBHL","0","5","750","640"
"1504","Slim Tab ( 21 Tabs)","Clinic","0","5","675","0"
"1505","Fucus Q ","Shwabe","0","10","995","995"
"1506","Millefolium Q","Clinic","0","5","995","0"
"1507","Assculus 3","Clinic","0","5","995","0"
"1508","N-Gasik 20Tabs ","NazZ","Tablet","20","240","240"
"1509","N-Gaisk 100Tabs","NazZ","Tablets","10","400","400"
"1510","Cheaston 30 Cap ","Al S","Capsule","20","360","360"
"1511","Arnica Mont 1M ( BM )","BM","0","5","100","240"
"1512","Bacillinum 1M (BM )","BM","0","2","250","240"
"1513","Barium Carb 1M (BM)","BM","0","2","250","240"
"1514","Calc Fluor 1M (BM)","BM","0","2","250","240"
"1515","Calc Sulf 1M (BM)","BM","0","2","250","240"
"1516","Colocynthis 1M (BM)","BM","0","2","0","240"
"1517","Conium 1M (BM)","BM","0","2","250","240"
"1518","Hepar Sulf 1M (BM)","BM","0","2","250","240"
"1519","Hypericum 1M (BM)","BM","0","2","250","240"
"1520","Iodium 1M (BM)","BM","0","2","250","250"
"1521","Kali Iodatum 1M (BM)","BM","0","2","0","240"
"1522","Kali Phos 1M (BM)","BM","0","2","250","250"
"1523","Lycopodium 1M (BM)","BM","0","2","100","240"
"1524","Meg Phos 1M (BM)","BM","0","2","0","240"
"1525","Medorrhinum 1M (BM)","BM","0","2","250","240"
"1526","Merc Sol 1M (BM)","BM","0","2","250","240"
"1527","Myristica Sebif 1M (BM)","BM","0","2","250","240"
"1528","Nat Sulf 1M (BM)","BM","0","2","0","240"
"1529","Nux Vomica 1M (BM)","BM","0","2","100","240"
"1530","Onosmodium Virg 1M (BM)","BM","0","2","250","240"
"1531","Posorinum 1M (BM)","BM","0","2","250","240"
"1532","Rhus Tox 1M (BM)","BM","0","2","250","240"
"1533","Selenium 1M (BM) ","BM","0","2","250","240"
"1534","Silicea 1M (BM)","BM","0","2","290","240"
"1535","Syphilinum 1M (BM)","BM","0","2","250","240"
"1536","Thuja Occ 1M (BM)","BM","0","2","250","240"
"1537","Thyroidinum 1M (BM)","BM","0","2","250","240"
"1538","Tuberculinum 1M (BM)","BM","0","2","250","240"
"1539","Thyphoidinum 1M (BM)","BM","0","2","250","240"
"1540","Rhus Tox 200 (Mek)","MEK","0","5","180","180"
"1541","Nux Vomica 10M (BM)","BM","0","2","250","250"
"1542","Bacillinum 200 (BM )","BM","0","2","230","230"
"1543","Barium Carb 200 (BM)","BM","0","2","230","210"
"1544","Calc Fluor 200 (BM)","BM","0","2","230","230"
"1545","Calc Sulf 200 (BM)","BM","0","2","230","210"
"1546","Conium 200 (BM)","BM","0","2","230","230"
"1547","Hepar Sulf 200 (BM)","BM","0","2","230","230"
"1548","Kali Iodatum 200 (BM)","BM","0","2","230","210"
"1549","Meg Phos 200 (BM)","BM","0","2","0","210"
"1550","Medorrhinum 200(BM)","BM","0","2","210","210"
"1551","Nat Sulf 200 (BM)","BM","0","2","230","230"
"1552","Selenium 200 (BM) ","BM","0","2","230","230"
"1553","Silicea 200(BM)","BM","0","2","230","170"
"1554","Thuja Occ 200 (BM)","BM","0","2","230","230"
"1555","Thyphoidinum 200 (BM)","BM","0","2","0","210"
"1556","Abies Nig 30 (BM)","BM","0","2","230","200"
"1557","Abrotanum 30 (BM)","BM","0","2","230","200"
"1558","Acid Benz 30 (BM)","BM","0","2","230","200"
"1559","Acid Lactic 30 (BM)","BM","0","2","0","230"
"1560","Acid Nit 30 (BM)","BM","0","2","230","230"
"1561","Aconite Nep 30 (BM)","BM","0","2","230","230"
"1562","Acid Oxalic 30 (BM)","BM","0","2","0","200"
"1563","Acid Phos 30 ( BM)","BM","0","2","230","230"
"1564","Aesculus 30 (BM)","BM","0","2","230","230"
"1565","Aloes Soco 30 (BM)","BM","0","2","550","230"
"1566","Alumen 30 (BM)","BM","0","2","230","230"
"1567","Alumina 30 (BM)","BM","0","2","230","230"
"1568","Anacardium 30 (BM)","BM","0","2","230","230"
"1569","Anti Tart 30 (BM)","BM","0","2","230","230"
"1570","Apis Milli 30 (BM)","BM","0","2","230","230"
"1571","Aralia Race 30 (BM)","BM","0","2","230","200"
"1572","Arnica Mont 30 ( BM )","BM","0","2","230","230"
"1573","Arsenic Iod 30 (BM)","BM","0","2","230","230"
"1574","Arsenic Sulf Flav 30 (BM)","BM","0","2","230","200"
"1575","Badiaga 30 (BM)","BM","0","2","0","230"
"1576","Baptisia Tinc 30 (BM)","BM","0","2","0","200"
"1577","Baryta Iod 30 (BM)","BM","0","2","230","230"
"1578","Berberis Vulg 30 (BM)","BM","0","2","230","200"
"1579","Croton Tig 30 (BM)","BM","0","2","0","200"
"1580","Cupram Met 30  (BM)","BM","0","2","230","230"
"1581","Digitalis 30 (BM)","BM","0","2","230","230"
"1582","Dioscorea Vill 30 (BM)","BM","0","2","230","230"
"1583","Drosera 30 (BM)","BM","0","2","230","230"
"1584","Dulcamara 30 (BM)","BM","0","2","230","230"
"1585","Eel Serum 30 (BM)","BM","0","2","230","200"
"1586","Equisetum Hye 30 (BM)","BM","0","2","230","230"
"1587","Eupatorium Perf 30 (BM)","BM","0","2","230","200"
"1588","Ferrum Met 30 (BM)","BM","0","2","0","200"
"1589","Ferrum Phos 30 (BM)","BM","0","2","0","200"
"1590","Fillix Mas 30 (BM)","BM","0","2","0","200"
"1591","Gelsemium 30 (BM)","BM","0","2","230","230"
"1592","Glonoinum 30 (BM)","BM","0","2","230","230"
"1593","Glycerinum 30 (BM) ","BM","0","2","0","200"
"1594","Gnaphalium 30 (BM)","BM","0","2","230","230"
"1595","Graphites 30 (BM)","BM","0","2","230","230"
"1596","Guaiacum Off 30 (BM)","BM","0","2","230","200"
"1597","Gun Powder 30 (BM)","BM","0","2","0","200"
"1598","Hamamelis Virg 30 (BM)","BM","0","2","230","230"
"1599","Hakla Lava 30 (BM)","BM","0","2","200","200"
"1600","Hepar Sulf 30  (BM)","BM","0","2","230","230"
"1601","Histaminum Hydro 30 (BM)","BM","0","2","0","200"
"1602","Hydrangea Hydro 30 (BM)","BM","0","2","230","200"
"1603","Hydrastis Can 30 (BM)","BM","0","2","230","230"
"1604","Hydrocotyle Asiatica 30 (BM)","BM","0","2","230","200"
"1605","Hyoscymus Nig 30 (BM)","BM","0","1","230","200"
"1606","Iberis Amara 30 (BM)","BM","0","2","0","200"
"1607","Ignatia Amara 30 (BM)","BM","0","2","250","200"
"1608","Iodium 30 (BM)","BM","0","2","230","200"
"1609","Ipeacuanha 30 (BM)","BM","0","2","230","200"
"1610","Iris Tenax 30 (BM)","BM","0","2","230","200"
"1611","Iris Vers 30(BM)","BM","0","2","230","200"
"1612","Jalapa 30 (BM)","BM","0","2","230","200"
"1613","Juniperus Communis 30 (BM)","BM","0","2","0","200"
"1614","Kali Ars 30 (BM)","BM","0","2","230","200"
"1615","Kali Bich 30 (BM)","BM","0","2","230","230"
"1616","Kali Brom 30 (BM)","BM","0","2","230","230"
"1617","Kali Carb 30 (BM)","BM","0","2","230","230"
"1618","Kali Iodatum 30 (BM)","BM","0","2","230","200"
"1619","Kali Mur 30 (BM)","BM","0","2","0","230"
"1620","Kali Phos 30 (BM)","BM","0","2","230","230"
"1621","Kali Sulf 30 (BM)","BM","0","2","230","230"
"1622","Kalmia lat 30 (BM)","BM","0","2","230","230"
"1623","Kreosotum 30 (BM)","BM","0","2","0","200"
"1624","Lachesis 30 (BM)","BM","0","2","0","230"
"1625","Ledum Pal 30 (BM)","BM","0","2","230","230"
"1626","Lemna Minor 30 (BM)","BM","0","2","230","230"
"1627","Lithium Carb 30 (BM)","BM","0","2","0","230"
"1628","Meg Carb 30 (BM)","BM","0","2","0","200"
"1629","Meg Mur 30 (BM)","BM","0","2","0","200"
"1630","Meg Phos 30 (BM)","BM","0","2","230","200"
"1631","Malaria Off 30 (BM)","BM","0","2","0","200"
"1632","Manganum Mur 30 (BM)","BM","0","2","0","200"
"1633","Manganum Phos 30 (BM)","BM","0","2","230","200"
"1634","Marc Cyan 30 (BM)","BM","0","1","230","200"
"1635","Merc Dul 30 (BM)","BM","0","1","0","230"
"1636","Merc Iod 30 (BM)","BM","0","2","0","230"
"1637","Merc Sol 30 (BM)","BM","0","2","230","230"
"1638","Merc Corr 30 (BM)","BM","0","2","230","200"
"1639","Mezereum 30 (BM)","BM","0","2","230","230"
"1640","Murex Purp 30 (BM)","BM","0","2","230","230"
"1641","Naja Tripud 30 (BM)","BM","0","2","230","200"
"1642","Naphthalium 30 (BM) ","BM","0","2","0","200"
"1643","Nat Ars 30 (BM)","BM","0","2","230","200"
"1644","Nat Carb 30 (BM)","BM","0","2","0","200"
"1645","Nat Mur 30 (BM)","BM","0","2","230","230"
"1646","Nat Phos 30 (BM)","BM","0","2","230","230"
"1647","Nat Sulf 30 (BM)","BM","0","2","230","230"
"1648","Nux Moschata 30 (BM)","BM","0","2","230","200"
"1649","Rubia Tinctorum 30 (BM)","BM","0","2","230","230"
"1650","Rumax Crisp 30 (BM)","BM","0","2","230","200"
"1651","Sabadilla 30 (BM)","BM","0","2","230","230"
"1652","Sabal Serr 30 (BM)","BM","0","2","230","200"
"1653","Sabina 30 (BM)","BM","0","2","230","230"
"1654","Sanguinaria 30 (BM)","BM","0","2","230","230"
"1655","Santoninum 30 (BM)","BM","0","1","0","230"
"1656","Sarkanda 30 (BM)","BM","0","1","0","200"
"1657","Selenium 30 (BM) ","BM","0","2","230","230"
"1658","Senega 30 (BM)","BM","0","1","0","200"
"1659","Senna 30 (BM)","BM","0","1","0","200"
"1660","Sepia 30 (BM)","BM","0","2","230","230"
"1661","Silicea 30 (BM)","BM","0","2","230","230"
"1662","Sinapis Nigra 30 (BM)","BM","0","2","0","200"
"1663","Spigelia Anth 30 (BM)","BM","0","2","230","230"
"1664","Spongia 30 (BM)","BM","0","2","230","230"
"1665","Stannum Met 30 (BM)","BM","0","2","230","200"
"1666","Staphysageria 30 (BM) ","BM","0","2","230","230"
"1667","Sulpher Iod 30 (BM)","BM","0","1","0","200"
"1668","Syzygium Jambo 30 (BM)","BM","0","1","230","200"
"1669","Terentula Hisp 30 (BM)","BM","0","1","0","200"
"1670","Terebinthina 30 (BM) ","BM","0","1","230","230"
"1671","Thlaspi Bursa 30 (BM)","BM","0","30","0","200"
"1672","Thuja Lobbi 30 (BM)","BM","0","2","230","230"
"1673","Tribulus Terr 30 (BM)","BM","0","1","230","200"
"1674","Urea Pura 30 (BM)","BM","0","2","230","230"
"1675","Urtica Uren 30 (BM)3","BM","0","2","230","230"
"1676","Uva Ursi 30 (BM)","BM","0","2","0","200"
"1677","Vanadium 30 (BM)","BM","0","2","230","200"
"1678","Veratum Alb 30 (BM.)","BM","0","2","230","200"
"1679","Vinca Minor 30 (BM)","BM","0","2","0","200"
"1680","Viscum Alb 30 (BM)","BM","0","2","0","230"
"1681","Yerba Santa 30 (BM)","BM","0","2","0","200"
"1682","Yohimbinum 30 (BM)","BM","0","2","230","230"
"1683","Zincum Met 30 (BM)","BM","0","2","230","230"
"1684","Zincum Phos 30 (BM)","BM","0","2","230","230"
"1685","Zincum Sulf 30 (BM)","BM","0","2","230","230"
"1686","Zingiber 30 (BM)","BM","0","2","0","230"
"1687","Arnica Mont CM ( BM )","BM","0","2","250","240"
"1688","Bacillinum CM (BM )","BM","0","2","250","200"
"1689","Barium Carb CM (BM)","BM","0","2","0","240"
"1690","Calc Fluor CM (BM)","BM","0","2","250","240"
"1691","Conium CM (BM)","BM","0","2","0","240"
"1692","Calc Sulf CM (BM)","BM","0","2","0","240"
"1693","Hypericum CM (BM)","BM","0","2","0","240"
"1694","Iodium CM (BM)","BM","0","2","0","240"
"1695","Kali Iodatum CM (BM)","BM","0","2","0","240"
"1696","Kali Phos CM (BM)","BM","0","2","250","240"
"1697","Lycopodium CM (BM)","BM","0","2","250","200"
"1698","Medorrhinum CM (BM)","BM","0","2","250","240"
"1699","Merc Sol CM (BM)","BM","0","2","0","240"
"1700","Myristica Sebif CM (BM)","BM","0","2","250","240"
"1701","Nat Sulf CM (BM)","BM","0","2","0","240"
"1702","Nux Vomica CM (BM)","BM","0","2","250","240"
"1703","Onosmodium Virg CM (BM)","BM","0","2","250","240"
"1704","Posorinum CM (BM)","BM","0","2","250","240"
"1705","Rhus Tox CM (BM)","BM","0","2","250","240"
"1706","Selenium CM (BM) ","BM","0","2","0","240"
"1707","Silicea CM (BM)","BM","0","2","250","240"
"1708","Syphilinum CM (BM)","BM","0","2","0","240"
"1709","Thuja Occ CM (BM)","BM","0","2","250","240"
"1710","Thyphoidinum CM (BM)","BM","0","2","0","240"
"1711","Tuberculinum CM (BM)","BM","0","2","250","200"
"1712","Thyroidinum CM (BM)","BM","0","2","0","240"
"1713","Berbaris Aqi 30 (30ml)","MASOD","0","5","280","0"
"1714","Cimicifuga Recemosa 200 120ml (MSOD)","MASOD","0","1","550","550"
"1715","Lycopodium 200 120ml (MSOD)","MASOD","0","2","550","550"
"1716","Silicea 30 120ml (MSOD)","MASOD","0","2","550","550"
"1717","Acid Phos 30 120ml (MSOD)","MASOD","0","2","550","550"
"1718","Aconite Nep 200 120ml (MSOD)","MASOD","0","2","550","550"
"1719","Aconite Nep 30 120ml (MSOD)","MASOD","0","2","550","550"
"1720","Aloes 30 120ml (MSOD)","MASOD","0","2","550","550"
"1721","Alumina 200 120ml (MSOD)","MASOD","0","2","550","550"
"1722","Arnica Mont 200 120ml (MSOD)","MASOD","0","2","670","550"
"1723","Arnica Mont 30 120ml (MSOD)","MASOD","0","2","670","550"
"1724","Baryta Acetica 200 120ml (MSOD)","MASOD","0","2","550","550"
"1725","Belladona 200 (120ml) (MSOD)","MASOD","0","2","550","550"
"1726","Belladona 30 (120ml) (MSOD)","MASOD","0","2","550","550"
"1727","Bryonia Alb 200 120ml (MSOD)","MASOD","0","2","550","550"
"1728","Bryonia Alb 30 120ml (MSOD)","MASOD","0","2","550","550"
"1729","Lycopodium 30 120ml (MSOD)","MASOD","0","2","550","550"
"1730","Rhus Tox 30 120ml (MSOD)","MASOD","0","3","670","550"
"1731","Rhus Tox 200 120ml (MSOD)","MASOD","0","2","550","550"
"1732","Rumex Crisp 30 120ml (MSOD)","MASOD","0","2","550","550"
"1733","Rumex Crisp 200 120ml (MSOD)","MASOD","0","2","550","550"
"1734","Silicea 200 120ml (MSOD)","MASOD","0","2","670","550"
"1735","Aconite Nep 200 120ml  (BM)","BM","0","2","0","520"
"1736","Alumina 200 120ml (BM)","BM","0","2","610","520"
"1737","Arnica Mont 200 120ml ( BM )","BM","0","2","610","414"
"1738","Baryta Acet 200 120ml (BM)","BM","0","2","0","520"
"1739","Belladonna 200 120ml (BM)","BM","0","2","610","520"
"1740","Bryonia Alb 200 120Ml (BM)","BM","0","2","0","520"
"1741","Cimicifuga 200 120ml (BM)","BM","0","2","0","520"
"1742","Lycopodium 200 120ml (BM)","BM","0","2","0","520"
"1743","Rhus Tox 200 120ml (BM)","BM","0","2","610","520"
"1744","Rumax Crisp 200 120ml (BM)","BM","0","2","0","520"
"1745","Silicea 200 120ml (BM)","BM","0","2","230","520"
"1746","Acid Phos 30 120ml ( BM)","BM","0","2","550","480"
"1747","Aconite Nep 30 120ml (BM)","BM","0","2","0","480"
"1748","Aloes Soco 30 120ML (BM)","BM","0","2","0","480"
"1749","Arnica Mont 30 120ML ( BM )","BM","0","2","550","480"
"1750","Belladonna 30 120ml (BM)","BM","0","3","550","480"
"1751","Bryonia Alb 30 120Ml (BM)","BM","0","3","550","480"
"1752","Lycopodium 30 120ml (BM)","BM","0","2","550","480"
"1753","Rhus Tox 30 120ml (BM)","BM","0","2","550","480"
"1754","Rumax Crisp 30 120ml (BM)","BM","0","2","0","480"
"1755","Silicea 30 120ml (BM)","BM","0","2","550","480"
"1756","Hamamelis Q","RECK","0","5","995","995"
"1757","Anti Crud 30 (BM)","BM","0","3","230","230"
"1758","Baptisia 30 (BM)","BM","0","5","0","230"
"1759","Borex 30 (BM)","BM","0","4","230","230"
"1760","Canthris 30 (BM)","BM","0","5","230","230"
"1761","Causticum 30 (BM)","BM","0","3","230","230"
"1762","Collinsonia 30 (BM)","BM","0","3","210","230"
"1763","Pulsatilla 30 (BM)","BM","0","2","230","230"
"1764","Paeonia Off 30 (BM)","BM","0","3","0","230"
"1765","Apis Milli 200 (BM)","BM","0","2","230","230"
"1766","Ratanhia 30 (BM)","BM","0","2","230","230"
"1767","Aloes Soco 200 (BM)","BM","0","3","230","230"
"1768","Sepia 1M (BM)","BM","0","2","250","200"
"1769","Carcinosinum 1M (BM)","BM","0","2","250","200"
"1770","Ruta CM (BM)","BM","0","2","0","200"
"1771","PTK # 40","Shwabe","0","5","1250","1250"
"1772","A 41 Fourty Virone ","Clinic","0","3","1180","0"
"1773","Amlyfy-T","Clinic","0","5","1320","1325"
"1774","Avena Sat Q (Shwabe)","Shwabe","0","5","995","995"
"1775","Onos (5 Tabs)","NP","0","5","200","200"
"1776","Diacard Drops","Shwabe","0","5","1350","1350"
"1777","Aesculus Hipp 200 120ML (MSOD)","MASOD","0","2","550","550"
"1778","Antimonium Tart 30 120Ml (MSOD)","MASOD","0","2","550","550"
"1779","Calc Carb 200 120ml (MSOD)","MASOD","0","2","550","550"
"1780","Graphites 200 120ml (MSOD)","MASOD","0","2","550","550"
"1781","Opium 200 120ml (MSOD)","MASOD","0","2","550","550"
"1782","Cholesterinum 200 120ml (MSOD)","MASOD","0","2","0","550"
"1783","Ferrum Met 200 120ml (MSOD)","MASOD","0","2","550","550"
"1784","Lathyrus Sat 30 120ml (MSOD)","MASOD","0","2","550","550"
"1785","Thuja Occ 200 120ml (MSOD)","MASOD","0","2","670","550"
"1786","Bryonia Alb 1M 120ml (MSOD)","MASOD","0","2","610","610"
"1787","Disketts 5 Grain Yellow round (450GM)","BM","0","5","280","250"
"1788","Disketts 5 Grain Green round (450GM)","BM","0","5","280","280"
"1789","P- Bex Dry SYP","Bl","0","15","120","150"
"1790","Calc Fluor 6X 500gm (BM)","BM","0","2","2340","2350"
"1791","Kali Mur 6X 500gm  (BM)","BM","0","2","2340","2350"
"1792","Kali Phos 6X 500gm (BM)","BM","0","2","2340","2350"
"1793","Kali Sulf 6X 500gm (BM)","BM","0","2","2340","2350"
"1794","Mag Phos 6X 500gm (BM) ","BM","0","2","2340","1900"
"1795","Nat Phos 6X 500gm (BM)","BM","0","2","2340","1900"
"1796","Nat Sulf  6X 500gm (BM)","BM","0","2","2340","2350"
"1797","Acid Phos Q ( B ) 500ml (BM)","BM","0","2","1790","1560"
"1798","Agnus Cast Q (C) 500ml (BM)","BM","0","2","2250","1960"
"1799","Alfalfa Q (A) 500ml (BM)","BM","0","2","1440","1250"
"1800","Allium Sativa Q (A) 500ml (BM)","BM","0","2","1440","1250"
"1801","Avena Sativa Q (A) 500ml (BM)","BM","0","2","1440","1250"
"1802","Berberis Aqi Q (D) 500ml (BM) ","BM","MTQ","2","2570","2340"
"1803","Berberis Vulg Q (C) 500ml (BM)","BM","MTQ","3","2250","2250"
"1804","Blatta Ori Q (E) 500ml (BM)","BM","MTQ","2","0","2930"
"1805","Cardus Mar Q (C) 500ml (BM)","BM","MTQ","2","2250","1960"
"1806","Chelidonium Maj Q (C) 500ml (BM)","BM","MTQ","2","2250","2250"
"1807","Collinsonia Q (D) 500ml (BM)","BM","MTQ","2","0","2340"
"1808","Crataegus Oxy Q (C) 500ml (BM)","BM","MTQ","2","2250","1960"
"1809","Damiana Q (C) 500ml (BM)","BM","MTQ","2","2250","2250"
"1810","Echinacea (Q) (C) 500ml (BM)","BM","MTQ","2","2250","1960"
"1811","Fel Tauri Q (B) 500ml (BM) ","BM","MTQ","2","1790","1560"
"1812","Fraxinus Amer Q (C) 500ml (BM)","BM","MTQ","2","0","1960"
"1813","Ginkgo Biloba Q (C) 500ml (BM)","BM","MTQ","2","2250","1960"
"1814","Ginseng Q (F) 500ml (BM)","BM","MTQ","2","4020","3650"
"1815","Gossypium Q (B) 500ml (BM)","BM","MTQ","2","1790","1560"
"1816","Hydrangea Arb Q (D) 500ml (BM)","BM","MTQ","2","2570","2340"
"1817","Hydrastis Can Q (G) 500ml (BM)","BM","MTQ","2","5030","4570"
"1818","Ignatia Amara Q (G) 500ml (BM)","BM","MTQ","2","0","4570"
"1819","Hydrocotyle Q C 500ml (BM)","BM","MTQ","2","0","1960"
"1820","Bell-ToX  20Tablets","BHP","0","20","220","300"
"1821","Jaborandi Q (D) 500ml (BM)","BM","MTQ","2","2570","2340"
"1822","Lathyrus Sat Q (C) 500ml (BM)","BM","MTQ","2","0","1960"
"1823","Myrica Car (E) 500ml (BM)","BM","MTQ","2","0","2930"
"1824","Myristica Seb Q (B) 500ml (BM)","BM","MTQ","2","0","1560"
"1825","Pareira Brava Q (D) 500ml (BM)","BM","MTQ","2","0","2340"
"1826","Phytolacca Berry Q (D) 500ml (BM)","BM","MTQ","2","2570","2340"
"1827","Pulsatilla Q (D) 500ml (BM)","BM","MTQ","2","0","2340"
"1828","Ricinus Com (B) 500ml (BM)","BM","MTQ","2","0","1560"
"1829","Sabal Serr Q (D) 500ml (BM)","BM","MTQ","2","2570","2340"
"1830","Sarsaparilla Q (C) 500ml (BM)","BM","MTQ","2","2250","1960"
"1831","Solidago Q (C) 500ml (BM)","BM","MTQ","2","2250","1960"
"1832","Syzygium Jambol Q (A) 500ml (BM)","BM","MTQ","2","1440","1250"
"1833","Thuja Occ Q (C) 500ml (BM)","BM","MTQ","2","2250","2250"
"1834","Tribulus Terr Q (B) 500ml (BM)","BM","MTQ","2","1790","163"
"1835","Trillium Pend Q (F) 500ml (BM)","BM","MTQ","2","0","3650"
"1836","Urtica Urens Q (C) 500ml (BM)","BM","MTQ","2","2250","1960"
"1837","Vesicaria Q (C) 500ml (BM)","BM","MTQ","2","2250","2250"
"1838","Viburnum Opp Q (C) 500ml (BM)","BM","MTQ","2","2250","2250"
"1839","Yohimbinum Q (C) 500ml (BM)","BM","MTQ","2","2250","1960"
"1840","Zingiber Q (B) 500ml (BM)","BM","MTQ","2","1790","1560"
"1841","Bio # 21(Shwabe)","Shwabe","0","10","750","750"
"1842","13 Rheumatox","BHP","0","11","140","140"
"1843","Calc Sulf 6X 30gm (Brooks)","PBHL","0","5","230","230"
"1844","Ledum Pal 200 (MSOD)","MASOD","0","5","230","230"
"1845","Mag Phos 200 (MOSD) ","MASOD","0","5","280","230"
"1846","Merc Sol 200 (MOSD)","MASOD","0","5","280","0"
"1847","Kali Mur 200 (MOSD)","MASOD","0","5","280","0"
"1848","Spigelia 200 (MOSD)","MASOD","0","2","280","0"
"1849","Disketts 3 Grain white round (450GM)","BM","0","5","280","187"
"1850","HomoeoLaX Jar Pack 500 Tab","BM","0","2","1550","1550"
"1851","202 Caulophyllum Compound","BM","0","2","190","114"
"1852","204 Lycopusvirg Compound","BM","0","2","190","190"
"1853","217 Bellis Per Compound","BM","0","2","190","190"
"1854","228 Alpha Phos Compound","BM","0","2","190","190"
"1855","230 Colchicum Compound","BM","0","2","190","190"
"1856","232 Ratanhia Compound","BM","0","2","160","160"
"1857","240 Agrimonia Compoud","BM","0","2","190","190"
"1858","253 Calcarea Phos Compound","BM","0","2","190","114"
"1859","254 Natrum Mur Compound ","BM","0","2","0","160"
"1860","255 Hemamelis Compound","BM","0","3","160","160"
"1861","Alfalfa Tonic 600Ml Syp","BM","0","10","0","100"
"1862","Baptisia Plus 60Ml Syp","BM","0","15","100","100"
"1863","Golden Strokes Tab","BM","0","5","175","175"
"1864","Rauwolfia Tab","BM","0","2","150","150"
"1865","Doloex Jar Pack 500 Tablets","BM","0","2","2300","2300"
"1866","Hepatolive Tab","BM","0","3","150","200"
"1867","Hair Support Tab","BM","0","5","250","250"
"1868","Doloex Plus Jar Pack 500 Tablets","BM","0","2","2000","2000"
"1869","Contole Plus Ointment","Con","0","10","180","180"
"1870","Contole Drops","Con","0","10","0","200"
"1871","Egg Protein Shampoo","Con","0","3","300","300"
"1872","Anti Dandurff Shampoo","Con","0","3","300","300"
"1873","Amla & Shikakai Shampoo","Con","0","3","300","300"
"1874","Aloevera Shampoo","Con","0","3","300","300"
"1875","Amla Hair Oil ","Con","0","3","300","300"
"1876","Hair Tonic Oil","Con","0","3","300","300"
"1877","Rhus Tox 200 30ml (MSOD)","MASOD","0","5","280","230"
"1878","Disketts 1 Grain white  (450GM)","BM","0","5","280","250"
"1879","Disketts 3 Grain Yellow (450GM)","BM","0","5","280","250"
"1880","Disketts 4 Grain Yellow (450GM)","BM","0","4","280","250"
"1881","Disketts 5 Grain Yellow-U (450GM)","BM","0","5","250","250"
"1882","Blanketts 5 grain white-U (450GM)","BM","0","2","1250","862"
"1883","Alsine Media Q (B) 120ml (BM)","BM","0","1","550","550"
"1884","Aspidosperma Q (D) 120ml (BM)","BM","0","1","840","840"
"1885","Cardus Mar Q (C) 120ml (BM)","BM","0","1","810","700"
"1886","Crataegus Oxy Q (C) 120ml (BM)","BM","0","3","0","240"
"1887","Crataegus Oxy Q (C) (BM)","BM","0","1","280","280"
"1888","Capsella Bersa Q (C) (BM)","BM","0","2","280","240"
"1889","Sulfer Madicated Cream","Con","0","5","165","165"
"1890","Madi Cream ","Con","0","20","165","150"
"1891","Feet Creem","Con","0","20","0","165"
"1892","Yellow Star Tablets","Con","0","12","90","90"
"1893","Nat Sulf 6X 30gm (Brooks)","PBHL","Tab","5","230","230"
"1894","Nat Phos 6X 30gm (Brooks)","PBHL","Tab","5","230","230"
"1895","Nat Mur 6X 30gm (Brooks)","PBHL","Tab","5","230","230"
"1896","Agnus Cast Q (C) (MSOD) ","MASOD","0","5","340","280"
"1897","Damiana Q (C) (MOSD)","MASOD","0","5","340","0"
"1898","Five Phos 6X 30gm (Brooks)","PBHL","0","5","230","230"
"1899","Calc Phos 6X 30gm (Brooks)","PBHL","Tablet","5","230","230"
"1900","Mag Phos 6X 30gm (Brooks)","PBHL","Tablet","5","230","230"
"1901","Ferr Phos 6X 150gm (Brooks)","PBHL","0","5","620","620"
"1902","Kali Phos 6X 30gm (Brooks)","PBHL","0","3","230","230"
"1903","Kali Phos 6X 150gm (Brooks)","PBHL","0","3","630","630"
"1904","Kali Sulf 6X 30gm (Brooks)","PBHL","0","5","200","230"
"1905","Kali Sulf 6X 150gm (Brooks)","PBHL","0","3","0","550"
"1906","Nat Mur 6X 150gm (Brooks)","PBHL","0","3","630","550"
"1907","Nat Phos 6X 150gm (Brooks)","PBHL","0","3","630","620"
"1908","Nat Sulf 6X 150gm (Brooks)","PBHL","Tablet","3","630","550"
"1909","Calc Phos 6X 150gm (Brooks)","PBHL","0","3","630","630"
"1910","Calc Flour 6X 150gm (Brooks)","PBHL","0","3","680","630"
"1911","Mag Phos 6X 150gm (Brooks)","PBHL","0","3","630","630"
"1912","Ferr Phos 6X 30gm (Brooks)","PBHL","0","3","230","230"
"1913","Kali Mur 6X 30gm (Brooks)","PBHL","Tablet","3","200","100"
"1914","Kali Mur 6X 150gm (Brooks)","PBHL","0","3","550","550"
"1915","Five Phos 6X 150gm (Brooks)","PBHL","0","3","630","630"
"1916","Silicea 6X 30gm (Brooks)","PBHL","0","3","230","230"
"1917","Hamamelis Q (D) (MSOD)","MASOD","0","3","380","310"
"1918","Phytolacca (St) ","Clinic","0","3","995","0"
"1919","1- Cough Drops","WShah","0","3","190","190"
"1920","2-Prostate Drops ","WShah","0","3","190","190"
"1921","4-High BP Drops ","WShah","0","3","0","190"
"1922","5-Low BP Drops","WShah","0","3","0","190"
"1923","7-Allergy Drops","WShah","0","3","0","190"
"1924","8-Heart Drops","WShah","0","3","0","190"
"1925","9-Tonsilities Drops","WShah","0","3","0","190"
"1926","Aloes 200 30ml (MSOD)","MASOD","0","5","280","0"
"1927","11-Gastric Drops","WShah","0","5","190","190"
"1928","12-Liver Drops","WShah","0","5","190","190"
"1929","Gastro Nux 120ml","MASOD","0","10","260","260"
"1930","Berbaris Aqi Q (D) (MSOD)","MASOD","0","5","310","280"
"1931","Sarsaparilla 30 (MSOD)","MASOD","0","2","230","0"
"1932","Asoka Cordial 120mlSYP","T.S","0","12","160","160"
"1933","Alfalfa 120mlSYP","T.S","0","12","180","180"
"1934","Baby Vit 120ml SYP","T.S","0","12","160","150"
"1935","Brain Tonic 120ml.SYP","T.S","0","12","180","150"
"1936","Calcium Plus Dry 120ml Syp","T.S","0","12","180","180"
"1937","Castoma 120ml Syp","T.S","0","12","160","160"
"1938","Cina 120ml SYP","T.S","0","12","160","150"
"1939","Cough Dry SYP 120ml","T.S","0","12","180","180"
"1940","Cough SYP 120ml","T.S","0","12","160","180"
"1941","Damiana Plus 120ml SYP","T.S","0","12","160","150"
"1942","Dyro Nill Dry Syp 120ml","T.S","0","12","180","180"
"1943","Ginko 120ml SYP","T.S","0","12","160","160"
"1944","Gyno Rex 120ml SYP.","T.S","0","12","160","160"
"1945","Jery Vit 120ml SYP","T.S","0","12","160","150"
"1946","LazoO 120ml SYP","T.S","0","12","180","180"
"1947","Fero TuX 120ml SYP","T.S","0","48","200","200"
"1948","Levotus 120mlSYP","T.S","0","12","160","160"
"1949","Liko Max 120ml SYP","T.S","0","12","200","160"
"1950","Moschus 120ml SYP","T.S","0","12","200","200"
"1951","Musaffi 120ml SYP","T.S","0","12","160","160"
"1952","Nifnol 120ml SYP","T.S","0","12","160","160"
"1953","Orange-C 120ml SYP ","T.S","0","12","160","150"
"1954","Pain-Off 120ml SYP","T.S","0","12","160","150"
"1955","Piles Cure 120ml SYP","T.S","0","12","160","160"
"1956","R27 Renal Calculi","RECK","0","5","1170","1170"
"1957","Salsal Bol 120ml SYP","T.S","0","12","160","160"
"1958","Santala-B 120ml SYP","T.S","0","12","160","180"
"1959","Arega Allergy Syp","T.S","0","12","180","180"
"1960","Sharbat-e-Podina G 120ml","T.S","0","12","160","150"
"1961","Sharbat-e-Podina B 120ml","T.S","0","12","160","150"
"1962","Sharbat-e-Foulad 120ml","T.S","0","12","160","150"
"1963","Suger Cantol 120ml SYP","T.S","0","12","140","160"
"1964","Tap Ron Dry SYP 120ml","T.S","0","12","180","180"
"1965","Tare Nol Dry SYP120ml","T.S","0","12","180","180"
"1966","Tazedal 120ml SYP","T.S","0","12","160","160"
"1967","Thandak 120ml SYP","T.S","0","12","160","150"
"1968","Toot Siyah 120mlSYP","T.S","0","12","200","200"
"1969","T.S Gel Pink120ml SYP","T.S","0","12","160","180"
"1970","T.S Gel Yellow 120ml SYP","T.S","0","12","160","180"
"1971","T.S Gel Blue 120ml SYP","T.S","0","12","160","140"
"1972","Typox 120ml SYP","T.S","0","12","160","160"
"1973","UlziC 120ml SYP","T.S","0","12","160","180"
"1974","Vita Plus Dry SYP 120ml","T.S","0","12","180","180"
"1975","Vomi Nal 120ml SYP","T.S","0","12","160","150"
"1976","Aletr Cardial 240ml SYP","T.S","0","5","260","260"
"1977","Asoka Cordial 240mlSYP","T.S","0","5","250","230"
"1978","Alfalfa 240mlSYP","T.S","0","5","260","260"
"1979","Alfalfa + Ginso Tonic 240ml","T.S","0","5","270","230"
"1980","Asaabi Tonic 330ml","T.S","0","5","350","320"
"1981","Fero TuX 240ml SYP","T.S","0","5","320","95"
"1982","Grotus 240ml SYP","T.S","0","5","320","95"
"1983","Ginko 240ml SYP","T.S","0","5","320","95"
"1984","Hemo-Glon Tonic 240ml","T.S","0","5","240","240"
"1985","Levotus 240mlSYP","T.S","0","5","240","240"
"1986","Morigana SYP 240ml","T.S","0","5","250","250"
"1987","Sharbat-e-Podina G 240ml","T.S","0","5","200","220"
"1988","Sharbat-e-Podina B 240ml","T.S","0","5","220","200"
"1989","Sharbat-e-Foulad 240ml","T.S","0","5","230","250"
"1990","Thandak 240ml SYP","T.S","0","5","250","350"
"1991","Macofer 120ml SYP","T.S","0","10","190","190"
"1992","UlziC 240ml SYP","T.S","0","5","220","220"
"1993","Ars Sulf Flav 200 (MSOD)","MASOD","0","5","230","0"
"1994","BioTus No 21","T.S","0","10","250","250"
"1995","Asoka Cordial  30Tab","T.S","0","10","140","140"
"1996","Alfalfa 30Tab","T.S","0","10","160","150"
"1997","Anti-B 20Tab","T.S","0","24","150","150"
"1998","Bed Wetting 30Tab","T.S","0","10","140","140"
"1999","Calcium Plus 20Tab","T.S","0","10","140","140"
"2000","Coral - C 30Tab","T.S","0","24","150","150"
"2001","Cotenal 30tab ","T.S","0","10","150","150"
"2002","C-Cepa 20Tab","T.S","0","24","190","190"
"2003","D-Tox 10Tab","T.S","0","5","210","210"
"2004","Fevrin 30Tab","T.S","0","10","160","160"
"2005","Ginko 30Tab","T.S","0","10","150","150"
"2006","Gyno Rex 30Tab","T.S","0","10","140","140"
"2007","Fero TuX 20Tab","T.S","0","10","150","60"
"2008","KarotuX 30Tab","T.S","0","10","150","150"
"2009","LazoO 20Tab","T.S","0","10","140","140"
"2010","Licon-T 20Tab","T.S","0","10","0","180"
"2011","Liko Max 20Tab","T.S","0","10","200","180"
"2012","Moschus 30Tab","T.S","0","10","250","200"
"2013","Musaffi 30Tab","T.S","0","10","140","140"
"2014","P-Nill 20 Tab","T.S","0","10","190","190"
"2015","Pain-Safe 20Tab","T.S","0","10","190","180"
"2016","Ply-ZoC 30Tab","T.S","0","10","180","180"
"2017","RasotuX 20Tab","T.S","0","10","280","70"
"2018","Suger Cantol 30Tab","T.S","0","10","140","140"
"2019","Stomocin 30Tab","T.S","0","10","150","160"
"2020","ThrotuS 20Tab","T.S","0","10","140","140"
"2021","Tare Vit 20Tab","T.S","0","10","280","280"
"2022","Tazedal 30Tab","T.S","0","10","0","140"
"2023","Ulcer 20Tab","T.S","0","10","150","160"
"2024","Vomi Nal 30Tab","T.S","0","10","140","140"
"2025","ZeroC 30Tab","T.S","0","10","150","150"
"2026","BioCom No ( 25 ) 30gms Tab","PBHL","0","3","220","220"
"2027","BioCom No ( 26 ) 30gms Tab","PBHL","0","3","220","220"
"2028","BioCom No ( 28 ) 30gms Tab","PBHL","0","3","220","220"
"2029","Calc Sulf 6X 150gm (Brooks)","PBHL","0","2","620","550"
"2030","A - 18 Kidney & Gallblader","Clinic","0","2","1250","0"
"2031","Apia Kidney","Clinic","0","2","650","0"
"2032","Calculi Rena ","Clinic","0","2","1170","995"
"2033","Al-3 Rubia","Clinic","0","2","850","0"
"2034","6 - Leucorrhoea 100Tabs","NP","0","5","160","160"
"2035","Willow Salicin Jar Pak 850 TAbs","NP","0","2","2400","2400"
"2036","Thuja Q (Shwabe)","Shwabe","0","2","1250","1250"
"2037","10 - Burn Drops","WShah","0","5","0","190"
"2038","13 -Ulcer Drops","WShah","0","5","190","190"
"2039","14- Itching Drops","WShah","0","5","190","190"
"2040","15 -Piles Drops","WShah","0","5","190","190"
"2041","17- Hight Drops","WShah","0","5","190","190"
"2042","18- Paralysis Drops ","WShah","0","5","190","190"
"2043","19-Headache Drops","WShah","0","5","190","190"
"2044","20-Sleep Drops","WShah","0","5","190","190"
"2045","21- Injury Drops","WShah","0","5","190","190"
"2046","22-ToothAche Drops","WShah","0","5","190","190"
"2047","23-Acne & Pimple Drops","WShah","0","5","190","190"
"2048","24-Leucorrhoea Drops","WShah","0","5","0","190"
"2049","25-Dysmenorrhoea Drops","WShah","0","5","190","190"
"2050","26- FEVER Drops","WShah","0","5","0","190"
"2051","27- Diarrhoea Drops","WShah","0","5","0","190"
"2052","28-Sciatica Drops","WShah","0","5","190","190"
"2053","29-Cervical Spondylosis Drops","WShah","0","5","190","190"
"2054","30-Constipation Drops","WShah","0","5","190","190"
"2055","31-Diuretic Drops","WShah","0","5","0","190"
"2056","32-Anti Emetic Drops","WShah","0","5","0","190"
"2057","33-Asthama Drops","WShah","0","5","0","190"
"2058","34-Hair Drops","WShah","0","5","0","190"
"2059","35-Stomatitis Drops","WShah","0","5","190","190"
"2060","36-Haemorrhage Drops","WShah","0","5","0","190"
"2061","37-Amenorrhoea Drops","WShah","0","5","0","190"
"2062","38-Arthritis Drops","WShah","0","5","0","190"
"2063","39-Hiccough Drops","WShah","0","5","190","190"
"2064","40-Infantile Colic Drops","WShah","0","5","0","190"
"2065","Histanil 30Tab","WShah","0","5","0","225"
"2066","Heamaton 20Tab","WShah","0","5","0","225"
"2067","Servi Spine 30Tab","WShah","0","5","0","225"
"2068","Alfalfa 120ml Syrup","WShah","0","5","200","200"
"2069","Aletris 250ml Syrup","WShah","0","5","300","300"
"2070","A-Pyrone 120ml Syrup","WShah","0","5","200","200"
"2071","Ashoka 250ml Syrup","WShah","0","5","0","300"
"2072","Baby Tonic 120ml Syrup","WShah","0","5","200","200"
"2073","Capsodine 120ml Syrup","WShah","0","5","200","200"
"2074","Colicide 120ml Syrup","WShah","0","5","200","200"
"2075","Faimly Tonic 250ml Syrup","WShah","0","5","0","300"
"2076","Gastronil 120ml Syrup","WShah","0","10","200","200"
"2077","Hi-Up 250ml Syrup","WShah","0","5","320","320"
"2078","LiveroX 120ml .Syrup","WShah","0","5","0","200"
"2079","Nervotone 250ml Syrup","WShah","0","5","325","220"
"2080","Pulmoceff 120ml Syrup ","WShah","0","10","200","200"
"2081","SapSon 120ml Syrup","WShah","0","10","200","200"
"2082","ThyroX 120ml Syrup","WShah","0","15","200","200"
"2083","Bronchan 120ml Syrup","WShah","0","15","200","200"
"2084","Be-Smart 20ml Drops","WShah","0","5","275","275"
"2085","Liprol 20ml Drops ","WShah","0","5","300","300"
"2086","Nervosan 20ml Drops","WShah","0","5","275","275"
"2087","Pain-Nill 20ml Drops","WShah","0","5","225","225"
"2088","Shild+ 20ml Drops","WShah","0","5","0","350"
"2089","Fibrodeal 20ml Drops","WShah","0","5","275","275"
"2090","Hepa Dime Plus 20ml Drops","WShah","0","5","275","275"
"2091","Moschus fort 20ml Drops","WShah","0","5","0","350"
"2092","ColChicum Plus Drops","WShah","0","5","250","250"
"2093","Eczophen 20ml Drops ","WShah","0","5","275","275"
"2094","Nux Vomica 30 30ml (MSOD)","MASOD","0","5","280","280"
"2095","Ars Aibum 30 (MSOD)","MASOD","0","2","280","230"
"2096","Digi Lex Tab","BL","0","10","220","220"
"2097","Berbaris Valg 200 (30ml)","MASOD","0","5","230","0"
"2098","Kalkurin Drops","Clinic","0","5","1250","995"
"2099","Capsella Bersa Q (ST)","Clinic","0","5","995","0"
"2100","Blankets (MSOD)","MASOD","0","5","1750","0"
"2101","Caledula Q (Shawabe)","Shwabe","0","5","1250","995"
"2102","Digi Cid Tab","BL","0","20","220","220"
"2103","Symphoricarpus racemosus 200","Shwabe","0","5","680","620"
"2104","Ferr Phos 6X (Shwabe)","Shwabe","0","5","565","565"
"2105","Pain Nill ( 16 ) Tab","HP","0","200","70","50"
"2106","Blatta Oriental 30Tabs","Biosis","0","50","320","320"
"2107","Sino Cool 30Tabs","Biosis","0","50","320","320"
"2108","Nazogien Cap","NazZ","0","50","260","0"
"2109","R130 Insolin Drop","RECK","0","2","1170","1390"
"2110","R190 Digestiv Drops","RECK","0","2","1880","1880"
"2111","Kali Phos 6X (Shwabe)","Shwabe","0","5","750","750"
"2112","Ginko Biloba 250ml SYP","BM","0","10","350","250"
"2113","Syz- Jambol Drops 30ml","BM","0","5","200","200"
"2114","Spongia Tosta 30","MASOD","0","3","230","230"
"2115","Blatta Ori 30 (MASOD)","MASOD","0","3","230","230"
"2116","Merc Cor 30 (MOSD)","MASOD","0","5","230","0"
"2117","Arnica Mont 30 30ml (MSOD)","MASOD","0","5","280","0"
"2118","Ginseng Q 30ml","MASOD","0","5","280","0"
"2119","HR No 40 ","MASOD","0","5","270","0"
"2120","Homeodantal Paste","PBHL","0","10","220","0"
"2121","Graphites 200 (MSOD)","MASOD","0","5","230","0"
"2122","Moringa 120Tabs","MASOD","0","5","1100","1100"
"2123","Colocynthises 30 (MASOD)","MASOD","0","5","280","0"
"2124","A - 41","Clinic","0","5","995","0"
"2125","Damiana Q (SHWABE)","Shwabe","0","5","1250","1250"
"2126","Bacillinum 200 (MSOD)","MASOD","0","5","280","0"
"2127","Sulfer 200 (MASOD)","MASOD","0","5","230","280"
"2128","Calendula 30 (MASOD)","MASOD","0","5","230","0"
"2129","Horbees Shampoo","Hor","0","5","240","240"
"2130","Pilz Rest Powder","Arsh","0","1000","150","0"
"2131","Lycopodium 1M 30ml (MSOD)","MASOD","0","5","290","290"
"2132","Nouston 30 Cap ","Al S","0","100","360","360"
"2133","Canthris 30 (MASOD)","MASOD","0","5","280","0"
"2134","Prosta Mek Tab","MEK","0","5","350","350"
"2135","Calc Sulf 6X 500gm (BM)","BM","0","3","0","2340"
"2136","Ferrum Phos 6X 500gm (BM)","BM","0","3","2340","2340"
"2137","Nat Mur 6X 500gm (BM)","BM","0","3","2340","2340"
"2138","Silicea 6X 500gm (BM)","BM","0","3","2340","2340"
"2139","Allium Staiva Q (A) (BM)","BM","0","2","170","150"
"2140","Allium Cepa Q (A)  (BM)","BM","0","2","150","150"
"2141","Capsella Bersa Q (C) 120ml (BM)","BM","0","2","700","700"
"2142","Pilo Mek 30 Tab","MEK","0","20","170","280"
"2143","Aletris Cordial  200ml Syp","Rio","0","5","550","550"
"2144","Khatooni 120ml SYP","Qarshi","0","5","130","120"
"2145","Millifolum Q (B) (MASOD)","MASOD","0","5","260","0"
"2146","Aesculus Hipp Q (C) (MSOD)","MASOD","0","5","280","0"
"2147","Onosmodium Virg 1M (MASOD)","MASOD","0","5","290","0"
"2148","E-Fill Tab","Clinic","0","10","620","310"
"2149","Echinacea (Q) (C) (BM)","BM","0","15","280","240"
"2150","40 For EarAche","T.S","0","15","150","150"
"2151","Canthris 30 (Shwabe)","Shwabe","0","5","750","750"
"2152","Ocimium Can Q (Shwabe)","Shwabe","0","2","995","995"
"2153","Urtica Q (Shwabe)","Clinic","0","5","995","0"
"2154","22 Kidney & Bladder Disease","T.S","0","24","150","150"
"2155","1 For Dry Cough","T.S","0","10","0","150"
"2156","2 Pain off","T.S","0","10","150","150"
"2157","3 For Leucorrhoea","T.S","0","10","150","150"
"2158","4 For Asthama","T.S","0","10","150","150"
"2159","5 For Liver","T.S","0","10","150","150"
"2160","6 For Dirrhoea ","T.S","0","10","0","150"
"2161","Lycopodium 200 (Shwabe)","Shwabe","0","5","820","680"
"2162","Hydrangea Q (D) (BM)","BM","0","5","310","0"
"2163","Tanto-B 120ml Dry SYP","T.S","0","50","180","180"
"2164","Khoon Safi 120ml SYP (KL)","KAMAL","0","5","250","200"
"2165","Dyro 120ml SYP (KL)","KAMAL","0","5","200","200"
"2166","Acid Nit 200 30ml (MSOD)","MASOD","0","15","230","0"
"2167","7 Diabetis Drops","T.S","0","25","0","150"
"2168","8 Colic Pain","T.S","0","15","150","150"
"2169","9 For Piles","T.S","0","25","150","150"
"2170","10 For Obesity","T.S","0","20","150","150"
"2171","11 For Hight","T.S","0","15","150","150"
"2172","12 For Arthritis","T.S","0","15","0","0"
"2173","13 For LoW Blood Pressure ","T.S","0","15","0","150"
"2174","14 Bed Wetting Drops","T.S","0","10","150","150"
"2175","15 For Hepatitis And Gall Stone","T.S","0","10","150","150"
"2176","16 Tumors ","T.S","0","10","150","150"
"2177","17 For Tonsils Diseases","T.S","0","10","150","150"
"2178","18 Acne Cantrol","T.S","0","10","150","150"
"2179","19 For Fever ","T.S","0","10","0","150"
"2180","20 For Warts","T.S","0","10","150","150"
"2181","21 Gastrointestinal Disease","T.S","0","10","150","150"
"2182","23 For High Blood Pressure ","T.S","0","10","150","150"
"2183","24 For Spermatorrhoea","T.S","0","10","150","150"
"2184","25 Graceful Drtops","T.S","0","10","0","150"
"2185","26 For Absolution Form Smoking","T.S","0","10","150","150"
"2186","Morigana Dry Powder 150gm ","T.S","0","5","750","750"
"2187","27 For Constipation","T.S","0","10","150","150"
"2188","28 For Undeveloped &Atropic Mammary Glands","T.S","0","10","150","150"
"2189","29 For Female Infertility","T.S","0","10","150","150"
"2190","30  Improve Eyesight ","T.S","0","10","150","150"
"2191","31 For Mouth Ulcers & Stomatitis","T.S","0","10","150","150"
"2192","32 For Depression , Anxiety & Tension","T.S","0","10","0","150"
"2193","33 For Depletion of Side Effect of Diabetes","T.S","0","10","0","150"
"2194","34 For Sciatica","T.S","0","10","150","150"
"2195","35 For Curing Paralysis","T.S","0","10","0","150"
"2196","36 For Liver Disorders & Hepatitis ","T.S","0","10","150","150"
"2197","37 For Menstural Disorder","T.S","0","10","150","150"
"2198","38 For Insomnia","T.S","0","10","150","150"
"2199","39 For Relieving Headache & Migraine","T.S","0","10","150","150"
"2200","41 For Prostate","T.S","0","10","150","160"
"2201","42 For High Cholesterol","T.S","0","10","0","0"
"2202","43 Anti-Oxidant Anti-Toxin & Immunity Stamulator","T.S","0","10","0","160"
"2203","44 For OsteoAethritis, Rheumatism & Gout","T.S","0","10","160","160"
"2204","45 Vermifuge","T.S","0","10","0","160"
"2205","46 for Skin Troubles & Blood Purification","T.S","0","10","160","160"
"2206","47 For Recalcifying Bone Texture","T.S","0","10","160","160"
"2207","48 For Controlling Baldness & Promoting Hair Growth","T.S","0","10","160","160"
"2208","For the Treatment of Eczema & Psoriases","T.S","0","10","0","160"
"2209","50 For Male Infertility","T.S","0","10","160","160"
"2210","T.S Blood Syp 240ml","T.S","0","20","230","230"
"2211","Pain-Off 240ml SYP","T.S","0","25","240","230"
"2212","Brain Tonic 240ml.SYP","T.S","0","25","230","230"
"2213","Lizaat oil 30ml ","T.S","0","10","170","170"
"2214","Tofen Lotion 60ml","T.S","0","10","210","210"
"2215","Secfen Lotion 60ml ","T.S","0","20","190","190"
"2216","Thuja Cream Warts Remover 15gm","T.S","0","15","210","200"
"2217","HamoSid Ointment 20gm","T.S","0","25","220","220"
"2218","Techobil Skin Ointment 10gm","T.S","0","25","120","120"
"2219","Damiana Plus 60Tablet","T.S","0","5","1500","1500"
"2220","Morigana 30Tab","T.S","0","25","300","300"
"2221","Pain Zic Oil 60ml","T.S","0","5","450","450"
"2222","Podina White (Adraak + Kalongi) 240ml","T.S","0","10","220","220"
"2223","Podina Green (Adraak + Kalongi) 240ml","T.S","0","15","220","220"
"2224","Nisa Hair Oil 100ml","T.S","0","15","300","300"
"2225","Nisa Hair Oil 200ml","T.S","0","15","450","450"
"2226","Telo Dex Ointment 20gm","T.S","0","20","190","190"
"2227","Caledula Cream 20gm","T.S","0","20","200","200"
"2228","Echinacea Garmidoor Lotion 100ml","PBHL","0","2","170","170"
"2229","Fraxinus Amer Q (C) 30ml (BM)","BM","0","5","280","240"
"2230","Bovista 30 (SHWABE)","Shwabe","0","5","620","620"
"2231","Pothos 30 (MASOD)","MASOD","0","5","280","0"
"2232","Abrotanum Q (C) (BM)","BM","0","5","280","240"
"2233","Actaea Spicata Q (D) 30ml (BM)","BM","0","5","0","280"
"2234","Acid Benz Q (B) (BM)","BM","0","5","0","180"
"2235","Acid Boric Q (B) (BM)","BM","0","5","210","180"
"2236","Acid Citric Q (B) (BM)","BM","0","5","0","180"
"2237","Acid Formic Q (B) (BM)","BM","0","3","0","180"
"2238","Aconite Nep Q (C) (BM)","BM","0","5","280","240"
"2239","Aconite Radix Q (B) (BM)","BM","0","5","0","180"
"2240","Ginseng Q (F) 30ml (BM)","BM","0","5","470","430"
"2241","Agnus Cast Q (C) 30ml (BM)","BM","0","5","280","240"
"2242","Bryta Iod 200 (KAMAL)","Kent","0","2","280","0"
"2243","Hamamelis Virg Q (D) 30ml (BM)","BM","0","5","310","280"
"2244","Collinsonia Q (D) 30ml (BM)","BM","0","5","310","280"
"2245","Acid Nit 30 (SHWABE)","Shwabe","0","5","620","620"
"2246","Bryta Iod 30 (KAMAL)","KAMAL","0","5","0","250"
"2247","Cardus Merinus Q (C) (MASOD)","MASOD","0","5","340","340"
"2248","Trillium Pend Q (F) 30ml (BM)","BM","0","5","470","430"
"2249","Passiflora Inc Q (C) (BM)","BM","0","5","280","210"
"2250","Spigelia 200 30ml","WShah","0","2","230","0"
"2251","Causticum 200","WShah","0","2","180","230"
"2252","stannum met 200 30ml","KAMAL","0","2","230","0"
"2253","Apis mellifica 200 30ml","MASOD","0","2","230","0"
"2254","Sanguinaria cana 200","MASOD","0","2","230","0"
"2255","Rauwolfia Q (D) (BM)","BM","0","5","310","280"
"2256","Onosmodium Virg Q (BM)","BM","0","2","370","0"
"2257","Whart remove","Clinic","0","1","250","0"
"2258","Arthrojin Tablets-Pack Size 20","WShah","0","2","0","350"
"2259","Lax Syrup 120ml","WShah","0","2","200","200"
"2260","Nervotone Fort Drops 20ml ","WShah","0","2","325","325"
"2261","Renophen Drop 20ml","WShah","0","2","275","275"
"2262","Spermo Plus Drop 20ml","WShah","0","2","300","300"
"2263","Teeth Guard Drop 20ml","WShah","0","2","0","200"
"2264","Stomocide Plus Drop 20ml","WShah","0","12","250","250"
"2265","Argentum Plus Drop 20ml","WShah","0","2","250","250"
"2266","Lapis Alba Plus Drop 20ml","WShah","0","2","250","250"
"2267","Cystocin Drop 20ml","WShah","0","2","275","275"
"2268","Alfalfa 120ml","KAMAL","0","2","1225","150"
"2269","Calc phos 6x","BM","0","1","750","0"
"2270","Apratilium 30","BM","0","1","230","0"
"2271","Stanum","WShah","0","2","0","0"
"2272","Stanum 200","WShah","0","1","0","190"
"2273","Sangonaria 200","WShah","0","1","0","230"
"2274","Caladium Seg Q (E) 500ml","BM","0","2","3220","2930"
"2275","Asafoetida Q (B) 30ml","BM","0","2","210","180"
"2276","Calendula Soap","PBHL","0","3","225","225"
"2277","Restox 1M","Shwabe","0","1","950","620"
"2278","Five phos","Shwabe","0","2","0","0"
"2279","Five phos 6x","Shwabe","0","2","562","750"
"2280","Tribulls Q (B)","MASOD","0","2","260","0"
"2281","Canthris Q (E) 30ml (BM)","BM","0","2","370","340"
"2282","Aesculus Hipp 30 120ML (MSOD)","MASOD","0","2","230","0"
"2283","Sugar cure plus ","WShah","0","3","300","300"
"2284","Urigone Drops 20ml ","WShah","0","2","300","300"
"2285","HR No101","MASOD","0","2","0","0"
"2286","Sepia Q (BM)","BM","0","2","310","280"
"2287","Gossypium Q (B)  ","BM","0","1","210","180"
"2288","Palsatilla Q","Shwabe","0","2","995","995"
"2289","Braston Corse","PBHL","0","5","700","700"
"2290","Capsi Plex 120ml SYP","PBHL","0","10","0","190"
"2291","Oleum Jec Course","PBHL","0","5","550","550"
"2292","ARQ-E-SOYA 150ml","PBHL","0","5","0","140"
"2293","Acalypha Ind Q (B) 30ml (BM)","BM","0","2","0","180"
"2294","Acid Tart Q (B) 30ml (BM)","BM","0","1","0","180"
"2295","Adonis Ver Q (D) 30ml (BM)","BM","0","2","0","280"
"2296","Aegle Folia Q (A) 30ml (BM)","BM","0","2","170","150"
"2297","Aesculus Glab Q (C) 30ml (BM)","BM","0","2","280","240"
"2298","Aesculus Hipp Q (B) 30ml (BM)","BM","0","5","280","180"
"2299","Aletris Fer Q (G) 30ml (BM)","BM","0","2","590","590"
"2300","Alfalfa Q (A) 30ml (BM)","BM","0","15","170","150"
"2301","Alsine Media Q (B) 30ml (BM)","BM","0","2","0","0"
"2302","Aloes Soco Q (B) 30ml (BM)","BM","0","1","0","180"
"2303","Anacardium Ori (B) 30ml (BM)","BM","0","1","0","180"
"2304","Apis Milli Q (G) 30ml (BM)","BM","0","1","590","590"
"2305","Aralia Race Q (E) 30ml (BM)","BM","0","1","570","340"
"2306","Arnica Mont Q (E) 30ml( BM )","BM","0","5","370","340"
"2307","Ashwagandha Q (B) 30ml (BM)","BM","0","5","210","180"
"2308","Ashwagandha Q (B) 500ml (BM)","BM","0","2","1790","1560"
"2309","Avena Sativa Q (A) 30ml (BM)","BM","0","30","170","150"
"2310","Azadirachta Ind Q (A) 30ml (BM)","BM","0","1","170","150"
"2311","Belladonna Q (C) 30ml (BM)","BM","0","1","0","240"
"2312","Bellis Per Q (C) 30ml (BM)","BM","0","1","280","240"
"2313","Berberis Aqi Q (D) 30ml (BM) ","BM","0","1","310","280"
"2314","Blatta Ori Q (E) 30ml (BM)","BM","0","5","370","340"
"2315","Borax Q (B) 30ml (BM)","BM","0","2","210","180"
"2316","Bufo Rana Q (E) 30ml (BM)","BM","0","1","370","340"
"2317","Caladium Seg Q (E) 30ml (BM)","BM","0","2","370","340"
"2318","Rutamens 20Tabs","Eagle","0","5","230","85"
"2319","Cauliphyllum Q (D) 30ml (BM)","BM","0","2","310","280"
"2320","Causticum Q (B) 30ml (BM)","BM","0","2","210","180"
"2321","Cedron Q (B) 30ml (BM)","BM","0","1","0","180"
"2322","Chamomilla Q (B) 30ml (BM)","BM","0","1","230","210"
"2323","Chelidonium Maj Q (C) 30ml (BM)","BM","0","15","280","280"
"2324","Chelone Glab Q (D) (BM)","BM","0","1","0","280"
"2325","Chenopodim Q (A) (BM)","BM","0","2","0","150"
"2326","China Off Q (C) (BM)","BM","0","1","280","240"
"2327","Chionanthus Virg Q (F) (BM)","BM","0","5","470","430"
"2328","Chionanthus Virg Q (F) 500ml (BM)","BM","0","5","0","3650"
"2329","Cicuta Virosa Q (D) (BM)","BM","0","2","0","280"
"2330","Cina Q (C) (BM)","BM","0","1","0","240"
"2331","Cocculus Ind Q (A) 500ml (BM)","BM","0","1","0","1250"
"2332","Coffea Cruda Q (B) (BM)","BM","0","2","0","180"
"2333","Colchicum Q (B) (BM)","BM","0","1","210","180"
"2334","Colocynthis Q (A) (BM)","BM","0","1","170","150"
"2335","Condurango Q (D) (BM)","BM","0","1","0","280"
"2336","Conium Q (C) (BM)","BM","0","2","280","240"
"2337","Croton Tig Q (F) (BM)","BM","0","1","0","430"
"2338","Damiana Q (C) 30ml (BM)","BM","0","15","280","240"
"2339","Dhamasa Q (A) 30ml (BM)","BM","0","2","170","170"
"2340","Dhamasa Q (A) 500ml (BM)","BM","0","1","1440","1440"
"2341","Dioscorea Vill Q (D) (BM)","BM","0","5","310","210"
"2342","Eupatorium Perf Q (D) (BM)","BM","0","2","0","280"
"2343","Eupatorium Purp Q (E) (BM)","BM","0","2","0","340"
"2344","Eupatorium Purp Q (E) 500ml (BM)","BM","0","1","0","2930"
"2345","Fabiana Imb Q (C) (BM)","BM","0","1","280","230"
"2346","Fel Tauri Q (B) 30ml (BM) ","BM","0","2","210","180"
"2347","Fucus Vers Q (C) 30ml (BM)","BM","0","5","280","240"
"2348","Fucus Vers Q (C) 500ml (BM)","BM","0","2","0","1960"
"2349","Galium Apar Q (C) (BM)","BM","0","2","0","240"
"2350","Gambogia Q (G) (BM)","BM","0","2","590","590"
"2351","Ginkgo Biloba Q (C) 30ml (BM)","BM","0","2","280","280"
"2352","Grindellia Rob Q (D) (BM)","BM","0","1","310","280"
"2353","Grindellia Rob Q (D) 500ml (BM)","BM","0","1","0","2340"
"2354","Guaiacum Off Q (G) (BM)","BM","0","1","0","540"
"2355","Gymnema Syl Q (B) (BM)","BM","0","2","0","0"
"2356","Gymnema Syl Q (B) 500ml (BM)","BM","0","2","0","1560"
"2357","Hamamelis Virg Q (D) 500ml (BM)","BM","0","2","2570","2340"
"2358","Halianthus Annus Q (A) (BM)","BM","0","1","0","150"
"2359","Helonias Dio Q (G) (BM)","BM","0","1","590","540"
"2360","HumuluS Lup Q (B) (BM)","BM","0","1","0","180"
"2361","Hyderngea Arb Q (D)  (BM)","BM","0","1","1800","280"
"2362","Hydrocotyle Q (C) (BM)","BM","0","3","280","240"
"2363","Ignatia Amara Q (G) (BM)","BM","0","1","0","540"
"2364","Ipecac Q (SPL) (BM)","BM","0","1","560","560"
"2365","Iris Vers Q (D) (BM)","BM","0","1","0","280"
"2366","Jalapa Q (D) (BM)","BM","0","1","0","280"
"2367","Juniperus Communis Q (C) (BM)","BM","0","2","280","240"
"2368","Juniperus Communis Q (C) 500ml (BM)","BM","0","2","0","1960"
"2369","Juniperus Virg Q (E) (BM)","BM","0","2","0","340"
"2370","Juniperus Virg Q (E) 500ml (BM)","BM","0","1","0","2930"
"2371","Kali Phos Q (A) (BM)","BM","0","1","0","150"
"2372","Kali Phos Q (A) 500ml (BM)","BM","0","1","0","1250"
"2373","Lathyrus Sat Q (C) 30ml (BM)","BM","0","5","0","240"
"2374","Ledum Pal Q (C) 30ml (BM)","BM","0","5","280","280"
"2375","Lemna Minor Q (B) 30ml (BM)","BM","0","5","0","180"
"2376","Lobelia Inf Q (D) (BM)","BM","0","2","0","280"
"2377","Lycopodium Q (D) (BM)","BM","0","4","310","310"
"2378","Mentha Pip Q (C) (BM)","BM","0","1","0","240"
"2379","Myrica Car (E) 30ml (BM)","BM","0","3","370","340"
"2380","Myristica Seb Q (B) 30ml (BM)","BM","0","4","210","180"
"2381","Nupher Lut Q (C) (BM)","BM","0","4","280","240"
"2382","Nux Vomica Q (B) (BM)","BM","0","5","210","210"
"2383","Nux Vomica Q (B) 500ml (BM)","BM","0","2","1790","1560"
"2384","Ocimum Can (B) (BM)","BM","0","2","230","230"
"2385","Oenanthe Croc Q (B) (BM)","BM","0","2","0","180"
"2386","Oleum Jec Q (B) (BM)","BM","0","4","0","180"
"2387","Onosmodium Virg Q (E) (BM)","BM","0","1","0","340"
"2388","Origanum Maj Q (C) (BM)","BM","0","2","280","240"
"2389","Ornithogalum Q (SPL) ","BM","0","2","560","560"
"2390","Ornithogalum Q (SPL) 500ml (BM)","BM","0","1","0","4890"
"2391","Paeonia Off Q (D) (BM)","BM","0","2","0","280"
"2392","Pareira Brava Q (D) 30ml (BM)","BM","0","5","310","280"
"2393","Passiflora Inc Q (C) 500ml (BM)","BM","0","1","2250","2250"
"2394","Petroleum Q (A) (BM)","BM","0","2","0","150"
"2395","Phosphorus Q (D) (BM)","BM","0","2","0","280"
"2396","Physostigma Q (D) (BM)","BM","0","1","0","280"
"2397","Phytolacca Berry Q (D) 30ml (BM)","BM","0","5","310","280"
"2398","Pinus Lamb Q (C) 30ml (BM)","BM","0","5","0","240"
"2399","Pinus Lamb Q (C) 500ml (BM)","BM","0","2","0","1960"
"2400","Podophllum Q (D) (BM) ","BM","0","2","310","280"
"2401","Raphanus Sat Q (B) (BM)","BM","0","4","210","180"
"2402","Ratanhia Q (C) (BM)","BM","0","5","280","240"
"2403","Mek Canthris Cream","MEK","0","5","220","230"
"2404","Rhus Glab Q (C) (BM)","BM","0","2","0","240"
"2405","Ricinus Com (B) 30ml (BM)","BM","0","5","210","180"
"2406","Robinia Pseudo Q (D) (BM)","BM","0","4","310","280"
"2407","Rubia Tinctorum Q (D) (BM)","BM","0","5","0","280"
"2408","Rumax Crisp Q (C) (BM)","BM","0","3","0","240"
"2409","Sabal Serr Q (D) 30ml (BM)","BM","0","10","310","280"
"2410","Salix Nigra Q (D) (BM)","BM","0","5","0","280"
"2411","Sambucus Nigra Q (C) (BM)","BM","0","5","280","240"
"2412","Sanguinaria Can Q (G) (BM)","BM","0","5","590","540"
"2413","Sarsaparilla Q (C) 30ml (BM)","BM","0","10","280","240"
"2414","Scrophularia Nod Q (D) (BM)","BM","0","3","310","280"
"2415","Scutellaria Lat Q (E) (BM)","BM","0","2","0","340"
"2416","Sedum Acre Q (E) (BM)","BM","0","2","0","340"
"2417","Senega Off Q (G) (BM)","BM","0","1","0","540"
"2418","Sinapis Nigra Q (A) (BM)","BM","0","5","0","150"
"2419","Spongia Tosta Q (G) (BM)","BM","0","4","0","540"
"2420","Staphysageria Q (G) (BM) ","BM","0","5","590","590"
"2421","Stigmata May Q (A) (BM)","BM","0","3","170","150"
"2422","Sulfer Q (A) (BM)","BM","0","2","170","150"
"2423","Symphoricarpus Race Q (C) (","BM","0","2","0","180"
"2424","Symphytum Off Q (C) (BM)","BM","0","2","280","240"
"2425","Syzygium Jambol Q (A) 30ml (BM)","BM","0","20","170","150"
"2426","Teucrium M.V Q (D) (BM)","BM","0","2","0","280"
"2427","Thea Chin Q (B) (BM)","BM","0","2","0","180"
"2428","Thlaspi Bursa Q (C) (BM)","BM","0","5","280","240"
"2429","Thlaspi Bursa Q (C) 500ml (BM)","BM","0","2","2250","1960"
"2430","Thuja Occ Q (C) 30ml (BM)","BM","0","10","280","280"
"2431","Thymolum Q (B) (BM)","BM","0","2","0","180"
"2432","Urtica Urens Q (C) 30ml (BM)","BM","0","10","280","280"
"2433","Viburnum Opp Q (C) 30ml (BM)","BM","0","10","280","240"
"2434","Xanthoxylum Frax Q (E) (BM)","BM","0","2","0","340"
"2435","Yerba Santa Q (D) (BM)","BM","0","5","310","280"
"2436","Yohimbinum Q (C) (BM)","BM","0","5","160","240"
"2437","Zingiber Q (B) 30ml (BM)","BM","0","5","210","180"
"2438","Leuco Mek 30 Tab","MEK","0","10","280","280"
"2439","Canthris Q (E) 500ml (BM)","BM","0","1","3220","2930"
"2440","China Off Q (C) 500ml (BM)","BM","0","1","2250","1960"
"2441","Moringa Oleifera Q (C) 500ml (BM)","BM","0","2","0","1960"
"2442","Bre","PBHL","0","1","0","0"
"2443","Ipecacuanha 30 (30ml)","MASOD","0","5","280","0"
"2444","Hydrocotyle Q (REK)","RECK","0","5","1250","995"
"2445","Cough Ton SYP 120ml","T.S","0","20","180","180"
"2446","TiTanium Met 30 (MOSED)","MASOD","0","1","280","0"
"2447","Neem Soap ","PBHL","0","5","200","200"
"2448","Calendula Off Q (C) 500ml (BM)","BM","0","15","2250","2250"
"2449","Cimicifuga Recemosa 30(MSOD)","MASOD","0","5","230","0"
"2450","Ruta 30 (BM)","BM","0","5","230","230"
"2451","Lycopodium 30 (MEK)","MEK","0","5","180","205"
"2452","Whitening Soap","Herit","Soap","6","150","0"
"2453","HFP MIX Numbers","HFP","0","1000","230","0"
"2454","Taskeen-E-Dard ","Al S","0","20","45","0"
"2455","Super Jari Cap","SK","Cap","10","280","280"
"2456","Fresh Blood 250ml SYP","SK","0","10","0","275"
"2457","Essentia Aurea 20ml Gold Drops","Shwabe","0","5","1050","1050"
"2458","49 For the Treatment of Eczema And Psoriasis","T.S","0","15","160","0"
"2459","Angipax Tab","Lehning","0","5","1260","0"
"2460","HR No 39 ","MASOD","0","5","210","210"
"2461","Brain tonic 30ml ","MASOD","0","1","210","0"
"2462","Gelsemium 30","MASOD","0","1","280","0"
"2463","Cuff Tux 100 TAb","Farhan","0","5","0","550"
"2464","CarboZyme 100 Tab","Farhan","0","5","550","550"
"2465","General Tonic 240ml","Farhan","0","5","0","90"
"2466","GinkgoPath Tonic 240ml","Farhan","0","5","0","90"
"2467","Cuff Tux 20 TAb","Farhan","0","6","0","150"
"2468","CarboZyme 20 Tab","Farhan","0","6","150","150"
"2469","AmbramoS Drops 30ml Drops","Farhan","0","5","0","330"
"2470","Vita-Seng 20Tab","Farhan","0","6","330","330"
"2471","Asthomin 120mlSYP","Farhan","0","6","0","170"
"2472","Cepa Bex 120ml SYP","Farhan","0","6","0","170"
"2473","Vominol 120ml SYP","Farhan","0","6","0","170"
"2474","BellageN 120ml (S.F) SYP","Farhan","0","6","0","180"
"2475","LooZen 120ml SYP","Farhan","0","6","0","180"
"2476","LooZen 100 Tab","Farhan","0","5","550","550"
"2477","Pepto Bex Elaichi Flavour 120ml SYP","Farhan","0","6","0","180"
"2478","Pepto Bex Strawberry Flavour 120ml SYP","Farhan","0","6","0","180"
"2479","1, ( TEUCRIUM DROPS )","Farhan","0","5","100","150"
"2480","10, (CHAMAPILLA DROPS)","Farhan","0","5","0","150"
"2481","11, (PHYTOLACCA BERRY)","Farhan","0","5","0","150"
"2482","12, (BARYTA CARB DROPS)","Farhan","0","5","0","150"
"2483","13, (SYZYGIUM DROPS)","Farhan","0","5","0","150"
"2484","14, (GOSSYPIUM DROPS)","Farhan","0","5","0","150"
"2485","15, (ECHINACEA DROPS)","Farhan","0","5","0","150"
"2486","16, (DAMIANA DROPS)","Farhan","0","5","0","150"
"2487","17, (SELENIUM DROPS)","Farhan","0","5","0","150"
"2488","18, (GINSENG DROPS)","Farhan","0","5","0","150"
"2489","19, (CAUSTICUM DROPS)","Farhan","0","5","0","150"
"2490","20, (CHELIDONIUM DROPS)","Farhan","0","5","0","150"
"2491","21, (MERC-SOL DROPS)","Farhan","0","5","0","150"
"2492","22, (BERBARIS VULG DROPS)","Farhan","0","5","0","150"
"2493","23, (CLEMATIS DROPS)","Farhan","0","5","0","150"
"2494","24, (USENA BARBITA DROPS)","Farhan","0","5","0","150"
"2495","25, (VERATUM ALBUM)","Farhan","0","5","0","150"
"2496","3, (GlONINUM DROPS ) ","Farhan","0","5","0","150"
"2497","4, (ADONIS VERS DROPS)","Farhan","0","5","0","150"
"2498","5, (BLATTA ORI DROPS)","Farhan","0","5","0","150"
"2499","7, (RATHANIA DROPS)","Farhan","0","5","150","150"
"2500","8, (PASSIFLORA DROPS)","Farhan","0","5","0","150"
"2501","9, (GINKO BILOBA DROPS)","Farhan","0","5","150","150"
"2502","BellagasiC 20TAb","Farhan","0","5","0","150"
"2503","Rauwolfia Q (C) (MOSD)","MASOD","0","5","340","0"
"2504","Kalmia 60Tab ","MASOD","0","5","340","280"
"2505","Canthris 200 (MASOD)","MASOD","0","5","230","0"
"2506","256 ","BM","0","5","190","114"
"2507","Baby Tonic 120ml","Kent","0","12","210","180"
"2508","Sehat Mande Cap","Al S","0","12","170","80"
"2509","Joint Power Tab","Al S","0","20","180","180"
"2510","Chelidonium 30 (Shwabe)","Shwabe","0","5","820","620"
"2511","Berberis Vulg 30 (Shwabe)","Shwabe","0","5","740","620"
"2512","Phosphorus 30 (Shwabe)","Shwabe","0","5","750","750"
"2513","Bio # 7 (Shwabe)","Shwabe","0","5","635","635"
"2514","Hypricum 200 (Shwabe)","Shwabe","0","5","680","680"
"2515","Symphytum 200 (Shwabe)","Shwabe","0","5","680","680"
"2516","Tazgi Cap","Al S","0","5","245","0"
"2517","R 1 Inflamation Drops","RECK","0","10","1170","1170"
"2518","Ammonium Carb 30 30ml (MSOD)","MASOD","0","5","280","0"
"2519","Lycopodium 30 30ml (MSOD)","MASOD","0","5","280","230"
"2520","Khonsafi 120ml SYP","Kent","0","10","215","180"
"2521","Super ka Bill","PBHL","0","5","0","30119"
"2522","Mag Phos 1M (Shwabe)","Shwabe","0","5","950","950"
"2523","Rhus Tox 1M (Shwabe)","Shwabe","0","5","950","750"
"2524","Colchicum 200 (Shwabe)","Shwabe","0","5","680","620"
"2525","Damiana Tolidi 30ml Drops","T.S","0","10","450","400"
"2526","Kill Stone 30ml Drops","T.S","0","20","350","300"
"2527","Dil San 30ml Drops","T.S","0","10","0","250"
"2528","ColireX Baby Colic 60ml SYP","T.S","0","15","100","100"
"2529","LivocoN 20Tab","T.S","0","10","0","220"
"2530","Pyloron 20Tab","BL","0","10","220","220"
"2531","Ginko Biloba 240ml SYP","BL","0","10","250","250"
"2532","GINSENG 240ml SYP","BL","0","10","300","300"
"2533","FemileX 240ml SYP","BL","0","10","300","300"
"2534","52 For Skin Problume","BL","0","10","150","150"
"2535","Willow Salicin 30 Tabs","NP","0","20","200","200"
"2536","Chaledonium 30 (MASOD)","MASOD","0","5","230","0"
"2537","Fel Turi 30 (MASOD)","MASOD","0","5","280","0"
"2538","ZeeshaN 120ml SYP ","M.A","0","50","120","120"
"2539","Kurchi Q (B) (MASOD) ","MASOD","0","1","210","0"
"2540","Alfalfa Tonic 120ml kent","Kent","0","5","210","180"
"2541","Rhuma Gn Cap","AK","0","10","60","0"
"2542","Sharbat-E-Faulad 120ml SYP BHP","BHP","0","5","200","0"
"2543","LoZoGen 20 Tab ","BHP","TAb","5","120","0"
"2544","Graphites 1M (W/Shah)","WShah","0","2","220","0"
"2545","Alumena 200 (Shwabe)","Shwabe","0","5","680","680"
"2546","Bryonia Alba 200 (Shwabe)","Shwabe","0","5","820","820"
"2547","Opium 200 (Shwabe)","Shwabe","0","5","680","680"
"2548","Beauty Cream","Herit","0","10","350","350"
"2549","Pain Puff Cap","HP","0","5","210","0"
"2550","Rehmani Phakki ","AK","0","5","120","0"
"2551","Barth Of -Y","HP","0","5","450","0"
"2552","Fexolin ","HP","0","5","120","0"
"2553","Urtica Q (MASOD)","MASOD","0","5","340","280"
"2554","Tosifort  Tab 250gm","Kent","0","5","1100","1100"
"2555","Cardus Mar Q (C) (BM)","BM","0","5","280","280"
"2556","Rare Curb Cap","Clinic","0","5","1575","0"
"2557","Allum Staiva Q (MASOD)","MASOD","0","5","210","170"
"2558","R 41 Forte","RECK","0","2","1600","1600"
"2559","Kali Bich 30 (MASOD)","MASOD","0","5","280","230"
"2560","Zindagi Tooth","HP","0","5","50","0"
"2561","Casticum 200 (MASOD)","MASOD","0","5","230","0"
"2562","Apis mellifica 30 30ml","MASOD","0","5","280","0"
"2563","Contole Powder ","Con","0","5","170","170"
"2564","Alfalfa 250gm Tablets","Kent","0","5","1100","1100"
"2565","Calcium Liquid 120ml SYP","Kent","0","10","210","180"
"2566","Calcium Tablet Orange Flavour 250gm","Kent","0","5","0","1100"
"2567","Deodenol 50 Tab","Kent","0","5","175","175"
"2568","Deodenol 250gm Tab","Kent","0","5","1100","1100"
"2569","Fever Compound 50 Tab","Kent","0","5","180","180"
"2570","Gastric 120ml SYP","Kent","0","10","200","123"
"2571","Gastric 250gm Tab ","Kent","0","2","675","1100"
"2572","Hepa Kent 120ml Syp","Kent","0","5","295","295"
"2573","Hilex 250gm Tablet","Kent","0","2","1100","1500"
"2574","Pain Relife 30 Tab","Kent","0","6","200","200"
"2575","Sinus Relife Formula 30 Tab","Kent","0","6","240","200"
"2576","Super Wight Gainer Vanilla 300GM","Kent","0","10","710","590"
"2577","Tosifort 40 Tab","Kent","0","10","160","155"
"2578","Veratum Compound Tab 250gm","Kent","0","5","1150","1100"
"2579","Kent 30 Cream","Kent","0","5","230","230"
"2580","Alfalfa Tonic 60ml kent","Kent","0","5","160","140"
"2581","Agnus Cast 30 (MSOD) ","MASOD","0","5","280","0"
"2582","Echenatia Q","Shwabe","0","5","1250","995"
"2583","R 23 ","RECK","0","5","980","980"
"2584","HR No 5 Infulnza","MASOD","0","5","210","210"
"2585","55 Daphnr Indca ","BM","Drops","5","0","0"
"2586","Ruta 30 (Mek)","MEK","0","5","205","205"
"2587","Canthris Q (ST)","SK","0","5","995","0"
"2588","Ulcefor Tab","PBHL","0","5","250","250"
"2589","D-- Fit Ampules","PBHL","0","5","850","850"
"2590","Vita - C 15 (Rek)","RECK","0","5","2050","2050"
"2591","Enerjizer 30 Tab","MASOD","Tab","5","450","450"
"2592","Dentonine Lotion ","MASOD","15ml","5","180","0"
"2593","Berberis Kidney Drops","SK","0","10","220","220"
"2594","Aesculus Hipp 200 (MSOD)","MASOD","0","15","280","0"
"2595","Urac 30 Tab","PBHL","0","5","300","250"
"2596","Digi Lex 60ml SYP","BL","0","5","110","110"
"2597","DyroLex 60ml SYP","BL","0","5","110","110"
"2598","Acid Phos 30 30ml (MSOD)","MASOD","0","5","280","0"
"2599","Belladona 30 (30ml) (MSOD)","MASOD","0","5","280","0"
"2600","Silicea 30 30ml (MSOD)","MASOD","0","5","230","230"
"2601","Gold Stone Cap","Clinic","0","5","100","0"
"2602","5 Phos + Calcium 120ml SYP","PBHL","0","5","190","190"
"2603","Acid Phos 30 Capsule","PBHL","0","5","0","275"
"2604","Alfalfa Tonic (S-Free) 120ml","PBHL","0","5","0","200"
"2605","Alfalfa Chewable 40 Tab","PBHL","0","5","250","250"
"2606","Boric Calendula Karcks Cream 50gms ","PBHL","0","5","230","230"
"2607","Bro Sulf Anti Itch Cream 25gms","PBHL","0","5","300","300"
"2608","Ferropaul 120ml SYP","PBHL","0","45","190","190"
"2609","Hydrocotyle CR 20gms","PBHL","0","5","200","200"
"2610","Kidnol 30Tab","PBHL","0","5","290","290"
"2611","PanaX Ginseng 30 Cap","PBHL","0","2","650","650"
"2612","PanaX Ginseng 250ml SYP","PBHL","0","4","650","700"
"2613","Ruta Eye Tonic S/Free","PBHL","0","5","200","200"
"2614","Sharbat-e-Folad 240ml SYP","PBHL","0","5","0","300"
"2615","Spondi -- C 30ml Drops","PBHL","0","5","280","250"
"2616","Sulfer + Graphites 50gms CR","PBHL","0","2","380","380"
"2617","Sulfer Lotion 100ml","PBHL","0","5","290","290"
"2618","Kali Phos 200 (MOSD)","MASOD","0","5","280","0"
"2619","Cina 60ml","HFP","0","5","100","100"
"2620","Grose 10ml Cap","Clinic","0","5","390","0"
"2621","Apis Mell 200 (KENT)","Kent","0","10","200","0"
"2622","Bufo 30 (MASOD)","MASOD","0","5","230","230"
"2623","Iris Vers 30 (MASOD)","MASOD","0","2","280","232"
"2624","Ovrium Bovina 30","Shwabe","0","5","680","620"
"2625","Ova Tosta 30 (MASOD)","MASOD","0","5","230","230"
"2626","2 Gastrnux ","BHP","0","5","140","140"
"2627","15 Muiraton - M","BHP","0","5","0","140"
"2628","Iro Vit 20 Tabs","BHP","0","5","220","220"
"2629","Genia 120ml SYP","BHP","0","10","350","350"
"2630","Mezeerium 200 (MASOD)","MASOD","0","5","230","0"
"2631","1 Sinus","NP","0","5","160","190"
"2632","Vegan - Pro 60 Cap","SK","0","5","975","975"
"2633","Mag Phos 6X (Shwabe)","Shwabe","0","5","750","635"
"2634","Ova Testa 30 (SHWABE)","Shwabe","0","5","0","620"
"2635","Mezeerium 200 (Kamal)","KAMAL","0","5","0","180"
"2636","Hydrocotyle Q (ST)","Clinic","0","1","995","0"
"2637","Thuja 30 (Shwabe)","Shwabe","0","5","750","620"
"2638","X-Ray 30 (KAMAL)","KAMAL","0","5","230","0"
"2639","55 For ","RECK","0","5","980","980"
"2640","Crategus Q (C) (MASOD)","MASOD","0","5","350","0"
"2641","10ml Droper ","Clinic","0","5","700","275"
"2642","Damiana Q (ST)","Clinic","0","5","995","0"
"2643","Tribulus Terr Q (ST)","Clinic","0","5","1250","0"
"2644","Arnica 30 (KENT)","Kent","0","5","230","0"
"2645","Rawalsan--H ","Clinic","0","5","880","850"
"2646","Nux Vomica 30 (KENT)","Kent","0","1","170","170"
"2647","Cascara Sag Q (C)Class (KENT)","Kent","0","5","180","0"
"2648","Sabal Prosta 120ml SYP","PBHL","0","5","0","190"
"2649","Ferr Met 30 (Shwabe)","Shwabe","0","5","620","620"
"2650","Hydrocotyle Q (C) 500ml (BM)","BM","0","3","2250","0"
"2651","Smart Water  ","Al S","0","5","250","250"
"2652","Phosphorus 200 (MASOD)","MASOD","0","5","280","0"
"2653","Calc Carb 200 (MSOD)","MASOD","0","5","280","0"
"2654","Rhus Tox 200 (KENT)","Kent","0","5","170","0"
"2655","Meg Phos 6x 30gm (MEK)","MEK","0","5","220","200"
"2656","Prstate Tab","Kent","0","5","0","200"
"2657","Sharbat-e-Podina Amrood 240ml","T.S","0","15","220","220"
"2658","Mother Care Tonic 330ml","T.S","0","20","300","280"
"2659","Secal cor 30 (WSHAH)","WShah","0","5","0","180"
"2660","Oleum Jec Drops 30ml (BM)","BM","0","5","250","200"
"2661","Hair Support Drops 30ml","BM","0","10","250","250"
"2662","Rauwolfia Drops 30ml","BM","0","156","250","120"
"2663","Femolin 30 Tab","BM","0","5","230","120"
"2664","Chelidonium 30","Kent","0","5","180","0"
"2665","Ignatia 200 (MASOD)","MASOD","0","5","280","280"
"2666","Super Agnus 10 Tablet","M/S ","Tablet","10","500","400"
"2667","Ultra Made 20Capsule","M/S","Capsule","10","300","300"
"2668","Analgeticum Plus 10 Tablets","M/S","Tablet","5","200","200"
"2669","Thuja 200 (KENT)","Kent","0","15","180","180"
"2670","Selenium 200 (MASOD)","MASOD","0","10","280","0"
"2671","Argentum Nit 200 (KENT)","Kent","0","10","180","0"
"2672","Sharbat-e-Folad 240ml (M/S)","M/S ","0","15","250","250"
"2673","Pulsatila Q (SHWABE)","Shwabe","0","5","995","995"
"2674","Bio # 28(Shwabe)","Shwabe","0","5","635","635"
"2675","Fever Compound 60ml SYP","Kent","0","5","150","140"
"2676","A - 27","Clinic","0","5","995","995"
"2677","Sarsaprella Q","Clinic","0","5","995","995"
"2678","Almanan Homoeo & Herbal Pharma","Almanan","Company","2","0","0"
"2679","Allerjin 10 Tab","Almanan","0","1","100","190"
"2680","Sacfen lotion","T.S","0","2","210","210"
"2681","Allium Staiva Q (A) (Kent)","Kent","0","1","170","0"
"2682","Chamomilla 30 30ml","MASOD","0","1","180","230"
"2683","Viscum Alb 200 (BM)","BM","0","1","220","0"
"2684","Barium iod 200","Kent","0","2","230","170"
"2685","Bioge No 5 ( 20gm )","MASOD","0","2","170","0"
"2686","Bioge No 14 ( 20gm )","MASOD","0","2","170","0"
"2687","Avena Q   ","Kent","0","2","175","0"
"2688","Kali Phos 30 (MOSD)","MASOD","0","2","280","0"
"2689","Phosted ","Clinic","0","1","150","0"
"2690","X ray 30","BM","0","2","230","230"
"2691","Rhumatic Tab","Almanan","0","1","100","0"
"2692","Azmanil Tab","Almanan","0","1","220","100"
"2693","Phytolacca Dec 30 30ml","Kent","0","1","170","230"
"2694","Dard e Shifa Cap","Clinic","0","1","130","60"
"2695","Pulsatila 30 30ml Kent","Kent","0","1","170","0"
"2696","Calculi-H Drop","Clinic","0","1","950","950"
"2697","Arnica Shampoo 140ml","BM","0","1","330","330"
"2698","R 29","RECK","0","1","980","1170"
"2699","Prostate 120ml","M/S ","0","1","150","150"
"2700","Ova Teata 3X 5 (Blister)","BM","0","1","260","260"
"2701","Canthirs Q 30ml BM","BM","0","1","0","251"
"2702","Canthirs Q (E) 30ml BM","BM","0","1","370","251"
"2703","Hydrastis Can Q (G) (BM)","BM","0","1","590","590"
"2704","China off 30 30ml Kent","Kent","0","1","175","0"
"2705","Kalkulinal Drop 20ml","Clinic","0","1","1250","750"
"2706","Sabal sar Q {C}","Farhan","0","1","280","260"
"2707","Ruta Q (C)","MASOD","0","1","340","0"
"2708","Liver Tonic 120ml","JR","0","1","150","150"
"2709","Gastric Cure 120ml","JR","0","1","150","165"
"2710","Fevo 120ml","JR","0","1","150","150"
"2711","Gastric plus 120ml","JR","0","1","0","165"
"2712","Khoon Safi 120ml","JR","0","1","0","150"
"2713","Causticum pius 120ml","JR","0","1","150","160"
"2714","Digestive 120ml","JR","0","1","150","150"
"2715","Aconitum Compiex 120ml","JR","0","1","0","150"
"2716","Berberis Syrup 120ml","JR","0","1","150","150"
"2717","Alfla - Ginsing 120ml","JR","0","1","0","150"
"2718","Ginsing Tonic 240ml","JR","0","1","0","200"
"2719","Aletris + Ashoka 240ml","JR","0","1","220","220"
"2720","Weight Grow 240ml","JR","0","1","150","220"
"2721","Super Ganeral Tonic 240ml","JR","0","1","220","220"
"2722","Cina 120ml","JR","0","1","150","160"
"2723","Aesclus + Hamamelis Drop 30ml","JR","0","1","170","170"
"2724","Berberis Drop 30ml","JR","0","1","150","170"
"2725","Causticum pius Drop 30ml","JR","0","1","0","170"
"2726","Damia Fort 30ml","JR","0","1","0","200"
"2727","Renal Kalculi Drop 30ml","JR","0","1","150","200"
"2728","Jaborandi Q (D) 30ml","BM","0","2","2570","0"
"2729","jabrondi 30","WShah","0","1","240","0"
"2730","Caratgus Q (C) 30ml","BM","0","1","280","0"
"2731","Silicea 200 130ml (MSOD)","MASOD","0","1","280","0"
"2732","Symphytum off Q (C)","MASOD","0","1","340","0"
"2733","Arnica 200 (KENT)","Kent","0","1","180","0"
"2734","Nux Vomica 200 (KENT)","Kent","0","1","180","0"
"2735","Plumbum Met 30 30ml","Kent","0","1","230","230"
"2736","Cina 30 30ml","Kent","0","1","170","230"
"2737","Acid Nit 30 30ml","Kent","0","1","170","0"
"2738","Apis Mell 30 (KENT)","Kent","0","1","230","0"
"2739","Belladona 30 (KENT)","Kent","0","1","180","0"
"2740","Vegan pro Cap","Clinic","0","1","975","0"
"2741","Sehat Mand  (cap)","Clinic","0","1","170","0"
"2742","Ginkgo-binum (20Tab)","NP","0","2","0","400"
"2743","HFP no 30","HFP","0","1","145","0"
"2744","Equisetum Q","MASOD","0","1","280","0"
"2745","Echinacea Q","Shwabe","0","1","995","995"
"2746","Jaborandi Q","Shwabe","0","1","1250","1250"
"2747","Hydrastis Q","Shwabe","0","1","1250","995"
"2748","30","HFP","0","1","145","0"
"2749","Psorinum 30","MASOD","0","1","280","0"
"2750","Naph kid (Drops)","KAMAL","0","1","320","320"
"2751","Pan puff  (tab)","Clinic","0","1","210","0"
"2752","Anti cured 200","MASOD","0","1","280","0"
"2753","Petroleum 200","MASOD","0","1","280","0"
"2754","Plumbum Met 200 30ml (kent)","Kent","0","1","180","0"
"2755","Ferrum Phos 6X 30gm (BM)","BM","0","1","200","0"
"2756","Releeze Tab","Almanan","0","1","100","0"
"2757","Baptisia tinct 200","Kent","0","1","170","0"
"2758","Dulcamera 30","Shwabe","0","1","630","620"
"2759","Graphites 30","Shwabe","0","1","280","620"
"2760","Thyroidinum 30(BM)","bm","0","1","230","230"
"2761","Sinus plus 120ml","Clinic","0","1","120","120"
"2762","Ginkgo biloba Q ","Clinic","0","1","1250","0"
"2763","Yohumbinum Q","MASOD","0","1","380","380"
"2764","Sabal Q","Shwabe","0","1","1250","1170"
"2765","7 Spigelia","HFP","0","2","170","170"
"2766","Labrada 7000","Clinic","0","1","600","500"
"2767","201 nux vomica","BM","0","1","190","190"
"2768","205 cocculus compound","BM","0","1","0","190"
"2769","206 Lolium temulentum","BM","0","1","190","190"
"2770","207 Ammomium mur","BM","0","1","0","190"
"2771","208 Hemisdesmus","BM","0","1","0","190"
"2772","210","BM","0","1","190","190"
"2773","211","BM","0","1","190","190"
"2774","212","BM","0","1","0","190"
"2775","213","BM","0","1","0","190"
"2776","214","bm","0","1","190","190"
"2777","215","BM","0","1","0","190"
"2778","216","BM","0","1","0","190"
"2779","218","bm","0","1","0","190"
"2780","220","BM","0","1","0","190"
"2781","221","BM","0","1","0","190"
"2782","222","BM","0","1","0","190"
"2783","224","BM","0","1","0","190"
"2784","225","BM","0","1","190","190"
"2785","227","BM","0","1","0","190"
"2786","235","BM","0","1","190","190"
"2787","236","BM","0","1","0","190"
"2788","237","BM","0","1","190","190"
"2789","238","BM","0","1","0","190"
"2790","241","BM","0","1","0","190"
"2791","243","BM","0","1","190","190"
"2792","245","BM","0","1","190","190"
"2793","248","BM","0","1","190","190"
"2794","249","BM","0","1","0","190"
"2795","250","BM","0","1","190","190"
"2796","251","bm","0","1","0","190"
"2797","252","BM","0","1","190","190"
"2798","Infant Relex (15ml)","BM","0","2","160","160"
"2799","Tension Relief 30Ml Drops","BM","0","2","250","250"
"2800","Cardiac Care (CHOLESTEROL 30ml","BM","0","1","250","250"
"2801","Blatta Orien Q","Kent","0","1","180","0"
"2802","Hepar Sulf 200","MASOD","0","1","100","0"
"2803","Mag Phos 30 (MOSD) ","MASOD","0","1","280","0"
"2804","Berbaris Q (C)","Kent","0","1","180","0"
"2805","Ipecacuanha 200","Shwabe","0","1","820","820"
"2806","Thuja Occ Q (MSOD)","MASOD","0","1","340","0"
"2807","Arbi majun","AK","0","1","600","0"
"2808","Zafraan Gold","AK","0","1","550","0"
"2809","Majun Akhrot","AK","0","1","550","0"
"2810","Minola Plus 250ml","MEK","0","2","330","330"
"2811","Ulsa-Mek 30 Tab","MEK","0","1","340","330"
"2812","Vita Mek 100Tab","MEK","0","1","220","280"
"2813","Osteo-Mek 30Tab","MEK","0","1","280","280"
"2814","Arthro Mek 250Ml Syp","mek","0","1","330","330"
"2815","vesicaria Q","Shwabe","0","1","1250","300"
"2816","R 27","RECK","0","1","1170","1170"
"2817","Acid Nit 30 3120ml (MSOD)","MASOD","0","1","280","150"
"2818","14 Forte N","RECK","0","1","1600","800"
"2819","China 30","Shwabe","0","1","750","620"
"2820","Syzygium Q","MASOD","0","1","210","0"
"2821","Dyrofen 60Ml Syp","HFP","0","1","85","0"
"2822","Kalmia 60Tab pain relief","MASOD","0","5","340","370"
"2823","Kalmia 60Tab CF","MASOD","0","5","370","0"
"2824","Belladona 30 ","Shwabe","0","1","750","680"
"2825","Calc Carb 30 (Shwabe)","Shwabe","0","1","0","0"
"2826","Carbo veg  30 (Shwabe)","Shwabe","0","1","620","620"
"2827","Merc sol 30","Shwabe","0","1","180","620"
"2828","Thuja Occ 30 (MSOD)","MASOD","0","1","280","280"
"2829","Clematis Erecta 30","MASOD","0","1","280","0"
"2830","Sabal Serr 30","KAMAL","0","1","210","0"
"2831","Solidago Virgaurea Q (C)","MASOD","0","1","340","0"
"2832","Cheliton syrp 120ml","BL","0","6","160","150"
"2833","Femifuge tab ","BM","0","1","200","200"
"2834","Crateagus Q (Shwabe)","Shwabe","0","1","1250","995"
"2835","Caladium Seg 200","WShah","0","1","180","190"
"2836","Gripp Aconite syrp 450ml","Kent","0","5","425","425"
"2837","Dental lotion 10ml","Kent","0","24","110","110"
"2838","Energizer forte tonic 250ml","Kent","0","12","350","350"
"2839","CASCARA SAGRADA 30 kamal","KAMAL","0","1","280","0"
"2840","R95","RECK","0","1","1250","1170"
"2841","Fever Nill 120Ml Syp","HFP","0","1","180","180"
"2842","Cool Neem Soap ","PBHL","0","1","165","0"
"2843","95 Alfalfa","RECK","0","1","0","1250"
"2844","Tuburculinum bov 200","Kent","0","1","180","0"
"2845","Sabal serr Q 30ml","MEK","0","1","310","241"
"2846","Acid Nit 200 30ml","BM","0","5","230","230"
"2847","Acid PICRIC 200 30ML","BM","0","1","0","230"
"2848","Allium Cepa 200 30ML","BM","0","5","0","230"
"2849","Alumen 200","BM","0","5","230","0"
"2850","Alumen 200 30ML","BM","0","5","0","230"
"2851","Alumina 200 30ml (BM)","bm","0","5","230","230"
"2852","Anti Tart 200 30ml","BM","0","3","230","230"
"2853","Antimon crud 200 30ml","BM","0","3","230","230"
"2854","Argentum Met 200 30ml","BM","0","3","230","230"
"2855","Argentum Nit 200 30ml","BM","0","3","230","230"
"2856","Arnica Mont 200 30ml ( BM )","BM","0","7","230","230"
"2857","Aurum Met 200 30ml","BM","0","3","230","230"
"2858","Baptisia Tinc 200 30ml","BM","0","3","0","230"
"2859","Borex 200 30ml","BM","0","3","230","230"
"2860","Calc CARB 200 30ML","BM","0","3","230","230"
"2861","Canthris 200 30ml","BM","0","5","230","230"
"2862","Causticum 200 30ml","BM","0","3","280","230"
"2863","Cholesterinum 200 30ml","BM","0","3","230","230"
"2864","Colocynthis 200 30ml","BM","0","3","230","230"
"2865","Crotalus hor 200 30ml","BM","0","3","230","230"
"2866","Cupram Met 200 30ml","BM","0","1","230","230"
"2867","Discorea vill 200 30ml","bm","0","3","230","230"
"2868","Drosera 200 30ml","BM","0","1","0","230"
"2869","Eupatorium Perf 200 30ml","BM","0","3","230","230"
"2870","Ferr met 200","bm","0","1","0","230"
"2871","Ferr phos 200 30ml","BM","0","3","0","230"
"2872","Gelsemium 200 30ml","BM","0","5","230","230"
"2873","Glonoinum 200 30ml ","BM","0","5","0","230"
"2874","Graphites 200 30ml","BM","0","5","230","230"
"2875","Justicia adh 200 30ml","BM","0","1","0","230"
"2876","Kali Bich 200 30ml","BM","0","3","230","230"
"2877","Kali Carb 200 30ml","BM","0","1","230","230"
"2878","Kali Mur 200 30ml ","BM","0","3","230","230"
"2879","Kali Phos 200 30ml ","BM","0","5","230","230"
"2880","Kali Sulf 200 30ml ","BM","0","3","230","230"
"2881","Kalmia lat 200 30ml","BM","0","3","230","230"
"2882","Ledum Pal 200 30ml","BM","0","1","230","230"
"2883","Lemna Minor 200 30ml","BM","0","1","0","230"
"2884","Mag Phos 200 30ml","BM","0","3","230","230"
"2885","Merc Sol 200 30ml","BM","0","3","230","230"
"2886","Mezereum 200 30ml","BM","0","3","230","230"
"2887","Nat Mur 200 30ml","BM","0","5","230","230"
"2888","Nat Phos 200 30ml","BM","0","3","230","230"
"2889","Petroleum 200 30ml","BM","0","3","230","230"
"2890","Phosphorus 200 30ml","BM","0","1","0","230"
"2891","Phytolacca Dec 200 30ml","BM","0","1","230","230"
"2892","Plumbum Met 200 30ml","BM","0","1","0","230"
"2893","Podophllum pelt 200 30ml","BM","0","1","230","230"
"2894","Psorinum 200 30ml","BM","0","3","230","230"
"2895","Pulsatilla nig 200 30ml","BM","0","5","230","230"
"2896","Ratanhia 200 30ml","BM","0","1","230","230"
"2897","Robinia Pseudo 200 30ml","BM","0","1","0","230"
"2898","Rubia Tinct 200 30ml","BM","0","1","0","230"
"2899","Ruta gr. 200 30ml","BM","0","1","230","230"
"2900","Sabadilla 200 30ml","BM","0","1","0","230"
"2901","Sabina 200 30ml","BM","0","1","0","230"
"2902","Sanguinaria Can 200 30ml","BM","0","3","0","230"
"2903","Sanguinaria nit 200 30ml","BM","0","1","0","230"
"2904","Silicea 200 30ml","BM","0","5","230","230"
"2905","Spigelia Anth 200 30ml","BM","0","3","230","230"
"2906","Spongia 200 30ml","BM","0","1","0","230"
"2907","Staphysageria 200 30ml","BM","0","5","230","230"
"2908","Thyroidinum 200 30ml","BM","0","3","230","230"
"2909","Tuberculinum 200 30ml","BM","0","3","230","230"
"2910","Wiesbaden aqua 200 30ml","BM","0","3","0","230"
"2911","Zincum Met 200 30ml","BM","0","1","230","230"
"2912","Zincum Phos 200 30ml","BM","0","1","0","230"
"2913","Zincum Sulf 200 30ml","BM","0","1","0","230"
"2914","Zingiber 200 30ml","BM","0","1","0","230"
"2915","Acid PICRIC 30 30ml","BM","0","1","0","230"
"2916","Aethusa cyn 30 30ml","BM","0","3","230","230"
"2917","Agaricus mus 30 30ml","BM","0","3","230","230"
"2918","Agraphis nut 30 30ml","BM","0","3","0","230"
"2919","Argentum Met 30 30ml","BM","0","3","230","230"
"2920","Asafoetida 30 30ml","bm","0","3","0","230"
"2921","Aurum Met 30 30ml","BM","0","3","230","230"
"2922","Bacillinum 30 30ml","BM","0","3","0","230"
"2923","Bovista 30 30ml","BM","0","5","230","230"
"2924","Calc CARB 30 30ml","BM","0","5","230","230"
"2925","Calc Fluor 30 30ml","BM","0","7","230","230"
"2926","Calc phos 30 30ml","BM","0","3","230","230"
"2927","Calc Renalis 30 30ml","BM","0","1","0","230"
"2928","Calc Sulf 30 30ml","BM","0","1","230","230"
"2929","Camphora 30 30ml","BM","0","1","0","230"
"2930","Cauliphyllum 30 30ml","BM","0","1","230","230"
"2931","Cholesterinum 30 30ml","BM","0","7","230","230"
"2932","Cicuta Virosa 30 30ml","BM","0","1","0","230"
"2933","Cimicifuga 30 30ml","BM","0","5","230","230"
"2934","Clematis ere 30 30ml","BM","0","5","230","230"
"2935","Cobaltum Met 30 30ml","BM","0","1","0","230"
"2936","Cobaltum nit 30 30ml","BM","0","1","0","230"
"2937","Coffea Crud 30 30ml","BM","0","1","0","230"
"2938","Colocynthis 30 30ml","BM","0","5","230","230"
"2939","Cupram ars 30 30ml","BM","0","1","230","230"
"2940","Cyclamen 30 30ml","BM","0","1","0","230"
"2941","Euphrasia 30 30ml","BM","0","3","230","230"
"2942","Ferr met 30 30ml","BM","0","1","230","230"
"2943","Ferr phos 30 30ml","BM","0","5","230","230"
"2944","Lapis Alb 30 30ml","BM","0","1","0","230"
"2945","Mag Phos 30 30ml","BM","0","5","230","230"
"2946","Merc Cyan 30 30ml","BM","0","1","0","230"
"2947","Ova Tosta 30 30ml","BM","0","1","230","230"
"2948","Petroleum 30 30ml","BM","0","3","230","230"
"2949","Phosphorus 30 30ml","BM","0","1","230","230"
"2950","Podophllum pelt 30 30ml","BM","0","3","230","230"
"2951","Pothos foetidus 30 30ml","BM","0","3","0","230"
"2952","Psorinum 30 30ml","BM","0","3","230","230"
"2953","Rubinia pseda 30 30ml","BM","0","3","230","230"
"2954","Sambucus Nigra 30 30ml","BM","0","1","0","230"
"2955","Sanguinaria nit 30 30ml","BM","0","3","0","230"
"2956","Sarsaparilla 30 30ml","BM","0","2","230","230"
"2957","Solidago 30 30ml","BM","0","1","0","230"
"2958","Tarentula Hisp 30 30ml","BM","0","1","0","230"
"2959","Trillium Pend 30 30ml","BM","0","1","0","230"
"2960","Ustilago maidis 30 30ml","BM","0","1","0","230"
"2961","Viburnum Opp 30 30ml","BM","0","1","0","230"
"2962","Wiesbaden 30 30ml","BM","0","1","0","230"
"2963","Aconite Nep 1000 10ml","BM","0","3","100","100"
"2964","Aconite Nep 1m 10ml","BM","0","3","0","100"
"2965","Apis Milli 1m 10ml","BM","0","3","100","100"
"2966","Arnica Mont 1M 10ml","BM","0","5","100","100"
"2967","Arsenic Album 1m 10ml","BM","0","5","100","100"
"2968","Bacillinum 1M (BM ) 10ml","BM","0","1","0","100"
"2969","Belladonna 1m 10ml","BM","0","1","0","100"
"2970","Bryonia Alb 1m 10ml","BM","0","1","0","100"
"2971","Calc Fluor 1M 10ml","BM","0","1","100","100"
"2972","Canthris 1m 10ml","BM","0","3","100","100"
"2973","Carbo Veg 1m 10ml","BM","0","1","0","100"
"2974","Chelidonium 1m 10ml","BM","0","1","100","100"
"2975","China Off 1m 10ml","BM","0","1","100","100"
"2976","Gelsemium 1m 10ml","BM","0","3","100","100"
"2977","Graphites 1m10ml","BM","0","3","100","100"
"2978","Kali Bich 1m 10ml","BM","0","1","0","100"
"2979","Kali Mur 1m 10ml","BM","0","1","0","100"
"2980","Lycopodium 1M 10ml","BM","0","3","0","100"
"2981","Mag Phos 1m 10ml","BM","0","3","250","100"
"2982","Merc Sol 1M 10ml","BM","0","1","0","100"
"2983","Mezereum 1m 10ml","BM","0","1","0","100"
"2984","Nat Mur 1m 10ml","BM","0","3","0","100"
"2985","Nat Phos 1m 10ml","BM","0","1","0","100"
"2986","Nat Sulf 1M 10ml","BM","0","1","0","100"
"2987","Nux Vomica 1M 10ml","BM","0","3","0","100"
"2988","Petroleum 1m 10ml","BM","0","1","0","100"
"2989","Pulsatilla nig 1m 10ml","BM","0","3","0","100"
"2990","Rhus Tox 1M 10ml","BM","0","3","100","100"
"2991","Selenium 1M 10ml","BM","0","1","0","100"
"2992","Sepia 1M 10ml","BM","0","3","100","100"
"2993","Silicea 1M 10ml","BM","0","3","100","100"
"2994","Spigelia 1m 10ml","BM","0","1","0","100"
"2995","Spongia 10 10ml","bm","0","1","0","100"
"2996","Staphysageria 1m 10ml","BM","0","1","100","100"
"2997","Sulfer 1m 10ml","BM","0","3","100","100"
"2998","Thuja 1m 10ml","BM","0","3","100","100"
"2999","Thyroidinum 1M 10ml","BM","0","3","0","100"
"3000","Zincum Met 1m 10ml","BM","0","1","0","100"
"3001","Zincum Phos 1m 10ml","BM","0","1","0","100"
"3002","Zincum Sulf 1m 10ml","BM","0","1","0","100"
"3003","Cineraria eye drop 15ml","PBHL","0","12","225","225"
"3004","Flukidi syrp baby flu 120ml","PBHL","0","12","0","140"
"3005","Kidnif syrp 120ml","PBHL","0","12","190","190"
"3006","Mayaglobin syrp 250ml","PBHL","0","12","325","325"
"3007","Nephril kidney drops 30ml","PBHL","0","6","0","250"
"3008","Uracon drops 20ml","PBHL","0","12","250","225"
"3009","Urecret drops 30ml","PBHL","0","6","250","225"
"3010","Urican drops U.T.I 30ML","PBHL","0","12","250","225"
"3011","Uracon SACHET UTI CARE 30ml","PBHL","0","6","325","0"
"3012","Uracon SACHET UTI CARE 10s","PBHL","0","6","0","325"
"3013","Robina pseda 30 ","MASOD","0","1","280","0"
"3014","fleksolin","qarshi","0","1","400","0"
"3015","Carinosinum 1m 10ml","Shwabe","0","1","800","600"
"3016","Compound","Clinic","0","1","1050","0"
"3017","9 Hepa Sulf","HFP","0","1","120","0"
"3018","R31","RECK","0","1","1170","1170"
"3019","R 26","RECK","0","1","1170","1170"
"3020","Anti cured 30","MASOD","0","11","0","0"
"3021","Anti Tart 30 30ml","BM","0","1","230","0"
"3022","Tuber collimium 200","MASOD","0","1","280","0"
"3023","Sulfer 30 (MASOD)","MASOD","0","1","280","0"
"3024","CILIR 120ml syrp","kamal ","0","2","450","450"
"3025","TM PILESREST POWDER","Clinic","0","2","60","0"
"3026","Globiles diskittes 20no","MEK","0","5","200","150"
"3027","Nefritol 120ml  (Masood)","MASOD","0","1","290","0"
"3028","Phytolacca Q","Shwabe","0","1","1600","995"
"3029","Medorrhinum CM","MASOD","0","1","290","0"
"3030","Arsenic ALB 200 30ML","Kent","0","1","180","0"
"3031","Kalmia 200 30ml","MASOD","0","1","280","0"
"3032","T-no mix","MEK","0","10","230","0"
"3033","Mek Cream mix","MEK","0","7","170","0"
"3034","30ml potiences kent","Kent","0","4","240","180"
"3035","D- STONE 120ml","Clinic","0","2","200","0"
"3036","FIVE PHOS 12X 30gm","KAMAL","0","3","250","0"
"3037","Khatooni ( Qarshi )","Clinic","0","1","160","130"
"3038","Borax 200 30ml","MASOD ","0","1","280","0"
"3039","Lycopodium 200 30ml (MSOD)","MASOD","0","1","280","0"
"3040","Nayyab Amla and Shikakai","Clinic","0","1","300","300"
"3041","Brebaris aqif Q","Clinic","0","1","1170","0"
"3042","Syzigeum Jambol Q","Shwabe","0","1","1250","995"
"3043","NUX VOMICA 30 30ml","Farhan","0","54","190","160"
"3044","China OFF 200 30ml","Farhan","0","27","0","170"
"3045","ALOE SOCO 200 30ml","Farhan","0","27","190","170"
"3046","Urea pura 30","MASOD","0","1","750","280"
"3047","GLOBILES 20 ","MASOD","0","3","350","370"
"3048","Stramonium 200","MASOD","0","1","280","0"
"3049","Berberis Aqu Q","WShah","0","1","280","280"
"3050","Disketts 2 Grain white round (450GM)","BM","0","1","280","0"
"3051","Ashoka Q","Kent","0","1","310","310"
"3052","Opium 200","Kent","0","1","170","0"
"3053","Chionanthus virg Q","Clinic","0","1","1170","0"
"3054","Calendula Ezze Heal spray","Kent","0","1","285","270"
"3055","Myristica SEB 30 30ml","MASOD","0","1","280","0"
"3056","Acid Phos 200 30ml","MASOD","0","1","280","0"
"3057","Conium 200 30ml","Kent","0","1","180","0"
"3058","GLOBILES 50","MASOD","0","1","350","0"
"3059","Bryonia ALB 30","Kent","0","1","170","0"
"3060","Kali Mur 30 (MOSD)","MASOD","0","1","280","0"
"3061","Kali Sulf 30","Kent","0","1","180","0"
"3062","Raphanus sativus 30","MASOD","0","1","280","0"
"3063","Collinsona 30","MASOD","0","1","280","0"
"3064","Carbo veg 30","MASOD","0","1","180","0"
"3065","Diatac tab","Almanan","0","1","230","0"
"3066","Nat Mur 6x 20gm","MASOD","0","1","200","0"
"3067","Iodium 200 30ml","MASOD","0","1","280","0"
"3068","Syzygium Q 30ml","Kent","0","1","170","0"
"3069","Hepar Sulf 30 30ml","Kent","0","1","170","0"
"3070","Ecinacea ang Q 30ml","Kent","0","10","175","0"
"3071","Nat mur 30 30ml","Kent","0","1","170","0"
"3072","Mag mur 30 30ml","MASOD","0","1","280","0"
"3073","jodium 200 30ml","MASOD","0","1","280","280"
"3074","Alfalfa Q 30ml","Kent","0","1","175","0"
"3075","Acid Phos Q 30ml","Kent","0","1","170","0"
"3076","Canthris 30 30ml","Kent","0","1","170","170"
"3077","Lycopodium 30 30ml","Kent","0","1","170","0"
"3078","Bio 21","JR","0","1","160","150"
"3079","nat mur ","Shwabe","0","1","0","750"
"3080","Chelidonium Q 30 30ml","Shwabe","0","2","1250","995"
"3081","Cardus mar Q 30ml","Shwabe","0","2","1250","995"
"3082","R 17","RECK","0","1","1170","1170"
"3083","Phytolacca berry Q","Kent","0","1","1250","400"
"3084","Berbaris 30","Kent","0","1","170","0"
"3085","Arnica medicated oil","PBHL","0","1","370","370"
"3086","4 KENT POTIENCES","KENT","0","4","180","0"
"3087","Arjuna q 30ml","Kent","0","1","170","0"
"3088","Carategus Q 30ml","Kent","0","1","170","0"
"3089","Arnica Mont 30ml","MEK","0","1","0","0"
"3090","Arnica Mont Q 30ml","MEK","0","1","370","370"
"3091","Kali Phos 200 (MOSD)4","MASOD","0","1","0","0"
"3092","BioCom No (14)","PBHL","0","2","220","0"
"3093","2 potiences kent 30 30ml","kent","0","2","200","0"
"3094","DROPERS 5گھئرئس","Clinic","0","1","780","25"
"3095","Causeticum 200 kent","Kent","0","2","180","0"
"3096","Sepa 200 30ml","BM","0","1","230","0"
"3097","Carbo veg kent","Kent","0","1","170","0"
"3098","Passiflora Q","Shwabe","0","1","1250","995"
"3099","Caratygus Q","Shwabe","0","1","1250","340"
"3100","Rawolfia Q","Shwabe","0","1","1170","995"
"3101","Faulad 120ml","BL","0","1","140","0"
"3102","lycopodium 30 11ml","RECK","0","1","740","740"
"3103","Barium Carb 200 10ml","Shwabe","0","1","850","680"
"3104","Justasia Q 30ml","Kent","0","1","175","0"
"3105","Grose droper 2","Clinic","0","2","400","400"
"3106","Passiflora Q (D) 30ml","MASOD","0","2","380","380"
"3107","IPECACUNHA 30 30ml","Kent","0","1","170","0"
"3108","Causeticum 30 30ml","Kent","0","1","170","0"
"3109","painril (Tab)","Almanan","0","1","130","130"
"3110","Berbaris Valg 30 30ml","MASOD","0","1","280","0"
"3111","Rhus Tox 30 30ml","Kent","0","1","170","0"
"3112","Pulsatila 200 30ml Kent","Kent","0","1","170","0"
"3113","Graphites 1M","MASOD","0","1","290","290"
"3114","Oleum jac 30 30ml","MASOD","0","1","280","0"
"3115","Thuja Occ 200 30ml","MASOD","0","1","280","0"
"3116","Teucrum 200 30ml","MASOD","0","1","280","0"
"3117","Limnna Minor 200 30ml","MASOD","0","1","280","0"
"3118","Millefullium Q 30ml","Kent","0","1","175","0"
"3119","Dulcamara 200 30ml","MASOD","0","1","280","0"
"3120","27","RECK","0","1","0","0"
"3121","18","HFP","0","1","170","0"
"3122","PTK # 404","Shwabe","0","1","0","0"
"3123","R 25","RECK","0","1","1170","1170"
"3124","R 18","RECK","0","1","1170","1170"
"3125","R131","RECK","0","1","1390","1390"
"3126","Damia Gold ","RECK","0","1","2050","2050"
"3127","Rexorubia  (Tab)","Lehning","0","1","2390","2390"
"3128","Diacure","Lehning","0","1","0","2040"
"3129","L 99 Selenium ","Lehning","0","1","0","1440"
"3130","Sinuspax","Lehning","0","1","1290","1290"
"3131","L 104","Lehning","0","1","1190","1440"
"3132","L112","Lehning","0","1","1190","1440"
"3133","L96","Lehning","0","1","0","1440"
"3134","Diabene","Lehning","0","1","1380","1380"
"3135","BioCom No ( 20)","PBHL","0","1","220","220"
"3136","vilca minor 30 ","Shwabe","0","1","750","0"
"3137","L 95","Lehning","0","1","0","1440"
"3138","L 6","Lehning","0","1","0","1440"
"3139","L 3","Lehning","0","1","1190","1440"
"3140","L 18","Lehning","0","1","0","1440"
"3141","L 83 Berberis","Lehning","0","1","0","1440"
"3142","L 9 Uvaursi ","Lehning","0","1","0","1440"
"3143","Tonique Vegetal","Lehning","0","1","0","940"
"3144","Nat Phos 30 30ml kent","Kent","0","1","175","0"
"3145","Argentum Nit 30 (KENT)","Kent","0","1","170","0"
"3146","Cemicifuga 30 30ml","Kent","0","1","170","0"
"3147","394","WShah","0","1","0","0"
"3148","Nux Vomica 200 (BM)","BM","0","3","230","0"
"3149","podena 250ml","model","0","1","200","0"
"3150","Arnica 30","Shwabe","0","1","750","0"
"3151","Doze","Clinic","0","1","50","0"
"3152","Rhus Tox 30 30ml (MSOD)","MASOD","0","1","280","0"
"3153","Lycopodium 200 30ml","Kent","0","1","175","0"
"3154","Camohor 30 30ml","Kent","0","1","170","0"
"3155","12","ZAM ZAM","0","1","0","0"
"3156","72","BM\","0","2","0","0"
"3157","2\","BM","0","1","0","0"
"3158","Rhus Tox Q (Shwabe)","Shwabe","0","1","1170","995"
"3159","nux omica 200","Shwabe","0","1","820","0"
"3160","nux vomica 200","Shwabe","0","1","820","0"
"3161","Damiana Q 30 30ml ","Kent","0","1","175","0"
"3162","T2","MEK","0","1","0","0"
"3163","Carbo animal 30","KAMAL","0","1","230","0"
"3164","Acid Phos 30 30ml   ","Kent","0","1","180","0"
"3165","Anti Crud 30 30ml","Kent","0","1","170","0"
"3166","Lycopodium 300 (Shwabe)","Shwabe","0","1","740","0"
"3167","Allium Cepa 30 30ML","BM","0","1","230","0"
"3168","Lori tab","KAMAL","0","1","360","620"
"3169","Stapysagria 30 30ml ","Kent","0","2","170","0"
"3170","Asculus 200 30ml","MASOD","0","1","280","0"
"3171","Paultux With Toot Siyah 120ml","PBHL","0","1","220","200"
"3172","B.P Norma 30 Tablet","PBHL","0","1","290","290"
"3173","Suger of Milk 1 pound","Clinic","0","1","780","780"
"3174","Gossypium Her Q 30ml","Kent","0","1","175","0"
"3175","Iris Vers 30 30ml","Kent","0","1","175","0"
"3176","Piles rest powder","Clinic","0","1","150","0"
"3177","30 baryta carb","HFP","0","1","145","145"
"3178","Camphor 30 30ml","KAMAL","0","1","210","0"
"3179","Agnus cast Q 30ml","Kent","0","1","175","0"
"3180","Gins","PBHL","0","1","0","0"
"3181","Chelidonium Q 30ML","Kent","0","1","1250","0"
"3182","Cineraria maritina drop ","Shwabe","0","3","1250","1250"
"3183","uridrol drop","Kent","0","1","0","200"
"3184","Sabal ser Q ","WShah","0","1","350","0"
"3185","Digitalis purp 200 30ml","MASOD","0","1","280","0"
"3186","Caladium Seg Q 30ml","WShah","0","1","450","0"
"3187","Lycopodium Q 30ml","Kent","0","1","175","0"
"3188","15 days","Clinic","0","1","2250","0"
"3189","Trillium pend Q","Clinic","0","1","1250","0"
"3190","Berberis vulg Q ST","Clinic","0","1","1250","0"
"3191","Diarr Nol 120ml  ","MASOD","0","1","220","0"
"3192","Euphrasia Eye Drop","Kent","0","1","155","0"
"3193","Ignatia Q 30ml vspl","Kent","0","1","375","0"
"3194","Acid  picric  30 30ml (MSOD)","MASOD","0","1","280","0"
"3195","R 24","RECK","0","1","1170","0"
"3196","jabrandi Q 30ml","MASOD","0","1","380","0"
"3197","Lycasis 200 30ml","MASOD","0","1","280","0"
"3198","A 25 prostate","Clinic","0","1","1250","0"
"3199","Paeino 30ml","MASOD","0","1","550","0"
"3200","Phosphorus 30 (MASOD)","MASOD","0","1","280","0"
"3201","nat sulf 6x","Shwabe","0","1","750","0"
"3202","Lycopodium 30 (Shwabe)","Shwabe","0","1","750","750"
"3203","Millifulleim Q ","Shwabe","0","1","1250","0"
"3204","354","HFP","0","14","0","0"
"3205","Fer7","Kent","0","1","0","0"
"3206","Baryta carb 30 30ml","MASOD","0","1","280","0"
"3207","Fucus vesi 30 30ml","MASOD","0","1","280","0"
"3208","Tasken e dard","Clinic","0","2","50","0"
"3209","Apis milli 30 30ml","Shwabe","0","2","740","0"
"3210","Power Inn 250Ml Syp4","HFP","0","1","0","0"
"3211","Calc Sulf 6X tab (BM)","BM","0","6","260","260"
"3212","Kali Sulf 6X t","BM","0","1","0","0"
"3213","Kali Sulf 6X tab (BM)","BM","0","12","0","260"
"3214","Kali Mur 6X tab (BM)","BM","0","14","0","260"
"3215","Kali Phos 6X tab (BM)","BM","0","100","260","260"
"3216","Mag Phos 6X tab (BM)","BM","0","60","260","260"
"3217","Nat Mur 6X tab (BM)","BM","0","60","0","260"
"3218","Nat Phos 6X tab (BM)","BM","0","60","260","260"
"3219","Five phos 6x tab (BM)","BM","0","48","260","260"
"3220","Nux Vomica 1m 30ml","MASOD","0","1","290","0"
"3221","Thuja Occ 1m 30ml","MASOD","0","1","290","290"
"3222","zingiber 30","MASOD","0","1","280","0"
"3223","Eel serum 30","MASOD","0","1","280","0"
"3224","Nat sulf 30 30ml","Kent","0","1","175","0"
"3225","Nat sulf 200 30ml","Kent","0","1","180","0"
"3226","HR No mix ","MASOD","0","23","210","210"
"3227","Avena Sativa 200 30ml","Kent","0","1","180","0"
"3228","Selimium 200","Shwabe","0","1","840","0"
"3229","Calc Flour 200 (Shwabe)","Shwabe","0","1","840","0"
"3230","Joint Flex Cap Loss","AK","0","1","3","0"
"3231","1M potiences 30ml","BHP","0","10","0","180"
"3232","200 potiences 30ml","BHP","0","285","180","180"
"3233","30 potiences 30ml","BHP","0","309","180","180"
"3234","Avena stiva Q (A)","BHP","0","5","170","150"
"3235","Avena stiva Q (A) 450ml","BHP","0","4","0","1150"
"3236","Ginkgo biloba (D) 30ml","BHP","0","3","250","250"
"3237","Ginkgo biloba (D) 450ml","BHP","0","1","0","2150"
"3238","Vita Plus 240ml","T.S","0","24","260","260"
"3239","Akseer e sehat 240ml","T.S","0","30","0","300"
"3240","Ts podina white adrak 240ml","T.S","0","32","0","200"
"3241","Ts podina green adrak kalongi 240ml","T.S","0","32","0","200"
"3242","Arsaicum 200","Shwabe","0","1","750","0"
"3243","T3","MEK","0","1","0","0"
"3244","Belladona 200 (KENT)","Kent","0","3","180","0"
"3245","GR ","00","Islamabad","2","0","0"
"3246","160","MEK","0","1","0","0"
"3247","Phytolacca berry 200 30ml","Kent","0","1","180","0"
"3248","Arnica Mont  Oil ( BM )","BM","0","1","430","430"
"3249","Radium broom 30ml","Kent","0","2","170","0"
"3250","Lycopodium CM 30ml (MSOD)","MASOD","0","1","290","290"
"3251","Sulfer 1m (MASOD)","MASOD","0","1","290","290"
"3252","Carsosinum 1m ","MASOD","0","1","290","290"
"3253","Phytolacca tab 180tab","MASOD","0","1","780","0"
"3254","Joint power","ak","0","1","100","24"
"3255","Thuja 30 (KENT)","Kent","0","1","175","0"
"3256","Selenium 30 (MASOD)","MASOD","0","1","280","0"
"3257","GR pvt (Islamabad pharma )","0","Islamabad ","0","0","0"
"3258","Causticum 30 30ml","Shwabe","0","1","740","0"
"3259","zincum met 30 30ml","Kent","0","1","170","0"
"3260","Asculus 30","Kent","0","1","170","0"
"3261","Discorea 30ml","MASOD","0","1","380","0"
"3262","Agnus cast 30 30ml","Kent","0","1","170","170"
"3263","x ray 200 ","Lehning","0","1","820","0"
"3264","Moringa Oleifera","GR","Islamabad ","2","250","0"
"3265","GR 7 30ml","GR","0","36","140","140"
"3266","GR 8 30ml","GR","0","24","0","140"
"3267","GR 10 30ml","GR","0","12","0","140"
"3268","GR 20 30ml","GR","0","12","140","140"
"3269","GR 26","GR","0","12","0","140"
"3270","GR 29","GR","0","12","0","115"
"3271","causticum syrp 120ml","GR","0","24","0","150"
"3272","Renegen syrp 120ml","GR","0","24","0","160"
"3273","Homeogen 120ml","GR","0","24","160","160"
"3274","Beturm y cap ","GR","0","48","450","450"
"3275","Spermet cap","GR","0","12","270","270"
"3276","Pilogen cap","GR","0","12","270","270"
"3277","Misomac cap","GR","0","6","0","220"
"3278","Self care tab","GR","0","12","0","230"
"3279","Luzeen tab","GR","0","12","0","160"
"3280","Vitalex tila 15ml","GR","0","12","270","270"
"3281","Haner drop tilla 15ml","GR","0","15","0","270"
"3282","Qalbina drops ","GR","0","60","0","200"
"3283","Rene k drop","GR","0","24","0","180"
"3284","Tixen powder ","GR","0","60","220","220"
"3285","Y lix syrp 120ml","GR","0","24","0","160"
"3286","Sharbat e Podina 240ml","GR","0","25","220","75"
"3287","Moringa Oleifera 240ml","GR","0","20","0","90"
"3288","Globin 240ml","GR","0","20","250","90"
"3289","Kanfuri piles tab","GR","0","12","230","230"
"3290","Paper Mint 120ml","T.S","0","1","160","0"
"3291","China fort 240ml","Clinic","0","3","280","0"
"3292","Trillium pend Q (E)","MASOD","0","1","570","0"
"3293","Cladium seg 200 ","BHP","0","1","200","0"
"3294","nux vomica 30","Shwabe","0","1","750","0"
"3295","Agraphis 200 ","MASOD","0","1","280","0"
"3296","Nat phos 30","MASOD","0","1","280","0"
"3297","Syphilinum 1m","MASOD","0","1","290","0"
"3298","China fort 120ml","Boricpharma","karachi","2","210","210"
"3299","China fort SF 240ml","Boricpharma","0","70","280","280"
"3300","Jututux cough SF 120ml","PBHL","0","12","190","190"
"3301","Teething 21 syrp 120ml","PBHL","0","24","210","210"
"3302","Morilina 240ml","PBHL","0","6","350","350"
"3303","Sharbat-e-Folad SF 240ml","PBHL","0","12","0","350"
"3304","Ginseng plus oral drop","PBHL","0","12","0","850"
"3305","Veve drops 20ml","PBHL","0","6","260","260"
"3306","Spondi -- B 30ml Drops","PBHL","0","6","250","250"
"3307","FF cure drops","PBHL","0","12","290","290"
"3308","Pilocon drops 30ml","PBHL","0","12","270","270"
"3309","Ginseng cap ","pbhl","0","6","640","440"
"3310","H B P caps ","PBHL","0","6","340","340"
"3311","Proscon cao ","PBHL","0","6","0","340"
"3312","Sabal Prosta tab","pbhl","0","6","290","290"
"3313","BioCom No ( 21","PBHL","0","45","285","285"
"3314","Plumbum met 30","MASOD","0","2","280","0"
"3315","Alfalfa Q masod","MASOD","0","1","210","0"
"3316","Bl-48","BL","0","1","0","0"
"3317","Ipecacunha 30","BHP","0","1","180","0"
"3318","Dificult medicine ","Clinic","0","10","1350","2411"
"3319","Ruta 200 30ml","MASOD","0","1","280","0"
"3320","Jabrandi Q","Kent","0","2","175","0"
"3321","Kali broom 30 10ml","Shwabe","0","1","740","0"
"3322","Gelesimium 30","Shwabe","0","1","740","0"
"3323","Graphites 200","Shwabe","0","1","240","820"
"3324","Eal serrum 30 10ml","Shwabe","0","1","740","0"
"3325","Cars\","MASOD","0","1","0","0"
"3326","Bio 21 120ml","JR","0","50","0","160"
"3327","Lycovet + Alfa 120ml","JR","0","20","180","180"
"3328","Euparotum 30 ","MASOD","0","1","280","0"
"3329","Ginkgo Q","Kent","0","1","175","0"
"3330","Sulphur 200","Kent","0","1","180","180"
"3331","Farq nikala ","Clinic","0","1","0","100"
"3332","Be relex tab","BL","0","2","240","0"
"3333","Aconite 30","Shwabe","0","1","750","0"
"3334","Calendula Q","Kent","0","1","1250","0"
"3335","Alfalfa 60ml","T.S","0","180","90","120"
"3336","Acid phos 30 ","Shwabe","0","1","180","0"
"3337","Arsenic alb 30","Shwabe","0","1","750","0"
"3338","Ignatia 30 ","Shwabe","0","1","750","280"
"3339","Sulfer 30 ","Shwabe","0","1","100","0"
"3340","nat chlora 200","Shwabe","0","1","820","0"
"3341","1 kent potiences","Kent","0","1","175","0"
"3342","Kent no mix","Kent","0","30","200","180"
"3343","HomoeoLaX tab ","BM","0","3","200","200"
"3344","Phytolacca berry Q (E)","MASOD","0","1","450","450"
"3345","R 36","RECK","0","1","1170","0"
"3346","Argentum nig 1m","WShah","0","1","240","0"
"3347","insulim 30","KAMAL","0","1","230","0"
"3348","Potiences 1","BM","0","1","230","0"
"3349","Hand cash","Clinic","0","1","1850","922"
"3350","Belladona Q (D)","MASOD","0","2","380","0"
"3351","Gre","BM","0","1","0","0"
"3352","Hypericum Q ","Kent","0","1","175","0"
"3353","Disketts 3 Grain green round ","BM","0","1","280","250"
"3354","Disketts 2 Grain green  round (450GM)","BM","0","7","280","280"
"3355","Disketts 5 Grain pink round (450GM)","BM","0","4","280","250"
"3356","Ginsuing Q ","Shwabe","0","1","1250","0"
"3357","Silecea 30","Kent","0","1","170","0"
"3358","Anacardium 30","Kent","0","1","180","0"
"3359","yohimbinum Q st","Clinic","0","1","1250","0"
"3360","Tuber collimium 1m","MASOD","0","1","290","0"
"3361","Calc sulp 200","Kent","0","1","170","0"
"3362","Dulcamara 200","Kent","0","1","180","0"
"3363","Arnica 200","Shwabe","0","1","820","0"
"3364","Luzy Tablet box ","KAMAL","0","100","850","850"
"3365","Selenium 200 ","Kent","0","1","180","133"
"3366","Hepar Sulf 200 30ml","Kent","0","1","180","0"
"3367","Carategus 200","Kent","0","2","180","0"
"3368","Glonium 30","Shwabe","0","1","750","0"
"3369","Onintum 3x tab","BM","0","1","250","0"
"3370","Agnus Cast 200","MASOD","0","1","180","0"
"3371","Calculi H (peluger)","Clinic","0","1","1170","0"
"3372","Sarsaprilaa Q","Kent","0","1","175","0"
"3373","Nat Mur 30","MASOD","0","2","280","0"
"3374","Luj","Kent","0","1","0","0"
"3375","Poyt","MASOD","0","1","0","0"
"3376","30ml potiences","MASOD","0","4","280","260"
"3377","Alergic cap blue ","Clinic","0","2","300","0"
"3378","fair face tab","NP","0","1","250","250"
"3379","Solidago Q st","Clinic","0","1","1250","0"
"3380","Lapis alb 30","Kent","0","1","170","0"
"3381","Calc flour 200","Kent","0","1","180","0"
"3382","Calc phos ","Kent","0","1","180","0"
"3383","tonsi cough","ZAM ZAM","0","3","150","150"
"3384","Kalmia Q (G)","MASOD","0","1","720","0"
"3385","Calc Fluor 6X tab BM","BM","0","100","260","260"
"3386","Ferr phos 6x tab BM","BM","0","60","0","260"
"3387","Nat Sulf 6x tab BM","BM","0","100","0","260"
"3388","Blanketts 4 grain white 450gm","BM","0","2","0","863"
"3389","Disketts 2 Grain yellow ","BM","0","10","280","250"
"3390","Disketts 3 Grain pink 450gm","BM","0","12","280","280"
"3391","Disketts 4 Grain white 450gm","BM","0","25","280","280"
"3392","Symphyttum 200","Kent","0","1","180","0"
"3393","Ferrum met 200","Kent","0","1","180","0"
"3394","Guaicom 30","Kent","0","1","175","0"
"3395","Arnica 200 k","Kent","0","1","0","0"
"3396","Lapis alb 200","MASOD","0","1","280","0"
"3397","ViSUM ALB","MASOD","0","1","280","0"
"3398","Nux 200","BHP","0","2","180","0"
"3399","Uti","PBHL","0","1","340","0"
"3400","Uit Gramles ","PBHL","0","1","325","0"
"3401","Bryonia ALB 200","Kent","0","1","280","0"
"3402","Camomilla 30","Kent","0","1","170","0"
"3403","Ocimum can 30","MASOD","0","1","280","0"
"3404","Viburnum Q (D)","MASOD","0","1","380","0"
"3405","Chanathus Q (G)","MASOD","0","1","720","0"
"3406","Acid Sulf 30","Kent","0","1","170","0"
"3407","Ignitian 200","BHP","0","1","180","0"
"3408","Calc Flore 200","MASOD","0","1","280","0"
"3409","Hydrocotyle Q (C)","MASOD","0","1","340","340"
"3410","Merc Sol 30 (MOSD)","MASOD","0","1","280","0"
"3411","Bl-42 Drops","BL","0","1","140","0"
"3412","Best tropin high drop 30ml","BM","0","6","1850","1850"
"3413","Disketts 1 Grain yellow ","bm","0","20","280","250"
"3414","Disketts 1 Grain green 450gm","BM","0","20","280","250"
"3415","Phosphorus 200 (Shwabe)","Shwabe","0","1","820","0"
"3416","Sinnosis A49","Clinic","0","1","1250","0"
"3417","Per Day Madican","Clinic","0","1","150","0"
"3418","Trillium pend Q (F)","MASOD","0","1","570","0"
"3419","Millefullium 30","Kent","0","1","175","0"
"3420","Acid Phos Q (B) 30ml","MASOD","0","1","270","0"
"3421","Cardus Q","Kent","0","1","180","0"
"3422","Prawa brawa Q","Kent","0","2","170","0"
"3423","DoloTox (TAB)","BL","0","1","150","150"
"3424","Mouth gel ","Kent","0","6","135","135"
"3425","Cough and cold mansoora ","Clinic","0","1","150","150"
"3426","Kharish soap ","Clinic","0","12","150","150"
"3427","Norcid Plus 240ml","BHP","0","12","240","200"
"3428","kidno 120ml","M/S ","0","12","130","130"
"3429","Ars Sulf Flav 30","MASOD","0","1","280","0"
"3430","Fevolex 60ml","BL","0","63","0","110"
"3431","Phytolacca tab","Kent","0","3","220","122"
"3432","Alfalfa Tonic sf 120ml kent","Kent","0","12","0","190"
"3433","Arthrovina cap","Kent","0","1","0","0"
"3434","Arthrovina sf syrp 120ml","Kent","0","24","0","190"
"3435","Asthavina sf syrp 120ml","Kent","0","6","190","190"
"3436","Asthavina cap","Kent","0","12","0","200"
"3437","Ashoka cordial 120ml","Kent","0","12","180","180"
"3438","Benefix 10 cream","Kent","0","12","200","200"
"3439","Calcium Tablet blue","Kent","0","12","250","220"
"3440","Crataeygus cap","Kent","0","12","0","200"
"3441","Contisen sf syrp 120ml","Kent","0","12","260","260"
"3442","Crataegus heart sf syrp 120ml","Kent","0","3","0","190"
"3443","Crataegus heart sf syrp 250ml","Kent","0","3","0","350"
"3444","Dibalsin drop","Kent","0","12","175","170"
"3445","Damiagesic sf 120ml","Kent","0","3","0","260"
"3446","Enerfit plus tab","Kent","0","6","0","175"
"3447","Energizer forte tonic 120ml","Kent","0","30","220","185"
"3448","Energizer sf syrp 250","Kent","0","1","0","0"
"3449","Energizer sf syrp 250ml","Kent","0","6","350","375"
"3450","Fever Compound 250gm tab","Kent","0","2","1100","1100"
"3451","Gynogesic sf 120ml","Kent","0","12","0","260"
"3452","Gastrogesic sf 120ml","kent","0","12","260","260"
"3453","Itching relief lotion","Kent","0","6","0","180"
"3454","Renidrol cap","Kent","0","3","0","200"
"3455","Kent medicated cream","Kent","0","30","0","80"
"3456","Kenlokid matti chor 120ml","Kent","0","12","0","180"
"3457","Kent skin oint ","Kent","0","6","0","70"
"3458","LeucoVina cap","Kent","0","3","0","200"
"3459","Max Vision sp syrp 120ml","Kent","0","5","0","190"
"3460","Neem cream ","Kent","0","12","130","130"
"3461","Olix spanish cap","Kent","0","12","0","200"
"3462","Prespiration tab","Kent","0","1","0","150"
"3463","Progesic sf 12oml","Kent","0","5","0","260"
"3464","Pyorea lotion 15ml","Kent","0","12","100","100"
"3465","Sabalin prostate tab","Kent","0","1","0","200"
"3466","Spervina cap","Kent","0","3","0","210"
"3467","Tai ginsuing sf syrp 180ml","Kent","0","5","340","340"
"3468","Anti Dandruff Shampoo","Herit","0","1","300","0"
"3469","Herit Hair Oil","Herit","0","1","175","0"
"3470","Nayyab Amla Shampoo","Clinic","0","1","300","0"
"3471","Nayyab Hair Oil","Clinic","0","1","300","0"
"3472","Nayyab Amla Oil","Clinic","0","1","300","0"
"3473","Berberies vulg Q 500ml","BHP","0","5","1790","1750"
"3474","Epigea repens Q 500ml","BHP","0","3","3600","3600"
"3475","Antimonium Tart 200 120Ml (MSOD)","MASOD","0","1","670","0"
"3476","Alteris cordial","Clinic","0","1","0","450"
"3477","Ashoka cordial","Clinic","0","1","0","398"
"3478","Hydrocotyle Q","Shwabe","0","1","1250","1250"
"3479","pain puff tab","Al S","0","10","210","210"
"3480","HFP no 27","HFP","0","1","0","0"
"3481","Chamomilla 30","BM","0","2","180","0"
"3482","Cuprum met 30","KAMAL","0","1","230","0"
"3483","Hysocymus 200","WShah","0","1","190","190"
"3484","Coffea cruda 200","MASOD","0","1","280","0"
"3485","Ferrum pic 30","KAMAL","0","1","230","0"
"3486","15 ml cap 1 gruce","Clinic","0","1","550","0"
"3487","Acid Nit 1M 30ml (MSOD)","MASOD","0","1","290","0"
"3488","Causticum 1M 30ml","MASOD","0","1","290","0"
"3489","Serrum ang 30","Shwabe","0","1","750","750"
"3490","Chinothus Q (G)","MASOD","0","1","720","427"
"3491","14","AK","0","1","0","0"
"3492","11","HFP","0","4","170","0"
"3493","Chillno 60ml","BHP","0","100","110","90"
"3494","Hepa Aid 120ml","BHP","0","10","430","350"
"3495","Kufrihiza 120ml","BHP","0","48","0","140"
"3496","Safool 120ml","BHP","0","48","0","140"
"3497","Sabal serr Q","MASOD","0","1","450","450"
"3498","(D) potiences","MASOD","0","1","380","0"
"3499","Cough Control 60ml","HFP","0","12","100","0"
"3500","DR asif personol","Clinic","0","1","0","1585"
"3501","Cuprum met 1M","Shwabe","0","1","1150","0"
"3502","Tribulus Terr Q 30ml","BM","0","1","250","210"
"3503","Kalmage Q","MASOD","0","1","250","260"
"3504","urtica urnes Q","Kent","0","1","250","0"
"3505","Hepartone Liver Tonic 450Ml Syp","MEK","0","1","430","430"
"3506","Damiana cap ","Kent","0","4","250","250"
"3507","Sepsone 120ml","WShah","0","1","200","0"
"3508","9","MEK","0","1","0","0"
"3509","Sulfer 200","BHP","0","2","180","0"
"3510","Podo phyllum 30","MASOD","0","1","280","0"
"3511","Ceanothus Q (G) 30ml","MASOD","0","1","720","720"
"3512","200 potience 30ml","MASOD","0","7","280","0"
"3513","L110","Lehning","0","1","1190","0"
"3514","Kidneoplent (SHWABE)","Shwabe","0","2","1025","1025"
"3515","Thyroidinum 1m","MASOD","0","1","290","0"
"3516","Dun Cap","Eagle","0","200","280","280"
"3517","Pain Ril tab","Eagle","0","500","0","50"
"3518","R 71 ISCHIALGIN","RECK","0","1","1170","0"
"3519","Arnica Hair Oil 120ml","Public Pharma ","faisalabad","3","0","350"
"3520","30 potience","BM","0","1","230","0"
"3521","Lycopus 200","MASOD","0","1","280","0"
"3522","Thyroidinum 30 ","MASOD","0","2","280","280"
"3523","Sepia 30","masod","0","1","180","280"
"3524","Petroleum 30","MASOD","0","1","280","0"
"3525","Cladium 30","MASOD","0","1","280","0"
"3526","Berberies vulg Q 500ml4","BHP","0","1","0","0"
"3527","Ie","BL","0","1","0","0"
"3528","40","MEK","0","1","0","0"
"3529","R no mix ","reck","0","9","1170","1170"
"3530","23","masod","0","1","0","0"
"3531","Hh","masod","0","1","0","0"
"3532","Chinonthu","HFP","0","1","0","0"
"3533","Sulfer tab","Clinic","0","4","0","61"
"3534","Sharbat -E-Podina 240ml","Public Pharma (faisalabad)","(faisalabad)","2","20","0"
"3535","Public Pharma (faisalabad)","Sharbat -E-Podina 240ml","supplier","1","0","0"
"3536","sinolic tab 20tab","Public Pharma ","0","2","275","275"
"3537","Epigea Q","Clinic","0","1","1250","0"
"3538","Damiana Q (C)","BHP","0","1","170","0"
"3539","Malaria 200","MASOD","0","2","280","0"
"3540","Malaria 30","MASOD","0","2","280","0"
"3541","Onosmodium Virg 30 (MASOD)","MASOD","0","1","280","0"
"3542","Carica papaya ( C)","MASOD","0","1","340","340"
"3543","justicea Q ( A)","MASOD","0","1","210","0"
"3544","Grindelia robu Q ( C )","Kent","0","4","210","0"
"3545","10 ml cap ","Clinic","0","1","600","0"
"3546","Gogal khas tab","Clinic","0","5","50","60"
"3547","Cydonia 30","MASOD","0","1","280","280"
"3548","Cough cold fever tab ","NP","0","12","0","200"
"3549","Hazmina tab ","NP","0","12","0","250"
"3550","30 ml potiences","MEK","0","1","210","153"
"3551","Belladona 1m","MASOD","0","1","290","290"
"3552","Clematis Erecta 200","MASOD","0","1","280","0"
"3553","Majoon labboob","AK","0","5","625","625"
"3554","gogal khas","AK","0","2","0","60"
"3555","Cholesterinum 3x","BM","0","2","0","260"
"3556","C-15 care on ","Public Pharma ","0","10","0","450"
"3557","H-1","Public Pharma ","0","3","0","450"
"3558","H-2","Public Pharma ","0","3","0","490"
"3559","H-3","Public Pharma ","0","3","0","490"
"3560","H-5","Public Pharma ","0","6","450","450"
"3561","H-7","Public Pharma ","0","3","0","450"
"3562","H-9","Public Pharma ","0","3","0","490"
"3563","H-10","Public Pharma ","0","1","0","450"
"3564","H-12","Public Pharma ","0","3","0","450"
"3565","H-13","Public Pharma ","0","3","0","400"
"3566","H-15","Public Pharma ","0","3","0","450"
"3567","H-16","Public Pharma ","0","6","0","450"
"3568","H-19","Public Pharma ","0","3","0","450"
"3569","H-21","Public Pharma ","0","3","600","600"
"3570","H-22","Public Pharma ","0","3","0","400"
"3571","H-23","Public Pharma ","0","3","0","400"
"3572","H-24","Public Pharma ","0","6","0","450"
"3573","H-25","Public Pharma ","0","6","0","400"
"3574","H-26","Public Pharma ","0","3","0","450"
"3575","H-29","Public Pharma ","0","3","0","450"
"3576","H-32","Public Pharma ","0","33","0","450"
"3577","H-34","Public Pharma ","0","3","0","450"
"3578","H-36","Public Pharma ","0","2","0","450"
"3579","Alfalfa Tonic 140ml","Public Pharma ","0","3","490","490"
"3580","H-6","Public Pharma ","0","6","400","400"
"3581","Ashoka 120ml","Public Pharma ","0","12","0","230"
"3582","Calculic 120ml","Public Pharma ","0","36","0","150"
"3583","Digesto-P 120ml","Public Pharma ","0","24","0","170"
"3584","Fevero 120ml","Public Pharma ","0","24","0","200"
"3585","Gastrolic 120ml","Public Pharma ","0","24","170","170"
"3586","Heptolic 120ml","Public Pharma ","0","24","0","150"
"3587","Kuflic 120ml","Public Pharma ","0","24","0","150"
"3588","Kufron 120ml","Public Pharma ","0","24","0","170"
"3589","NT-Biolic 120ml","Public Pharma ","0","24","0","150"
"3590","mat","Public Pharma ","0","1","0","0"
"3591","Matti chor 120ml","Public Pharma ","0","24","190","190"
"3592","Tempolic 120ml","Public Pharma ","0","24","0","150"
"3593","Flulic 120ml","Public Pharma ","0","24","0","150"
"3594","Cool Cid 240ml","Public Pharma ","0","12","220","220"
"3595","Altr","Public Pharma ","0","1","0","0"
"3596","Alteris cordial 240","Public Pharma ","0","1","0","0"
"3597","Alteris cordial 240ml","Public Pharma ","0","12","0","310"
"3598","Constillic 240ml","Public Pharma ","0","12","280","280"
"3599","Sharbat-e-Podina 240ml","Public Pharma ","0","24","0","190"
"3600","H-B-P Tab","Public Pharma ","0","30","250","250"
"3601","NT-Biolic Tab","Public Pharma ","0","30","275","275"
"3602","Painlic Tab","Public Pharma ","0","30","250","250"
"3603","Urilic Tab","Public Pharma ","0","30","275","275"
"3604","Sygzium Q","Shwabe","0","1","1250","0"
"3605","Cough gesic 240ml","Kent","0","3","260","0"
"3606","Solidago 30","Kent","0","1","0","0"
"3607","Solidago Q","Kent","0","1","200","0"
"3608","zingiber Q","MASOD","0","1","260","260"
"3609","Sepa 30 ","Shwabe","0","1","750","750"
"3610","Digitalis purp 30","MASOD","0","1","280","0"
"3611","Rhus Tox 30","Shwabe","0","1","750","0"
"3612","Rhus Tox Q","masod","0","1","570","250"
"3613","10ml potiences","Shwabe","0","1","750","820"
"3614","Nat Sulf  6X  (BM)","BM","0","1","260","0"
"3615","Rene Cal  drop 60ml","BM","0","6","300","300"
"3616","Fraxinus amer 30","MASOD","0","5","280","0"
"3617","K Flush 120ml","MASOD","0","10","595","0"
"3618","Hemokit ","MASOD","0","2","550","0"
"3619","Ken pyrea ","Kent","0","3","100","0"
"3620","Fairy Face cap","BM","0","1","0","250"
"3621","Fero pyron ","Clinic","0","1","0","100"
"3622","Acid flour 30","MASOD","0","1","280","280"
"3623","Calendula 200","Kent","0","1","180","0"
"3624","Camphor 200","masod","0","1","280","0"
"3625","Tonns","MEK","0","11","0","0"
"3626","rehumagen","NazZ","0","2","0","70"
"3627","Fever4","HFP","0","1","0","0"
"3628","Kravw","MASOD","0","1","0","0"
"3629","Kraver gold 30tab","MASOD","0","1","1100","1100"
"3630","Kent tilla 15ml","Kent","0","6","175","160"
"3631","a","BMa","0","1","0","0"
"3632","Lozogen TAB ","BL","0","1","650","650"
"3633","Oratril kent","Kent","0","1","165","100"
"3634","Uti care","PBHL","0","1","325","0"
"3635","Uti syp","PBHL","0","1","230","0"
"3636","Nayyab cream ","Clinic","0","1","150","0"
"3637","Diskites 4gran white 450","MASOD","0","1","350","0"
"3638","Diskites 4gran white 450gm","MASOD","0","1","350","0"
"3639","Chairata Q ","MASOD","0","1","210","210"
"3640","Alfalfa Gold Tonic 60ml","BHP","0","200","0","90"
"3641","Pipra Mint 120ml","BHP","0","96","0","140"
"3642","Fever Nill 60ml","BHP","0","200","0","90"
"3643","Gasti 60ml","BHP","0","200","0","90"
"3644","DR kashif previous balance","Clinic","0","1","0","32790"
"3645","Tribulus terr Q","BHP","0","2","250","250"
"3646","vita-z 120ml","ZAM ZAM","0","20","0","130"
"3647","Balm --","ZAM ZAM","0","30","120","120"
"3648","ZM - 16","ZAM ZAM","0","12","0","150"
"3649","Bryonia Alb 30 ml","MASOD","0","1","280","0"
"3650","Azam no 1 majoon","Clinic","0","1","600","600"
"3651","Ferrom Malt ","M/S ","0","20","400","0"
"3652","Fraxinus amer Q","Kent","0","1","230","0"
"3653","Mezeerium 30","MASOD","0","1","0","280"
"3654","Bm no","BM","0","1","190","0"
"3655","Hypericum 200","MASOD","0","1","180","0"
"3656","Rhus Tox 1m","MASOD","0","1","290","0"
"3657","Robinia Pseudo 30","BM","0","1","230","0"
"3658","Clematis 200","Shwabe","0","1","850","0"
"3659","Orchitinum 3x","BM","0","1","260","0"
"3660","Selenium 3x","BM","0","1","260","0"
"3661","Bio 21 Syp 120ML","M/S ","0","1","170","0"
"3662","Bl-52","BL","0","2","150","0"
"3663","Agaracus mus 1m","Shwabe","0","1","1150","0"
"3664","Sulfur 30","MEK","0","1","250","0"
"3665","Calcarb 200","BHP","0","1","180","0"
"3666","Kali bich 200","BHP","0","1","230","0"
"3667","Arsenic ALB 30 30ML","Kent","0","1","170","0"
"3668","Aesculs 30","Kent","0","1","170","0"
"3669","Asculus 30 30ml","MASOD","0","1","280","0"
"3670","Gold Stone Cap loss","Clinic","0","2","100","0"
"3671","Plantigo Q ","BHP","0","1","250","250"
"3672","Spielgia 30","BHP","0","2","180","0"
"3673","Ignitian 30","BHP","0","1","180","0"
"3674","Sugqar Of Milk  ","Clinic","0","1","780","0"
"3675","Nux 30","BHP","0","1","180","0"
"3676","Ignatia amara 200","BHP","0","1","180","0"
"3677","Fasto gel 50gm","PBHL","0","3","350","350"
"3678","Caricon cap ","PBHL","0","3","0","550"
"3679","Digikid drop 15ml","PBHL","0","12","0","160"
"3680","Iro Lecin 120ml","PBHL","0","12","350","350"
"3681","Rulcid 120ml","PBHL","0","12","0","260"
"3682","Rulcid 240ml","PBHL","0","12","0","380"
"3683","Superton 300gm","PBHL","0","3","0","650"
"3684","Ginseng ampule","PBHL","0","3","850","0"
"3685","Sup4","M/S ","0","1","0","0"
"3686","200 potiences","Kent","0","1","240","240"
"3687","Irodol  450gm","Boricpharma","0","1","450","450"
"3688","Balm pain relief ","PBHL","0","24","150","150"
"3689","Damia force tab","MEK","0","30","410","410"
"3690","Arsenic alb 200","Shwabe","0","1","820","0"
"3691","jabrondi Q","WShah","0","1","0","195"
"3692","Arthribid drop","BM","0","1","250","0"
"3693","kharish lotion","Con","0","1","220","220"
"3694","Urtica 30","MASOD","0","1","280","0"
"3695","L 112","Lehning","0","1","1190","0"
"3696","Sharbat-e-Podina Amrood 240ml mix","T.S","0","10","220","0"
"3697","Euparasia 30","MASOD","0","1","280","0"
"3698","zincum met 30","MASOD","0","1","280","0"
"3699","Gelsimium 30 ","MEK","0","1","250","250"
"3700","Cemicifuga 30","MASOD","0","1","230","0"
"3701","Caulophyllum 30","MASOD","0","1","180","0"
"3702","Cuff gesic 120ml","Kent","0","3","280","0"
"3703","R 7 ","RECK","0","1","1170","1170"
"3704","Carcinosinum cm (Masood)","MASOD","0","11","290","0"
"3705","Carcinosinum 1m (Masood)","MASOD","0","1","290","0"
"3706","Allum Staiva 200 (MASOD)","MASOD","0","1","280","0"
"3707","Carbo veg 200","MASOD","0","1","180","0"
"3708","Mother tincher Q ","Kent","0","10","180","0"
"3709","Ginseng 30","MASOD","0","2","280","0"
"3710","Insulinum 200","MEK","0","1","250","0"
"3711","Hamamelis 200","MASOD","0","1","280","0"
"3712","Thuja 1m","BHP","0","1","100","0"
"3713","59","PBHL","0","1","230","0"
"3714","urtica urnes200","Kent","0","1","180","0"
"3715","Bioge No 1 ( 20gm )","MASOD","0","1","310","0"
"3716","Canthris Q","shwabe","0","1","1250","1250"
"3717","Lema minar","Shwabe","0","1","0","1250"
"3718","Lema minar Q","Shwabe","0","1","1250","0"
"3719","Kl 2","KAMAL","0","12","160","160"
"3720","Thuja 200","BHP","0","1","180","0"
"3721","Fungi ","Clinic","0","1","0","280"
"3722","Taifax 120ml","Kamal","supplier","60","200","200"
"3723","Dyro 60ml","KAMAL","0","24","150","150"
"3724","Kamal ointment ","KAMAL","0","96","170","170"
"3725","Kl 14","KAMAL","0","12","190","160"
"3726","Kl 16","KAMAL","0","12","0","160"
"3727","Dyro tab 20","kamal","0","24","0","110"
"3728","Surkhana 120ml","KAMAL","0","18","230","230"
"3729","Lema minar 30","Shwabe","0","1","750","0"
"3730","pain guard ","AK","0","1","175","0"
"3731","China Off Q (30ml)","MASOD","0","1","340","0"
"3732","Baptisia 30","BHP","0","1","180","0"
"3733","Bryonia 30","BHP","0","1","180","0"
"3734","Kent 50","Kent","0","1","0","0"
"3735","M.p 30 (BHP)","BHP","0","1","180","0"
"3736","82","MASOD","0","1","0","0"
"3737","10ml potiences 30","Shwabe","0","1","750","750"
"3738","Symphytum 200 30ml","BHP","0","1","180","0"
"3739","Kalmin Osteocare 30 Table","MASOD","0","1","370","0"
"3740","Hepar sulf 200 10ml","Shwabe","0","1","850","820"
"3741","Aesculus 200","Shwabe","0","1","820","820"
"3742","Gen-pro 120ml","BHP","0","1","140","140"
"3743","Gen pro 120ml","BHP","0","1","140","140"
"3744","Pain Nil","Con","0","1","140","0"
"3745","Causticum 200 10ml","Shwabe","0","1","840","0"
"3746","Rauwolfia Q C","Kent","0","1","180","180"
"3747","Yohumbinum 200","MASOD","0","1","280","0"
"3748","R 55 Rutavine 20ml","RECK","0","1","1170","1170"
"3749","5 gruse 10ml","Clinic","0","1","750","0"
"3750","Faronisa aletris 240ml","Public Pharma ","0","1","310","0"
"3751","Ledum 200","BHP","0","1","180","0"
"3752","Conium 200","BHP","0","1","230","0"
"3753","Arnica Shampoo 200ml","Flufger","supplier","12","500","500"
"3754","Sinus Z 30ml","Flufger","0","24","285","285"
"3755","Piles cap","Flufger","0","24","375","375"
"3756","Apia nephrin 20ml","Flufger","0","10","0","850"
"3757","P-25 20ml","Flufger","0","6","0","870"
"3758","Sygizium 242 20ml","Flufger","0","10","850","850"
"3759","Calculi H 50ml","Flufger","0","10","1125","1125"
"3760","Ceregingko HM 50ml","Flufger","0","5","0","1000"
"3761","Rauwolson H 50ml","Flufger","0","6","1000","1000"
"3762","Aesculus hipp Q","BHP","0","10","220","170"
"3763","Aloe soco Q","BHP","0","10","0","250"
"3764","Arjuna Q","BHP","0","10","170","170"
"3765","Cardus mar Q","BHP","0","10","220","220"
"3766","Chamomilla Q","BHP","0","5","280","220"
"3767","Melilotius Q","BHP","0","5","0","300"
"3768","Myrica cer Q","BHP","0","5","0","170"
"3769","Pareiwa brawa Q","BHP","0","5","0","170"
"3770","Pulsatilla nig Q","BHP","0","5","0","250"
"3771","Solidigo Q","BHP","0","5","250","250"
"3772","Ruta Q","BHP","0","5","180","250"
"3773","Stapysagria Q","BHP","0","5","180","400"
"3774","Vesicar","BHP","0","1","0","0"
"3775","Collinsonia Q","bhp","0","5","170","250"
"3776","Broncal ","JR","0","2","150","0"
"3777","X Ray 30ml","MASOD","0","1","280","0"
"3778","Aconite Nep 30 30ml","MASOD","0","1","280","0"
"3779","Ferrum Phos 30 30ml","MASOD","0","1","280","0"
"3780","R-59","RECK","0","1","1170","0"
"3781","R-73","RECK","0","1","1170","0"
"3782","Arrum chlora 6x","Shwabe","0","1","0","0"
"3783","Arrum chlora 4x","Shwabe","0","1","1380","1380"
"3784","Kl 6","KAMAL","0","1","190","0"
"3785","Colic drop","BL","0","3","150","0"
"3786","Bryonia ALB Q (SPL) 30ml","Kent","0","1","170","0"
"3787","Caulophyllum 30 30ml","Kent","0","1","175","0"
"3788","Mag Phose 30 30ml","BHP","0","1","180","0"
"3789","Gelsimum 30 30ml","BHP","0","1","180","0"
"3790","Hepricum 30 30ml","BHP","0","1","180","0"
"3791","Apis Mel 30 30ml","BHP","0","1","180","0"
"3792","Kidney drop","PBHL","0","3","140","0"
"3793","Thuja Q (B)","BHP","0","1","210","0"
"3794","Balsamium peru 200","MASOD","0","1","280","0"
"3795","g","ts","0","1","0","0"
"3796","Korean farq","Clinic","0","1","0","890"
"3797","Aconite Nep 200 30ml","masod","0","1","280","0"
"3798","Laches 200","MASOD","0","1","280","0"
"3799","Bryonia Alb 200 ml","MASOD","0","0","280","0"
"3800","Ballata ori Q","Shwabe","0","1","1950","0"
"3801","Sticta 200","Shwabe","0","1","850","0"
"3802","justicea 30","MASOD","0","1","230","0"
"3803","Conium 30","Shwabe","0","1","180","0"
"3804","Bilty expence","Clinic","0","1","0","500"
"3805","Globules mek ","Clinic","0","1","200","0"
"3806","Ginsing cap","PBHL","0","1","440","0"
"3807","PTK 31","Shwabe","0","1","1250","1250"
"3808","Stapysagria 30","WShah","0","1","280","180"
"3809","Cholesterinum 30 ","Kent","0","1","750","0"
"3810","Crotulus 200","Shwabe","0","1","820","820"
"3811","cr","shwbe","0","1","0","0"
"3812","Bryonia Alba 30","Shwabe","0","1","750","750"
"3813","Bio4","Shwabe","0","1","0","0"
"3814","Millifolium Q","BM","0","1","0","260"
"3815","Goli","Clinic","0","2","0","200"
"3816","Cholesteriuum 30","Shwabe","0","1","0","750"
"3817","Cina 30","Shwabe","0","1","750","750"
"3818","Nat sulf 200","MASOD","0","1","820","0"
"3819","Ferrum Met 30","MASOD","0","1","280","0"
"3820","Alfalfa","Shwabe","0","1","1225","1225"
"3821","Hycosymus 200","Kent","0","1","200","0"
"3822","Alonux tab","Clinic","0","3","170","0"
"3823","Petroleum Gel ","Clinic","0","1","320","0"
"3824","1 gruse  mallam Dibbi","Clinic","0","1","220","0"
"3825","20ml Droper ","Clinic","0","1","700","0"
"3826","20ml Bottel","Clinic","0","1","30","0"
"3827","Empity cap 0 ","Clinic","0","1","400","0"
"3828","Belis per 30","MASOD","0","1","280","280"
"3829","Arnica shampu 200ml","PBHL","0","1","330","330"
"3830","Teething 21 drop","PBHL","0","2","230","0"
"3831","Cydonia drop","PBHL","0","1","350","0"
"3832","Pb-2","PBHL","0","4","225","0"
"3833","Baby Flu 120ml","PBHL","0","3","140","0"
"3834","Pb-8","pbhl","0","2","225","0"
"3835","30ml Q","Shwabe","0","1","1250","1250"
"3836","Podophyllum Q","Kent","0","1","180","0"
"3837","Allium cepa Q","Kent","0","1","180","0"
"3838","Thyroidinum 200","MASOD","0","4","280","0"
"3839","Thyrodinum 200","Kent","0","6","180","0"
"3840","Chaledonium 200","MASOD","0","5","280","0"
"3841","Chelidonium 200","Kent","0","2","180","0"
"3842","Allergic 120Ml Syp7","hfp","0","1","0","0"
"3843","BioCom No ( 23","PBHL","0","1","230","0"
"3844","China off Q 30ml Kent","Kent","0","1","180","0"
"3845","Tonsi Care Drops","PBHL","0","1","0","0"
"3846","joshanda 120ml","BL","0","4","130","130"
"3847","R 5 ","RECK","0","1","1170","1170"
"3848","Kali Phos 6X 150gm (BM)","BM","0","1","2340","0"
"3849","Yohimbinum Q (D) 30ml","BHP","0","1","290","250"
"3850","Baptasia 120ml","M/S ","0","4","150","0"
"3851","Lac def 200","MASOD","0","1","280","0"
"3852","Hydrocotyle 30","MASOD","0","1","280","280"
"3853","Enuroplant 20ml Drops","Shwabe","0","1","900","900"
"3854","Cina 30  30ml","BM","0","1","230","0"
"3855","Farinosa 240ml","BL","0","1","375","375"
"3856","Equisetum 30","MASOD","0","1","280","0"
"3857","Salajeet cap ","PBHL","0","6","1400","1200"
"3858","Pb-32","PBHL","0","6","0","225"
"3859","Pb-53","PBHL","0","12","0","225"
"3860","Famous beauty soap","T.S","0","6","0","120"
"3861","Ts podina green 240","T.S","0","16","0","220"
"3862","Ts podina green 120ml","T.S","0","12","0","180"
"3863","Ts podina white 240ml","T.S","0","16","0","220"
"3864","Ts podina white 120ml","T.S","0","12","0","180"
"3865","T.S Gel orignal 120ml","T.S","0","12","180","180"
"3866","H pilokit 120ml","T.S","0","10","280","320"
"3867","Cough 60ml","T.S","0","180","0","120"
"3868","Fit Cough 120ml","T.S","0","12","180","180"
"3869","Terryfit tab","T.S","0","60","0","270"
"3870","Alfalfa Tonic 240ml","BL","0","12","280","280"
"3871","Digi Lex 240ml","BL","0","12","280","280"
"3872","Renelex 240ml","BL","0","12","0","300"
"3873","Calcilex 240ml SYP","BL","0","12","0","300"
"3874","Mensobion 240ml","BL","0","12","0","350"
"3875","Gynolex 240ml","BL","0","12","0","350"
"3876","Blasmozyme 120ml","BL","0","12","0","150"
"3877","Moringa tab","BL","0","12","700","700"
"3878","Colocynthis drop","BL","0","12","0","310"
"3879","Fucus drop","BL","0","12","350","350"
"3880","Bryta carb drop","BL","0","12","0","290"
"3881","Cepation drop","BL","0","12","0","290"
"3882","Pyloron drop","BL","0","12","220","280"
"3883","Reni H drop","BL","0","12","0","310"
"3884","Diaberah drop","BL","0","12","0","280"
"3885","Digi Cid drop","BL","0","12","0","290"
"3886","Damialex drop","BL","0","12","350","350"
"3887","B Figa powder","BL","0","20","0","200"
"3888","Moschus drops 20ml","BL","0","1","0","4500"
"3889","Pbhl","PBHL","0","1","0","0"
"3890","Alfalfa  stawberry 120ml","PBHL","0","12","0","230"
"3891","Arnica cream","PBHL","0","12","0","200"
"3892","Asthabion cap","PBHL","0","6","0","310"
"3893","Axelax drop","PBHL","0","6","0","250"
"3894","Axelax tab","PBHL","0","3","550","550"
"3895","Br Medicated cream","PBHL","0","6","0","210"
"3896","T-no    ","MEK","0","1","230","0"
"3897","Alumina 200  ","MASOD","0","1","180","0"
"3898","caladium seg 30","shwbe","0","1","750","0"
"3899","Secale Corr 1M 30ml","KAMAL","0","1","290","0"
"3900","Merc Corr 30 30ml","BHP","0","1","180","0"
"3901","Gold ston ","Clinic","0","1","100","0"
"3902","Calc renilies 200","MASOD","0","1","280","0"
"3903","Graceful cap","Clinic","0","2","80","280"
"3904","Helico 120ml","Armaa pvt","supplier","200","350","350"
"3905","Gesty drop","Armaa pvt","0","48","299","299"
"3906","Genko Men Tab","Armaa pvt","0","36","750","750"
"3907","Hydrangea Q","Shwabe","0","1","450","450"
"3908","Stigmata Q","Shwabe","0","1","1250","1250"
"3909","Sarkanda Q","MASOD","0","1","210","0"
"3910","Mitty Chor 250ml SYP","BL","0","3","160","0"
"3911","Aswaganda Q","Kent","0","1","175","175"
"3912","kran piles powder ","MeDi","0","40","0","170"
"3913","kiruwan suppliment","MeDi","0","8","850","850"
"3914","piles ye cream","MeDi","0","35","0","200"
"3915","Renecal drop","MeDi","0","11","0","200"
"3916","Re -Jawan tilla","MeDi","0","12","750","750"
"3917","super mariige cream","MeDi","0","10","0","1200"
"3918","Alopend oil","MeDi","0","36","390","390"
"3919","83","MASOD","0","1","0","0"
"3920","Phosphorus 200","Kent","0","1","180","0"
"3921","Rheu Max RED 60ml","PBHL","0","1","270","0"
"3922","Mix","MASOD","0","1","210","200"
"3923","Cladium seg 30","Shwabe","0","1","0","750"
"3924","Tuxikid 60ml","PBHL","0","6","160","0"
"3925","Fevnol 60ml","PBHL","0","12","150","0"
"3926","Aurum net 6x","KAMAL","0","1","360","360"
"3927","Time bullet tab","Clinic","0","2","1050","0"
"3928","Bella cap","Clinic","0","2","100","0"
"3929","B Coviti tab","BHP","0","2","160","0"
"3930","livercard 120ml","Boricpharma","0","60","175","175"
"3931","Thyrodinum dose","Clinic","0","1","60","0"
"3932","Uti cap","PBHL","0","3","450","0"
"3933","Ferro Mek 415Gm malt","MEK","0","6","470","0"
"3934","Moschus 1m","BM","0","1","250","200"
"3935","Super gold box","Clinic","0","4","2950","800"
"3936","Toko d 3 cream","Clinic","0","3","240","240"
"3937","Anti stone drop","Clinic","0","10","300","300"
"3938","Podophyllum 30","Shwabe","0","1","750","750"
"3939","Cholesterinum 3x 150gm","PBHL","0","1","700","700"
"3940","n","Con","0","17","0","0"
"3941","Super Wight Gainer choklate","kent","0","1","710","710"
"3942","Aconite Nep 1m 30ml","BM","0","10","250","250"
"3943","Calc CARB 1m 30ml4","BM","0","6","250","250"
"3944","Calc iod 1m","BM","0","5","250","250"
"3945","Gelsemium 1m 30ml","BM","0","10","250","250"
"3946","Lachesis 1m 30ml","BM","0","5","250","250"
"3947","Thallium met 200 30ml","BM","0","1","230","230"
"3948","Cedron 30 30ml","BM","0","5","230","230"
"3949","Chelidonium Maj 3x 120ml","BM","0","2","550","550"
"3950","Cholesterinum 3x 120ml","BM","0","2","550","550"
"3951","Thallium met 30","BM","0","5","230","0"
"3952","Dp 13","Clinic","0","1","450","250"
"3953","Globiles ","Clinic","0","2","200","320"
"3954","marter tab","Almanan","0","5","220","0"
"3955","Majoon shawab-e-zafrani","AK","0","2","710","710"
"3956","Acid Nit 200","Kent","0","1","200","0"
"3957","Nat Mur 200","MASOD","0","1","280","0"
"3958","Baryta carb 200","MEK","0","1","180","0"
"3959","Mek","Clinic","0","1","0","0"
"3960","khoon safe","M/S ","0","12","120","120"
"3961","v","BL","0","1","0","0"
"3962","Globiles diskittes 40no","MEK","0","1","200","0"
"3963","Calc phos 200","MASOD","0","1","280","0"
"3964","Calendula cream","Kent","0","4","125","0"
"3965","Asculus 200","Kent","0","10","180","0"
"3966","Disketts 3 Grain green round 7","BM","0","1","0","0"
"3967","Calendula lotion","Kent","0","2","200","0"
"3968","Cemicifuga 200","BM","0","1","610","610"
"3969","ZM -9","ZAM ZAM","0","1","150","0"
"3970","fraxinus amercina Q","shwbe","0","1","1250","0"
"3971","Calc flour 6x","Kent","0","2","170","0"
"3972","T-164","MEK","0","1","0","0"
"3973","file payment","AK","0","1","13000","0"
"3974","Passiflor Q","WShah","0","1","0","0"
"3975","Passiflor Q (D)","WShah","0","1","320","0"
"3976","Pyrolium 200 ","BHP","0","1","180","0"
"3977","Sulfur 200","Kent","0","1","175","0"
"3978","oncce more cap","Clinic","0","2","1275","1275"
"3979","doudee drop","SK","0","3","200","0"
"3980","Mother Tincher 20ml","Shwabe","0","3","1250","0"
"3981","China Q","Shwabe","0","1","1250","0"
"3982","Gossipium Q","Shwabe","0","1","1250","0"
"3983","Conium 1M","Shwabe","0","1","1150","0"
"3984","Lycopodium CM","Shwabe","0","1","1800","0"
"3985","Oleum jac 200 30ml","MASOD","0","1","280","0"
"3986"," ","SK","0","1","0","0"
"3987","Gastric Plus jar","Kent","0","1","675","0"
"3988","R 63","RECK","0","1","1170","1170"
"3989","Lac defioratum 200","Kent","0","1","180","0"
"3990","Gingko biloba Q","Shwabe","0","1","0","1250"
"3991","Cholex tab","BL","0","12","0","250"
"3992","Cratelex tab","BL","0","12","0","350"
"3993","Defrol tab","BL","0","12","0","250"
"3994","Dologin tab","BL","0","12","300","300"
"3995","Emono tab","BL","0","12","600","600"
"3996","Enuro tab","BL","0","12","350","350"
"3997","Femiton tab","BL","0","12","350","350"
"3998","ONO Plus tab","BL","0","12","350","350"
"3999","Spondylex tab","BL","0","12","0","350"
"4000","Uritox tab","BL","0","12","250","250"
"4001","yellow star tab","Clinic","0","24","90","0"
"4002","Mar","Clinic","0","1","0","0"
"4003","Piles Off 120ml","M/S ","0","1","150","150"
"4004","AloeVera Calendula Cream 150g","PBHL","0","1","350","0"
"4005","Hypricum 200 ","BHP","0","1","180","0"
"4006","UTI syp 120ml","M/S ","0","1","150","150"
"4007","Stapysagia 200","MASOD","0","1","280","0"
"4008","R 13","RECK","0","1","1170","1170"
"4009","Casticum 30 (MASOD)","MASOD","0","1","280","0"
"4010","Calca carb 200","KAMAL","0","1","230","190"
"4011","Spevol tab","PBHL","0","1","350","0"
"4012","Dhamasa Q","BHP","0","1","170","0"
"4013","R 2  ","RECK","0","1","1170","1170"
"4014","Bio # 17 (Shwabe)","Shwabe","0","1","750","0"
"4015","Opium 30","Shwabe","0","2","750","650"
"4016","Ginkgo Sf 250ml","Kent","0","3","530","0"
"4017","Cuprum ars 30","Shwabe","0","1","750","0"
"4018","Aelserum 30","RECK","0","1","750","0"
"4019","Cladium 1M","MASOD","0","1","290","0"
"4020","Nerve and bond linment","Kent","0","1","210","0"
"4021","Causticum 30","MASOD","0","1","280","0"
"4022","Teucream Mar 30","MASOD","0","1","280","0"
"4023","Globiles 50no","MEK","0","1","230","0"
"4024","S.B majoon","Clinic","0","1","250","0"
"4025","113","GHR","0","1","0","0"
"4026","Silajit syp 120","MASOD","0","1","795","0"
"4027","Caledumed  creem","Shwabe","0","1","1150","0"
"4028","Caledula cream","Shwabe","0","1","0","1150"
"4029","Ustilago maidis Q","BM","0","1","280","0"
"4030","Duncap","Almanan","0","1","0","0"
"4031","Passiflora Q ( D)","MEK","0","1","380","0"
"4032","Lycopodium 200","KAMAL","0","1","180","280"
"4033","R 42","RECK","0","1","0","0"
"4034","R42","RECK","0","1","1170","0"
"4035","Aloes 30 30ml","MASOD","0","1","280","0"
"4036","R 88","RECK","0","2","1670","0"
"4037","R 3 ","RECK","0","2","1170","0"
"4038","R 9","RECK","0","2","1170","0"
"4039","Ipecacuanha 30","Shwabe","0","2","750","750"
"4040","PTK 75","Shwabe","0","1","1250","0"
"4041","R no 7","RECK","0","2","0","0"
"4042","Fraxinus Q","Shwabe","0","1","1250","0"
"4043","Caladium 30","MASOD","0","1","280","0"
"4044","Kl 3","KAMAL","0","1","160","0"
"4045","Kl 18","KAMAL","0","1","160","0"
"4046","R40","RECK","0","1","1170","1170"
"4047","Cineraria drop","Kent","0","2","155","0"
"4048","Ferum met 30","BHP","0","1","180","0"
"4049","R 48","RECK","0","1","1170","0"
"4050","Bio # 5","Shwabe","0","1","750","0"
"4051","R 40","RECK","0","1","0","1170"
"4052","Phyto mek tab","MEK","0","12","310","310"
"4053","Gastro Pex Tab jar","MEK","0","6","0","660"
"4054","urtica urnes30","Kent","0","1","180","0"
"4055","Mag phos 6x","Kent","0","1","170","0"
"4056","Ferrum phos 6x","Kent","0","1","170","0"
"4057","Ars alb 30","BHP","0","1","180","0"
"4058","Plantigo Q 20ml","Shwabe","0","1","1250","1250"
"4059","Pb-22","PBHL","0","1","225","0"
"4060","Uva Ursi Q","bm","0","1","280","0"
"4061","Pb-20","PBHL","0","1","275","0"
"4062","Famous soap","Clinic","0","1","130","0"
"4063","Famous cream","Clinic","0","1","320","0"
"4064","Carcinosinum 200 (Masood)","MASOD","0","1","280","0"
"4065","Carcinosinum 200","Kent","0","1","180","0"
"4066","Anthracinum 30","KAMAL","0","1","180","0"
"4067","Lycopodium 30","BHP","0","1","180","0"
"4068","Havert 20 Tab","Almanan","0","1","220","0"
"4069","Kali Phos 30","Shwabe","0","1","750","750"
"4070","vigolic tab","Public Pharma ","0","3","550","550"
"4071","Silecea 200","Shwabe","0","1","820","0"
"4072","Calc sulph 12x","Shwabe","0","1","750","750"
"4073","Ecnatia Q","BHP","0","1","220","250"
"4074","Phosporus 30","BHP","0","1","180","180"
"4075","Chelidonium Q","BHP","0","1","170","170"
"4076","2nd","Clinic","0","1","0","0"
"4077","2nd year","Clinic","0","1","1500","0"
"4078","Merc Corr 200","BHP","0","1","180","0"
"4079","Ezema cream","Kent","0","4","150","0"
"4080","Selenium 3C Tab","BM","0","24","0","260"
"4081","Berberis Vulg 200 10ml","Shwabe","0","1","820","0"
"4082","Pulsatilla 30","BHP","0","1","180","0"
"4083","Thuja 30","BHP","0","1","180","0"
"4084","Cartygus Q","BHP","0","10","220","0"
"4085","Lycopodium Q (S)","BHP","0","1","400","400"
"4086","Stapysagria 200","BHP","0","1","180","0"
"4087","Bioge No 4","MASOD","0","2","310","0"
"4088","Flexolin","Clinic","0","1","132","110"
"4089","Oleum Jec Cap","PBHL","0","3","0","300"
"4090","Urosol granules","PBHL","0","6","0","300"
"4091","Pb-18","PBHL","0","12","275","275"
"4092","H-4","Public Pharma ","0","5","0","450"
"4093","H-11","Public Pharma ","0","5","0","450"
"4094","H-17","Public Pharma ","0","5","0","450"
"4095","H-18","Public Pharma ","0","5","0","450"
"4096","H-20","Public Pharma ","0","2","0","450"
"4097","H-28","Public Pharma ","0","5","0","490"
"4098","Oraleen Drops 15ml","Public Pharma ","0","24","0","170"
"4099","Reumalic 240ml","Public Pharma ","0","12","0","300"
"4100","Morbidol Beauty Cream 20g    ","Public Pharma ","0","12","0","400"
"4101","Acnolic Cream 20g","Public Pharma ","0","12","0","350"
"4102","Bonlic Drops 30ml","Public Pharma ","0","5","350","350"
"4103","BiO -21 TaB","Public Pharma ","0","90","400","135"
"4104","Acid Phos Q (C)","BHP","0","10","220","220"
"4105","Agnas Cast Q (B)","BHP","0","20","0","170"
"4106","Alteris Far (S)","BHP","0","1","0","0"
"4107","Alteris Far Q (S)","BHP","0","15","0","400"
"4108","Alfalfa Q (A)","BHP","0","20","0","150"
"4109","Allium Stiva Q (B)","BHP","0","15","0","170"
"4110","Arnica Mont Q (E)","BHP","0","3","0","300"
"4111","Ashwagandha Q (B)","BHP","0","10","230","170"
"4112","Baptisia Q (S)","BHP","0","1","0","400"
"4113","Belis Per Q (B)","BHP","0","3","0","170"
"4114","Berberies vulg Q (C)","BHP","0","50","0","220"
"4115","Calendula Off Q (B)","BHP","0","25","210","170"
"4116","China Off Q (D)","BHP","0","2","250","250"
"4117","Colocynthis Q (B)","BHP","0","3","0","170"
"4118","Caratygus Q (C)","BHP","0","25","220","220"
"4119","Damiana Q (D)","BHP","0","25","0","250"
"4120","Gossipium Q (B)","BHP","0","10","0","170"
"4121","Helonias Dioica Q (S)","BHP","0","2","0","400"
"4122","Hydrocotyle Q (B)","BHP","0","5","0","170"
"4123","Phytolacca Dec Q (D)","BHP","0","5","0","250"
"4124","Rhus Tox Q (D)","BHP","0","1","250","250"
"4125","Sarsaparilla Q (D)","BHP","0","10","0","250"
"4126","Stigmata May Q (D)","BHP","0","2","0","250"
"4127","Syzygium Jamb Q (C)","BHP","0","25","220","220"
"4128","Yerba Stiva Q (D)","BHP","0","3","0","250"
"4129","Zingiber Off Q (B)","BHP","0","5","0","170"
"4130","Dard _E_ Shifa ","AK","0","2","100","0"
"4131","Euprashia drop","BM","0","1","230","0"
"4132","Be Smart  powder","BL","0","2","370","0"
"4133","Be Smart  powder box","BL","0","2","370","0"
"4134","Garlina Tab","Clinic","0","1","2200","0"
"4135","29","HFP","0","2","170","0"
"4136","Oesteon 120ml","PBHL","0","1","230","0"
"4137","Silecea 6x","Shwabe","0","1","750","0"
"4138","Phytolacca berry schwabe Tab","Shwabe","0","1","1145","0"
"4139","Genetone  solution","MASOD","0","1","1100","0"
"4140","Bio - 21 Tab","Kent","0","6","275","0"
"4141","Kent motalien powder","Kent","0","6","150","0"
"4142","Tonsi-B 120ml","BL","0","12","180","180"
"4143","Malca 120ml","PBHL","0","3","250","0"
"4144","Arnica Mont 200","BHP","0","1","180","0"
"4145","Urtica Q (D)","BHP","0","1","250","0"
"4146","Kali carb 30","BHP","0","1","180","0"
"4147","Borax 30","BHP","0","1","250","0"
"4148","Nosetone cap","NazZ","0","1","350","0"
"4149","Hydrastis Q (s)","BHP","0","1","400","0"
"4150","Cantharis Q (S)","BHP","0","1","400","0"
"4151","Female ","Kent","0","1","180","0"
"4152","Hydrengea Q (D)","Kent","0","1","240","0"
"4153","Hydrengea Q (E)","MASOD","0","1","450","450"
"4154","Cinnamomum 30","Shwabe","0","1","750","0"
"4155","10ml potiences 200","Shwabe","0","1","820","820"
"4156","10ml potiences 1m","Shwabe","0","1","1150","0"
"4157","Sabal ser 30","BHP","0","1","230","0"
"4158","Allumina 200","BM","0","1","0","0"
"4159","Haper sulf 30","BHP","0","1","180","0"
"4160","Bryta carb 30","BHP","0","1","180","0"
"4161","HR No 364","MASOD","0","1","0","0"
"4162","Chimaphilla Q","Clinic","0","1","1250","0"
"4163","Cactus Q","MASOD","0","1","590","0"
"4164","Taraxacum Q","MASOD","0","1","340","0"
"4165","Silicea 30","BHP","0","1","230","0"
"4166","Dai","Shwabe","0","1","0","0"
"4167","Hydrastis 30","Kent","0","1","180","0"
"4168","Alfalfa Shwabe 100ml Syp","Shwabe","0","1","1225","0"
"4169","Brain 30 30ml ","MASOD","0","1","280","0"
"4170","Bryonia Alb Q","MASOD","0","1","380","0"
"4171","Pb-14","PBHL","0","10","225","0"
"4172","Acid Phos 1M","MASOD","0","1","290","0"
"4173","Fev6","T.S","0","1","0","0"
"4174","Psorinum 1M","MASOD","0","1","290","0"
"4175","Ashwaganda Q","Kent","0","1","200","0"
"4176","R 130","RECK","0","1","1390","0"
"4177","R191","RECK","0","1","2230","0"
"4178","R183","RECK","0","1","2230","0"
"4179","Naxul Comp Tab","Flufger","0","1","710","810"
"4180","PTK 87","Shwabe","0","1","1250","0"
"4181","Damialex 120ml","BL","0","1","550","0"
"4182","Urea pura 200","MASOD","0","1","280","0"
"4183","GINSENG 30 Tab ","BL","0","1","750","0"
"4184","Ghamomilla 60ml","BL","0","1","110","0"
"4185","Asthalex -B","BL","0","1","180","0"
"4186","H-Pylori ","BL","0","1","310","0"
"4187","Nappy rash 25 gm","PBHL","0","1","125","0"
"4188","Be-smart powder","BL","0","1","370","0"
"4189","Blosmo Gel tab","BL","0","1","350","0"
"4190","Dyrofine tab","BL","0","1","180","0"
"4191","justicia tab ","BL","0","1","180","0"
"4192","200 potience 120ml","MASOD","0","2","670","0"
"4193","30 potiwnce 120ml","MASOD","0","1","670","280"
"4194","D-L","Clinic","0","1","1000","0"
"4195","Bl-8","BL","0","2","140","0"
"4196","Bl 8","BL","0","2","0","0"
"4197","Bp normal","BHP","0","1","150","0"
"4198","29 Mer Sol Drops","HFP","0","1","145","0"
"4199","Salajeet syrp","masod","0","1","795","0"
"4200","Suranjan cap","Clinic","0","1","110","0"
"4201","Rubinia pseda 30","Farhan","0","1","180","0"
"4202","Ancardium 200","Shwabe","0","1","820","0"
"4203","Five phos 12x","Shwabe","0","1","750","0"
"4204","Spo","BHP","0","1","0","0"
"4205","Sabal sar 30","farhan ","0","1","190","0"
"4206","Solidigo 30","Farhan","0","1","190","0"
"4207","Mek-Cough 450ml","MEK","0","1","430","0"
"4208","Berbaris Q 120ml","MEK","0","1","550","0"
"4209","Acid phos Q","Shwabe","0","1","1250","0"
"4210","58","MASOD","0","1","210","0"
"4211","Lechesis 1M","MASOD","0","1","290","0"
"4212","Osteon 120ml","PBHL","0","1","230","0"
"4213","Aletrican 120ml","PBHL","0","1","190","0"
"4214","Slinium 200","BHP","0","1","180","0"
"4215","Belladona cm","MASOD","0","1","290","0"
"4216","Antimonium Tart 30 30ml","MASOD","0","1","280","0"
"4217","Calc flour 30","Kent","0","1","180","0"
"4218","10ml BM","BM","0","1","100","0"
"4219","1m bm","BM","0","1","200","0"
"4220","1m","Shwabe","0","1","240","0"
"4221","Cm","MASOD","0","1","290","0"
"4222","K Clear Drop","Armaa pvt","0","1","299","0"
"4223","Nemsol +","Public Pharma ","0","1","250","0"
"4224","Alernil tab","BHP","0","1","120","0"
"4225","paintach Tab","Almanan","0","1","210","0"
"4226","HFP 59","HFP","0","1","230","0"
"4227","30 potiwnce 30ml","MASOD","0","1","280","280"
"4228","Iris veg 200","BHP","0","1","180","0"
"4229","Veratum Alb 200 (BM.)","BM","0","1","180","0"
"4230","Broyaina 30","BHP","0","1","180","0"
"4231","Moringa Syp 240ml","BL","0","1","280","0"
"4232","Kent thymus","Kent","0","1","0","0"
"4233","Kent thymus 120ml","Kent","0","1","215","0"
"4234","HR No 413","MASOD","0","1","0","0"
"4235","Silajit tab","MASOD","0","1","1400","1400"
"4236","Rhus Tox 200","BHP","0","1","180","0"
"4237","Cantharis 30","BHP","0","1","180","0"
"4238","Thuja 1m (Shwabe)","Shwabe","0","1","1150","0"
"4239","Acid Phos 200","BHP","0","1","180","0"
"4240","Crotalus hor 30 30ml","BM","0","1","230","0"
"4241","Ma","TS","0","1","0","0"
"4242","Arsenicum album 200","MASOD","0","1","280","0"
"4243","Anacardium 200","MEK","0","1","180","0"
"4244","Kali phos","Clinic","0","1","450","0"
"4245","A - 16","Clinic","0","1","1250","0"
"4246","Alumin 30","BHP","0","1","180","0"
"4247","Gnaphallum 200","Farhan","0","1","180","0"
"4248","Guaiacum 200","Farhan","0","1","180","0"
"4249","Malshi Maram","KAMAL","0","60","210","210"
"4250","Kl 7","KAMAL","0","12","190","190"
"4251","Ruk cap ","KAMAL","0","12","0","210"
"4252","Lori tab blister","KAMAL","0","12","0","80"
"4253","Kufzit 120ml","KAMAL","0","60","200","200"
"4254","Sabal Serr Q 450ml","KAMAL","0","4","0","4570"
"4255","Chimaphilla Q 450ml","KAMAL","0","1","0","2930"
"4256","Ashwaganda Q 500ml","KAMAL","0","2","0","1543"
"4257","Millifoilum Q 500ml","KAMAL","0","1","0","1543"
"4258","Psorinum CM","BM","0","1","250","250"
"4259","R64","RECK","0","1","1150","1150"
"4260","P-25","Clinic","0","1","870","0"
"4261","30ml potency","AK","0","1","1250","0"
"4262","Belladona 200","BHP","0","1","180","0"
"4263","Cimicefuga 30","BHP","0","1","180","0"
"4264","Calcarb 30","BHP","0","1","180","0"
"4265","Grose 5ml Cap","Clinic","0","1","0","0"
"4266","Piumbum met 200","BM","0","1","230","0"
"4267","Cardus marianus Q (C)","PBHL","0","1","220","0"
"4268","Aswagandha Q (B)","BHP","0","1","170","0"
"4269","Arnica Q ","Shwabe","0","1","1250","0"
"4270","Gastric Plus 75Tab 50","Kent","0","1","0","0"
"4271","Cm 30ML","MASOD","0","1","290","0"
"4272","1M 30ml","MASOD","0","3","290","0"
"4273","Allum cepa 30(MASOD)","MASOD","0","1","280","0"
"4274","Aconitum 200","Kent","0","1","180","0"
"4275","Apis milli 200 30ml","Shwabe","0","1","820","0"
"4276","Laxy drop","Clinic","0","6","150","150"
"4277","Gingee p 120ml","PBHL","0","12","225","0"
"4278","Sulfer  30","BHP","0","1","230","0"
"4279","Mag Phose 200","BHP","0","1","180","0"
"4280","Kali Mure 200","BHP","0","1","230","0"
"4281","Alumin 200","BHP","0","1","180","0"
"4282","Gelsimum 200","BHP","0","1","180","0"
"4283","Gnaphyllum 200","BHP","0","1","180","0"
"4284","Ruta 30","BHP","0","1","180","0"
"4285","Brain tonic 120ml ","MASOD","0","1","670","0"
"4286","Mek Cuff 450ml","MEK","0","1","430","0"
"4287","Khoon Safi 450ml","MEK","0","1","430","0"
"4288","Senox Cold 450ml","MEK","0","2","300","0"
"4289","Diar Nil 60ml","PBHL","0","6","150","0"
"4290","Thandak 120ml ","M/S ","0","1","150","0"
"4291","Chinonthus Q 30ml","Shwabe","0","1","1250","0"
"4292","Phytolacca 30","Farhan","0","1","230","0"
"4293","z","zamzam","0","1","0","0"
"4294","Paper Roll Printer","Clinic","0","1","350","0"
"4295","Calc carb 30","MASOD","0","1","280","0"
"4296","Sulphur 30","MASOD","0","1","280","0"
"4297","51 Opium","HFP","0","1","230","0"
"4298","Re-jawan","JR","0","1","750","0"
"4299","Gnaphalium polycephalum 30","Shwabe","0","1","750","750"
"4300","Colocynthis 30","Shwabe","0","1","180","0"
"4301","yohimbinum cap","Kent","0","1","190","0"
"4302","Matti Chor","BL","0","1","160","0"
"4303","30 ml ","Farhan","0","1","280","0"
"4304","30ml 200","Farhan","0","1","280","0"
"4305","Bacillinum 30","MASOD","0","1","0","280"
"4306","61","HFP","0","1","230","0"
"4307","Kreasotum 30","MASOD","0","1","280","0"
"4308","Sulphur 1m","BHP","0","1","290","0"
"4309","Aresenicum aldum 30","Shwabe","0","1","750","0"
"4310","kali phos 200","Farhan","0","1","180","0"
"4311","Kreosotum 30","Shwabe","0","1","750","0"
"4312","Cadmax","Clinic","0","2","0","280"
"4313","Kracks","PBHL","0","1","300","0"
"4314","Aurum met 30","MASOD","0","1","280","0"
"4315","54","HFP","0","4","230","0"
"4316","Pulsatilla Q ","BHP","0","1","230","0"
"4317","Nat mure 200","BHP","0","2","180","0"
"4318","b","shwbe","0","1","0","0"
"4319","Fevokidi drop","PBHL","0","4","170","0"
"4320","S.B tab","Clinic","0","5","100","0"
"4321","Bryta carb 200","Farhan","0","1","250","0"
"4322","HFP 53 Calc Fluor","HFP","0","1","750","0"
"4323","59 Urtica Urenus","HFP","0","1","230","0"
"4324","Fytolaca tab","MASOD","0","1","220","0"
"4325","Myristiea 1m","BM","0","1","250","0"
"4326","Irolecin malt","Kent","0","1","470","0"
"4327","Irolecin malt 300ml","PBHL","0","1","470","0"
"4328","Cash","Clinic","0","1","1430","0"
"4329","Joint Flex drop","AK","0","1","375","375"
"4330","Kidnol  drop","PBHL","0","1","250","0"
"4331","7","ZAM ZAM","0","1","0","0"
"4332","Lemna minor 200","MASOD","0","1","240","0"
"4333","Teucrium 30","Kent","0","1","240","0"
"4334","R49","RECK","0","1","1250","0"
"4335","Felturi Q","Clinic","0","1","1250","0"
"4336","Ashoka cordial 240 ml","T.S","0","1","250","0"
"4337","Selenium 30","Shwabe","0","1","750","0"
"4338","Agnus 30","Shwabe","0","1","750","0"
"4339","Carcinominum 200","Clinic","0","1","850","0"
"4340","Aloe 30","BHP","0","1","180","0"
"4341","Rauwalson - H","Farhan","0","1","1000","0"
"4342","urea 30","Shwabe","0","1","750","0"
"4343","Colocynthis 200","BHP","0","1","180","0"
"4344","Cardus mar 30","Shwabe","0","1","750","0"
"4345","Caulophyllum 200","BHP","0","1","100","0"
"4346","BlosmoleX Tab","BL","0","1","350","0"
"4347","Analeticum plus","Clinic","0","1","200","0"
"4348","Don plus CAP","Clinic","0","72","75","0"
"4349","6x tab","Shwabe","0","5","750","0"
"4350","A 49","Clinic","0","1","1250","0"
"4351","ZM -17","ZAM ZAM","0","2","100","0"
"4352","Consiton tab","Clinic","0","1","450","0"
"4353","Q (B)","BHP","0","3","210","0"
"4354","Mu4","PBHL","0","1","0","0"
"4355","Asoka Q 450ml","MASOD","0","1","2180","0"
"4356","Sponia 200","Farhan","0","1","200","0"
"4357","Gastral tab","PBHL","0","1","150","0"
"4358","urtica Q","Shwabe","0","1","1250","0"
"4359","Castro 120 ml","Clinic","0","4","230","0"
"4360","Uronal 120 ml","Clinic","0","4","230","0"
"4361","Korean 250ml","Clinic","0","4","0","1975"
"4362","S. fulad 250ml","Clinic","0","1","375","0"
"4363","Colic 60 ml","Clinic","0","1","140","0"
"4364","Liver Rex 120","Clinic","0","1","230","0"
"4365","Bryonia Liniment 60ml .","PBHL","0","1","250","0"
"4366","Pytolacca berry","PBHL","0","1","300","0"
"4367","Arnica Mont 3","BHP","0","5","180","0"
"4368","T no mix","MEK","0","5","230","0"
"4369","Iro Lecin 240ml","PBHL","0","4","0","0"
"4370","podina 120ml","AK","0","1","135","0"
"4371","Nux Plus 120ml","M/S ","0","1","170","0"
"4372","Alfa-Made Tab","M/S ","0","2","250","0"
"4373","Dia-Safe Tab","M/S ","0","1","300","0"
"4374","Alser Tab","M/S ","0","1","150","0"
"4375","Sinus Plus Tab","M/S ","0","1","150","0"
"4376","Brykil 120ml","M/S ","0","1","170","0"
"4377","raza","1231","syrup","2","0","0"
"4378","Sharbat -e-podina","Sharbat -E-Podina 240ml","0","20","0","250"
