Medicine Name,Company Name,Product Code,Purchase Price,Sale Price,Store Stock,Warehouse Stock,Category,Minimum Alert Level
"1 Ghr 20Ml","GHR Homoeo Pharma","GHR",0,0,0,0,"Homeopathic Drops","6"
"2 Ghr 20Mi","GHR Homoeo Pharma","GHR",0,0,0,0,"Homeopathic Drops","6"
"3 Ghr 20Ml","GHR Homoeo Pharma","GHR",0,0,0,0,"Homeopathic Drops","6"
"4 Ghr 20 Ml","GHR Homoeo Pharma","GHR",0,0,0,0,"Homeopathic Drops","6"
"5 Ghr 20 Ml","GHR Homoeo Pharma","GHR",0,0,0,0,"Homeopathic Drops","6"
"6 Ghr 20 Ml","GHR Homoeo Pharma","GHR",0,0,0,0,"Homeopathic Drops","6"
"7 Ghr 20Ml","GHR Homoeo Pharma","GHR",0,0,0,0,"Homeopathic Drops","6"
"8 Ghr 20Ml","GHR Homoeo Pharma","GHR",0,0,0,0,"Homeopathic Drops","6"
"9 Ghr 20Ml","GHR Homoeo Pharma","GHR",0,0,0,0,"Homeopathic Drops","6"
"10 Ghr 20Ml","GHR Homoeo Pharma","GHR",0,0,0,0,"Homeopathic Drops","6"
"11 Ghr 20Ml","GHR Homoeo Pharma","GHR",0,0,0,0,"Homeopathic Drops","6"
"12 Ghr 20Ml","GHR Homoeo Pharma","GHR",0,0,0,0,"Homeopathic Drops","6"
"13 Ghr 20Ml","GHR Homoeo Pharma","GHR",0,0,0,0,"Homeopathic Drops","6"
"14 Ghr 20Ml","GHR Homoeo Pharma","GHR",0,0,0,0,"Homeopathic Drops","6"
"15 Ghr 20Ml","GHR Homoeo Pharma","GHR",0,0,0,0,"Homeopathic Drops","6"
"16 Ghr 20Ml","GHR Homoeo Pharma","GHR",0,0,0,0,"Homeopathic Drops","6"
"17 Ghr 20Ml","GHR Homoeo Pharma","GHR",0,0,0,0,"Homeopathic Drops","6"
"18 Ghr 20Ml","GHR Homoeo Pharma","GHR",0,0,0,0,"Homeopathic Drops","6"
"19 Ghr 20Ml","GHR Homoeo Pharma","GHR",0,0,0,0,"Homeopathic Drops","6"
"20 Ghr 20Ml","GHR Homoeo Pharma","GHR",0,0,0,0,"Homeopathic Drops","6"
"21 Ghr 20Ml","GHR Homoeo Pharma","GHR",0,0,0,0,"Homeopathic Drops","6"
"22 Ghr 20Ml","GHR Homoeo Pharma","GHR",0,0,0,0,"Homeopathic Drops","6"
"23 Ghr 20Ml","GHR Homoeo Pharma","GHR",0,0,0,0,"Homeopathic Drops","6"
"24 Ghr 20Ml","GHR Homoeo Pharma","GHR",0,0,0,0,"Homeopathic Drops","6"
"25 Ghr 20Ml","GHR Homoeo Pharma","GHR",0,0,0,0,"Homeopathic Drops","6"
"26 Ghr 20Ml","GHR Homoeo Pharma","GHR",0,0,0,0,"Homeopathic Drops","6"
"27 Ghr 20Ml","GHR Homoeo Pharma","GHR",0,0,0,0,"Homeopathic Drops","6"
"28 Ghr 20Ml","GHR Homoeo Pharma","GHR",0,0,0,0,"Homeopathic Drops","6"
"29 Ghr 20Ml","GHR Homoeo Pharma","GHR",0,0,0,0,"Homeopathic Drops","6"
"30 Ghr 20Ml","GHR Homoeo Pharma","GHR",0,0,0,0,"Homeopathic Drops","6"
"31 Ghr 20Ml","GHR Homoeo Pharma","GHR",0,0,0,0,"Homeopathic Drops","6"
"32 Ghr 20Ml","GHR Homoeo Pharma","GHR",0,0,0,0,"Homeopathic Drops","6"
"33 Ghr 20Ml","GHR Homoeo Pharma","GHR",0,0,0,0,"Homeopathic Drops","6"
"34 Ghr 20Ml","GHR Homoeo Pharma","GHR",0,0,0,0,"Homeopathic Drops","6"
"35 Ghr 20Ml","GHR Homoeo Pharma","GHR",0,0,0,0,"Homeopathic Drops","6"
"36 Ghr 20Ml","GHR Homoeo Pharma","GHR",0,0,0,0,"Homeopathic Drops","6"
"37 Ghr 20Ml","GHR Homoeo Pharma","GHR",0,0,0,0,"Homeopathic Drops","6"
"38 Ghr 20Ml","GHR Homoeo Pharma","GHR",0,0,0,0,"Homeopathic Drops","6"
"39 Ghr 20Ml","GHR Homoeo Pharma","GHR",0,0,0,0,"Homeopathic Drops","6"
"40 Ghr 20Ml","GHR Homoeo Pharma","GHR",0,0,0,0,"Homeopathic Drops","6"
"41 Ghr 20Ml","GHR Homoeo Pharma","GHR",0,0,0,0,"Homeopathic Drops","6"
"42 Ghr 20Ml","GHR Homoeo Pharma","GHR",0,0,0,0,"Homeopathic Drops","6"
"Rene Cure 120Ml Syp","BM Pvt LTD","BM",0,0,0,0,"Homeopathic Drops","6"
"Nux D.S 120Ml Syp","BM Pvt LTD","BM",0,0,0,0,"Homeopathic Drops","6"
"Cascara Senna 120Ml Syp","BM Pvt LTD","BM",0,0,0,0,"Homeopathic Drops","6"
"Podophyllum 120Ml Syp","BM Pvt LTD","BM",0,0,0,0,"Homeopathic Drops","6"
"Chesty 120Ml Syp","BM Pvt LTD","BM",0,0,0,0,"Homeopathic Drops","6"
"Asoka Cordial 120Ml Syp","BM Pvt LTD","BM",0,0,0,0,"Homeopathic Drops","6"
"Alfalfa Ginsing 120Ml Syp","BM Pvt LTD","BM",0,0,0,0,"Homeopathic Drops","6"
"Nux Vomica 120Ml Syp","BM Pvt LTD","BM",0,0,0,0,"Homeopathic Drops","6"
"Baptisia 120Ml Syp","BM Pvt LTD","BM",0,0,0,0,"Homeopathic Drops","6"
"Baby Tonic 120Ml Syp","BM Pvt LTD","BM",0,0,0,0,"Homeopathic Drops","6"
"Hepatoliver 120Ml Syp","BM Pvt LTD","BM",0,0,0,0,"Homeopathic Drops","6"
"Bryonia 120Ml Syp","BM Pvt LTD","BM",0,0,0,0,"Homeopathic Drops","6"
"Alfalfa Tonic 120Ml Syp","BM Pvt LTD","BM",0,0,0,0,"Homeopathic Drops","6"
"Femolin 240Ml Syp","BM Pvt LTD","BM",0,0,0,0,"Homeopathic Drops","6"
"Ferrum Guard 240Ml Syp","BM Pvt LTD","BM",0,0,0,0,"Homeopathic Drops","6"
"Moringa 240Ml Syp","BM Pvt LTD","BM",0,0,0,0,"Homeopathic Drops","6"
"Sepa Tab","BM Pvt LTD","BM",0,0,0,0,"Homeopathic Drops","5"
"Doloex Plus Tab","BM Pvt LTD","BM",0,0,0,0,"Homeopathic Drops","5"
"Syzjambol Tab","BM Pvt LTD","BM",0,0,0,0,"Homeopathic Drops","5"
"Nux Vomica Tab","BM Pvt LTD","BM",0,0,0,0,"Homeopathic Drops","5"
"Bio-Calcium Tab","BM Pvt LTD","BM",0,0,0,0,"Homeopathic Drops","5"
"Vermifuge Tab","BM Pvt LTD","BM",0,0,0,0,"Homeopathic Drops","5"
"Ginseng Tab","BM Pvt LTD","BM",0,0,0,0,"Homeopathic Drops","5"
"Arthribid Tab","BM Pvt LTD","BM",0,0,0,0,"Homeopathic Drops","5"
"Pimpie Cream","BM Pvt LTD","BM",0,0,0,0,"Homeopathic Drops","5"
"Calendula Ointment","BM Pvt LTD","BM",0,0,0,0,"Homeopathic Drops","5"
"Rhus Tox Ointment","BM Pvt LTD","BM",0,0,0,0,"Homeopathic Drops","5"
"Fairy Face Lotion","BM Pvt LTD","BM",0,0,0,0,"Homeopathic Drops","5"
"Fevo Mek 60Ml","MEKTUM Homeo Pharma","MEK",0,0,0,0,"Homeopathic Drops","5"
"Podo Mak 60Ml","MEKTUM Homeo Pharma","MEK",0,0,0,0,"Homeopathic Drops","5"
"Mek-Cough 60Ml","MEKTUM Homeo Pharma","MEK",0,0,0,0,"Homeopathic Drops","5"
"Gastro Pex 60Ml","MEKTUM Homeo Pharma","MEK",0,0,0,0,"Homeopathic Drops","5"
"Gastro Pex 500Ml","MEKTUM Homeo Pharma","MEK",0,0,0,0,"Homeopathic Drops","5"
"Digi-Mak 500Ml","MEKTUM Homeo Pharma","MEK",0,0,0,0,"Homeopathic Drops","5"
"Hapartone 500Ml","MEKTUM Homeo Pharma","MEK",0,0,0,0,"Homeopathic Drops","5"
"Alfalfa 500Ml","MEKTUM Homeo Pharma","MEK",0,0,0,0,"Homeopathic Drops","5"
"Gastro Pex Tab 250G","MEKTUM Homeo Pharma","MEK",0,0,0,0,"Homeopathic Drops","5"
"Pain Mak Tab","MEKTUM Homeo Pharma","MEK",0,0,0,0,"Homeopathic Drops","5"
"Mekcard Tab","MEKTUM Homeo Pharma","MEK",0,0,0,0,"Homeopathic Drops","5"
"Dia-Mak Tab","MEKTUM Homeo Pharma","MEK",0,0,0,0,"Homeopathic Drops","5"
"Ginkgo Mek Tab","MEKTUM Homeo Pharma","MEK",0,0,0,0,"Homeopathic Drops","5"
"Iero-Mek Tab","MEKTUM Homeo Pharma","MEK",0,0,0,0,"Homeopathic Drops","5"
"Mekchol Tab","MEKTUM Homeo Pharma","MEK",0,0,0,0,"Homeopathic Drops","5"
"Siliclax Drop","MEKTUM Homeo Pharma","MEK",0,0,0,0,"Homeopathic Drops","5"
"Mullein (Ear-Drop)","MEKTUM Homeo Pharma","MEK",0,0,0,0,"Homeopathic Drops","5"
"Senox (Nasal Drop)","MEKTUM Homeo Pharma","MEK",0,0,0,0,"Homeopathic Drops","5"
"Dento-Mek (Toothache-Lotion)","MEKTUM Homeo Pharma","MEK",0,0,0,0,"Homeopathic Drops","5"
"Vitagene-Forte (Drop)","BM Pvt LTD","BM",0,0,0,0,"Homeopathic Drops","6"
"Venocard-Diocarde (Glod Drop)","BM Pvt LTD","BM",0,0,0,0,"Homeopathic Drops","6"
"Mek-Cantharis Cream","MEKTUM Homeo Pharma","MEK",0,0,0,0,"Homeopathic Drops","6"
"Pain Gel Gel","MEKTUM Homeo Pharma","MEK",0,0,0,0,"Homeopathic Drops","6"
"Calendula (Ointment)","MEKTUM Homeo Pharma","MEK",0,0,0,0,"Homeopathic Drops","6"
"Thuja Cream","MEKTUM Homeo Pharma","MEK",0,0,0,0,"Homeopathic Drops","6"
"Sulfur Cream","MEKTUM Homeo Pharma","MEK",0,0,0,0,"Homeopathic Drops","6"
"T-1 Gas & Indigestion 30Ml Drops","MEKTUM Homeo Pharma","MEK",0,0,0,0,"Homeopathic Drops","12"
"T-2 Acute And Chronic Asthama 30Ml","MEKTUM Homeo Pharma","MEK",0,0,0,0,"Homeopathic Drops","12"
"T-3 Sinusits 30Ml","MEKTUM Homeo Pharma","MEK",0,0,0,0,"Homeopathic Drops","12"
"T-4 Blood Purifier 30Ml","MEKTUM Homeo Pharma","MEK",0,0,0,0,"Homeopathic Drops","12"
"T-5 Sugar Control 30Ml","MEKTUM Homeo Pharma","MEK",0,0,0,0,"Homeopathic Drops","12"
"T-6 Rheumatism 30Ml","MEKTUM Homeo Pharma","MEK",0,0,0,0,"Homeopathic Drops","12"
"T-7 Haemorrhoids 30Ml","MEKTUM Homeo Pharma","MEK",0,0,0,0,"Homeopathic Drops","12"
"T-8 Leucorrhea 30Ml","MEKTUM Homeo Pharma","MEK",0,0,0,0,"Homeopathic Drops","12"
"T-9 High Blood Pressure 30Ml","MEKTUM Homeo Pharma","MEK",0,0,0,0,"Homeopathic Drops","12"
"T-10 Relieve The Symptoms 30Ml","MEKTUM Homeo Pharma","MEK",0,0,0,0,"Homeopathic Drops","12"
"T-11 Eye Bright 30Ml","MEKTUM Homeo Pharma","MEK",0,0,0,0,"Homeopathic Drops","12"
"T-12 Increas Weight 30Ml","MEKTUM Homeo Pharma","MEK",0,0,0,0,"Homeopathic Drops","12"
"T-13 Amenorrhoea & Dysmenorrhoea 30Ml","MEKTUM Homeo Pharma","MEK",0,0,0,0,"Homeopathic Drops","12"
"T-14 Hight 30Ml","MEKTUM Homeo Pharma","MEK",0,0,0,0,"Homeopathic Drops","12"
"T-15 Bed Wetting 30Ml","MEKTUM Homeo Pharma","MEK",0,0,0,0,"Homeopathic Drops","12"
"T-16 Slimming 30Ml","MEKTUM Homeo Pharma","MEK",0,0,0,0,"Homeopathic Drops","12"
"T-17 Kidney & Bladder Calculi 30Ml","MEKTUM Homeo Pharma","MEK",0,0,0,0,"Homeopathic Drops","12"
"T-18 Tonsillitis 30Ml","MEKTUM Homeo Pharma","MEK",0,0,0,0,"Homeopathic Drops","12"
"T-19 Vertigo 30Ml","MEKTUM Homeo Pharma","MEK",0,0,0,0,"Homeopathic Drops","12"
"T-20 Ace Pimples 30Ml","MEKTUM Homeo Pharma","MEK",0,0,0,0,"Homeopathic Drops","12"
"T-21 Low Blood Pressure 30Ml","MEKTUM Homeo Pharma","MEK",0,0,0,0,"Homeopathic Drops","12"
"T-22 Sleeplessness 30Ml","MEKTUM Homeo Pharma","MEK",0,0,0,0,"Homeopathic Drops","12"
"T-23 Prostatitis 30Ml","MEKTUM Homeo Pharma","MEK",0,0,0,0,"Homeopathic Drops","12"
"T-24 Bronchitis 30Ml","MEKTUM Homeo Pharma","MEK",0,0,0,0,"Homeopathic Drops","12"
"T-25 Diarrhoea & Dysentery 30Ml","MEKTUM Homeo Pharma","MEK",0,0,0,0,"Homeopathic Drops","12"
"T-26 Vermifuge 30Ml","MEKTUM Homeo Pharma","MEK",0,0,0,0,"Homeopathic Drops","12"
"T-27 Hair 30Ml","MEKTUM Homeo Pharma","MEK",0,0,0,0,"Homeopathic Drops","12"
"T-28 Fever 30Ml","MEKTUM Homeo Pharma","MEK",0,0,0,0,"Homeopathic Drops","12"
"T-29 Anaemia 30Ml","MEKTUM Homeo Pharma","MEK",0,0,0,0,"Homeopathic Drops","12"
"T-30 Constipation 30Ml","MEKTUM Homeo Pharma","MEK",0,0,0,0,"Homeopathic Drops","12"
"T-31 Sweating 30Ml","MEKTUM Homeo Pharma","MEK",0,0,0,0,"Homeopathic Drops","12"
"T-32 Lumbago 30Ml","MEKTUM Homeo Pharma","MEK",0,0,0,0,"Homeopathic Drops","12"
"T-33 Inflammation 30Ml","MEKTUM Homeo Pharma","MEK",0,0,0,0,"Homeopathic Drops","12"
"T-34 Urinary Disease 30Ml","MEKTUM Homeo Pharma","MEK",0,0,0,0,"Homeopathic Drops","12"
"T-35 Liver & Gall Bladder 30Ml","MEKTUM Homeo Pharma","MEK",0,0,0,0,"Homeopathic Drops","12"
"T-36 Bleeding 30Ml","MEKTUM Homeo Pharma","MEK",0,0,0,0,"Homeopathic Drops","12"
"T-37 Relieve The Symptoms Of Unwanted Facial Hair 30Ml","MEKTUM Homeo Pharma","MEK",0,0,0,0,"Homeopathic Drops","12"
"T-38 Nasal Catarrh 30Ml","MEKTUM Homeo Pharma","MEK",0,0,0,0,"Homeopathic Drops","12"
"T-39 Eczema 30Ml","MEKTUM Homeo Pharma","MEK",0,0,0,0,"Homeopathic Drops","12"
"T-40 Leucoderma 30Ml","MEKTUM Homeo Pharma","MEK",0,0,0,0,"Homeopathic Drops","12"
"T-41 Undeveloped Breast","MEKTUM Homeo Pharma","MEK",0,0,0,0,"Homeopathic Drops","12"
"T-42 Relieve The Symtoms Of Headache 30Ml","MEKTUM Homeo Pharma","MEK",0,0,0,0,"Homeopathic Drops","12"
"T-43 Fibroids & Ovarian Cyst 30Ml","MEKTUM Homeo Pharma","MEK",0,0,0,0,"Homeopathic Drops","12"
"T-44 Weak Memory 30Ml","MEKTUM Homeo Pharma","MEK",0,0,0,0,"Homeopathic Drops","12"
"T-45 Cholesterol 30Ml","MEKTUM Homeo Pharma","MEK",0,0,0,0,"Homeopathic Drops","12"
"T-46 Arthritis (Uric Acid) 30Ml","MEKTUM Homeo Pharma","MEK",0,0,0,0,"Homeopathic Drops","12"
"T-47 Recalification 30Ml","MEKTUM Homeo Pharma","MEK",0,0,0,0,"Homeopathic Drops","12"
"T-48Ausea & Vometing 30Ml","MEKTUM Homeo Pharma","MEK",0,0,0,0,"Homeopathic Drops","12"
"T-49 Tonic For Men 30Ml","MEKTUM Homeo Pharma","MEK",0,0,0,0,"Homeopathic Drops","12"
"T-50 Paralysis 30Ml","MEKTUM Homeo Pharma","MEK",0,0,0,0,"Homeopathic Drops","12"
"T-51 Relieve The Symtoms Of Tumor 30Ml","MEKTUM Homeo Pharma","MEK",0,0,0,0,"Homeopathic Drops","12"
"T-52 Hepatitis 30Ml","MEKTUM Homeo Pharma","MEK",0,0,0,0,"Homeopathic Drops","12"
"T-53 Mouth Ulcer 30Ml","MEKTUM Homeo Pharma","MEK",0,0,0,0,"Homeopathic Drops","12"
"T-54 Relieve The Symtoms Of Cervical Spondylosis 30Ml","MEKTUM Homeo Pharma","MEK",0,0,0,0,"Homeopathic Drops","12"
"T-55 Heel Pain 30Ml","MEKTUM Homeo Pharma","MEK",0,0,0,0,"Homeopathic Drops","12"
"T-56 Urticaria 30Ml","MEKTUM Homeo Pharma","MEK",0,0,0,0,"Homeopathic Drops","12"
"T-57 Relieve The Symptoms Of Influenza 30Ml","MEKTUM Homeo Pharma","MEK",0,0,0,0,"Homeopathic Drops","12"
"T-58 Itching & Skin Irritation 30Ml","MEKTUM Homeo Pharma","MEK",0,0,0,0,"Homeopathic Drops","12"
"T-59 Relieve The Symptoms Of Warts 30Ml","MEKTUM Homeo Pharma","MEK",0,0,0,0,"Homeopathic Drops","12"
"T-60 Sciatica 30Ml","MEKTUM Homeo Pharma","MEK",0,0,0,0,"Homeopathic Drops","12"
"Ferro Mek 415Gm Syp","MEKTUM Homeo Pharma","MEK",0,0,0,0,"Homeopathic Drops","12"
"Korean Ginseng Tonic 250Ml Syp","MEKTUM Homeo Pharma","MEK",0,0,0,0,"Homeopathic Drops","12"
"Sharbat E Faulad 250Ml Syp","MEKTUM Homeo Pharma","MEK",0,0,0,0,"Homeopathic Drops","12"
"Ginkgo Mek 250Ml Syp","MEKTUM Homeo Pharma","MEK",0,0,0,0,"Homeopathic Drops","12"
"Gastro Pex 250Ml Syp","MEKTUM Homeo Pharma","MEK",0,0,0,0,"Homeopathic Drops","12"
"Mekbin Hemoglobin 250Ml Syp","MEKTUM Homeo Pharma","MEK",0,0,0,0,"Homeopathic Drops","12"
"Tonsimek 120Ml Syp","MEKTUM Homeo Pharma","MEK",0,0,0,0,"Homeopathic Drops","12"
"Podo Mek 120Ml Syp","MEKTUM Homeo Pharma","MEK",0,0,0,0,"Homeopathic Drops","12"
"Nefrenol Kidny 120Ml Syp","MEKTUM Homeo Pharma","MEK",0,0,0,0,"Homeopathic Drops","12"
"Avena Force 250Ml Syp","MEKTUM Homeo Pharma","MEK",0,0,0,0,"Homeopathic Drops","12"
"Jaam E Hayat 250Ml Syp","MEKTUM Homeo Pharma","MEK",0,0,0,0,"Homeopathic Drops","12"
"Bio Mek 250Ml Syp","MEKTUM Homeo Pharma","MEK",0,0,0,0,"Homeopathic Drops","12"
"Calci Mek 250Ml Syp","MEKTUM Homeo Pharma","MEK",0,0,0,0,"Homeopathic Drops","12"
"Senox Cold 120Ml Syp","MEKTUM Homeo Pharma","MEK",0,0,0,0,"Homeopathic Drops","12"
"Phytolacca Berry 120Ml Syp","MEKTUM Homeo Pharma","MEK",0,0,0,0,"Homeopathic Drops","12"
"Mek Cough 120Ml Syp","MEKTUM Homeo Pharma","MEK",0,0,0,0,"Homeopathic Drops","120"
"Rheuma Liniment 120Ml Syp","MEKTUM Homeo Pharma","MEK",0,0,0,0,"Homeopathic Drops","120"
"Mektone Baby Tonic 120Ml Syp","MEKTUM Homeo Pharma","MEK",0,0,0,0,"Homeopathic Drops","120"
"Mek Cuff 120Ml Syp","MEKTUM Homeo Pharma","MEK",0,0,0,0,"Homeopathic Drops","120"
"Korean Ginseng Tonic 120Ml Syp","MEKTUM Homeo Pharma","MEK",0,0,0,0,"Homeopathic Drops","120"
"Leuco Mek 120Ml Syp","MEKTUM Homeo Pharma","MEK",0,0,0,0,"Homeopathic Drops","12"
"Khoon Safi 120Ml Syp.","MEKTUM Homeo Pharma","MEK",0,0,0,0,"Homeopathic Drops","12"
"Glyco Mek 120Ml Syp","MEKTUM Homeo Pharma","MEK",0,0,0,0,"Homeopathic Drops","12"
"Hepartone Liver Tonic 120Ml Syp","MEKTUM Homeo Pharma","MEK",0,0,0,0,"Homeopathic Drops","12"
"Ferrum Complex 120Ml Syp","MEKTUM Homeo Pharma","MEK",0,0,0,0,"Homeopathic Drops","12"
"Arthro Mek 120Ml Syp","MEKTUM Homeo Pharma","MEK",0,0,0,0,"Homeopathic Drops","12"
"Fevo Mek 120Ml Syp","MEKTUM Homeo Pharma","MEK",0,0,0,0,"Homeopathic Drops","12"
"Digi Mek Digestive Tonic 120Ml Syp","MEKTUM Homeo Pharma","MEK",0,0,0,0,"Homeopathic Drops","12"
"Agnus Damiana 120Ml Drops","MEKTUM Homeo Pharma","MEK",0,0,0,0,"Homeopathic Drops","12"
"Avena Ginkgo 120Ml Syp","MEKTUM Homeo Pharma","MEK",0,0,0,0,"Homeopathic Drops","12"
"Arnica Medicated 120Ml Shampoo","MEKTUM Homeo Pharma","MEK",0,0,0,0,"Homeopathic Drops","12"
"Calci Mek 120Ml Syp","MEKTUM Homeo Pharma","MEK",0,0,0,0,"Homeopathic Drops","12"
"Arnica Medicated 120Ml Oil","MEKTUM Homeo Pharma","MEK",0,0,0,0,"Homeopathic Drops","120"
"Alfalfa Super Tonic 120Ml Syp","MEKTUM Homeo Pharma","MEK",0,0,0,0,"Homeopathic Drops","12"
"Caledula Medicated 60Ml Skin Lotion","MEKTUM Homeo Pharma","MEK",0,0,0,0,"Homeopathic Drops","12"
"Tension Relief 60Ml Drops","BM Pvt LTD","BM",0,0,0,0,"Homeopathic Drops","12"
"Euphrasia Eye 15Ml Drops","BM Pvt LTD","BM",0,0,0,0,"Homeopathic Drops","12"
"Plantigo Oral Detal Remedy 15Ml Drops","BM Pvt LTD","BM",0,0,0,0,"Homeopathic Drops","12"
"Mullien Ear 15Ml Drops","BM Pvt LTD","BM",0,0,0,0,"Homeopathic Drops","12"
"Cineraria Maritima Eye 15Ml Drops","BM Pvt LTD","BM",0,0,0,0,"Homeopathic Drops","12"
"Rene Cure 30Ml Drops","BM Pvt LTD","BM",0,0,0,0,"Homeopathic Drops","12"
"Doloex 30 Tablets","BM Pvt LTD","BM",0,0,0,0,"Homeopathic Drops","12"
"Ecze Mek Eczema Ointment","MEKTUM Homeo Pharma","MEK",0,0,0,0,"Homeopathic Drops","6"
"Pilo Mek Haemorrhoids Ointment","MEKTUM Homeo Pharma","MEK",0,0,0,0,"Homeopathic Drops","6"
"Mek Sulf Medicated Cream","MEKTUM Homeo Pharma","MEK",0,0,0,0,"Homeopathic Drops","12"
"Damia Plus Cream For Men","MEKTUM Homeo Pharma","MEK",0,0,0,0,"Homeopathic Drops","6"
"Hydrocotyle Medicated Cream","MEKTUM Homeo Pharma","MEK",0,0,0,0,"Homeopathic Drops","6"
"Chrysarobinum Medicated Cream","MEKTUM Homeo Pharma","MEK",0,0,0,0,"Homeopathic Drops","6"
"Dermo Mek Acne Medicated Cream","MEKTUM Homeo Pharma","MEK",0,0,0,0,"Homeopathic Drops","6"
"Arnica Medicated Cream","MEKTUM Homeo Pharma","MEK",0,0,0,0,"Homeopathic Drops","6"
"1 Hepar Sulf 30Ml","BM Pvt LTD","BM",0,0,0,0,"Homeopathic Drops","12"
"2 Paeonia 30Ml","BM Pvt LTD","BM",0,0,0,0,"Homeopathic Drops","12"
"3 Chelidonium 30Ml","BM Pvt LTD","BM",0,0,0,0,"Homeopathic Drops","12"
"4 Veratrum Alb 30Ml","BM Pvt LTD","BM",0,0,0,0,"Homeopathic Drops","12"
"5 Echinacea 30Ml","BM Pvt LTD","BM",0,0,0,0,"Homeopathic Drops","12"
"6 Agripuls 30Ml","BM Pvt LTD","BM",0,0,0,0,"Homeopathic Drops","12"
"7 Petroleum 30Ml","BM Pvt LTD","BM",0,0,0,0,"Homeopathic Drops","12"
"8 Formica Rufa 30Ml","BM Pvt LTD","BM",0,0,0,0,"Homeopathic Drops","12"
"9 Scrophularia 30Ml","BM Pvt LTD","BM",0,0,0,0,"Homeopathic Drops","12"
"10 Opuntia 30Ml","BM Pvt LTD","BM",0,0,0,0,"Homeopathic Drops","12"
"11 Usnea Barb 30Ml","BM Pvt LTD","BM",0,0,0,0,"Homeopathic Drops","12"
"12 Anti Crud 30Ml","BM Pvt LTD","BM",0,0,0,0,"Homeopathic Drops","12"
"13 Drosera 30Ml","BM Pvt LTD","BM",0,0,0,0,"Homeopathic Drops","12"
"14 Gossypium 30Ml","BM Pvt LTD","BM",0,0,0,0,"Homeopathic Drops","12"
"15 Lithium Carb 30Ml","BM Pvt LTD","BM",0,0,0,0,"Homeopathic Drops","12"
"16 Cratagus 30Ml","BM Pvt LTD","BM",0,0,0,0,"Homeopathic Drops","12"
"17 Passiflora 30Ml","BM Pvt LTD","BM",0,0,0,0,"Homeopathic Drops","12"
"18 Ruta Grave","BM Pvt LTD","BM",0,0,0,0,"Homeopathic Drops","12"
"19 Fucus Ves 30Ml","BM Pvt LTD","BM",0,0,0,0,"Homeopathic Drops","12"
"20 Sulphur 30Ml","BM Pvt LTD","BM",0,0,0,0,"Homeopathic Drops","12"
"21 Magnesia Mur 30Ml","BM Pvt LTD","BM",0,0,0,0,"Homeopathic Drops","12"
"22 Adonisver 30Ml","BM Pvt LTD","BM",0,0,0,0,"Homeopathic Drops","12"
"23 Equisetum 30Ml","BM Pvt LTD","BM",0,0,0,0,"Homeopathic Drops","12"
"24 Kali Phos 30Ml","BM Pvt LTD","BM",0,0,0,0,"Homeopathic Drops","12"
"25 Humulus Lup 30Ml","BM Pvt LTD","BM",0,0,0,0,"Homeopathic Drops","12"
"26 Naphthalinum 30Ml","BM Pvt LTD","BM",0,0,0,0,"Homeopathic Drops","12"
"27 Crocus 30Ml","BM Pvt LTD","BM",0,0,0,0,"Homeopathic Drops","12"
"28 Arum Triph 30Ml","BM Pvt LTD","BM",0,0,0,0,"Homeopathic Drops","12"
"29 Juniperus 30Ml","BM Pvt LTD","BM",0,0,0,0,"Homeopathic Drops","12"
"30 Arte Nit 30Ml","BM Pvt LTD","BM",0,0,0,0,"Homeopathic Drops","12"
"31 Calcarea Flor 30Ml","BM Pvt LTD","BM",0,0,0,0,"Homeopathic Drops","12"
"32 Ceanothus 30Ml","BM Pvt LTD","BM",0,0,0,0,"Homeopathic Drops","12"
"33 Ferrum Met 30Ml","BM Pvt LTD","BM",0,0,0,0,"Homeopathic Drops","12"
"34 Grindonna 30Ml","BM Pvt LTD","BM",0,0,0,0,"Homeopathic Drops","12"
"35 Colocynthis 30Ml","BM Pvt LTD","BM",0,0,0,0,"Homeopathic Drops","12"
"36 Fraxinus 30Ml","BM Pvt LTD","BM",0,0,0,0,"Homeopathic Drops","12"
"37 Iod Carb 30Ml","BM Pvt LTD","BM",0,0,0,0,"Homeopathic Drops","12"
"38 Kali Brom 30Ml","BM Pvt LTD","BM",0,0,0,0,"Homeopathic Drops","12"
"39 Urtica Urens 30Ml","BM Pvt LTD","BM",0,0,0,0,"Homeopathic Drops","12"
"40 Zincum Acet 30Ml","BM Pvt LTD","BM",0,0,0,0,"Homeopathic Drops","12"
"41 Angustura 30Ml","BM Pvt LTD","BM",0,0,0,0,"Homeopathic Drops","12"
"42 Baptisia Tinic","BM Pvt LTD","BM",0,0,0,0,"Homeopathic Drops","12"
"43 Santonine 30Ml","BM Pvt LTD","BM",0,0,0,0,"Homeopathic Drops","12"
"44 Cimicifuga 30Ml","BM Pvt LTD","BM",0,0,0,0,"Homeopathic Drops","12"
"45 Clematis 30Ml","BM Pvt LTD","BM",0,0,0,0,"Homeopathic Drops","12"
"46 Chamomilla 30Ml","BM Pvt LTD","BM",0,0,0,0,"Homeopathic Drops","12"
"47 Ginko Biloba 30Ml","BM Pvt LTD","BM",0,0,0,0,"Homeopathic Drops","12"
"48 Chemobell 30Ml","BM Pvt LTD","BM",0,0,0,0,"Homeopathic Drops","12"
"49 Saw Palmetto 30Ml","BM Pvt LTD","BM",0,0,0,0,"Homeopathic Drops","12"
"50 Baryta Carb 30Ml","BM Pvt LTD","BM",0,0,0,0,"Homeopathic Drops","12"
"51 Berberis Vulg 30Ml","BM Pvt LTD","BM",0,0,0,0,"Homeopathic Drops","12"
"52 Cardus Mar 30Ml","BM Pvt LTD","BM",0,0,0,0,"Homeopathic Drops","12"
"53 Apium Virus 30Ml","BM Pvt LTD","BM",0,0,0,0,"Homeopathic Drops","12"
"54 Hyfraga 30Ml","BM Pvt LTD","BM",0,0,0,0,"Homeopathic Drops","12"
"55 Daphne Ind 30Ml","BM Pvt LTD","BM",0,0,0,0,"Homeopathic Drops","12"
"56 Euphorbium 30Ml","BM Pvt LTD","BM",0,0,0,0,"Homeopathic Drops","12"
"57 Echindula 30Ml","BM Pvt LTD","BM",0,0,0,0,"Homeopathic Drops","12"
"59 Calcarea 30Ml","BM Pvt LTD","BM",0,0,0,0,"Homeopathic Drops","12"
"60 Fuligo 30Ml","BM Pvt LTD","BM",0,0,0,0,"Homeopathic Drops","12"
"61 Acid Fumaric 30Ml","BM Pvt LTD","BM",0,0,0,0,"Homeopathic Drops","12"
"62 Papaya 30Ml","BM Pvt LTD","BM",0,0,0,0,"Homeopathic Drops","12"
"63 Kali Mur 30Ml","BM Pvt LTD","BM",0,0,0,0,"Homeopathic Drops","12"
"64  Vesimel 30Ml","BM Pvt LTD","BM",0,0,0,0,"Homeopathic Drops","12"
"65 Bellodonna 30Ml","BM Pvt LTD","BM",0,0,0,0,"Homeopathic Drops","12"
"66 Ars Sulp","BM Pvt LTD","BM",0,0,0,0,"Homeopathic Drops","12"
"67 Stigmaydis 30Ml","BM Pvt LTD","BM",0,0,0,0,"Homeopathic Drops","12"
"68 Dulcamara 30Ml","BM Pvt LTD","BM",0,0,0,0,"Homeopathic Drops","12"
"69 Lycopodium 30Ml","BM Pvt LTD","BM",0,0,0,0,"Homeopathic Drops","12"
"70 Tuja 30Ml","BM Pvt LTD","BM",0,0,0,0,"Homeopathic Drops","12"
"71 Baryta Mur 30Ml","BM Pvt LTD","BM",0,0,0,0,"Homeopathic Drops","12"
"72 Pareira Brava Baryta Mur 30Ml","BM Pvt LTD","BM",0,0,0,0,"Homeopathic Drops","12"
"73 Saccharum 30Ml","BM Pvt LTD","BM",0,0,0,0,"Homeopathic Drops","12"
"74 Hydrastis 30Ml","BM Pvt LTD","BM",0,0,0,0,"Homeopathic Drops","12"
"75 Alumina 30Ml","BM Pvt LTD","BM",0,0,0,0,"Homeopathic Drops","12"
"76 Secale 30Ml","BM Pvt LTD","BM",0,0,0,0,"Homeopathic Drops","12"
"77 Podocarb 30Ml","BM Pvt LTD","BM",0,0,0,0,"Homeopathic Drops","12"
"78 Condurango 30Ml","BM Pvt LTD","BM",0,0,0,0,"Homeopathic Drops","12"
"79 Polygonum 30Ml","BM Pvt LTD","BM",0,0,0,0,"Homeopathic Drops","12"
"80 Aletris Far 30Ml","BM Pvt LTD","BM",0,0,0,0,"Homeopathic Drops","12"
"81 Camphor 30Ml","BM Pvt LTD","BM",0,0,0,0,"Homeopathic Drops","12"
"82 Beta Vulgaris 30Ml","BM Pvt LTD","BM",0,0,0,0,"Homeopathic Drops","12"
"83 Rhenum 30Ml","BM Pvt LTD","BM",0,0,0,0,"Homeopathic Drops","12"
"84 Lycopodium 30Ml","BM Pvt LTD","BM",0,0,0,0,"Homeopathic Drops","12"
"85 Prunus 30Ml","BM Pvt LTD","BM",0,0,0,0,"Homeopathic Drops","12"
"86 Filipendula 30Ml","BM Pvt LTD","BM",0,0,0,0,"Homeopathic Drops","12"
"87 Gultheria 30Ml","BM Pvt LTD","BM",0,0,0,0,"Homeopathic Drops","12"
"88 Moschus 30Ml","BM Pvt LTD","BM",0,0,0,0,"Homeopathic Drops","12"
"89 Impatiens Glan 30Ml","BM Pvt LTD","BM",0,0,0,0,"Homeopathic Drops","12"
"90 Helonias 30Ml","BM Pvt LTD","BM",0,0,0,0,"Homeopathic Drops","12"
"91 Mandragora 30Ml","BM Pvt LTD","BM",0,0,0,0,"Homeopathic Drops","12"
"92 Staphis 30Ml","BM Pvt LTD","BM",0,0,0,0,"Homeopathic Drops","12"
"94 Menyathus 30Ml","BM Pvt LTD","BM",0,0,0,0,"Homeopathic Drops","12"
"93 Mezereum 30Ml","BM Pvt LTD","BM",0,0,0,0,"Homeopathic Drops","12"
"95 Platina 30Ml","BM Pvt LTD","BM",0,0,0,0,"Homeopathic Drops","12"
"96 Agraphis 30Ml","BM Pvt LTD","BM",0,0,0,0,"Homeopathic Drops","12"
"97 Phytolacca Dec 30Ml","BM Pvt LTD","BM",0,0,0,0,"Homeopathic Drops","12"
"98 Sanguinaria 30Ml","BM Pvt LTD","BM",0,0,0,0,"Homeopathic Drops","12"
"99 Guaiacum 30Ml","BM Pvt LTD","BM",0,0,0,0,"Homeopathic Drops","12"
"100 Castoreum 30Ml","BM Pvt LTD","BM",0,0,0,0,"Homeopathic Drops","12"
"101 Bromium 30Ml","BM Pvt LTD","BM",0,0,0,0,"Homeopathic Drops","12"
"102 Cuprum 30Ml","BM Pvt LTD","BM",0,0,0,0,"Homeopathic Drops","12"
"103 Kali Bic 30Ml","BM Pvt LTD","BM",0,0,0,0,"Homeopathic Drops","12"
"104 Chimaphila 30Ml","BM Pvt LTD","BM",0,0,0,0,"Homeopathic Drops","12"
"105 Ikshugandha 30Ml","BM Pvt LTD","BM",0,0,0,0,"Homeopathic Drops","12"
"107 Skookum 30Ml","BM Pvt LTD","BM",0,0,0,0,"Homeopathic Drops","12"
"106 Aesculus 30Ml","BM Pvt LTD","BM",0,0,0,0,"Homeopathic Drops","12"
"108 Calc Caust 30Ml","BM Pvt LTD","BM",0,0,0,0,"Homeopathic Drops","12"
"109 Grindelia Rub 30Ml","BM Pvt LTD","BM",0,0,0,0,"Homeopathic Drops","12"
"110  Rhus Tox 30Ml","BM Pvt LTD","BM",0,0,0,0,"Homeopathic Drops","12"
"111 Arsenic Alb 30Ml","BM Pvt LTD","BM",0,0,0,0,"Homeopathic Drops","12"
"112 Iris Vers 30Ml","BM Pvt LTD","BM",0,0,0,0,"Homeopathic Drops","12"
"113 Amloki 30Ml","BM Pvt LTD","BM",0,0,0,0,"Homeopathic Drops","12"
"114 Rhus Mara 30Ml","BM Pvt LTD","BM",0,0,0,0,"Homeopathic Drops","12"
"115 Borax 30Ml","BM Pvt LTD","BM",0,0,0,0,"Homeopathic Drops","12"
"116 Glonine 30Ml","BM Pvt LTD","BM",0,0,0,0,"Homeopathic Drops","12"
"117 Chenopodium 30Ml","BM Pvt LTD","BM",0,0,0,0,"Homeopathic Drops","12"
"118 Anacardium 30Ml","BM Pvt LTD","BM",0,0,0,0,"Homeopathic Drops","12"
"119 Calcium Iod 30Ml","BM Pvt LTD","BM",0,0,0,0,"Homeopathic Drops","12"
"120 Abroma Aug 30Ml","BM Pvt LTD","BM",0,0,0,0,"Homeopathic Drops","12"
"121 Rhus Vernix 30Ml","BM Pvt LTD","BM",0,0,0,0,"Homeopathic Drops","12"
"122 Sabal 30Ml","BM Pvt LTD","BM",0,0,0,0,"Homeopathic Drops","12"
"123 Verbascum 30Ml","BM Pvt LTD","BM",0,0,0,0,"Homeopathic Drops","12"
"124 Acid Nit 30Ml","BM Pvt LTD","BM",0,0,0,0,"Homeopathic Drops","12"
"125 Dolichos 30Ml","BM Pvt LTD","BM",0,0,0,0,"Homeopathic Drops","12"
"126 Stigmata May 30Ml","BM Pvt LTD","BM",0,0,0,0,"Homeopathic Drops","12"
"127 Yerba 30Ml","BM Pvt LTD","BM",0,0,0,0,"Homeopathic Drops","12"
"128 Bryonia 30Ml","BM Pvt LTD","BM",0,0,0,0,"Homeopathic Drops","12"
"129 Leptandra 30Ml","BM Pvt LTD","BM",0,0,0,0,"Homeopathic Drops","12"
"130 Ferrum Phos 30Ml","BM Pvt LTD","BM",0,0,0,0,"Homeopathic Drops","12"
"131 Gymnema 30Ml","BM Pvt LTD","BM",0,0,0,0,"Homeopathic Drops","12"
"132 Cadmium Sulph 30Ml","BM Pvt LTD","BM",0,0,0,0,"Homeopathic Drops","12"
"133 Silicea 30Ml","BM Pvt LTD","BM",0,0,0,0,"Homeopathic Drops","12"
"134 Myristica 30Ml","BM Pvt LTD","BM",0,0,0,0,"Homeopathic Drops","12"
"135 Curcuma 30Ml","BM Pvt LTD","BM",0,0,0,0,"Homeopathic Drops","12"
"136 Lathyrus Sativ 30Ml","BM Pvt LTD","BM",0,0,0,0,"Homeopathic Drops","12"
"137 Prunus Cer 30Ml","BM Pvt LTD","BM",0,0,0,0,"Homeopathic Drops","12"
"138 Cephallandra Ind 30Ml","BM Pvt LTD","BM",0,0,0,0,"Homeopathic Drops","12"
"139 Rhododendron 30Ml","BM Pvt LTD","BM",0,0,0,0,"Homeopathic Drops","12"
"140 Causticum 30Ml","BM Pvt LTD","BM",0,0,0,0,"Homeopathic Drops","12"
"141 Symphytum 30Ml","BM Pvt LTD","BM",0,0,0,0,"Homeopathic Drops","12"
"142 Cichorium 30Ml","BM Pvt LTD","BM",0,0,0,0,"Homeopathic Drops","12"
"143 Alfalfa 30Ml","BM Pvt LTD","BM",0,0,0,0,"Homeopathic Drops","12"
"144 Rosmarinus 30Ml","BM Pvt LTD","BM",0,0,0,0,"Homeopathic Drops","12"
"145 Strophanthus 30Ml","BM Pvt LTD","BM",0,0,0,0,"Homeopathic Drops","12"
"146 Calendula Off 30Ml","BM Pvt LTD","BM",0,0,0,0,"Homeopathic Drops","12"
"147  Plantago Maj 30Ml","BM Pvt LTD","BM",0,0,0,0,"Homeopathic Drops","12"
"148 Dioscorea 30Ml","BM Pvt LTD","BM",0,0,0,0,"Homeopathic Drops","12"
"149 Taraxacum 30Ml","BM Pvt LTD","BM",0,0,0,0,"Homeopathic Drops","12"
"150 Justicia Adhatoda 30Ml","BM Pvt LTD","BM",0,0,0,0,"Homeopathic Drops","12"
"151 Gelsemium 30Ml","BM Pvt LTD","BM",0,0,0,0,"Homeopathic Drops","12"
"152 Cyclamen 30Ml","BM Pvt LTD","BM",0,0,0,0,"Homeopathic Drops","12"
"153 Digitails 30Ml","BM Pvt LTD","BM",0,0,0,0,"Homeopathic Drops","12"
"154 Ptelea 30Ml","BM Pvt LTD","BM",0,0,0,0,"Homeopathic Drops","12"
"155 Hamfolium 30Ml","BM Pvt LTD","BM",0,0,0,0,"Homeopathic Drops","12"
"156 Hydrageron 30Ml","BM Pvt LTD","BM",0,0,0,0,"Homeopathic Drops","12"
"157 Pulsatilla 30Ml","BM Pvt LTD","BM",0,0,0,0,"Homeopathic Drops","12"
"158 Podophyllum 30Ml","BM Pvt LTD","BM",0,0,0,0,"Homeopathic Drops","12"
"159 A.Janosia 30Ml","BM Pvt LTD","BM",0,0,0,0,"Homeopathic Drops","12"
"160 Graphites 30Ml","BM Pvt LTD","BM",0,0,0,0,"Homeopathic Drops","12"
"161 Sangubarb 30Ml","BM Pvt LTD","BM",0,0,0,0,"Homeopathic Drops","12"
"162 Anagalis 30Ml","BM Pvt LTD","BM",0,0,0,0,"Homeopathic Drops","12"
"163 Kali Sulph 30Ml","BM Pvt LTD","BM",0,0,0,0,"Homeopathic Drops","12"
"164 Balsum 30Ml","BM Pvt LTD","BM",0,0,0,0,"Homeopathic Drops","12"
"165 Angelica Atro 30Ml","BM Pvt LTD","BM",0,0,0,0,"Homeopathic Drops","12"
"166 Aegle Folia 30Ml","BM Pvt LTD","BM",0,0,0,0,"Homeopathic Drops","12"
"167 Abrotanum 30Ml","BM Pvt LTD","BM",0,0,0,0,"Homeopathic Drops","12"
"168 Conium 30Ml","BM Pvt LTD","BM",0,0,0,0,"Homeopathic Drops","12"
"169 Ipecac 30Ml","BM Pvt LTD","BM",0,0,0,0,"Homeopathic Drops","12"
"170 Doryphora 30Ml","BM Pvt LTD","BM",0,0,0,0,"Homeopathic Drops","12"
"171 Anti Tart 30Ml","BM Pvt LTD","BM",0,0,0,0,"Homeopathic Drops","12"
"172 Iodium 30Ml","BM Pvt LTD","BM",0,0,0,0,"Homeopathic Drops","12"
"179 Digioxy 30Ml","BM Pvt LTD","BM",0,0,0,0,"Homeopathic Drops","12"
"173 Rhus Uren 30Ml","BM Pvt LTD","BM",0,0,0,0,"Homeopathic Drops","12"
"174 Lecithinum 30Ml","BM Pvt LTD","BM",0,0,0,0,"Homeopathic Drops","12"
"175 Casvara Sag 30Ml","BM Pvt LTD","BM",0,0,0,0,"Homeopathic Drops","12"
"176 Aconite Nap 30Ml","BM Pvt LTD","BM",0,0,0,0,"Homeopathic Drops","12"
"177 Arnica Mont 30Ml","BM Pvt LTD","BM",0,0,0,0,"Homeopathic Drops","12"
"178 Vaccininum 30Ml","BM Pvt LTD","BM",0,0,0,0,"Homeopathic Drops","12"
"180 Argentum Nit 30Ml","BM Pvt LTD","BM",0,0,0,0,"Homeopathic Drops","12"
"181 Helleborus","BM Pvt LTD","BM",0,0,0,0,"Homeopathic Drops","12"
"182 Merc Sol 30Ml","BM Pvt LTD","BM",0,0,0,0,"Homeopathic Drops","12"
"183 Cineraria 30Ml","BM Pvt LTD","BM",0,0,0,0,"Homeopathic Drops","12"
"184 Triticum Rep 30Ml","BM Pvt LTD","BM",0,0,0,0,"Homeopathic Drops","12"
"185 Echiphos 30Ml","BM Pvt LTD","BM",0,0,0,0,"Homeopathic Drops","12"
"1 Apis Melliffica 20Ml","HFP Pvt Ltd","HFP",0,0,0,0,"Drops","24"
"2 Collin Sonia 20Ml","HFP Pvt Ltd","HFP",0,0,0,0,"Drops","24"
"3 Cardus Marinus 20Ml","HFP Pvt Ltd","HFP",0,0,0,0,"Drops","24"
"4 Pelargonium 20Ml","HFP Pvt Ltd","HFP",0,0,0,0,"Drops","24"
"5 Syzygium 20Ml","HFP Pvt Ltd","HFP",0,0,0,0,"Drops","24"
"6 Drosera 20Ml","HFP Pvt Ltd","HFP",0,0,0,0,"Drops","24"
"8 Lemna Minar  20Ml","HFP Pvt Ltd","HFP",0,0,0,0,"Drops","24"
"10 Sepia 20Ml","HFP Pvt Ltd","HFP",0,0,0,0,"Dorps","24"
"13 Calc Carb 20Ml","HFP Pvt Ltd","HFP",0,0,0,0,"Drops","24"
"14 Echinacea 20Ml","HFP Pvt Ltd","HFP",0,0,0,0,"Drops","24"
"15 Rhustox 20Ml","HFP Pvt Ltd","HFP",0,0,0,0,"Drops","24"
"16 Pulsatilla 20Ml","HFP Pvt Ltd","HFP",0,0,0,0,"Homeopathic Drops","24"
"19 Carbo Veg 20Ml","HFP Pvt Ltd","HFP",0,0,0,0,"Drops","24"
"20 Cratagus Oxy 20Ml","HFP Pvt Ltd","HFP",0,0,0,0,"Drops","24"
"21 Blatta Ori 20Ml","HFP Pvt Ltd","HFP",0,0,0,0,"Drops","24"
"22 Millefolium 20Ml","HFP Pvt Ltd","HFP",0,0,0,0,"Drops","24"
"23 Canthris 20Ml","HFP Pvt Ltd","HFP",0,0,0,0,"Drops","24"
"24 Kali Brom 20Ml","HFP Pvt Ltd","HFP",0,0,0,0,"Drops","24"
"25 Sabal Serr 20Ml","HFP Pvt Ltd","HFP",0,0,0,0,"Drops","24"
"26 Filix Mas 20Ml","HFP Pvt Ltd","HFP",0,0,0,0,"Drops","24"
"27 Kalmia 20Ml","HFP Pvt Ltd","HFP",0,0,0,0,"Drops","24"
"28 Thyrodinum 20Ml","HFP Pvt Ltd","HFP",0,0,0,0,"Drops","24"
"32 Fraxinus 20Ml","HFP Pvt Ltd","HFP",0,0,0,0,"Drops","24"
"33 Hepatica 20Ml","HFP Pvt Ltd","HFP",0,0,0,0,"Drops","24"
"34 Borex 20Ml","HFP Pvt Ltd","HFP",0,0,0,0,"Drops","24"
"35 Acid Phos 20Ml","HFP Pvt Ltd","HFP",0,0,0,0,"Drops","24"
"36 Arg Nit 20Ml","HFP Pvt Ltd","HFP",0,0,0,0,"Drops","24"
"37 Fel Turi 20Ml","HFP Pvt Ltd","HFP",0,0,0,0,"Drops","24"
"38 Berbaris Velg 20Ml","HFP Pvt Ltd","HFP",0,0,0,0,"Drops","24"
"39 Sulfer 20Ml","HFP Pvt Ltd","HFP",0,0,0,0,"Drops","24"
"40 Yohimbinum 20Ml","HFP Pvt Ltd","HFP",0,0,0,0,"Drops","24"
"41 Teucrium 20Ml","HFP Pvt Ltd","HFP",0,0,0,0,"Drops","24"
"42 Petrolium 20Ml","HFP Pvt Ltd","HFP",0,0,0,0,"Drops","24"
"43 Histamin 20Ml","HFP Pvt Ltd","HFP",0,0,0,0,"Drops","24"
"44 Jaborandi 20Ml","HFP Pvt Ltd","HFP",0,0,0,0,"Drops","24"
"45 Petisonum 20Ml","HFP Pvt Ltd","HFP",0,0,0,0,"Drops","24"
"46 Hydrocotyle 20Ml","HFP Pvt Ltd","HFP",0,0,0,0,"Drops","24"
"47 Ipicac 20Ml","HFP Pvt Ltd","HFP",0,0,0,0,"Drops","24"
"48 Alfalfa 20Ml","HFP Pvt Ltd","HFP",0,0,0,0,"Drops","24"
"49 Cholistrenum 20Ml","HFP Pvt Ltd","HFP",0,0,0,0,"Drops","24"
"50 Rauwalfia 20Ml","HFP Pvt Ltd","HFP",0,0,0,0,"Drops","24"
"Alfalfa 120Ml Syp","HFP Pvt Ltd","HFP",0,0,0,0,"Homeopathic Drops","20"
"Alfalfa 250Ml Syp","HFP Pvt Ltd","HFP",0,0,0,0,"Homeopathic Drops","20"
"Allergic 120Ml Syp","HFP Pvt Ltd","HFP",0,0,0,0,"Homeopathic Drops","40"
"Asthama-H 120Ml Syp","HFP Pvt Ltd","HFP",0,0,0,0,"Homeopathic Drops","20"
"Biona 120Ml Syp","HFP Pvt Ltd","HFP",0,0,0,0,"Homeopathic Drops","15"
"Bone Plus 120Ml Syp","HFP Pvt Ltd","HFP",0,0,0,0,"Homeopathic Drops","25"
"Cough Control 120Ml Syp","HFP Pvt Ltd","HFP",0,0,0,0,"Homeopathic Drops","50"
"Dyrofen 120Ml Syp","HFP Pvt Ltd","HFP",0,0,0,0,"Homeopathic Drops","20"
"Fever Kill 120Ml Syp","HFP Pvt Ltd","HFP",0,0,0,0,"Homeopathic Drops","25"
"Ferrum Compose 120Ml Syp","HFP Pvt Ltd","HFP",0,0,0,0,"Homeopathic Drops","25"
"Gastrogena 120Ml Syp","HFP Pvt Ltd","HFP",0,0,0,0,"Homeopathic Drops","50"
"Gastogena + Podina 250Ml Syp","HFP Pvt Ltd","HFP",0,0,0,0,"Homeopathic Drops","30"
"Growth-Up Baby Tonic 120Ml Syp","HFP Pvt Ltd","HFP",0,0,0,0,"Homeopathic Drops","20"
"Gyno Plus 120Ml Syp","HFP Pvt Ltd","HFP",0,0,0,0,"Homeopathic Drops","30"
"H-Biotic 120Ml Syp","HFP Pvt Ltd","HFP",0,0,0,0,"Homeopathic Drops","30"
"Khoon Safi 120Ml Syp","HFP Pvt Ltd","HFP",0,0,0,0,"Homeopathic Drops","20"
"Liver Rex 120Ml Syp","HFP Pvt Ltd","HFP",0,0,0,0,"Homeopathic Drops","30"
"Uronal 120Ml Syp","HFP Pvt Ltd","HFP",0,0,0,0,"Homeopathic Drops","50"
"Uronal 250Ml Syp","HFP Pvt Ltd","HFP",0,0,0,0,"Homeopathic Drops","25"
"Calci + 250Ml Syp","HFP Pvt Ltd","HFP",0,0,0,0,"Homeopathic Drops","40"
"Jam-E-Qalb 250Ml Syp","HFP Pvt Ltd","HFP",0,0,0,0,"Homeopathic Drops","25"
"Nervo + 250Ml Syp","HFP Pvt Ltd","HFP",0,0,0,0,"Homeopathic Drops","25"
"Power Inn 250Ml Syp","HFP Pvt Ltd","HFP",0,0,0,0,"Homeopathic Drops","30"
"Sharbat-E-Fload 250Ml Syp","HFP Pvt Ltd","HFP",0,0,0,0,"Homeopathic Drops","25"
"Wight Gainer Capsule","HFP Pvt Ltd","HFP",0,0,0,0,"Homeopathic Drops","20"
"Wight Loss Capsule","HFP Pvt Ltd","HFP",0,0,0,0,"Homeopathic Drops","15"
"Sexo Fort Capsule","HFP Pvt Ltd","HFP",0,0,0,0,"Homeopathic Drops","15"
"Sexofort Drops 20Ml","HFP Pvt Ltd","HFP",0,0,0,0,"Homeopathic Drops","12"
"Korean Ginsing Tonic 250Ml Syp","HFP Pvt Ltd","HFP",0,0,0,0,"Homeopathic Drops","15"
"Korean Ginsing Tonic 120Ml Syp","HFP Pvt Ltd","HFP",0,0,0,0,"Homeopathic Drops","15"
"Korean Ginsing Tonic 60Ml Syp","HFP Pvt Ltd","HFP",0,0,0,0,"Homeopathic Drops","20"
"Korean Ginsing Suger Free 250Ml Syp","HFP Pvt Ltd","HFP",0,0,0,0,"Homeopathic Drops","15"
"Kidney Gold Drops 20Ml","HFP Pvt Ltd","HFP",0,0,0,0,"Homeopathic Drops","30"
"Cold Cure Tablet","HFP Pvt Ltd","HFP",0,0,0,0,"Homeopathic Drops","20"
"Bed Wetting Tab","HFP Pvt Ltd","HFP",0,0,0,0,"Homeopathic Drops","15"
"Aurocard Drops","HFP Pvt Ltd","HFP",0,0,0,0,"Homeopathic Drops","20"
"Bad Wetting Drops","HFP Pvt Ltd","HFP",0,0,0,0,"Homeopathic Drops","15"
"Pilron Drops","HFP Pvt Ltd","HFP",0,0,0,0,"Homeopathic Drops","20"
"Uronal Drops","HFP Pvt Ltd","HFP",0,0,0,0,"Homeopathic Drops","30"
"Arnica Oil","HFP Pvt Ltd","HFP",0,0,0,0,"Homeopathic Drops","15"
"Power Fit Capsule","HFP Pvt Ltd","HFP",0,0,0,0,"Homeopathic Drops","20"
"Alfalfa 450Ml Syp","HFP Pvt Ltd","HFP",0,0,0,0,"Homeopathic Drops","5"
"Biona 450Ml Syp","HFP Pvt Ltd","HFP",0,0,0,0,"Homeopathic Drops","5"
"Bone Plus 450Ml","HFP Pvt Ltd","HFP",0,0,0,0,"Homeopathic Drops","5"
"Calci + 450Ml","HFP Pvt Ltd","HFP",0,0,0,0,"Homeopathic Drops","5"
"Cough Cantrol 450Ml","HFP Pvt Ltd","HFP",0,0,0,0,"Homeopathic Drops","5"
"Dyrofen 450Ml Syp","HFP Pvt Ltd","HFP",0,0,0,0,"Homeopathic Drops","5"
"Fever Kill 450Ml","HFP Pvt Ltd","HFP",0,0,0,0,"Homeopathic Drops","5"
"Gastrogena 450Ml","HFP Pvt Ltd","HFP",0,0,0,0,"Homeopathic Drops","5"
"Liver Rex 450Ml","HFP Pvt Ltd","HFP",0,0,0,0,"Homeopathic Drops","5"
"Uronal 450Ml Syp","HFP Pvt Ltd","HFP",0,0,0,0,"Homeopathic Drops","5"
"Vomotolen 60Ml Syp","HFP Pvt Ltd","HFP",0,0,0,0,"Homeopathic Drops","5"
"Vomotolen 450Ml Syp","HFP Pvt Ltd","HFP",0,0,0,0,"Homeopathic Drops","5"
"Dia Mek Tab","MEKTUM Homeo Pharma","MEK",0,0,0,0,"Homeopathic Drops","12"
"Calci Mek Tab","MEKTUM Homeo Pharma","MEK",0,0,0,0,"Homeopathic Drops","12"
"Mek Height Tab","MEKTUM Homeo Pharma","MEK",0,0,0,0,"Homeopathic Drops","12"
"Acn Mek Cream","MEKTUM Homeo Pharma","MEK",0,0,0,0,"Homeopathic Drops","12"
"Damina Force Tab","MEKTUM Homeo Pharma","MEK",0,0,0,0,"Homeopathic Drops","12"
"Sino Mek Tab","MEKTUM Homeo Pharma","MEK",0,0,0,0,"Homeopathic Drops","12"
"Damia Mek Tab","MEKTUM Homeo Pharma","MEK",0,0,0,0,"Homeopathic Drops","12"
"186 Ignatia 30Ml","BM Pvt LTD","BM",0,0,0,0,"Homeopathic Drops","12"
"187 Ceanopodium 30Ml","BM Pvt LTD","BM",0,0,0,0,"Homeopathic Drops","12"
"188 Allium Cepa 30Ml","BM Pvt LTD","BM",0,0,0,0,"Homeopathic Drops","6"
"189 Artemisia Vul 30Ml","BM Pvt LTD","BM",0,0,0,0,"Homeopathic Drops","6"
"190 Avena Sativa 30Ml","BM Pvt LTD","BM",0,0,0,0,"Homeopathic Drops","6"
"191 Urtisotum 30Ml","BM Pvt LTD","BM",0,0,0,0,"Homeopathic Drops","6"
"192 Cantharis 30Ml","BM Pvt LTD","BM",0,0,0,0,"Homeopathic Drops","6"
"193 Apis Mel 30Ml","BM Pvt LTD","BM",0,0,0,0,"Homeopathic Drops","6"
"194 Rawsemp 30Ml","BM Pvt LTD","BM",0,0,0,0,"Homeopathic Drops","6"
"195 Ornithogalum 30Ml","BM Pvt LTD","BM",0,0,0,0,"Homeopathic Drops","6"
"196 Lachnathes 30Ml","BM Pvt LTD","BM",0,0,0,0,"Homeopathic Drops","6"
"197  Hypericum 30Ml","BM Pvt LTD","BM",0,0,0,0,"Homeopathic Drops","6"
"198 Dulcardron 30Ml","BM Pvt LTD","BM",0,0,0,0,"Homeopathic Drops","6"
"199 Gual Phos 30Ml","BM Pvt LTD","BM",0,0,0,0,"Homeopathic Drops","6"
"200 Ledum Pal 30Ml","BM Pvt LTD","BM",0,0,0,0,"Homeopathic Drops","6"
"Dental Lotion 15ml","BM Pvt LTD","BM",0,0,0,0,"Homeopathic Drops","10"
"58 Chionanthus Drops 30ml","BM Pvt LTD","BM",0,0,0,0,"Homeopathic Drops","12"
"203 Gnaphalium Drops 30ml","BM Pvt LTD","BM",0,0,0,0,"Homeopathic Drops","12"
"223 Iris Germanica Drops 30ML","BM Pvt LTD","BM",0,0,0,0,"Homeopathic Drops","12"
"229 Terebinthina Drops 30ML","BM Pvt LTD","BM",0,0,0,0,"Homeopathic Drops","12"
"234 Eupatorium Perf Drops 30ml","BM Pvt LTD","BM",0,0,0,0,"Homeopathic Drops","12"
"242 Aloes Drops 30ml","BM Pvt LTD","BM",0,0,0,0,"Homeopathic Drops","12"
"246 Lycomet Drops 30ML","BM Pvt LTD","BM",0,0,0,0,"Homeopathic Drops","12"
"Podophyllum 60Ml Syp","BM Pvt LTD","BM",0,0,0,0,"Homeopathic Drops","12"
"Bryonia 60Ml Syp","BM Pvt LTD","BM",0,0,0,0,"Homeopathic Drops","12"
"Baptisia 60Ml Syp","BM Pvt LTD","BM",0,0,0,0,"Homeopathic Drops","10"
"Baby Tonic 60Ml Syp","BM Pvt LTD","BM",0,0,0,0,"Homeopathic Drops","6"
"Sexovite","BM Pvt LTD","BM",0,0,0,0,"Homeopathic Drops","2"
"Blanketts 3 grain white (450GM)","BM Pvt LTD","BM",0,0,0,0,"Homeopathic Drops","4"
"Disketts 5 Grain white round (450GM)","BM Pvt LTD","BM",0,0,0,0,"Homeopathic Drops","4"
"Tonsimek Tablet 25gm","MEKTUM Homeo Pharma","MEK",0,0,0,0,"Homeopathic Drops","5"
"Alfalfa 450Ml","MEKTUM Homeo Pharma","MEK",0,0,0,0,"Homeopathic Drops","5"
"Digi-Mak 450Ml","MEKTUM Homeo Pharma","MEK",0,0,0,0,"Homeopathic Drops","5"
"Ferrum Complex 450Ml","MEKTUM Homeo Pharma","MEK",0,0,0,0,"Homeopathic Drops","5"
"Gastro Pex 450Ml","MEKTUM Homeo Pharma","MEK",0,0,0,0,"Homeopathic Drops","5"
"Hapatone 450Ml","MEKTUM Homeo Pharma","MEK",0,0,0,0,"Homeopathic Drops","5"
"Korean Ginseng Tonic SFree 120Ml Syp","MEKTUM Homeo Pharma","MEK",0,0,0,0,"Homeopathic Drops","20"
"Korean Ginseng Tonic SFree 250Ml Syp","MEKTUM Homeo Pharma","MEK",0,0,0,0,"Homeopathic Drops","15"
"Mek Cough 60Ml Syp","MEKTUM Homeo Pharma","MEK",0,0,0,0,"Homeopathic Drops","15"
"Minola Plus 120ml SYP","MEKTUM Homeo Pharma","MEK",0,0,0,0,"Homeopathic Drops","15"
"Mouthmek 60 Tab","MEKTUM Homeo Pharma","MEK",0,0,0,0,"Homeopathic Drops","5"
"Nefrenol Kidny Drops 30ml","MEKTUM Homeo Pharma","MEK",0,0,0,0,"Homeopathic Drops","24"
"Relaxo Mek 30Tab","MEKTUM Homeo Pharma","MEK",0,0,0,0,"Homeopathic Drops","5"
"Samza 1 Bed Wetting 25GM","MEKTUM Homeo Pharma","MEK",0,0,0,0,"Homeopathic Drops","12"
"Spondi Mek Drops 30ml","MEKTUM Homeo Pharma","MEK",0,0,0,0,"Homeopathic Drops","12"
"Bio Mek 21( 25GM)","MEKTUM Homeo Pharma","MEK",0,0,0,0,"Homeopathic Drops","12"
"Calendula (Cream)","MEKTUM Homeo Pharma","MEK",0,0,0,0,"Homeopathic Drops","24"
"Calendula (lotion)","MEKTUM Homeo Pharma","MEK",0,0,0,0,"Homeopathic Drops","12"
"Fem Mek 120Ml Syp","MEKTUM Homeo Pharma","MEK",0,0,0,0,"Homeopathic Drops","10"
"Gastro Pex 60Tab","MEKTUM Homeo Pharma","MEK",0,0,0,0,"Homeopathic Drops","30"
"Gastro Pex 120Ml Syp","MEKTUM Homeo Pharma","MEK",0,0,0,0,"Homeopathic Drops","50"
"Berberis Vulg Q (C) 30ml","BM Pvt LTD","BM",0,0,0,0,"Homeopathic Drops","25"
"Bryonia Alb 30 (BM)","BM Pvt LTD","BM",0,0,0,0,"Homeopathic Drops","10"
"Carbo Veg 30 (BM)","BM Pvt LTD","BM",0,0,0,0,"Homeopathic Drops","10"
"China Off 30 (BM)","BM Pvt LTD","BM",0,0,0,0,"Homeopathic Drops","10"
"Conium 30 (BM)","BM Pvt LTD","BM",0,0,0,0,"Homeopathic Drops","10"
"Lycopodium 30 (BM)","BM Pvt LTD","BM",0,0,0,0,"Homeopathic Drops","10"
"Nux Vomica 30 (BM)","BM Pvt LTD","BM",0,0,0,0,"Homeopathic Drops","50"
"Rhus Tox 30 (BM)","BM Pvt LTD","BM",0,0,0,0,"Homeopathic Drops","10"
"Sepia CM (BM)","BM Pvt LTD","BM",0,0,0,0,"Homeopathic Drops","10"
"Sulfer 30 (BM)","BM Pvt LTD","BM",0,0,0,0,"Homeopathic Drops","10"
"Thuja Occ 30 120ml (BM)","BM Pvt LTD","BM",0,0,0,0,"Homeopathic Drops","10"
"1","0 Pharma","0",0,0,0,0,"Homeopathic Drops","10"
"Allium Cepa 30 (BM)","BM Pvt LTD","BM",0,0,0,0,"Homeopathic Drops","10"
"Argentum Nit 30 (BM)","BM Pvt LTD","BM",0,0,0,0,"Homeopathic Drops","10"
"Arsenic Album 30 (BM)","BM Pvt LTD","BM",0,0,0,0,"Homeopathic Drops","10"
"Baryta Carb 30 (BM)","BM Pvt LTD","BM",0,0,0,0,"Homeopathic Drops","12"
"Belladonna 30 (BM)","BM Pvt LTD","BM",0,0,0,0,"Homeopathic Drops","15"
"Hepar Sulf CM (BM)","BM Pvt LTD","BM",0,0,0,0,"Homeopathic Drops","5"
"3","0 Pharma","0",0,0,0,0,"Homeopathic Drops","2"
"6","0 Pharma","0",0,0,0,0,"Homeopathic Drops","3"
"Acid Phos 200 BM","BM Pvt LTD","BM",0,0,0,0,"Homeopathic Drops","10"
"Aconite Nep 200 (BM)","BM Pvt LTD","BM",0,0,0,0,"Homeopathic Drops","5"
"Arsenic Album 200 (BM)","BM Pvt LTD","BM",0,0,0,0,"Homeopathic Drops","12"
"Baryta Carb 200 (BM)","BM Pvt LTD","BM",0,0,0,0,"Homeopathic Drops","12"
"Belladonna 200 (BM)","BM Pvt LTD","BM",0,0,0,0,"Homeopathic Drops","12"
"Berberis Vulg 200 (BM)","BM Pvt LTD","BM",0,0,0,0,"Homeopathic Drops","10"
"Bryonia Alb 200 (BM)","BM Pvt LTD","BM",0,0,0,0,"Homeopathic Drops","10"
"Carbo Veg 200 (BM)","BM Pvt LTD","BM",0,0,0,0,"Homeopathic Drops","15"
"China Off 200 (BM)","BM Pvt LTD","BM",0,0,0,0,"Homeopathic Drops","12"
"2","0 Pharma","0",0,0,0,0,"Homeopathic Drops","10"
"Lycopodium 200 (BM)","BM Pvt LTD","BM",0,0,0,0,"Homeopathic Drops","15"
"Medorrinum 30 (BM)","BM Pvt LTD","BM",0,0,0,0,"Homeopathic Drops","10"
"Natrum Sulf 200 (BM)","BM Pvt LTD","BM",0,0,0,0,"Homeopathic Drops","10"
"Rhus Tox 200 (BM)","BM Pvt LTD","BM",0,0,0,0,"Homeopathic Drops","15"
"Sepia 200 (BM)","BM Pvt LTD","BM",0,0,0,0,"Homeopathic Drops","10"
"5","0 Pharma","0",0,0,0,0,"Homeopathic Drops","10"
"Sulfer 200 (BM)","BM Pvt LTD","BM",0,0,0,0,"Homeopathic Drops","10"
"Thuja Occ 30 (BM)","BM Pvt LTD","BM",0,0,0,0,"Homeopathic Drops","10"
"1 For Inflammation","BLOSSOM Homeo Labs","BL",0,0,0,0,"Drops","10"
"2 For Hemorrhoids","BLOSSOM Homeo Labs","BL",0,0,0,0,"Drops","10"
"3 For Low Blood Pressure","BLOSSOM Homeo Labs","BL",0,0,0,0,"Drops","10"
"4 For High Blood Pressure","BLOSSOM Homeo Labs","BL",0,0,0,0,"Drops","10"
"5 For Acne & Pimples","BLOSSOM Homeo Labs","Bl",0,0,0,0,"Drops","10"
"6 For Leucorrhoea","BLOSSOM Homeo Labs","BL",0,0,0,0,"Homeopathic Drops","10"
"7 For Blood Suger","BLOSSOM Homeo Labs","BL",0,0,0,0,"Homeopathic Drops","10"
"8 For Rhinitis & Sinusitis","BLOSSOM Homeo Labs","BL",0,0,0,0,"Homeopathic Drops","10"
"9 For Ravenous Hunger Obesity","BLOSSOM Homeo Labs","BL",0,0,0,0,"Homeopathic Drops","10"
"10 Drops For Hight Grow","BLOSSOM Homeo Labs","BL",0,0,0,0,"Homeopathic Drops","10"
"11 For Headache & Migraine","BLOSSOM Homeo Labs","BL",0,0,0,0,"Homeopathic Drops","10"
"12 For Hiyperacidity & Gastritis","BLOSSOM Homeo Labs","BL",0,0,0,0,"Homeopathic Drops","10"
"13 For Breast Developing","BLOSSOM Homeo Labs","BL",0,0,0,0,"Homeopathic Drops","5"
"14 Organic & Functional Complaints of Liver & Gallbladder","BLOSSOM Homeo Labs","BL",0,0,0,0,"Homeopathic Drops","6"
"15 Muscular & Joint Rheumatism","BLOSSOM Homeo Labs","BL",0,0,0,0,"Homeopathic Drops","6"
"16 Drops For Prostatitis & Enlargement","BLOSSOM Homeo Labs","BL",0,0,0,0,"Homeopathic Drops","6"
"17 Drops For Ammnenorrohea & Dysmenorrohea","BLOSSOM Homeo Labs","BL",0,0,0,0,"Homeopathic Drops","6"
"18 Curing Bronchial Asthma","BLOSSOM Homeo Labs","BL",0,0,0,0,"Homeopathic Drops","6"
"19 For Nocturnal Emission","BLOSSOM Homeo Labs","BL",0,0,0,0,"Homeopathic Drops","6"
"20 For Insomnia","BLOSSOM Homeo Labs","BL",0,0,0,0,"Homeopathic Drops","6"
"21 Vision Weakness","BLOSSOM Homeo Labs","BL",0,0,0,0,"Homeopathic Drops","6"
"22 Acute &Chronic Constipation","BLOSSOM Homeo Labs","BL",0,0,0,0,"Homeopathic Drops","6"
"23 For Bed Wetting","BLOSSOM Homeo Labs","BL",0,0,0,0,"Homeopathic Drops","10"
"24 Nephritis Cystits & Alnuminuna","BLOSSOM Homeo Labs","BL",0,0,0,0,"Homeopathic Drops","10"
"25 For Vomiting","BLOSSOM Homeo Labs","BL",0,0,0,0,"Homeopathic Drops","6"
"26  For Paralysis Paraesthesia","BLOSSOM Homeo Labs","BL",0,0,0,0,"Homeopathic Drops","6"
"27 Fever Typhoid & Malaria","BLOSSOM Homeo Labs","BL",0,0,0,0,"Homeopathic Drops","6"
"28 Round , Tape & Hook Worms","BLOSSOM Homeo Labs","BL",0,0,0,0,"Homeopathic Drops","6"
"29 Toothache & Gingivitis","BLOSSOM Homeo Labs","BL",0,0,0,0,"Homeopathic Drops","6"
"30 For Weakness Of Eyes","BLOSSOM Homeo Labs","BL",0,0,0,0,"Homeopathic Drops","6"
"31 Drops For Giotre","BLOSSOM Homeo Labs","BL",0,0,0,0,"Homeopathic Drops","6"
"32 For Warts","BLOSSOM Homeo Labs","BL",0,0,0,0,"Homeopathic Drops","6"
"33 For Stomatitis","BLOSSOM Homeo Labs","BL",0,0,0,0,"Homeopathic Drops","6"
"34 Falling Hair","BLOSSOM Homeo Labs","BL",0,0,0,0,"Homeopathic Drops","6"
"35 Spondylosis","BLOSSOM Homeo Labs","BL",0,0,0,0,"Homeopathic Drops","6"
"36 Vaginitis & Vvlvovagnitis","BLOSSOM Homeo Labs","BL",0,0,0,0,"Homeopathic Drops","6"
"37 Dysentery","BLOSSOM Homeo Labs","BL",0,0,0,0,"Homeopathic Drops","6"
"38 Appendicitis","BLOSSOM Homeo Labs","BL",0,0,0,0,"Homeopathic Drops","6"
"39 For Females","BLOSSOM Homeo Labs","BL",0,0,0,0,"Homeopathic Drops","6"
"40 DRops For Itching","BLOSSOM Homeo Labs","BL",0,0,0,0,"Homeopathic Drops","6"
"41 For Itching","BLOSSOM Homeo Labs","BL",0,0,0,0,"Homeopathic Drops","6"
"42 For Peptic Ulcer","BLOSSOM Homeo Labs","BL",0,0,0,0,"Homeopathic Drops","6"
"43 For Tumors","BLOSSOM Homeo Labs","BL",0,0,0,0,"Homeopathic Drops","6"
"44 Drops For Hepatitis B & C","BLOSSOM Homeo Labs","BL",0,0,0,0,"Homeopathic Drops","6"
"45 For Urine Problem","BLOSSOM Homeo Labs","BL",0,0,0,0,"Homeopathic Drops","6"
"46 Drops For Marasmus","BLOSSOM Homeo Labs","BL",0,0,0,0,"Homeopathic Drops","6"
"47 For Tonsils","BLOSSOM Homeo Labs","BL",0,0,0,0,"Homeopathic Drops","6"
"48 For Hernia","BLOSSOM Homeo Labs","BL",0,0,0,0,"Homeopathic Drops","6"
"49 For Sunstrok","BLOSSOM Homeo Labs","BL",0,0,0,0,"Homeopathic Drops","6"
"50 Arthrities & Excessive Uric Acid","BLOSSOM Homeo Labs","BL",0,0,0,0,"Homeopathic Drops","6"
"51 For Male","BLOSSOM Homeo Labs","BL",0,0,0,0,"Homeopathic Drops","6"
"B-10 Pareira Brava Compound","BLOSSOM Homeo Labs","BL",0,0,0,0,"Homeopathic Drops","10"
"B-30 Rauwolfia Compound","BLOSSOM Homeo Labs","BL",0,0,0,0,"Homeopathic Drops","10"
"B-40 Ginseng Compound","BLOSSOM Homeo Labs","BL",0,0,0,0,"Homeopathic Drops","10"
"Passilex Drops","BLOSSOM Homeo Labs","BL",0,0,0,0,"Homeopathic Drops","10"
"Gastomex Drops","BLOSSOM Homeo Labs","BL",0,0,0,0,"Homeopathic Drops","10"
"Kolobion Colic Drops","BLOSSOM Homeo Labs","BL",0,0,0,0,"Homeopathic Drops","10"
"Sharbat Faulad  240ml","BLOSSOM Homeo Labs","BL",0,0,0,0,"Homeopathic Drops","12"
"Qalbiron SYP  240ml","BLOSSOM Homeo Labs","BL",0,0,0,0,"Homeopathic Drops","12"
"A Fin Tab","BLOSSOM Homeo Labs","BL",0,0,0,0,"Homeopathic Drops","15"
"Passilex Tab","BLOSSOM Homeo Labs","BL",0,0,0,0,"Homeopathic Drops","15"
"Fucus Tab","BLOSSOM Homeo Labs","BL",0,0,0,0,"Homeopathic Drops","15"
"Livo Fit Tab","BLOSSOM Homeo Labs","BL",0,0,0,0,"Homeopathic Drops","15"
"Mensolex Tab","BLOSSOM Homeo Labs","BL",0,0,0,0,"Homeopathic Drops","15"
"Moschus Tab","BLOSSOM Homeo Labs","BL",0,0,0,0,"Homeopathic Drops","5"
"B-Prol Tab 20 Tab","BLOSSOM Homeo Labs","BL",0,0,0,0,"Homeopathic Drops","15"
"Arthirex Tab","BLOSSOM Homeo Labs","BL",0,0,0,0,"Homeopathic Drops","15"
"Asthalex Tab","BLOSSOM Homeo Labs","BL",0,0,0,0,"Homeopathic Drops","15"
"Bryta--Tons Tab","BLOSSOM Homeo Labs","BL",0,0,0,0,"Homeopathic Drops","5"
"Diabion Tab","BLOSSOM Homeo Labs","BL",0,0,0,0,"Homeopathic Drops","10"
"Tonsi-B Tab","BLOSSOM Homeo Labs","BL",0,0,0,0,"Homeopathic Drops","10"
"Bio Lax No 21 Tab","BLOSSOM Homeo Labs","BL",0,0,0,0,"Homeopathic Drops","15"
"Wetfin Tab 60 Tab","BLOSSOM Homeo Labs","BL",0,0,0,0,"Homeopathic Drops","10"
"Arthorol Tab","BLOSSOM Homeo Labs","BL",0,0,0,0,"Homeopathic Drops","5"
"Damialex Tab","BLOSSOM Homeo Labs","BL",0,0,0,0,"Homeopathic Drops","10"
"Damialex Plus Tab","BLOSSOM Homeo Labs","BL",0,0,0,0,"Homeopathic Drops","5"
"SG Tab","BLOSSOM Homeo Labs","BL",0,0,0,0,"Homeopathic Drops","15"
"B-Flox Tab","BLOSSOM Homeo Labs","BL",0,0,0,0,"Homeopathic Drops","15"
"Ginko Lex Tab","BLOSSOM Homeo Labs","BL",0,0,0,0,"Homeopathic Drops","10"
"Alfalfa Tonic 120ml","BLOSSOM Homeo Labs","BL",0,0,0,0,"Homeopathic Drops","15"
"Alfalfa Tonic 60ml","BLOSSOM Homeo Labs","BL",0,0,0,0,"Homeopathic Drops","5"
"Ashoka SYP","BLOSSOM Homeo Labs","BL",0,0,0,0,"Homeopathic Drops","10"
"Chamomilla ( Baby Care ) SYP 120ml","BLOSSOM Homeo Labs","BL",0,0,0,0,"Homeopathic Drops","10"
"Chamomilla ( Baby Care ) SYP 60ml","BLOSSOM Homeo Labs","BL",0,0,0,0,"Homeopathic Drops","15"
"Lecethinum SYP 120ml","BLOSSOM Homeo Labs","BL",0,0,0,0,"Homeopathic Drops","10"
"Cratelex 120ml SYP","BLOSSOM Homeo Labs","BL",0,0,0,0,"Homeopathic Drops","10"
"Colic 60ml SYP","BLOSSOM Homeo Labs","BL",0,0,0,0,"Homeopathic Drops","15"
"Droselex SYP 120ml","BLOSSOM Homeo Labs","BL",0,0,0,0,"Homeopathic Drops","15"
"Droselex SYP 60ml","BLOSSOM Homeo Labs","BL",0,0,0,0,"Homeopathic Drops","10"
"Gastomex SYP 120ml","BLOSSOM Homeo Labs","BL",0,0,0,0,"Homeopathic Drops","10"
"Chiliton 120ml SYP","BLOSSOM Homeo Labs","BL",0,0,0,0,"Homeopathic Drops","15"
"Fevolex 120ml SYP","BLOSSOM Homeo Labs","BL",0,0,0,0,"Homeopathic Drops","15"
"Worm Lex 60ml SYP","BLOSSOM Homeo Labs","BL",0,0,0,0,"Homeopathic Drops","20"
"Capsi Plus SYP","BLOSSOM Homeo Labs","BL",0,0,0,0,"Homeopathic Drops","12"
"Calcilex 120ml SYP","BLOSSOM Homeo Labs","BL",0,0,0,0,"Homeopathic Drops","15"
"Antalex 120ml SYP","BLOSSOM Homeo Labs","BL",0,0,0,0,"Homeopathic Drops","10"
"Pipra Mint 120ml SYP","BLOSSOM Homeo Labs","BL",0,0,0,0,"Homeopathic Drops","10"
"Sharbat-e-Faulad 120ml SYP","BLOSSOM Homeo Labs","BL",0,0,0,0,"Homeopathic Drops","15"
"Discorea 120ml SYP","BLOSSOM Homeo Labs","BL",0,0,0,0,"Homeopathic Drops","10"
"Ener-Vita 120ml SYP","BLOSSOM Homeo Labs","BL",0,0,0,0,"Homeopathic Drops","15"
"Sulforex 120ml SYP","BLOSSOM Homeo Labs","BL",0,0,0,0,"Homeopathic Drops","15"
"Bryon 120ml SYP","BLOSSOM Homeo Labs","BL",0,0,0,0,"Homeopathic Drops","15"
"Fevo Tox 60ml SYP","BLOSSOM Homeo Labs","BL",0,0,0,0,"Homeopathic Drops","20"
"Aventa-Vit 120ml SYP","BLOSSOM Homeo Labs","BL",0,0,0,0,"Homeopathic Drops","15"
"Sharbat-e-Sader 120ml SYP","BLOSSOM Homeo Labs","BL",0,0,0,0,"Homeopathic Drops","15"
"Bposti ( Vital Tonic ) 120ml","BLOSSOM Homeo Labs","BL",0,0,0,0,"Homeopathic Drops","15"
"Five Phoses Calcium SYP 120ml","Paul Brooks Homoeo Lab","PBHL",0,0,0,0,"SYP","10"
"Acid Phos Complx 120ml SYP","Paul Brooks Homoeo Lab","PBHL",0,0,0,0,"SYP","10"
"Alermin Allergic SYP","Paul Brooks Homoeo Lab","PBHL",0,0,0,0,"SYP","10"
"Alfalfa Active Tonic 120ml","Paul Brooks Homoeo Lab","PBHL",0,0,0,0,"SYP","10"
"Alfalfa Junior 120ml SYP","Paul Brooks Homoeo Lab","PBHL",0,0,0,0,"SYP","10"
"Alfalfa S/Free 120ml SYP","Paul Brooks Homoeo Lab","PBHL",0,0,0,0,"SYP","10"
"Alfalfa + Crategus SYP","Paul Brooks Homoeo Lab","PBHL",0,0,0,0,"SYP","10"
"Arthrocyn 120ml SYP","Paul Brooks Homoeo Lab","PBHL",0,0,0,0,"SYP","10"
"Asoka Cardial 120ml SYP","Paul Brooks Homoeo Lab","PBHL",0,0,0,0,"SYP","10"
"Asthabion 120ml SYP","Paul Brooks Homoeo Lab","PBHL",0,0,0,0,"SYP","15"
"Avena + Ginseng 120ml SYP","Paul Brooks Homoeo Lab","PBHL",0,0,0,0,"SYP","10"
"Baba Glon 120ml SYP","Paul Brooks Homoeo Lab","PBHL",0,0,0,0,"SYP","10"
"Bargal B-V Feltauri 120ml SYP","Paul Brooks Homoeo Lab","PBHL",0,0,0,0,"SYP","10"
"BR-Aletrican Cordial 120ml SYP","Paul Brooks Homoeo Lab","PBHL",0,0,0,0,"SYP","10"
"Broliv 120ml SYP","Paul Brooks Homoeo Lab","PBHL",0,0,0,0,"SYP","10"
"Brolysis 120ml SYP","Paul Brooks Homoeo Lab","PBHL",0,0,0,0,"SYP","10"
"Brook Lax 120ml SYP","Paul Brooks Homoeo Lab","PBHL",0,0,0,0,"SYP","10"
"BroTux Cough 120ml SYP","Paul Brooks Homoeo Lab","PBHL",0,0,0,0,"SYP","20"
"BroTux Honey 120ml SYP","Paul Brooks Homoeo Lab","PBHL",0,0,0,0,"SYP","15"
"BroTux S/Free 120ml SYP","Paul Brooks Homoeo Lab","PBHL",0,0,0,0,"SYP","15"
"BroWorm 120ml SYP","Paul Brooks Homoeo Lab","PBHL",0,0,0,0,"SYP","10"
"Bryonia Liniment 120ml SYP","Paul Brooks Homoeo Lab","PBHL",0,0,0,0,"SYP","10"
"Calci Win 120ml SYP","Paul Brooks Homoeo Lab","PBHL",0,0,0,0,"SYP","10"
"Capci Plex 120ml SYP","Paul Brooks Homoeo Lab","PBHL",0,0,0,0,"SYP","10"
"Coldi Off 120ml SYP","Paul Brooks Homoeo Lab","PBHL",0,0,0,0,"SYP","10"
"Colic 120ml SYP","Paul Brooks Homoeo Lab","PBHL",0,0,0,0,"SYP","10"
"Cravin 120ml SYP","Paul Brooks Homoeo Lab","PBHL",0,0,0,0,"SYP","10"
"Damia Vit 120ml SYP","Paul Brooks Homoeo Lab","PBHL",0,0,0,0,"SYP","10"
"Diar Nil 120ml SYP","Paul Brooks Homoeo Lab","PBHL",0,0,0,0,"SYP","10"
"Digestiv S/Free 120ml SYP","Paul Brooks Homoeo Lab","PBHL",0,0,0,0,"SYP","10"
"Digestiv 120ml SYP","Paul Brooks Homoeo Lab","PBHL",0,0,0,0,"Homeopathic Drops","10"
"Epilym HYS 120ml SYP","Paul Brooks Homoeo Lab","PBHL",0,0,0,0,"Homeopathic Drops","10"
"B-20 Chinonthus Compound With Chelidonium","BLOSSOM Homeo Labs","BL",0,0,0,0,"Homeopathic Drops","5"
"DYSIT (Dry Syrup)","BLOSSOM Homeo Labs","BL",0,0,0,0,"Homeopathic Drops","10"
"F-BEX (Dry Syrup)","BLOSSOM Homeo Labs","BL",0,0,0,0,"Homeopathic Drops","10"
"Erecto Fill","Clinic Internal Preparation","Clinic",0,0,0,0,"Homeopathic Drops","50"
"Joint Flex Cap","Ashraf Laboratories","AK",0,0,0,0,"Homeopathic Drops","100"
"Pain Guard Cap","Clinic Internal Preparation","Clinic",0,0,0,0,"Homeopathic Drops","100"
"Ceanothus Q (WShah)","W.S. Laboratories","WShah",0,0,0,0,"Homeopathic Drops","5"
"Bronncal Cough SYP","Masood Homoeopathic Pharma","MASOD",0,0,0,0,"Homeopathic Drops","15"
"R5 Gestreu Drops","Dr. Reckeweg Germany","RECK",0,0,0,0,"Homeopathic Drops","15"
"Dilan Drops","Kamal Laboratories","KAMAL",0,0,0,0,"Homeopathic Drops","20"
"Colic 60ml","HFP Pvt Ltd","HFP",0,0,0,0,"Homeopathic Drops","20"
"17 Causticum 20ml","HFP Pvt Ltd","HFP",0,0,0,0,"Homeopathic Drops","12"
"Kali Bich 30","W.S. Laboratories","WShah",0,0,0,0,"Homeopathic Drops","5"
"Berbaris Aqi Q","Masood Homoeopathic Pharma","MASOD",0,0,0,0,"Homeopathic Drops","5"
"Tonsitin","Dr. Willmar Schwabe Germany","Shwabe",0,0,0,0,"Homeopathic Drops","5"
"233 Cough Spasmodic","BM Pvt LTD","BM",0,0,0,0,"Homeopathic Drops","3"
"Athlatex Cap","Eagle Homoeo","Eagle",0,0,0,0,"Homeopathic Drops","5"
"Dia Tac Cap","Eagle Homoeo","Eagle",0,0,0,0,"Homeopathic Drops","5"
"Suchi Booti","ZAM ZAM Homoeo Pharma","ZAM ZAM",0,0,0,0,"Homeopathic Drops","5"
"Syzigeum Compse Drops","Dr. Willmar Schwabe Germany","Shwabe",0,0,0,0,"Homeopathic Drops","5"
"Acne Cure Cream","Paul Brooks Homoeo Lab","PBHL",0,0,0,0,"Homeopathic Drops","50"
"N.Gasik 100 Tab","NazZ Pharma","NazZ",0,0,0,0,"Homeopathic Drops","10"
"Damiana Plant Drops","Dr. Willmar Schwabe Germany","Shwabe",0,0,0,0,"Homeopathic Drops","5"
"Warts Remover","MeDi Pharma","MeDi",0,0,0,0,"Homeopathic Drops","10"
"Elolex Tab Strip","Clinic Internal Preparation","Clinic",0,0,0,0,"Homeopathic Drops","50"
"Acno Pimp Cream 20 gms","Paul Brooks Homoeo Lab","PBHL",0,0,0,0,"Homeopathic Drops","12"
"Bergal BV-Feltauri SYP 120ml","Paul Brooks Homoeo Lab","PBHL",0,0,0,0,"Homeopathic Drops","6"
"BioCom No 21 30gms Tab","Paul Brooks Homoeo Lab","PBHL",0,0,0,0,"Homeopathic Drops","12"
"Braston Cream 50gms","Paul Brooks Homoeo Lab","PBHL",0,0,0,0,"Homeopathic Drops","3"
"Calendula Cream 20gms","Paul Brooks Homoeo Lab","PBHL",0,0,0,0,"Homeopathic Drops","12"
"Canthris Burns Cream 20 gms","Paul Brooks Homoeo Lab","PBHL",0,0,0,0,"Homeopathic Drops","6"
"F-F Cure 30ml Drops","Paul Brooks Homoeo Lab","PBHL",0,0,0,0,"Homeopathic Drops","6"
"Fevnol Drops 30ml","Paul Brooks Homoeo Lab","PBHL",0,0,0,0,"Homeopathic Drops","3"
"Gen-Ron Royal Jelly + Ginseng 300ml","Paul Brooks Homoeo Lab","PBHL",0,0,0,0,"Homeopathic Drops","3"
"Ginkon 240ml SYP","Paul Brooks Homoeo Lab","PBHL",0,0,0,0,"Homeopathic Drops","6"
"Hua Hua Tonic 250ml","Paul Brooks Homoeo Lab","PBHL",0,0,0,0,"Homeopathic Drops","6"
"Iro Lecin Heavy Malt 300ml","Paul Brooks Homoeo Lab","PBHL",0,0,0,0,"Homeopathic Drops","12"
"Kidnol 240ml SYP","Paul Brooks Homoeo Lab","PBHL",0,0,0,0,"Homeopathic Drops","12"
"Sciatiran 30ml Drops","Paul Brooks Homoeo Lab","PBHL",0,0,0,0,"Homeopathic Drops","12"
"Spondi -- L 30ml Drops","Paul Brooks Homoeo Lab","PBHL",0,0,0,0,"Homeopathic Drops","12"
"Acne Pimp Soap 100gms","Paul Brooks Homoeo Lab","PBHL",0,0,0,0,"Homeopathic Drops","12"
"Calendula 100 gms","Paul Brooks Homoeo Lab","PBHL",0,0,0,0,"Homeopathic Drops","12"
"D-- Paste 70 gms","Paul Brooks Homoeo Lab","PBHL",0,0,0,0,"Homeopathic Drops","12"
"Magic Hair Oil 150ml","Paul Brooks Homoeo Lab","PBHL",0,0,0,0,"Homeopathic Drops","12"
"Neem Cream 100 gms","Paul Brooks Homoeo Lab","PBHL",0,0,0,0,"Homeopathic Drops","12"
"O - Love ( Olive Oil Soap ) 100gms","Paul Brooks Homoeo Lab","PBHL",0,0,0,0,"Homeopathic Drops","12"
"Alfalfa - AXT Tonic 120ml","Paul Brooks Homoeo Lab","PBHL",0,0,0,0,"Homeopathic Drops","12"
"Astich Itch Cure Lotion 100ml","Paul Brooks Homoeo Lab","PBHL",0,0,0,0,"Homeopathic Drops","6"
"Baby Chamomila Drops 15ml","Paul Brooks Homoeo Lab","PBHL",0,0,0,0,"Homeopathic Drops","12"
"Baby Colic Relief 15ml Drops","Paul Brooks Homoeo Lab","PBHL",0,0,0,0,"Homeopathic Drops","12"
"Baby Fevokidi 15ml","Paul Brooks Homoeo Lab","PBHL",0,0,0,0,"Homeopathic Drops","10"
"Baby Flu 15ml Drops","Paul Brooks Homoeo Lab","PBHL",0,0,0,0,"Homeopathic Drops","12"
"Boric Calendula Karcks Oil 100ml","Paul Brooks Homoeo Lab","PBHL",0,0,0,0,"Homeopathic Drops","5"
"Brolysis Lotion 100ml","Paul Brooks Homoeo Lab","PBHL",0,0,0,0,"Homeopathic Drops","5"
"Bro Sulf Anti Itch Lotion 100ml","Paul Brooks Homoeo Lab","PBHL",0,0,0,0,"Homeopathic Drops","5"
"BroTux Cough 60ml SYP","Paul Brooks Homoeo Lab","PBHL",0,0,0,0,"Homeopathic Drops","12"
"BroWorm 60ml SYP","Paul Brooks Homoeo Lab","PBHL",0,0,0,0,"Homeopathic Drops","12"
"Bryonia Liniment 60ml SYP","Paul Brooks Homoeo Lab","PBHL",0,0,0,0,"Homeopathic Drops","12"
"Calendula Ointment 20gms","Paul Brooks Homoeo Lab","PBHL",0,0,0,0,"Homeopathic Drops","25"
"Capsicum Complex 60ml SYP","Paul Brooks Homoeo Lab","PBHL",0,0,0,0,"Homeopathic Drops","12"
"Dental Toothhach LTN 15ml","Paul Brooks Homoeo Lab","PBHL",0,0,0,0,"Homeopathic Drops","12"
"Diarkidi Drops 15ml","Paul Brooks Homoeo Lab","PBHL",0,0,0,0,"Homeopathic Drops","12"
"Echinatia Cream 20gms","Paul Brooks Homoeo Lab","PBHL",0,0,0,0,"Homeopathic Drops","10"
"Eczon Cream 20gms","Paul Brooks Homoeo Lab","PBHL",0,0,0,0,"Homeopathic Drops","12"
"Euphrasia Eye Drop 15ml","Paul Brooks Homoeo Lab","PBHL",0,0,0,0,"Homeopathic Drops","12"
"Fevnol 120ml SYP","Paul Brooks Homoeo Lab","PBHL",0,0,0,0,"Homeopathic Drops","12"
"Graphites Ointment 50mgs","Paul Brooks Homoeo Lab","PBHL",0,0,0,0,"Homeopathic Drops","10"
"Haemorrhoids Ointment 20mgs","Paul Brooks Homoeo Lab","PBHL",0,0,0,0,"Homeopathic Drops","50"
"Itch Cure Cream 20mgs","Paul Brooks Homoeo Lab","PBHL",0,0,0,0,"Homeopathic Drops","12"
"Mouth Care 15ml  LTN","Paul Brooks Homoeo Lab","PBHL",0,0,0,0,"Homeopathic Drops","12"
"Mullen Ear Drops 15ml","Paul Brooks Homoeo Lab","PBHL",0,0,0,0,"Homeopathic Drops","12"
"Ora Care Gel 10mgs","Paul Brooks Homoeo Lab","PBHL",0,0,0,0,"Homeopathic Drops","12"
"Sulfer Cream 20mgs","Paul Brooks Homoeo Lab","PBHL",0,0,0,0,"Homeopathic Drops","12"
"Tetreen Cream 20gms","Paul Brooks Homoeo Lab","PBHL",0,0,0,0,"Homeopathic Drops","12"
"Teucreum Nasal Drops 15ml","Paul Brooks Homoeo Lab","PBHL",0,0,0,0,"Homeopathic Drops","12"
"Thuja Cream 20gms","Paul Brooks Homoeo Lab","PBHL",0,0,0,0,"Homeopathic Drops","12"
"Ulcefor 120ml SYP","Paul Brooks Homoeo Lab","PBHL",0,0,0,0,"Homeopathic Drops","12"
"Urac 120ml SYP","Paul Brooks Homoeo Lab","PBHL",0,0,0,0,"Homeopathic Drops","12"
"Urican 120ml","Paul Brooks Homoeo Lab","PBHL",0,0,0,0,"Homeopathic Drops","12"
"Rheu Max RED Ointment 20gms","Paul Brooks Homoeo Lab","PBHL",0,0,0,0,"Homeopathic Drops","12"
"Brain Tonic 120ml SYP","Paul Brooks Homoeo Lab","PBHL",0,0,0,0,"Homeopathic Drops","24"
"Jaborandi 120ml","Paul Brooks Homoeo Lab","PBHL",0,0,0,0,"Homeopathic Drops","15"
"Alfalfa - AXT Tonic 240ml","Paul Brooks Homoeo Lab","PBHL",0,0,0,0,"Homeopathic Drops","24"
"Asoka Cardial 250ml SYP","Paul Brooks Homoeo Lab","PBHL",0,0,0,0,"Homeopathic Drops","12"
"Hemor-Nill 120ml SYP","Paul Brooks Homoeo Lab","PBHL",0,0,0,0,"Homeopathic Drops","12"
"IVY Fit 120ml SYP","Paul Brooks Homoeo Lab","PBHL",0,0,0,0,"Homeopathic Drops","6"
"Kidnol 120ml SYP","Paul Brooks Homoeo Lab","PBHL",0,0,0,0,"Homeopathic Drops","24"
"Leconol 30Cap","Paul Brooks Homoeo Lab","PBHL",0,0,0,0,"Homeopathic Drops","6"
"Leconol 120ml SYP","Paul Brooks Homoeo Lab","PBHL",0,0,0,0,"Homeopathic Drops","12"
"Leuco Coures","Paul Brooks Homoeo Lab","PBHL",0,0,0,0,"Homeopathic Drops","3"
"LeXit 120ml SYP","Paul Brooks Homoeo Lab","PBHL",0,0,0,0,"Homeopathic Drops","6"
"SootheX Thand Keena 120ml SYP","Paul Brooks Homoeo Lab","PBHL",0,0,0,0,"Homeopathic Drops","6"
"Spevol 30Cap","Paul Brooks Homoeo Lab","PBHL",0,0,0,0,"Homeopathic Drops","6"
"Teucol 120ml SYP","Paul Brooks Homoeo Lab","PBHL",0,0,0,0,"Homeopathic Drops","6"
"Tonsi Care 120ml SYP","Paul Brooks Homoeo Lab","PBHL",0,0,0,0,"Homeopathic Drops","24"
"Tonsi Care 60ml SYP","Paul Brooks Homoeo Lab","PBHL",0,0,0,0,"Homeopathic Drops","12"
"Urican 30Cap","Paul Brooks Homoeo Lab","PBHL",0,0,0,0,"Homeopathic Drops","6"
"Vomin 60ml SYP","Paul Brooks Homoeo Lab","PBHL",0,0,0,0,"Homeopathic Drops","12"
"Mayariods 30Cap","Paul Brooks Homoeo Lab","PBHL",0,0,0,0,"Homeopathic Drops","6"
"1 Infamel 30ml Drops","B.H.P Laboratory (PVT) LTD","BHP",0,0,0,0,"Homeopathic Drops","5"
"3 ovaleuk 30ml Drops","B.H.P Laboratory (PVT) LTD","BHP",0,0,0,0,"Homeopathic Drops","5"
"4 Yerbarstihm 30ml Drops","B.H.P Laboratory (PVT) LTD","BHP",0,0,0,0,"Homeopathic Drops","5"
"5 Diabrom 30ml Drops","B.H.P Laboratory (PVT) LTD","BHP",0,0,0,0,"Homeopathic Drops","5"
"7 Aqufair 30ml Drops","B.H.P Laboratory (PVT) LTD","BHP",0,0,0,0,"Homeopathic Drops","5"
"8 Baptiopyretics 30ml Drops","B.H.P Laboratory (PVT) LTD","BHP",0,0,0,0,"Homeopathic Drops","5"
"9 Hypecaro 30ml Drops","B.H.P Laboratory (PVT) LTD","BHP",0,0,0,0,"Homeopathic Drops","5"
"10 Hypocard 30ml Drops","B.H.P Laboratory (PVT) LTD","BHP",0,0,0,0,"Homeopathic Drops","5"
"11 Diasenti 30ml Drops","B.H.P Laboratory (PVT) LTD","BHP",0,0,0,0,"Homeopathic Drops","5"
"12 Dermasor 30ml Drops","B.H.P Laboratory (PVT) LTD","BHP",0,0,0,0,"Homeopathic Drops","5"
"14 Menstiops 30 ml Drops","B.H.P Laboratory (PVT) LTD","BHP",0,0,0,0,"Homeopathic Drops","5"
"16 Brodil 30ml Drops","B.H.P Laboratory (PVT) LTD","BHP",0,0,0,0,"Homeopathic Drops","5"
"17 Noctiuplan 30ml Drops","B.H.P Laboratory (PVT) LTD","BHP",0,0,0,0,"Homeopathic Drops","5"
"18 Prostaier 30ml Drops","B.H.P Laboratory (PVT) LTD","BHP",0,0,0,0,"Homeopathic Drops","5"
"19 Inferinosa 30ml Drops","B.H.P Laboratory (PVT) LTD","BHP",0,0,0,0,"Homeopathic Drops","5"
"20 Rinocin 30ml Drops","B.H.P Laboratory (PVT) LTD","BHP",0,0,0,0,"Homeopathic Drops","5"
"22 Deprison 30ml Drops","B.H.P Laboratory (PVT) LTD","BHP",0,0,0,0,"Homeopathic Drops","5"
"23 Migroccyl 30ml Drops","B.H.P Laboratory (PVT) LTD","BHP",0,0,0,0,"Homeopathic Drops","5"
"24 Breastiophil 30ml Drops","B.H.P Laboratory (PVT) LTD","BHP",0,0,0,0,"Homeopathic Drops","5"
"Alfalfa Gold Tonic 120ml SYP","B.H.P Laboratory (PVT) LTD","BHP",0,0,0,0,"Homeopathic Drops","6"
"Aller Nill 120ml SYP","B.H.P Laboratory (PVT) LTD","BHP",0,0,0,0,"Homeopathic Drops","10"
"Asoka 120ml SYP","B.H.P Laboratory (PVT) LTD","BHP",0,0,0,0,"Homeopathic Drops","10"
"Avena Plus 120ml SYP","B.H.P Laboratory (PVT) LTD","BHP",0,0,0,0,"Homeopathic Drops","6"
"B Coviti 120ml SYP","B.H.P Laboratory (PVT) LTD","BHP",0,0,0,0,"Homeopathic Drops","10"
"B-Nol 120ml SYP","B.H.P Laboratory (PVT) LTD","BHP",0,0,0,0,"Homeopathic Drops","6"
"Bio-KF 120ml","B.H.P Laboratory (PVT) LTD","BHP",0,0,0,0,"Homeopathic Drops","12"
"Bio-KF 60ml","B.H.P Laboratory (PVT) LTD","BHP",0,0,0,0,"Homeopathic Drops","12"
"Chillno 120ml SYP","B.H.P Laboratory (PVT) LTD","BHP",0,0,0,0,"Homeopathic Drops","6"
"Cholesati 30ml Drops","B.H.P Laboratory (PVT) LTD","BHP",0,0,0,0,"Homeopathic Drops","5"
"Coli Mix Honey 120ml Syp","B.H.P Laboratory (PVT) LTD","BHP",0,0,0,0,"Homeopathic Drops","6"
"Cufik-Sfree 120ml SYP","B.H.P Laboratory (PVT) LTD","BHP",0,0,0,0,"Homeopathic Drops","6"
"Damiana 120ml SYP","B.H.P Laboratory (PVT) LTD","BHP",0,0,0,0,"Homeopathic Drops","12"
"Dia Card 120ml SYP","B.H.P Laboratory (PVT) LTD","BHP",0,0,0,0,"Homeopathic Drops","6"
"Diocardia Gold 30ml Drops","B.H.P Laboratory (PVT) LTD","BHP",0,0,0,0,"Homeopathic Drops","6"
"Dyro 120ML SYP","B.H.P Laboratory (PVT) LTD","BHP",0,0,0,0,"Homeopathic Drops","6"
"Dyro 60ML SYP","B.H.P Laboratory (PVT) LTD","BHP",0,0,0,0,"Homeopathic Drops","6"
"Eilee 20Tab","B.H.P Laboratory (PVT) LTD","BHP",0,0,0,0,"Homeopathic Drops","5"
"Ener Vit 240ml","B.H.P Laboratory (PVT) LTD","BHP",0,0,0,0,"Homeopathic Drops","6"
"Ener Vit 120ml","B.H.P Laboratory (PVT) LTD","BHP",0,0,0,0,"Homeopathic Drops","6"
"Fever Nill 120ml SYP (BHP)","B.H.P Laboratory (PVT) LTD","BHP",0,0,0,0,"Homeopathic Drops","6"
"Gasti 120ml SYP","B.H.P Laboratory (PVT) LTD","BHP",0,0,0,0,"Homeopathic Drops","10"
"Ginko Bex 120ml SYP","B.H.P Laboratory (PVT) LTD","BHP",0,0,0,0,"Homeopathic Drops","6"
"Globo Gin 240ml SYP","B.H.P Laboratory (PVT) LTD","BHP",0,0,0,0,"Homeopathic Drops","6"
"Globo Gin 120ml SYP","B.H.P Laboratory (PVT) LTD","BHP",0,0,0,0,"Homeopathic Drops","6"
"Haemoran 30ml Drops","B.H.P Laboratory (PVT) LTD","BHP",0,0,0,0,"Homeopathic Drops","10"
"Hycine 60ml SYP","B.H.P Laboratory (PVT) LTD","BHP",0,0,0,0,"Homeopathic Drops","10"
"Insomax 60ml Drops","B.H.P Laboratory (PVT) LTD","BHP",0,0,0,0,"Homeopathic Drops","5"
"Iropex 120ml SYP","B.H.P Laboratory (PVT) LTD","BHP",0,0,0,0,"Homeopathic Drops","6"
"Kalcuren 30ml Drops","B.H.P Laboratory (PVT) LTD","BHP",0,0,0,0,"Homeopathic Drops","10"
"Kidney Care 120ml SYP","B.H.P Laboratory (PVT) LTD","BHP",0,0,0,0,"Homeopathic Drops","6"
"LexX 120ml SYP","B.H.P Laboratory (PVT) LTD","BHP",0,0,0,0,"Homeopathic Drops","10"
"Muiration - M 30ml Drops","B.H.P Laboratory (PVT) LTD","BHP",0,0,0,0,"Homeopathic Drops","6"
"Multi Plus 120ml SYP","B.H.P Laboratory (PVT) LTD","BHP",0,0,0,0,"Homeopathic Drops","6"
"Norcid Plus 120ml SYP","B.H.P Laboratory (PVT) LTD","BHP",0,0,0,0,"Homeopathic Drops","10"
"Phytobese 30ml Drops","B.H.P Laboratory (PVT) LTD","BHP",0,0,0,0,"Homeopathic Drops","5"
"Re-Biotic 120ml SYP","B.H.P Laboratory (PVT) LTD","BHP",0,0,0,0,"Homeopathic Drops","6"
"Sharbat-E-Faulad 240ml SYP","B.H.P Laboratory (PVT) LTD","BHP",0,0,0,0,"Homeopathic Drops","6"
"She Max 240ml SYP","B.H.P Laboratory (PVT) LTD","BHP",0,0,0,0,"Homeopathic Drops","3"
"Uropal 30ml Drops","B.H.P Laboratory (PVT) LTD","BHP",0,0,0,0,"Homeopathic Drops","6"
"V-lac 20Tab","B.H.P Laboratory (PVT) LTD","BHP",0,0,0,0,"Homeopathic Drops","5"
"Vomitirol 120ml SYP","B.H.P Laboratory (PVT) LTD","BHP",0,0,0,0,"Homeopathic Drops","5"
"Worms Nill 60ml SYP","B.H.P Laboratory (PVT) LTD","BHP",0,0,0,0,"Homeopathic Drops","5"
"R17 Cobralactin","Dr. Reckeweg Germany","RECK",0,0,0,0,"Homeopathic Drops","10"
"Cacl Phos 6X 30gm (Brooks)","Paul Brooks Homoeo Lab","PBHL",0,0,0,0,"Homeopathic Drops","5"
"Alfalfa 250Ml","MEKTUM Homeo Pharma","MEK",0,0,0,0,"Homeopathic Drops","5"
"Multilex 20 Tab","BLOSSOM Homeo Labs","BL",0,0,0,0,"Homeopathic Drops","6"
"Irolex 20 Tab","BLOSSOM Homeo Labs","BL",0,0,0,0,"Homeopathic Drops","6"
"Renelex 120ml SYP","BLOSSOM Homeo Labs","BL",0,0,0,0,"Homeopathic Drops","15"
"Blosmo Gel 120ml SYP","BLOSSOM Homeo Labs","BL",0,0,0,0,"Homeopathic Drops","15"
"Digi Lex 120ml SYP","BLOSSOM Homeo Labs","BL",0,0,0,0,"Homeopathic Drops","15"
"DoloTox 120ml SYP","BLOSSOM Homeo Labs","BL",0,0,0,0,"Homeopathic Drops","15"
"Liver Tone 120ml SYP","BLOSSOM Homeo Labs","BL",0,0,0,0,"Homeopathic Drops","5"
"Leco Plus B 20Tab","BLOSSOM Homeo Labs","BL",0,0,0,0,"Homeopathic Drops","10"
"BlosmoleX 240ml SYP","BLOSSOM Homeo Labs","BL",0,0,0,0,"Homeopathic Drops","12"
"Bl-31 Drops","BLOSSOM Homeo Labs","BL",0,0,0,0,"Homeopathic Drops","5"
"Bergenine 120ml SYP","ZAM ZAM Homoeo Pharma","ZAM ZAM",0,0,0,0,"SYP","5"
"Justicia 120ml SYP","ZAM ZAM Homoeo Pharma","ZAM ZAM",0,0,0,0,"SYP","5"
"Digesto 120ml SYP","ZAM ZAM Homoeo Pharma","ZAM ZAM",0,0,0,0,"Homeopathic Drops","5"
"Alfalfa D/S 120ml SYP","ZAM ZAM Homoeo Pharma","ZAM ZAM",0,0,0,0,"Homeopathic Drops","10"
"Z - Biotic 120ml SYP","ZAM ZAM Homoeo Pharma","ZAM ZAM",0,0,0,0,"Homeopathic Drops","10"
"Raphnus + Drops","ZAM ZAM Homoeo Pharma","ZAM ZAM",0,0,0,0,"Homeopathic Drops","10"
"Suchi Booti Drops","ZAM ZAM Homoeo Pharma","ZAM ZAM",0,0,0,0,"Homeopathic Drops","15"
"Calco - Z Drops","ZAM ZAM Homoeo Pharma","ZAM ZAM",0,0,0,0,"Homeopathic Drops","10"
"BP Normal Drops","ZAM ZAM Homoeo Pharma","ZAM ZAM",0,0,0,0,"Homeopathic Drops","10"
"Avena +   240ml SYP","ZAM ZAM Homoeo Pharma","ZAM ZAM",0,0,0,0,"Homeopathic Drops","10"
"Ferro - Z 240ml","ZAM ZAM Homoeo Pharma","ZAM ZAM",0,0,0,0,"Homeopathic Drops","10"
"Avena Forte 240ml","ZAM ZAM Homoeo Pharma","ZAM ZAM",0,0,0,0,"Homeopathic Drops","10"
"Ashoka 240ml SYP","ZAM ZAM Homoeo Pharma","ZAM ZAM",0,0,0,0,"Homeopathic Drops","6"
"Moring - Z 240ml","ZAM ZAM Homoeo Pharma","ZAM ZAM",0,0,0,0,"Homeopathic Drops","6"
"ZM - 9","ZAM ZAM Homoeo Pharma","ZAM ZAM",0,0,0,0,"Homeopathic Drops","10"
"ZM - 12","ZAM ZAM Homoeo Pharma","ZAM ZAM",0,0,0,0,"Homeopathic Drops","10"
"ZM - 11","ZAM ZAM Homoeo Pharma","ZAM ZAM",0,0,0,0,"Homeopathic Drops","10"
"ZM - 7","ZAM ZAM Homoeo Pharma","ZAM ZAM",0,0,0,0,"Homeopathic Drops","6"
"ZM - 2","ZAM ZAM Homoeo Pharma","ZAM ZAM",0,0,0,0,"Homeopathic Drops","10"
"ZM - 1","ZAM ZAM Homoeo Pharma","ZAM ZAM",0,0,0,0,"Homeopathic Drops","10"
"ZM - 18","ZAM ZAM Homoeo Pharma","ZAM ZAM",0,0,0,0,"Homeopathic Drops","6"
"HR No 10","Masood Homoeopathic Pharma","MASOD",0,0,0,0,"Homeopathic Drops","5"
"Alfalfa Mek S/Free 120ml","MEKTUM Homeo Pharma","MEK",0,0,0,0,"Homeopathic Drops","15"
"LaXy 20 Tab","MEKTUM Homeo Pharma","MEK",0,0,0,0,"Homeopathic Drops","20"
"Nefrenol Kidny 250Ml Syp","MEKTUM Homeo Pharma","MEK",0,0,0,0,"Homeopathic Drops","25"
"Pulsatila 30","Masood Homoeopathic Pharma","MASOD",0,0,0,0,"Homeopathic Drops","5"
"Apis Mellfica 200","MEKTUM Homeo Pharma","MEK",0,0,0,0,"Homeopathic Drops","5"
"Single Doze","Clinic Internal Preparation","Clinic",0,0,0,0,"Homeopathic Drops","5"
"4","0 Pharma","0",0,0,0,0,"Homeopathic Drops","5"
"Tonsi Care Tablets","Paul Brooks Homoeo Lab","PBHL",0,0,0,0,"Homeopathic Drops","10"
"Pain Nill Tab","Clinic Internal Preparation","Clinic",0,0,0,0,"Homeopathic Drops","100"
"29 Migrane","Kent Homoeopathic Pharmacy","Kent",0,0,0,0,"Drops","5"
"24 For Dirrhea","Kent Homoeopathic Pharmacy","Kent",0,0,0,0,"Homeopathic Drops","5"
"49 Albuminrea","Kent Homoeopathic Pharmacy","Kent",0,0,0,0,"Homeopathic Drops","5"
"Ferrum Phos 200","Masood Homoeopathic Pharma","MASOD",0,0,0,0,"Homeopathic Drops","5"
"Kali Mur 200","MEKTUM Homeo Pharma","MEK",0,0,0,0,"Homeopathic Drops","5"
"Phytolacca Berry 200","MEKTUM Homeo Pharma","MEK",0,0,0,0,"Homeopathic Drops","5"
"13 Nerve And Brain Tonic","Kent Homoeopathic Pharmacy","Kent",0,0,0,0,"Homeopathic Drops","15"
"Acne Cap 30 Capsule","Kent Homoeopathic Pharmacy","Kent",0,0,0,0,"Homeopathic Drops","3"
"Anti Smoking Tablet","Kent Homoeopathic Pharmacy","Kent",0,0,0,0,"Homeopathic Drops","3"
"Avena Super Tonic S/Free","Kent Homoeopathic Pharmacy","Kent",0,0,0,0,"Homeopathic Drops","10"
"Alfalfa Tonic 250ml","Kent Homoeopathic Pharmacy","Kent",0,0,0,0,"Homeopathic Drops","5"
"ADDi Stop 21 Days Plan","Kent Homoeopathic Pharmacy","Kent",0,0,0,0,"Homeopathic Drops","3"
"Anti Rash Ointment 20GM","Kent Homoeopathic Pharmacy","Kent",0,0,0,0,"Homeopathic Drops","5"
"Alfalfa 50 Tablets","Kent Homoeopathic Pharmacy","Kent",0,0,0,0,"Homeopathic Drops","3"
"Acne Cure Cream 20 GM","Kent Homoeopathic Pharmacy","Kent",0,0,0,0,"Homeopathic Drops","1000"
"Easy Move Spary 120ml","Kent Homoeopathic Pharmacy","Kent",0,0,0,0,"Homeopathic Drops","5"
"Action 3 Cream","Kent Homoeopathic Pharmacy","Kent",0,0,0,0,"Homeopathic Drops","5"
"Anti Crack Cream","Kent Homoeopathic Pharmacy","Kent",0,0,0,0,"Homeopathic Drops","5"
"Acne Sable Ointment","Kent Homoeopathic Pharmacy","Kent",0,0,0,0,"Homeopathic Drops","2"
"Arnica + Oil 120ml","Kent Homoeopathic Pharmacy","Kent",0,0,0,0,"Homeopathic Drops","3"
"Arnica Gel 35GM","Kent Homoeopathic Pharmacy","Kent",0,0,0,0,"Homeopathic Drops","2"
"Embellia Officialis 60 Cap","Kent Homoeopathic Pharmacy","Kent",0,0,0,0,"Homeopathic Drops","2"
"Anagesic Cream 35GM","Kent Homoeopathic Pharmacy","Kent",0,0,0,0,"Homeopathic Drops","2"
"Action 1 Drops 20ml","Kent Homoeopathic Pharmacy","Kent",0,0,0,0,"Homeopathic Drops","2"
"Acid Phos 120ml SYP","Kent Homoeopathic Pharmacy","Kent",0,0,0,0,"Homeopathic Drops","3"
"Action 2 Spary 15ml","Kent Homoeopathic Pharmacy","Kent",0,0,0,0,"Homeopathic Drops","5"
"Acid Phos 30Cap","Kent Homoeopathic Pharmacy","Kent",0,0,0,0,"Homeopathic Drops","2"
"Allo Cure Nasal drops 15ml","Kent Homoeopathic Pharmacy","Kent",0,0,0,0,"Homeopathic Drops","3"
"Malidang 30ml","Kent Homoeopathic Pharmacy","Kent",0,0,0,0,"Homeopathic Drops","3"
"Ambra Musk 100Tab","Kent Homoeopathic Pharmacy","Kent",0,0,0,0,"Homeopathic Drops","3"
"Ambra Super 30Tab","Kent Homoeopathic Pharmacy","Kent",0,0,0,0,"Homeopathic Drops","3"
"Anti Dandruff Lotion 60ml","Kent Homoeopathic Pharmacy","Kent",0,0,0,0,"Homeopathic Drops","0"
"Biovina Tonic 120ml SYP","Kent Homoeopathic Pharmacy","Kent",0,0,0,0,"Homeopathic Drops","10"
"Berbaris Renal 30ml Drops","Kent Homoeopathic Pharmacy","Kent",0,0,0,0,"Homeopathic Drops","10"
"Baby Tonic 60ml","Kent Homoeopathic Pharmacy","Kent",0,0,0,0,"Homeopathic Drops","10"
"Bed Wetting 25GM Tab","Kent Homoeopathic Pharmacy","Kent",0,0,0,0,"Homeopathic Drops","10"
"Calcium Liquid 250ml SYP","Kent Homoeopathic Pharmacy","Kent",0,0,0,0,"Homeopathic Drops","5"
"Constisen S/Free 120ml SYP","Kent Homoeopathic Pharmacy","Kent",0,0,0,0,"Homeopathic Drops","5"
"Carategus Heart Tonic S/Free 120ml SYP","Kent Homoeopathic Pharmacy","Kent",0,0,0,0,"Homeopathic Drops","5"
"Carategus Gold 30ml Drops","Kent Homoeopathic Pharmacy","Kent",0,0,0,0,"Homeopathic Drops","1"
"Carategus Heart Tonic S/Free 250ml SYP","Kent Homoeopathic Pharmacy","Kent",0,0,0,0,"Homeopathic Drops","3"
"Calcium Tablet Orange Flavour","Kent Homoeopathic Pharmacy","Kent",0,0,0,0,"Homeopathic Drops","5"
"Dental Remedy 15ml","Kent Homoeopathic Pharmacy","Kent",0,0,0,0,"Homeopathic Drops","5"
"Damiana Male Tonic 30ml Drops","Kent Homoeopathic Pharmacy","Kent",0,0,0,0,"Homeopathic Drops","2"
"Ferrum Compoud Tonic 120ml","Kent Homoeopathic Pharmacy","Kent",0,0,0,0,"Homeopathic Drops","10"
"Fero Lecithine Malt 415GM","Kent Homoeopathic Pharmacy","Kent",0,0,0,0,"Homeopathic Drops","5"
"Gastric Plus 75Tab","Kent Homoeopathic Pharmacy","Kent",0,0,0,0,"Homeopathic Drops","20"
"Gastric Plus 120ml SYP with Lemon","Kent Homoeopathic Pharmacy","Kent",0,0,0,0,"Homeopathic Drops","25"
"Gripp Aconitum 60ml SYP","Kent Homoeopathic Pharmacy","Kent",0,0,0,0,"Homeopathic Drops","20"
"Gyno Compound 120ml SYP","Kent Homoeopathic Pharmacy","Kent",0,0,0,0,"Homeopathic Drops","10"
"Haemo Corr 60ml SYP","Kent Homoeopathic Pharmacy","Kent",0,0,0,0,"Homeopathic Drops","20"
"Hilex Tablet","Kent Homoeopathic Pharmacy","Kent",0,0,0,0,"Homeopathic Drops","20"
"Histamine S/Free 120ml SYP","Kent Homoeopathic Pharmacy","Kent",0,0,0,0,"Homeopathic Drops","15"
"HeadAche Tablet","Kent Homoeopathic Pharmacy","Kent",0,0,0,0,"Homeopathic Drops","2"
"Hilex 120ml SYP","Kent Homoeopathic Pharmacy","Kent",0,0,0,0,"Homeopathic Drops","20"
"Jaam- E -Sehat 250ml SYP S/Free","Kent Homoeopathic Pharmacy","Kent",0,0,0,0,"Homeopathic Drops","30"
"Korean Ginseng 250ml SYP","Kent Homoeopathic Pharmacy","Kent",0,0,0,0,"Homeopathic Drops","3"
"Kenphylori 120ml SYP","Kent Homoeopathic Pharmacy","Kent",0,0,0,0,"Homeopathic Drops","25"
"Ginkgo 250ml","Kent Homoeopathic Pharmacy","Kent",0,0,0,0,"Homeopathic Drops","15"
"Ginkgo S/Free 250ml","Kent Homoeopathic Pharmacy","Kent",0,0,0,0,"Homeopathic Drops","20"
"KidniVina 120ml S/Free SYP","Kent Homoeopathic Pharmacy","Kent",0,0,0,0,"Homeopathic Drops","10"
"Korean Ginseng 120ml SYP","Kent Homoeopathic Pharmacy","Kent",0,0,0,0,"Homeopathic Drops","5"
"Liver Rex 120ml S/Free SYP","Kent Homoeopathic Pharmacy","Kent",0,0,0,0,"Homeopathic Drops","10"
"LeucoVina 120ml SYP","Kent Homoeopathic Pharmacy","Kent",0,0,0,0,"Homeopathic Drops","10"
"Mullein Ear Drops 15ml","Kent Homoeopathic Pharmacy","Kent",0,0,0,0,"Homeopathic Drops","20"
"MullBerry Tea","Kent Homoeopathic Pharmacy","Kent",0,0,0,0,"Homeopathic Drops","1"
"MouthLine Lotion 15ml","Kent Homoeopathic Pharmacy","Kent",0,0,0,0,"Homeopathic Drops","15"
"Max Vital ( Multi Max) 250ml SYP","Kent Homoeopathic Pharmacy","Kent",0,0,0,0,"Homeopathic Drops","3"
"MouthLine Powder 15ml","Kent Homoeopathic Pharmacy","Kent",0,0,0,0,"Homeopathic Drops","15"
"Arnica Ointment 20GM","Kent Homoeopathic Pharmacy","Kent",0,0,0,0,"Homeopathic Drops","3"
"Ecinacea Cream 20GM","Kent Homoeopathic Pharmacy","Kent",0,0,0,0,"Homeopathic Drops","3"
"Canthris Cream","Kent Homoeopathic Pharmacy","Kent",0,0,0,0,"Homeopathic Drops","3"
"Chrysarobinum Cream","Kent Homoeopathic Pharmacy","Kent",0,0,0,0,"Homeopathic Drops","3"
"Graphites Cream","Kent Homoeopathic Pharmacy","Kent",0,0,0,0,"Homeopathic Drops","3"
"Piles Ointment","Kent Homoeopathic Pharmacy","Kent",0,0,0,0,"Homeopathic Drops","10"
"Hydrocotyle Cream","Kent Homoeopathic Pharmacy","Kent",0,0,0,0,"Homeopathic Drops","3"
"Sulphur Cream","Kent Homoeopathic Pharmacy","Kent",0,0,0,0,"Homeopathic Drops","3"
"Piles Course","Kent Homoeopathic Pharmacy","Kent",0,0,0,0,"Homeopathic Drops","3"
"Pelargonium 30ml Drops","Kent Homoeopathic Pharmacy","Kent",0,0,0,0,"Homeopathic Drops","3"
"Solidago S/Free 120ml SYP","Kent Homoeopathic Pharmacy","Kent",0,0,0,0,"Homeopathic Drops","10"
"Siberian Ginseng Tonic","Kent Homoeopathic Pharmacy","Kent",0,0,0,0,"Homeopathic Drops","2"
"Syzygium Diabeties 30ml Drops","Kent Homoeopathic Pharmacy","Kent",0,0,0,0,"Homeopathic Drops","3"
"Spondy Cure 30ml Drops","Kent Homoeopathic Pharmacy","Kent",0,0,0,0,"Homeopathic Drops","3"
"Sinus Nasal Drops","Kent Homoeopathic Pharmacy","Kent",0,0,0,0,"Homeopathic Drops","20"
"Super Wight Gainer StrawBerry 300GM","Kent Homoeopathic Pharmacy","Kent",0,0,0,0,"Homeopathic Drops","10"
"Sinus Eaz Spray & Drops","Kent Homoeopathic Pharmacy","Kent",0,0,0,0,"Homeopathic Drops","3"
"Sharbat - E - Faulad 250ml","Kent Homoeopathic Pharmacy","Kent",0,0,0,0,"Homeopathic Drops","10"
"Typhoid 120ml SYP","Kent Homoeopathic Pharmacy","Kent",0,0,0,0,"Homeopathic Drops","5"
"Thymus 120ml S\Free Cough SYP","Kent Homoeopathic Pharmacy","Kent",0,0,0,0,"Homeopathic Drops","10"
"Tosifort 120ml SYP","Kent Homoeopathic Pharmacy","Kent",0,0,0,0,"Homeopathic Drops","15"
"Tryfol Plus 120ml SYP","Kent Homoeopathic Pharmacy","Kent",0,0,0,0,"Homeopathic Drops","15"
"Terebinthina S/Free 250ml","Kent Homoeopathic Pharmacy","Kent",0,0,0,0,"Homeopathic Drops","2"
"Terebinthina S/Free 120ml","Kent Homoeopathic Pharmacy","Kent",0,0,0,0,"Homeopathic Drops","10"
"Veratum Compound 60ml SYP","Kent Homoeopathic Pharmacy","Kent",0,0,0,0,"Homeopathic Drops","15"
"W. M . L Cream","Kent Homoeopathic Pharmacy","Kent",0,0,0,0,"Homeopathic Drops","3"
"Arnica Oil 120ml","Kent Homoeopathic Pharmacy","Kent",0,0,0,0,"Homeopathic Drops","20"
"1 Asthama 30ml Drops","Kent Homoeopathic Pharmacy","Kent",0,0,0,0,"Homeopathic Drops","5"
"2 Colic Drops","Kent Homoeopathic Pharmacy","Kent",0,0,0,0,"Homeopathic Drops","5"
"3 Chough & Cold Drops","Kent Homoeopathic Pharmacy","Kent",0,0,0,0,"Homeopathic Drops","5"
"4 Diabetes Drops","Kent Homoeopathic Pharmacy","Kent",0,0,0,0,"Homeopathic Drops","5"
"5 Gastrointestinal Diseases Drops","Kent Homoeopathic Pharmacy","Kent",0,0,0,0,"Homeopathic Drops","5"
"6 Essentia Aurea Heart Drops","Kent Homoeopathic Pharmacy","Kent",0,0,0,0,"Homeopathic Drops","5"
"7 Hemorrhoids & Anal Fissure Drops","Kent Homoeopathic Pharmacy","Kent",0,0,0,0,"Homeopathic Drops","5"
"8 Influenza Drops","Kent Homoeopathic Pharmacy","Kent",0,0,0,0,"Homeopathic Drops","5"
"9 Kidney & Bladder Dops","Kent Homoeopathic Pharmacy","Kent",0,0,0,0,"Homeopathic Drops","5"
"10 Leucorrhoea Drops","Kent Homoeopathic Pharmacy","Kent",0,0,0,0,"Homeopathic Drops","5"
"11 Lever & Galbladder Drops","Kent Homoeopathic Pharmacy","Kent",0,0,0,0,"Homeopathic Drops","5"
"12 Menstruation Disorder Drops","Kent Homoeopathic Pharmacy","Kent",0,0,0,0,"Homeopathic Drops","5"
"14 Slimming Drops","Kent Homoeopathic Pharmacy","Kent",0,0,0,0,"Homeopathic Drops","5"
"15 Rheumatisum Drops","Kent Homoeopathic Pharmacy","Kent",0,0,0,0,"Homeopathic Drops","5"
"16 Sexual Weekness Drops","Kent Homoeopathic Pharmacy","Kent",0,0,0,0,"Homeopathic Drops","5"
"17 Chronic Catarrh Drops","Kent Homoeopathic Pharmacy","Kent",0,0,0,0,"Homeopathic Drops","5"
"18 Skin Diseases Drops","Kent Homoeopathic Pharmacy","Kent",0,0,0,0,"Homeopathic Drops","5"
"19 Insomnia Drops","Kent Homoeopathic Pharmacy","Kent",0,0,0,0,"Homeopathic Drops","5"
"20 Vermifuga Drops","Kent Homoeopathic Pharmacy","Kent",0,0,0,0,"Homeopathic Drops","5"
"21 Leucoderma Drops","Kent Homoeopathic Pharmacy","Kent",0,0,0,0,"Homeopathic Drops","5"
"22 Inflamation & Swelling Drops","Kent Homoeopathic Pharmacy","Kent",0,0,0,0,"Homeopathic Drops","5"
"23 Constipation Drops","Kent Homoeopathic Pharmacy","Kent",0,0,0,0,"Homeopathic Drops","5"
"25 Prostatitis Drops","Kent Homoeopathic Pharmacy","Kent",0,0,0,0,"Homeopathic Drops","5"
"26 Toothache Drops","Kent Homoeopathic Pharmacy","Kent",0,0,0,0,"Homeopathic Drops","5"
"27 For Dysentry Drops","Kent Homoeopathic Pharmacy","Kent",0,0,0,0,"Homeopathic Drops","5"
"28 Vertigo Drops","Kent Homoeopathic Pharmacy","Kent",0,0,0,0,"Homeopathic Drops","5"
"31 Bed Wetting Drops","Kent Homoeopathic Pharmacy","Kent",0,0,0,0,"Homeopathic Drops","5"
"32 High Blood Pressure Drops","Kent Homoeopathic Pharmacy","Kent",0,0,0,0,"Homeopathic Drops","5"
"33 Lack of Appetite","Kent Homoeopathic Pharmacy","Kent",0,0,0,0,"Homeopathic Drops","5"
"34 Itching Drops","Kent Homoeopathic Pharmacy","Kent",0,0,0,0,"Homeopathic Drops","5"
"35 Height Gaining Drops","Kent Homoeopathic Pharmacy","Kent",0,0,0,0,"Homeopathic Drops","5"
"36 Earache Problum Drops","Kent Homoeopathic Pharmacy","Kent",0,0,0,0,"Homeopathic Drops","5"
"37 Trauma Drops","Kent Homoeopathic Pharmacy","Kent",0,0,0,0,"Homeopathic Drops","5"
"38 Arthritis Drops","Kent Homoeopathic Pharmacy","Kent",0,0,0,0,"Homeopathic Drops","5"
"39 Eye Irritation Drops","Kent Homoeopathic Pharmacy","Kent",0,0,0,0,"Homeopathic Drops","5"
"40 Neuralgia Drops","Kent Homoeopathic Pharmacy","Kent",0,0,0,0,"Homeopathic Drops","5"
"41 Corn & Callouses Skin Drops","Kent Homoeopathic Pharmacy","Kent",0,0,0,0,"Homeopathic Drops","5"
"42 Cholesterol Drops","Kent Homoeopathic Pharmacy","Kent",0,0,0,0,"Homeopathic Drops","5"
"43 Hair Loss Drops","Kent Homoeopathic Pharmacy","Kent",0,0,0,0,"Homeopathic Drops","5"
"44 Ijuries Drops","Kent Homoeopathic Pharmacy","Kent",0,0,0,0,"Homeopathic Drops","5"
"45 Amenorrhoea Drops","Kent Homoeopathic Pharmacy","Kent",0,0,0,0,"Homeopathic Drops","5"
"46 Menorrhagia Drops","Kent Homoeopathic Pharmacy","Kent",0,0,0,0,"Homeopathic Drops","5"
"47 Mouth Blisters Drops","Kent Homoeopathic Pharmacy","Kent",0,0,0,0,"Homeopathic Drops","5"
"48 Stimulation Of Defensive System","Kent Homoeopathic Pharmacy","Kent",0,0,0,0,"Homeopathic Drops","5"
"50 Ginseng Drops","Kent Homoeopathic Pharmacy","Kent",0,0,0,0,"Homeopathic Drops","5"
"51 Nausea & Vomiting","Kent Homoeopathic Pharmacy","Kent",0,0,0,0,"Homeopathic Drops","5"
"52 Cholelithiasis Drops","Kent Homoeopathic Pharmacy","Kent",0,0,0,0,"Homeopathic Drops","5"
"53 Hepatitis A\B\C Drops","Kent Homoeopathic Pharmacy","Kent",0,0,0,0,"Homeopathic Drops","5"
"54 Hepatitis C Drops","Kent Homoeopathic Pharmacy","Kent",0,0,0,0,"Homeopathic Drops","5"
"55 Epilepsy Drops","Kent Homoeopathic Pharmacy","Kent",0,0,0,0,"Homeopathic Drops","5"
"56 Paralysis Drops","Kent Homoeopathic Pharmacy","Kent",0,0,0,0,"Homeopathic Drops","5"
"57 Osteo 0Arthritis Drops","Kent Homoeopathic Pharmacy","Kent",0,0,0,0,"Homeopathic Drops","5"
"58 Tonsils Drops","Kent Homoeopathic Pharmacy","Kent",0,0,0,0,"Homeopathic Drops","5"
"59 Goitre Drops","Kent Homoeopathic Pharmacy","Kent",0,0,0,0,"Homeopathic Drops","5"
"60 Cervical Spondilosis Drops","Kent Homoeopathic Pharmacy","Kent",0,0,0,0,"Homeopathic Drops","5"
"61 Chicken Pox Drops","Kent Homoeopathic Pharmacy","Kent",0,0,0,0,"Homeopathic Drops","5"
"62 Low Blood Pressure Drops","Kent Homoeopathic Pharmacy","Kent",0,0,0,0,"Homeopathic Drops","5"
"63 Measles Drops","Kent Homoeopathic Pharmacy","Kent",0,0,0,0,"Homeopathic Drops","5"
"64 Hey Fever Drops","Kent Homoeopathic Pharmacy","Kent",0,0,0,0,"Homeopathic Drops","5"
"65 Anaemia & Debility Drops","Kent Homoeopathic Pharmacy","Kent",0,0,0,0,"Homeopathic Drops","5"
"66 Tumor Drops","Kent Homoeopathic Pharmacy","Kent",0,0,0,0,"Homeopathic Drops","5"
"67 Hernia Drops","Kent Homoeopathic Pharmacy","Kent",0,0,0,0,"Homeopathic Drops","5"
"68 Digestive Drops","Kent Homoeopathic Pharmacy","Kent",0,0,0,0,"Homeopathic Drops","5"
"69 Profuse Perspiration Drops","Kent Homoeopathic Pharmacy","Kent",0,0,0,0,"Homeopathic Drops","5"
"70 Fever Drops","Kent Homoeopathic Pharmacy","Kent",0,0,0,0,"Homeopathic Drops","5"
"71 Breast Enhancement Drops.","Kent Homoeopathic Pharmacy","Kent",0,0,0,0,"Homeopathic Drops","5"
"CMS Drops (Shwabe)","Dr. Willmar Schwabe Germany","Shwabe",0,0,0,0,"Homeopathic Drops","5"
"Luzy Tablet","Kamal Laboratories","KAMAL",0,0,0,0,"Homeopathic Drops","50"
"Ginko Biloba Q St","Clinic Internal Preparation","Clinic",0,0,0,0,"Homeopathic Drops","5"
"Yalex Forte 24 Tab Pack","Masood Homoeopathic Pharma","MASOD",0,0,0,0,"Homeopathic Drops","5"
"Dum Cap 30Cap","NazZ Pharma","NazZ",0,0,0,0,"Homeopathic Drops","5"
"Relezze Tab","Eagle Homoeo","Eagle",0,0,0,0,"Homeopathic Drops","5"
"N - Flex Dry SYP","BLOSSOM Homeo Labs","BL",0,0,0,0,"Homeopathic Drops","10"
"HR No","Masood Homoeopathic Pharma","MASOD",0,0,0,0,"Homeopathic Drops","10"
"Kali Sulf 6X","Kent Homoeopathic Pharmacy","Kent",0,0,0,0,"Homeopathic Drops","5"
"Silicea 6X 150gm (Brooks)","Paul Brooks Homoeo Lab","PBHL",0,0,0,0,"Homeopathic Drops","5"
"Ashwaganda Q B Class 450ml","W.S. Laboratories","WShah",0,0,0,0,"Homeopathic Drops","5"
"Sulfer Soap","Paul Brooks Homoeo Lab","PBHL",0,0,0,0,"Homeopathic Drops","10"
"CliMax Cap","Eagle Homoeo","Eagle",0,0,0,0,"Homeopathic Drops","5"
"Hydrastis Q (BM)","BM Pvt LTD","BM",0,0,0,0,"Homeopathic Drops","5"
"Berbaris Q","MEKTUM Homeo Pharma","MEK",0,0,0,0,"Homeopathic Drops","5"
"Ignatia 200","MEKTUM Homeo Pharma","MEK",0,0,0,0,"Homeopathic Drops","5"
"Bryta IOD 200","W.S. Laboratories","WShah",0,0,0,0,"Homeopathic Drops","5"
"Hydrastis 200","W.S. Laboratories","WShah",0,0,0,0,"Homeopathic Drops","5"
"Mek-Cough 1200Ml","MEKTUM Homeo Pharma","MEK",0,0,0,0,"Homeopathic Drops","10"
"Relxo Phos Tab","Masood Homoeopathic Pharma","MASOD",0,0,0,0,"Homeopathic Drops","5"
"Kamal Maram 4g","Kamal Laboratories","KAMAL",0,0,0,0,"Homeopathic Drops","10"
"Echinatia Q ST","Clinic Internal Preparation","Clinic",0,0,0,0,"Homeopathic Drops","10"
"Flugin  ( 30Cap )","NazZ Pharma","NazZ",0,0,0,0,"Homeopathic Drops","10"
"HR No 1","Masood Homoeopathic Pharma","MASOD",0,0,0,0,"Homeopathic Drops","10"
"A - 77 Anti - Necotin Drps","Clinic Internal Preparation","Clinic",0,0,0,0,"Homeopathic Drops","5"
"HR No 50 Harmovit M 20ml","Masood Homoeopathic Pharma","MASOD",0,0,0,0,"Homeopathic Drops","10"
"Kaliumpron Plus 20gm Tab","Masood Homoeopathic Pharma","MASOD",0,0,0,0,"Homeopathic Drops","5"
"HR No 25 Ezinol 20ml","Masood Homoeopathic Pharma","MASOD",0,0,0,0,"Homeopathic Drops","5"
"HR No 85 Tremculus 20ml","Masood Homoeopathic Pharma","MASOD",0,0,0,0,"Homeopathic Drops","5"
"HR No 8 Femi - H 20ml","Masood Homoeopathic Pharma","MASOD",0,0,0,0,"Homeopathic Drops","5"
"Arnica Medicated Oil 120ml","Masood Homoeopathic Pharma","MASOD",0,0,0,0,"Homeopathic Drops","15"
"Vil - M 100g Tab","Masood Homoeopathic Pharma","MASOD",0,0,0,0,"Homeopathic Drops","5"
"HR No 41 Avenasom 20ml","Masood Homoeopathic Pharma","MASOD",0,0,0,0,"Homeopathic Drops","5"
"HR No 65 Circul - Tone 20ml","Masood Homoeopathic Pharma","MASOD",0,0,0,0,"Homeopathic Drops","5"
"HR No 6 Kofnot 20ml","Masood Homoeopathic Pharma","MASOD",0,0,0,0,"Homeopathic Drops","5"
"Neurotex - E 20 Tab","Masood Homoeopathic Pharma","MASOD",0,0,0,0,"Homeopathic Drops","5"
"HR No 27 Hepareg 20ml","Masood Homoeopathic Pharma","MASOD",0,0,0,0,"Homeopathic Drops","5"
"HR No 87 Emergeno Sh 20ml","Masood Homoeopathic Pharma","MASOD",0,0,0,0,"Homeopathic Drops","5"
"HR No 81 Canacura 20ml","Masood Homoeopathic Pharma","MASOD",0,0,0,0,"Homeopathic Drops","10"
"Bloom 60 ml SYP","Masood Homoeopathic Pharma","MASOD",0,0,0,0,"Homeopathic Drops","15"
"HR No 101 Scaboless 20ml","Masood Homoeopathic Pharma","MASOD",0,0,0,0,"Homeopathic Drops","10"
"HR No 43 Foliculenum 20ml","Masood Homoeopathic Pharma","MASOD",0,0,0,0,"Homeopathic Drops","5"
"HR No 67 Freezon 20ml","Masood Homoeopathic Pharma","MASOD",0,0,0,0,"Homeopathic Drops","5"
"HR No 70,71 ,72 , Fibromata No 1 2 3 20ml","Masood Homoeopathic Pharma","MASOD",0,0,0,0,"Homeopathic Drops","5"
"HR No 29 Enuris 20ml","Masood Homoeopathic Pharma","MASOD",0,0,0,0,"Homeopathic Drops","5"
"HR No 88 Manicut 20ml","Masood Homoeopathic Pharma","MASOD",0,0,0,0,"Homeopathic Drops","5"
"HR No 82 Phytophatnil 60 ml","Masood Homoeopathic Pharma","MASOD",0,0,0,0,"Homeopathic Drops","5"
"Broncal 120ml","Masood Homoeopathic Pharma","MASOD",0,0,0,0,"Homeopathic Drops","15"
"HR No 14 ulset 20ml","Masood Homoeopathic Pharma","MASOD",0,0,0,0,"Homeopathic Drops","5"
"HR No 44 Arocardin 20ml","Masood Homoeopathic Pharma","MASOD",0,0,0,0,"Homeopathic Drops","5"
"HR No 7 Entricol 20ml","Masood Homoeopathic Pharma","MASOD",0,0,0,0,"Homeopathic Drops","5"
"HR No 100 Teething Aid 20ml","Masood Homoeopathic Pharma","MASOD",0,0,0,0,"Homeopathic Drops","5"
"HR No 77 Oral Drops 20ml","Masood Homoeopathic Pharma","MASOD",0,0,0,0,"Homeopathic Drops","5"
"HR No 89 Cureoshiz 20ml","Masood Homoeopathic Pharma","MASOD",0,0,0,0,"Homeopathic Drops","5"
"Relaxo Fhos 180Tab","Masood Homoeopathic Pharma","MASOD",0,0,0,0,"Homeopathic Drops","5"
"HR No 30 Sarsapar 20ml","Masood Homoeopathic Pharma","MASOD",0,0,0,0,"Homeopathic Drops","5"
"Broncal 60ml","Masood Homoeopathic Pharma","MASOD",0,0,0,0,"Homeopathic Drops","15"
"HR No 15 Goutek 20ml","Masood Homoeopathic Pharma","MASOD",0,0,0,0,"Homeopathic Drops","5"
"HR No 45 Haemostasis 20ml","Masood Homoeopathic Pharma","MASOD",0,0,0,0,"Homeopathic Drops","5"
"HR No 75 Carbunculone 20ml","Masood Homoeopathic Pharma","MASOD",0,0,0,0,"Homeopathic Drops","5"
"HR No 11 Highlin 20ml","Masood Homoeopathic Pharma","MASOD",0,0,0,0,"Homeopathic Drops","5"
"HR No 83 Spermaatoriyya 20ml","Masood Homoeopathic Pharma","MASOD",0,0,0,0,"Homeopathic Drops","5"
"Vil - M 20gm Tab","Masood Homoeopathic Pharma","MASOD",0,0,0,0,"Homeopathic Drops","5"
"HR No 33 Hemoform 20ml","Masood Homoeopathic Pharma","MASOD",0,0,0,0,"Homeopathic Drops","5"
"HR No 90 Neuro Ginkgo Plus 20ml","Masood Homoeopathic Pharma","MASOD",0,0,0,0,"Homeopathic Drops","5"
"Dermi Clear 60ml","Masood Homoeopathic Pharma","MASOD",0,0,0,0,"Homeopathic Drops","5"
"HR No 49 Femitone 20ml","Masood Homoeopathic Pharma","MASOD",0,0,0,0,"Homeopathic Drops","58"
"HR No 16 Relaxofos 20ml","Masood Homoeopathic Pharma","MASOD",0,0,0,0,"Homeopathic Drops","5"
"HR No 78 Sevorrha 20ml","Masood Homoeopathic Pharma","MASOD",0,0,0,0,"Homeopathic Drops","5"
"HR No 12 Lowin 20ml","Masood Homoeopathic Pharma","MASOD",0,0,0,0,"Homeopathic Drops","5"
"Cineraria Maritima ( Alcohol Free ) 10ml","Masood Homoeopathic Pharma","MASOD",0,0,0,0,"Homeopathic Drops","5"
"Yalex  Fort Syp 120ml","Masood Homoeopathic Pharma","MASOD",0,0,0,0,"Homeopathic Drops","10"
"Yalex Forte 800 Tab Pack","Masood Homoeopathic Pharma","MASOD",0,0,0,0,"Homeopathic Drops","2"
"HR No 91 Exon 20ml","Masood Homoeopathic Pharma","MASOD",0,0,0,0,"Homeopathic Drops","5"
"Enerjizer 12 Tab","Masood Homoeopathic Pharma","MASOD",0,0,0,0,"Homeopathic Drops","5"
"Diarr No 120ml","Masood Homoeopathic Pharma","MASOD",0,0,0,0,"Homeopathic Drops","15"
"HR No 34 Herbasthine 20ml","Masood Homoeopathic Pharma","MASOD",0,0,0,0,"Homeopathic Drops","5"
"HR No 52 Hyper Thyreo 20ml","Masood Homoeopathic Pharma","MASOD",0,0,0,0,"Homeopathic Drops","5"
"HR No 17 Hepalgin 20ml","Masood Homoeopathic Pharma","MASOD",0,0,0,0,"Homeopathic Drops","5"
"HR No 84 Oral Drops 20ml","Masood Homoeopathic Pharma","MASOD",0,0,0,0,"Homeopathic Drops","5"
"Cineraria Maritima Eye Drop 10ml","Masood Homoeopathic Pharma","MASOD",0,0,0,0,"Homeopathic Drops","56"
"HR No 13 Uranon 20ml","Masood Homoeopathic Pharma","MASOD",0,0,0,0,"Homeopathic Drops","5"
"Diarr Nol 600ml","Masood Homoeopathic Pharma","MASOD",0,0,0,0,"Homeopathic Drops","15"
"HR No 23 Hemorhine 20ml","Masood Homoeopathic Pharma","MASOD",0,0,0,0,"Homeopathic Drops","5"
"HR No 92 Circulonom 20ml","Masood Homoeopathic Pharma","MASOD",0,0,0,0,"Homeopathic Drops","5"
"HR No 18 Info - M 20ml","Masood Homoeopathic Pharma","MASOD",0,0,0,0,"Homeopathic Drops","5"
"HR No 36 Parasis - C 20ml","Masood Homoeopathic Pharma","MASOD",0,0,0,0,"Homeopathic Drops","5"
"Pilocalm 60ml","Masood Homoeopathic Pharma","MASOD",0,0,0,0,"Homeopathic Drops","5"
"HR No 54 Intestoverm 20ml","Masood Homoeopathic Pharma","MASOD",0,0,0,0,"Homeopathic Drops","5"
"HR No 98 Allegxal 20ml","Masood Homoeopathic Pharma","MASOD",0,0,0,0,"Homeopathic Drops","5"
"HR No 86 Sun -Strike 20ml","Masood Homoeopathic Pharma","MASOD",0,0,0,0,"Homeopathic Drops","5"
"HR No 2 Icteron 60ml","Masood Homoeopathic Pharma","MASOD",0,0,0,0,"Homeopathic Drops","15"
"Ear Drop 10ml","Masood Homoeopathic Pharma","MASOD",0,0,0,0,"Homeopathic Drops","5"
"Hensel Tonic 120ml","Masood Homoeopathic Pharma","MASOD",0,0,0,0,"Homeopathic Drops","5"
"HR No 35 Gastronex 20ml","Masood Homoeopathic Pharma","MASOD",0,0,0,0,"Homeopathic Drops","5"
"HR No 95 Agelift 20ml","Masood Homoeopathic Pharma","MASOD",0,0,0,0,"Homeopathic Drops","5"
"Urynil 120ml SYP","Masood Homoeopathic Pharma","MASOD",0,0,0,0,"Homeopathic Drops","15"
"HR No 55 Bufozin 20ml","Masood Homoeopathic Pharma","MASOD",0,0,0,0,"Homeopathic Drops","5"
"HR No 99 Kaira 20ml","Masood Homoeopathic Pharma","MASOD",0,0,0,0,"Homeopathic Drops","5"
"HR No 9 Migpa - HF 20ml","Masood Homoeopathic Pharma","MASOD",0,0,0,0,"Homeopathic Drops","5"
"HR No 20 Sciatialgin 20ml","Masood Homoeopathic Pharma","MASOD",0,0,0,0,"Homeopathic Drops","5"
"HR No 19 Info - F 20ml","Masood Homoeopathic Pharma","MASOD",0,0,0,0,"Homeopathic Drops","5"
"Localen 120ml","Masood Homoeopathic Pharma","MASOD",0,0,0,0,"Homeopathic Drops","5"
"Hyprecal 120ml Lotion","Masood Homoeopathic Pharma","MASOD",0,0,0,0,"Homeopathic Drops","10"
"HR No 46 Leuco - F 20ml","Masood Homoeopathic Pharma","MASOD",0,0,0,0,"Homeopathic Drops","5"
"HR No 97 Gray Go 20ml","Masood Homoeopathic Pharma","MASOD",0,0,0,0,"Homeopathic Drops","5"
"Womiton 120ml SYP","Masood Homoeopathic Pharma","MASOD",0,0,0,0,"Homeopathic Drops","12"
"HR No 47 Asthamine 20ml","Masood Homoeopathic Pharma","MASOD",0,0,0,0,"Homeopathic Drops","5"
"ViSion Plus 10ml","Masood Homoeopathic Pharma","MASOD",0,0,0,0,"Homeopathic Drops","5"
"HR No 56 Rhematone 20ml","Masood Homoeopathic Pharma","MASOD",0,0,0,0,"Homeopathic Drops","5"
"HR No 59 Earodrum 20ml","Masood Homoeopathic Pharma","MASOD",0,0,0,0,"Homeopathic Drops","5"
"HR No 93 Fade - Out 20ml","Masood Homoeopathic Pharma","MASOD",0,0,0,0,"Homeopathic Drops","5"
"HR No 24 Fairy Face 20ml","Masood Homoeopathic Pharma","MASOD",0,0,0,0,"Homeopathic Drops","5"
"HR No 21 Femina 20ml","Masood Homoeopathic Pharma","MASOD",0,0,0,0,"Homeopathic Drops","5"
"Menola Tonic 120ml","Masood Homoeopathic Pharma","MASOD",0,0,0,0,"Homeopathic Drops","10"
"Eye Bright Drops 10ml","Masood Homoeopathic Pharma","MASOD",0,0,0,0,"Homeopathic Drops","5"
"HR No 94 Freckle Go","Masood Homoeopathic Pharma","MASOD",0,0,0,0,"Homeopathic Drops","5"
"Yalex  Fort 100 Tab","Masood Homoeopathic Pharma","MASOD",0,0,0,0,"Homeopathic Drops","5"
"HR No 57 Vlgore - Zee 20ml","Masood Homoeopathic Pharma","MASOD",0,0,0,0,"Homeopathic Drops","5"
"HR No 68 Cigdown 20ml","Masood Homoeopathic Pharma","MASOD",0,0,0,0,"Homeopathic Drops","5"
"HR No 48 Cholestin 20ml","Masood Homoeopathic Pharma","MASOD",0,0,0,0,"Homeopathic Drops","5"
"HR No 26 Lambojin 20ml","Masood Homoeopathic Pharma","MASOD",0,0,0,0,"Homeopathic Drops","5"
"HR No 22 Dermaheal 20ml","Masood Homoeopathic Pharma","MASOD",0,0,0,0,"Homeopathic Drops","5"
"Fytolaca HF 180Tab","Masood Homoeopathic Pharma","MASOD",0,0,0,0,"Homeopathic Drops","5"
"HR No 53 Hypo Thyreo 20ml","Masood Homoeopathic Pharma","MASOD",0,0,0,0,"Homeopathic Drops","6"
"HR No 69 Gingisto 20ml","Masood Homoeopathic Pharma","MASOD",0,0,0,0,"Homeopathic Drops","5"
"Fever - M 30ml","Masood Homoeopathic Pharma","MASOD",0,0,0,0,"Homeopathic Drops","5"
"HR No 96 Hair Nutro Plus 20ml","Masood Homoeopathic Pharma","MASOD",0,0,0,0,"Homeopathic Drops","5"
"HR No 58 Opti - Teck 20ml","Masood Homoeopathic Pharma","MASOD",0,0,0,0,"Homeopathic Drops","5"
"HR No 60 Stoma 20ml","Masood Homoeopathic Pharma","MASOD",0,0,0,0,"Homeopathic Drops","5"
"HR No 3 Inflam 20ml","Masood Homoeopathic Pharma","MASOD",0,0,0,0,"Homeopathic Drops","6"
"HR No 28 Turmoral 20ml","Masood Homoeopathic Pharma","MASOD",0,0,0,0,"Homeopathic Drops","5"
"Ginseng Drops 30ml","Masood Homoeopathic Pharma","MASOD",0,0,0,0,"Homeopathic Drops","5"
"Hepalgin 120ml SYP","Masood Homoeopathic Pharma","MASOD",0,0,0,0,"Homeopathic Drops","15"
"HR No 74 Vltadef 20ml","Masood Homoeopathic Pharma","MASOD",0,0,0,0,"Homeopathic Drops","5"
"HR No 66 Gynae - Info 20ml","Masood Homoeopathic Pharma","MASOD",0,0,0,0,"Homeopathic Drops","5"
"Active Solution 120ml","Masood Homoeopathic Pharma","MASOD",0,0,0,0,"Homeopathic Drops","5"
"HR No 61 Crysticon 20ml","Masood Homoeopathic Pharma","MASOD",0,0,0,0,"Homeopathic Drops","5"
"HR No 62 Fatigueron 20ml","Masood Homoeopathic Pharma","MASOD",0,0,0,0,"Homeopathic Drops","5"
"HR No 32 Hypon 20ml","Masood Homoeopathic Pharma","MASOD",0,0,0,0,"Homeopathic Drops","5"
"HR No 31 Rheuma 20ml","Masood Homoeopathic Pharma","MASOD",0,0,0,0,"Homeopathic Drops","5"
"Hylin 100gm TAb","Masood Homoeopathic Pharma","MASOD",0,0,0,0,"Homeopathic Drops","1"
"Bioge No 21 ( 20gm )","Masood Homoeopathic Pharma","MASOD",0,0,0,0,"Homeopathic Drops","5"
"HR No 79 Rex Mens 20ml","Masood Homoeopathic Pharma","MASOD",0,0,0,0,"Homeopathic Drops","5"
"HR No 73 Diureline 20ml","Masood Homoeopathic Pharma","MASOD",0,0,0,0,"Homeopathic Drops","5"
"HR No 4 Rhenicine 20ml","Masood Homoeopathic Pharma","MASOD",0,0,0,0,"Homeopathic Drops","5"
"HR No 37 Hystrofen 20ml","Masood Homoeopathic Pharma","MASOD",0,0,0,0,"Homeopathic Drops","5"
"Alfalfa Plus S / Free 120ml","Masood Homoeopathic Pharma","MASOD",0,0,0,0,"Homeopathic Drops","15"
"HR No 63 Papillomata 20ml","Masood Homoeopathic Pharma","MASOD",0,0,0,0,"Homeopathic Drops","5"
"HR No 42 Veinohaem 20ml","Masood Homoeopathic Pharma","MASOD",0,0,0,0,"Homeopathic Drops","10"
"Kaliumpron Plus 100gm Tab","Masood Homoeopathic Pharma","MASOD",0,0,0,0,"Homeopathic Drops","5"
"HR No 10 Tonsitec 20ml","Masood Homoeopathic Pharma","MASOD",0,0,0,0,"Homeopathic Drops","6"
"HR No 80 Immu - Step 20ml","Masood Homoeopathic Pharma","MASOD",0,0,0,0,"Homeopathic Drops","5"
"HR No 76 Colitisuls 20ml","Masood Homoeopathic Pharma","MASOD",0,0,0,0,"Homeopathic Drops","5"
"Andro Tone 120ml Syp","Masood Homoeopathic Pharma","MASOD",0,0,0,0,"Homeopathic Drops","5"
"HR No 38 Toxina 20ml","Masood Homoeopathic Pharma","MASOD",0,0,0,0,"Homeopathic Drops","5"
"HR No 64 Catcom 20ml","Masood Homoeopathic Pharma","MASOD",0,0,0,0,"Homeopathic Drops","5"
"Fallacy ST 20Cap","Clinic Internal Preparation","Clinic",0,0,0,0,"Homeopathic Drops","10"
"12 Nat Phos 20ml","HFP Pvt Ltd","HFP",0,0,0,0,"Homeopathic Drops","20"
"R-29 Theridon","Dr. Reckeweg Germany","RECK",0,0,0,0,"Homeopathic Drops","5"
"Calc Flore 30","Masood Homoeopathic Pharma","MASOD",0,0,0,0,"Homeopathic Drops","5"
"Echinacea Q (F Class)","Masood Homoeopathic Pharma","MASOD",0,0,0,0,"Homeopathic Drops","5"
"Mitty Chor 120ml SYP","BLOSSOM Homeo Labs","BL",0,0,0,0,"Homeopathic Drops","25"
"Ashwagandha Q ( C Class )","Dr. Reckeweg Germany","RECK",0,0,0,0,"Homeopathic Drops","5"
"Calc Carb 200 (Shwabe)","Dr. Willmar Schwabe Germany","Shwabe",0,0,0,0,"Homeopathic Drops","5"
"Gelesimium 200","Dr. Willmar Schwabe Germany","Shwabe",0,0,0,0,"Homeopathic Drops","5"
"Coffea 200 (Shwabe)","Dr. Willmar Schwabe Germany","Shwabe",0,0,0,0,"Homeopathic Drops","5"
"Anacardium 30 (Shwabe)","Dr. Willmar Schwabe Germany","Shwabe",0,0,0,0,"Homeopathic Drops","5"
"Avena Sativa Q A Class","Masood Homoeopathic Pharma","MASOD",0,0,0,0,"Homeopathic Drops","5"
"Chelidonium Q ( C Class )","Masood Homoeopathic Pharma","MASOD",0,0,0,0,"Homeopathic Drops","5"
"BioCom No 5 30gms Tab","Paul Brooks Homoeo Lab","PBHL",0,0,0,0,"Homeopathic Drops","5"
"BioCom No ( 8 ) 30gms Tab","Paul Brooks Homoeo Lab","PBHL",0,0,0,0,"Homeopathic Drops","5"
"BioCom No ( 9 ) 30gms Tab","Paul Brooks Homoeo Lab","PBHL",0,0,0,0,"Homeopathic Drops","5"
"BioCom No ( 10 ) 30gms Tab","Paul Brooks Homoeo Lab","PBHL",0,0,0,0,"Homeopathic Drops","5"
"BioCom No ( 11 ) 30gms Tab","Paul Brooks Homoeo Lab","PBHL",0,0,0,0,"Homeopathic Drops","5"
"BioCom No ( 13 ) 30gms Tab","Paul Brooks Homoeo Lab","PBHL",0,0,0,0,"Homeopathic Drops","5"
"BioCom No ( 14 ) 30gms Tab","Paul Brooks Homoeo Lab","PBHL",0,0,0,0,"Homeopathic Drops","5"
"BioCom No ( 18 ) 30gms Tab","Paul Brooks Homoeo Lab","PBHL",0,0,0,0,"Homeopathic Drops","5"
"BioCom No ( 19 ) 30gms Tab","Paul Brooks Homoeo Lab","PBHL",0,0,0,0,"Homeopathic Drops","5"
"BioCom No ( 22 ) 30gms Tab","Paul Brooks Homoeo Lab","PBHL",0,0,0,0,"Homeopathic Drops","5"
"Calendula Q ( C ) Class","Masood Homoeopathic Pharma","MASOD",0,0,0,0,"Homeopathic Drops","5"
"Secale Corr 30","Masood Homoeopathic Pharma","MASOD",0,0,0,0,"Homeopathic Drops","5"
"Pulsatilla 200","Masood Homoeopathic Pharma","MASOD",0,0,0,0,"Homeopathic Drops","5"
"Silicea 6X","Masood Homoeopathic Pharma","MASOD",0,0,0,0,"Homeopathic Drops","5"
"Vesicaria Q St","Clinic Internal Preparation","Clinic",0,0,0,0,"Homeopathic Drops","5"
"Ell Serum 30","Masood Homoeopathic Pharma","MASOD",0,0,0,0,"Homeopathic Drops","5"
"Calc Flour 6X 30gm (Brooks)","Paul Brooks Homoeo Lab","PBHL",0,0,0,0,"Homeopathic Drops","6"
"Collinsonia Q (Shwabe)","Dr. Willmar Schwabe Germany","Shwabe",0,0,0,0,"Homeopathic Drops","5"
"Berberis Vulg Q (Shwabe)","Dr. Willmar Schwabe Germany","Shwabe",0,0,0,0,"Homeopathic Drops","25"
"Calc Flour 6X (Shwabe)","Dr. Willmar Schwabe Germany","Shwabe",0,0,0,0,"Homeopathic Drops","10"
"Arg Nit 30","Masood Homoeopathic Pharma","MASOD",0,0,0,0,"Homeopathic Drops","5"
"Berbaris Velg  Q","Masood Homoeopathic Pharma","MASOD",0,0,0,0,"Homeopathic Drops","10"
"Sarsaparilla Q (BM)","Masood Homoeopathic Pharma","MASOD",0,0,0,0,"Homeopathic Drops","10"
"Silicea 1M","Masood Homoeopathic Pharma","MASOD",0,0,0,0,"Homeopathic Drops","10"
"Cydonia Velg Q (Shwabe)","Dr. Willmar Schwabe Germany","Shwabe",0,0,0,0,"Homeopathic Drops","5"
"Anacadium 30","Masood Homoeopathic Pharma","MASOD",0,0,0,0,"Homeopathic Drops","5"
"Belladona 200 (Shwabe)","Dr. Willmar Schwabe Germany","Shwabe",0,0,0,0,"Homeopathic Drops","10"
"Marter Cap","Eagle Homoeo","Eagle",0,0,0,0,"Homeopathic Drops","10"
"Havert Tab","Eagle Homoeo","Eagle",0,0,0,0,"Homeopathic Drops","10"
"Reumatac Tab","Eagle Homoeo","Eagle",0,0,0,0,"Homeopathic Drops","10"
"Azma Nill Tab","Eagle Homoeo","Eagle",0,0,0,0,"Homeopathic Drops","10"
"Allerjin Tab","Eagle Homoeo","Eagle",0,0,0,0,"Homeopathic Drops","10"
"Pain Tac Tab","Eagle Homoeo","Eagle",0,0,0,0,"Homeopathic Drops","10"
"Suranjan D.S Cap","Eagle Homoeo","Eagle",0,0,0,0,"Homeopathic Drops","10"
"Cicuta Vir 200","Masood Homoeopathic Pharma","MASOD",0,0,0,0,"Homeopathic Drops","5"
"Agaricus Mus 200","Masood Homoeopathic Pharma","MASOD",0,0,0,0,"Homeopathic Drops","10"
"6 Gerosal Drops","B.H.P Laboratory (PVT) LTD","BHP",0,0,0,0,"Homeopathic Drops","10"
"RhumatoX Drops","B.H.P Laboratory (PVT) LTD","BHP",0,0,0,0,"Homeopathic Drops","5"
"21 Tonsil Drops","B.H.P Laboratory (PVT) LTD","BHP",0,0,0,0,"Homeopathic Drops","5"
"B-TF Tablets","B.H.P Laboratory (PVT) LTD","BHP",0,0,0,0,"Homeopathic Drops","10"
"Opium 30 30ml","Masood Homoeopathic Pharma","MASOD",0,0,0,0,"Homeopathic Drops","5"
"Iodium 30 30ml","Masood Homoeopathic Pharma","MASOD",0,0,0,0,"Homeopathic Drops","10"
"Herit Beauty Cream","Clinic Internal Preparation","Clinic",0,0,0,0,"Homeopathic Drops","10"
"Herite Beauty Soap","Clinic Internal Preparation","Clinic",0,0,0,0,"Homeopathic Drops","12"
"Chaledonium Q","Masood Homoeopathic Pharma","MASOD",0,0,0,0,"Homeopathic Drops","5"
"L No - 104","Clinic Internal Preparation","Clinic",0,0,0,0,"Homeopathic Drops","5"
"Khoon Safi 60ml","NP Laboratories","NP",0,0,0,0,"Drops","5"
"Colic-Grip 30ml","NP Laboratories","NP",0,0,0,0,"Homeopathic Drops","5"
"Energy 60ml","NP Laboratories","NP",0,0,0,0,"Homeopathic Drops","5"
"Hepa-Safe 60ml","NP Laboratories","NP",0,0,0,0,"Homeopathic Drops","5"
"CalCuli Renal 30ml","NP Laboratories","NP",0,0,0,0,"Homeopathic Drops","25"
"Passi Valerina 30ml","NP Laboratories","NP",0,0,0,0,"Homeopathic Drops","5"
"Rau-Vasicum 30ml","NP Laboratories","NP",0,0,0,0,"Homeopathic Drops","5"
"SYZ Cephlandra 30ml","NP Laboratories","NP",0,0,0,0,"Homeopathic Drops","170"
"Avena Ginko 30ml","NP Laboratories","NP",0,0,0,0,"Homeopathic Drops","5"
"Mintha Pep 120ml SYP","NP Laboratories","NP",0,0,0,0,"Homeopathic Drops","10"
"Cough X 120ml SYP","NP Laboratories","NP",0,0,0,0,"Homeopathic Drops","5"
"Carbo-Pep 30Tab","NP Laboratories","NP",0,0,0,0,"Homeopathic Drops","40"
"Egiolax Plus 30Tab","NP Laboratories","NP",0,0,0,0,"Homeopathic Drops","5"
"1-Sinusitis 100Tab","NP Laboratories","NP",0,0,0,0,"Homeopathic Drops","5"
"2-Tonsillitis 100Tab","NP Laboratories","NP",0,0,0,0,"Homeopathic Drops","5"
"3-Piles 100Tab","NP Laboratories","NP",0,0,0,0,"Homeopathic Drops","5"
"4-Skindisorder 100Tabs","NP Laboratories","NP",0,0,0,0,"Homeopathic Drops","5"
"5-Liver Disorder 100Tabs","NP Laboratories","NP",0,0,0,0,"Homeopathic Drops","5"
"7-Cough Catarrh 100 Tabs","NP Laboratories","NP",0,0,0,0,"Homeopathic Drops","5"
"8-Depression & Tension 100 Tabs","NP Laboratories","NP",0,0,0,0,"Homeopathic Drops","5"
"9-Menstural Disorder 100Tabs","NP Laboratories","NP",0,0,0,0,"Homeopathic Drops","5"
"10-Hepatitis 100 Tabs","NP Laboratories","NP",0,0,0,0,"Homeopathic Drops","5"
"11-Infactions 100 Tabs","NP Laboratories","NP",0,0,0,0,"Homeopathic Drops","5"
"13-Acne Pimpls 100 Tabs","NP Laboratories","NP",0,0,0,0,"Homeopathic Drops","5"
"21-Low Blood Pressure 100 Tabs","NP Laboratories","NP",0,0,0,0,"Homeopathic Drops","5"
"22-Bed Wetting 100 Tabs","NP Laboratories","NP",0,0,0,0,"Homeopathic Drops","5"
"23-Brain Tonic 100 Tabs","NP Laboratories","NP",0,0,0,0,"Homeopathic Drops","5"
"24-Easy Parturation 100 Tabs","NP Laboratories","NP",0,0,0,0,"Homeopathic Drops","5"
"25-Natural Height 100 Tabs","NP Laboratories","NP",0,0,0,0,"Homeopathic Drops","5"
"27-Sawpal Beauty 100 Tabs","NP Laboratories","NP",0,0,0,0,"Homeopathic Drops","5"
"28-Danti Care 100 Tabs","NP Laboratories","NP",0,0,0,0,"Homeopathic Drops","5"
"29-Built-up 100 Tabs","NP Laboratories","NP",0,0,0,0,"Homeopathic Drops","5"
"30-Obesity 100 Tabs","NP Laboratories","NP",0,0,0,0,"Homeopathic Drops","5"
"26-Allergic Bronchitis 100 Tabs","NP Laboratories","NP",0,0,0,0,"Homeopathic Drops","5"
"Monos 5 Tabs","NP Laboratories","NP",0,0,0,0,"Homeopathic Drops","5"
"15-Fever 100 Tabs","NP Laboratories","NP",0,0,0,0,"Homeopathic Drops","5"
"16-Homoeopathic Vitamins 100 Tab","NP Laboratories","NP",0,0,0,0,"Homeopathic Drops","5"
"17-Easy Detition 100 Tabs","NP Laboratories","NP",0,0,0,0,"Homeopathic Drops","5"
"18-Diarrhoea 100 Tabs","NP Laboratories","NP",0,0,0,0,"Homeopathic Drops","5"
"19-Falling of Hairs 100 Tabs","NP Laboratories","NP",0,0,0,0,"Homeopathic Drops","5"
"20-Unwanted Facial Hairs 100 Tabs","NP Laboratories","NP",0,0,0,0,"Homeopathic Drops","5"
"12-High Blood Pressure 100 Tabs","NP Laboratories","NP",0,0,0,0,"Homeopathic Drops","5"
"14- Diabetes 100 Tabs","NP Laboratories","NP",0,0,0,0,"Homeopathic Drops","5"
"Egiolax Plus Jar Pack 850Tab","NP Laboratories","NP",0,0,0,0,"Homeopathic Drops","3"
"Carbo-Pep Jar Pack 850 Tab","NP Laboratories","NP",0,0,0,0,"Homeopathic Drops","2"
"Stomey 30Cap","Clinic Internal Preparation","Clinic",0,0,0,0,"Homeopathic Drops","5"
"Arnica Mont 200 30ml","Masood Homoeopathic Pharma","MASOD",0,0,0,0,"Homeopathic Drops","10"
"2 Grain Orang Colour Diskettes","Masood Homoeopathic Pharma","MASOD",0,0,0,0,"Homeopathic Drops","5"
"2 Grain Green Colour Diskettes","Masood Homoeopathic Pharma","MASOD",0,0,0,0,"Homeopathic Drops","5"
"4 Grain Oval Rose Colour Diskettes","Masood Homoeopathic Pharma","MASOD",0,0,0,0,"Homeopathic Drops","5"
"Ginkgo Vit Oral (Ampoule)","Paul Brooks Homoeo Lab","PBHL",0,0,0,0,"Homeopathic Drops","10"
"Nux Vomica 200 30ml","Masood Homoeopathic Pharma","MASOD",0,0,0,0,"Homeopathic Drops","10"
"China Off 30 (30ml)","Masood Homoeopathic Pharma","MASOD",0,0,0,0,"Homeopathic Drops","5"
"China Off 200 (30ml)","Masood Homoeopathic Pharma","MASOD",0,0,0,0,"Homeopathic Drops","5"
"Berbaris Aqi 200 (30ml)","Masood Homoeopathic Pharma","MASOD",0,0,0,0,"Homeopathic Drops","5"
"Belladona 200 (30ml)","Masood Homoeopathic Pharma","MASOD",0,0,0,0,"Homeopathic Drops","5"
"Ipecacuanha 200 (30ml)","Masood Homoeopathic Pharma","MASOD",0,0,0,0,"Homeopathic Drops","5"
"Asoka Q 30ml","Masood Homoeopathic Pharma","MASOD",0,0,0,0,"Homeopathic Drops","5"
"Limnna Minor 30","Masood Homoeopathic Pharma","MASOD",0,0,0,0,"Homeopathic Drops","5"
"Bacopa Monnieri  Q (30ml) ( C Class )","Masood Homoeopathic Pharma","MASOD",0,0,0,0,"Homeopathic Drops","5"
"Ideal Groth corse","Paul Brooks Homoeo Lab","PBHL",0,0,0,0,"Homeopathic Drops","5"
"Slim Tab ( 21 Tabs)","Clinic Internal Preparation","Clinic",0,0,0,0,"Homeopathic Drops","5"
"Fucus Q","Dr. Willmar Schwabe Germany","Shwabe",0,0,0,0,"Homeopathic Drops","10"
"Millefolium Q","Clinic Internal Preparation","Clinic",0,0,0,0,"Homeopathic Drops","5"
"Assculus 3","Clinic Internal Preparation","Clinic",0,0,0,0,"Homeopathic Drops","5"
"N-Gasik 20Tabs","NazZ Pharma","NazZ",0,0,0,0,"Tablet","20"
"N-Gaisk 100Tabs","NazZ Pharma","NazZ",0,0,0,0,"Tablets","10"
"Cheaston 30 Cap","Al S Pharma","Al S",0,0,0,0,"Capsule","20"
"Arnica Mont 1M ( BM )","BM Pvt LTD","BM",0,0,0,0,"Homeopathic Drops","5"
"Bacillinum 1M (BM )","BM Pvt LTD","BM",0,0,0,0,"Homeopathic Drops","2"
"Barium Carb 1M (BM)","BM Pvt LTD","BM",0,0,0,0,"Homeopathic Drops","2"
"Calc Fluor 1M (BM)","BM Pvt LTD","BM",0,0,0,0,"Homeopathic Drops","2"
"Calc Sulf 1M (BM)","BM Pvt LTD","BM",0,0,0,0,"Homeopathic Drops","2"
"Colocynthis 1M (BM)","BM Pvt LTD","BM",0,0,0,0,"Homeopathic Drops","2"
"Conium 1M (BM)","BM Pvt LTD","BM",0,0,0,0,"Homeopathic Drops","2"
"Hepar Sulf 1M (BM)","BM Pvt LTD","BM",0,0,0,0,"Homeopathic Drops","2"
"Hypericum 1M (BM)","BM Pvt LTD","BM",0,0,0,0,"Homeopathic Drops","2"
"Iodium 1M (BM)","BM Pvt LTD","BM",0,0,0,0,"Homeopathic Drops","2"
"Kali Iodatum 1M (BM)","BM Pvt LTD","BM",0,0,0,0,"Homeopathic Drops","2"
"Kali Phos 1M (BM)","BM Pvt LTD","BM",0,0,0,0,"Homeopathic Drops","2"
"Lycopodium 1M (BM)","BM Pvt LTD","BM",0,0,0,0,"Homeopathic Drops","2"
"Meg Phos 1M (BM)","BM Pvt LTD","BM",0,0,0,0,"Homeopathic Drops","2"
"Medorrhinum 1M (BM)","BM Pvt LTD","BM",0,0,0,0,"Homeopathic Drops","2"
"Merc Sol 1M (BM)","BM Pvt LTD","BM",0,0,0,0,"Homeopathic Drops","2"
"Myristica Sebif 1M (BM)","BM Pvt LTD","BM",0,0,0,0,"Homeopathic Drops","2"
"Nat Sulf 1M (BM)","BM Pvt LTD","BM",0,0,0,0,"Homeopathic Drops","2"
"Nux Vomica 1M (BM)","BM Pvt LTD","BM",0,0,0,0,"Homeopathic Drops","2"
"Onosmodium Virg 1M (BM)","BM Pvt LTD","BM",0,0,0,0,"Homeopathic Drops","2"
"Posorinum 1M (BM)","BM Pvt LTD","BM",0,0,0,0,"Homeopathic Drops","2"
"Rhus Tox 1M (BM)","BM Pvt LTD","BM",0,0,0,0,"Homeopathic Drops","2"
"Selenium 1M (BM)","BM Pvt LTD","BM",0,0,0,0,"Homeopathic Drops","2"
"Silicea 1M (BM)","BM Pvt LTD","BM",0,0,0,0,"Homeopathic Drops","2"
"Syphilinum 1M (BM)","BM Pvt LTD","BM",0,0,0,0,"Homeopathic Drops","2"
"Thuja Occ 1M (BM)","BM Pvt LTD","BM",0,0,0,0,"Homeopathic Drops","2"
"Thyroidinum 1M (BM)","BM Pvt LTD","BM",0,0,0,0,"Homeopathic Drops","2"
"Tuberculinum 1M (BM)","BM Pvt LTD","BM",0,0,0,0,"Homeopathic Drops","2"
"Thyphoidinum 1M (BM)","BM Pvt LTD","BM",0,0,0,0,"Homeopathic Drops","2"
"Rhus Tox 200 (Mek)","MEKTUM Homeo Pharma","MEK",0,0,0,0,"Homeopathic Drops","5"
"Nux Vomica 10M (BM)","BM Pvt LTD","BM",0,0,0,0,"Homeopathic Drops","2"
"Bacillinum 200 (BM )","BM Pvt LTD","BM",0,0,0,0,"Homeopathic Drops","2"
"Barium Carb 200 (BM)","BM Pvt LTD","BM",0,0,0,0,"Homeopathic Drops","2"
"Calc Fluor 200 (BM)","BM Pvt LTD","BM",0,0,0,0,"Homeopathic Drops","2"
"Calc Sulf 200 (BM)","BM Pvt LTD","BM",0,0,0,0,"Homeopathic Drops","2"
"Conium 200 (BM)","BM Pvt LTD","BM",0,0,0,0,"Homeopathic Drops","2"
"Hepar Sulf 200 (BM)","BM Pvt LTD","BM",0,0,0,0,"Homeopathic Drops","2"
"Kali Iodatum 200 (BM)","BM Pvt LTD","BM",0,0,0,0,"Homeopathic Drops","2"
"Meg Phos 200 (BM)","BM Pvt LTD","BM",0,0,0,0,"Homeopathic Drops","2"
"Medorrhinum 200(BM)","BM Pvt LTD","BM",0,0,0,0,"Homeopathic Drops","2"
"Nat Sulf 200 (BM)","BM Pvt LTD","BM",0,0,0,0,"Homeopathic Drops","2"
"Selenium 200 (BM)","BM Pvt LTD","BM",0,0,0,0,"Homeopathic Drops","2"
"Silicea 200(BM)","BM Pvt LTD","BM",0,0,0,0,"Homeopathic Drops","2"
"Thuja Occ 200 (BM)","BM Pvt LTD","BM",0,0,0,0,"Homeopathic Drops","2"
"Thyphoidinum 200 (BM)","BM Pvt LTD","BM",0,0,0,0,"Homeopathic Drops","2"
"Abies Nig 30 (BM)","BM Pvt LTD","BM",0,0,0,0,"Homeopathic Drops","2"
"Abrotanum 30 (BM)","BM Pvt LTD","BM",0,0,0,0,"Homeopathic Drops","2"
"Acid Benz 30 (BM)","BM Pvt LTD","BM",0,0,0,0,"Homeopathic Drops","2"
"Acid Lactic 30 (BM)","BM Pvt LTD","BM",0,0,0,0,"Homeopathic Drops","2"
"Acid Nit 30 (BM)","BM Pvt LTD","BM",0,0,0,0,"Homeopathic Drops","2"
"Aconite Nep 30 (BM)","BM Pvt LTD","BM",0,0,0,0,"Homeopathic Drops","2"
"Acid Oxalic 30 (BM)","BM Pvt LTD","BM",0,0,0,0,"Homeopathic Drops","2"
"Acid Phos 30 ( BM)","BM Pvt LTD","BM",0,0,0,0,"Homeopathic Drops","2"
"Aesculus 30 (BM)","BM Pvt LTD","BM",0,0,0,0,"Homeopathic Drops","2"
"Aloes Soco 30 (BM)","BM Pvt LTD","BM",0,0,0,0,"Homeopathic Drops","2"
"Alumen 30 (BM)","BM Pvt LTD","BM",0,0,0,0,"Homeopathic Drops","2"
"Alumina 30 (BM)","BM Pvt LTD","BM",0,0,0,0,"Homeopathic Drops","2"
"Anacardium 30 (BM)","BM Pvt LTD","BM",0,0,0,0,"Homeopathic Drops","2"
"Anti Tart 30 (BM)","BM Pvt LTD","BM",0,0,0,0,"Homeopathic Drops","2"
"Apis Milli 30 (BM)","BM Pvt LTD","BM",0,0,0,0,"Homeopathic Drops","2"
"Aralia Race 30 (BM)","BM Pvt LTD","BM",0,0,0,0,"Homeopathic Drops","2"
"Arnica Mont 30 ( BM )","BM Pvt LTD","BM",0,0,0,0,"Homeopathic Drops","2"
"Arsenic Iod 30 (BM)","BM Pvt LTD","BM",0,0,0,0,"Homeopathic Drops","2"
"Arsenic Sulf Flav 30 (BM)","BM Pvt LTD","BM",0,0,0,0,"Homeopathic Drops","2"
"Badiaga 30 (BM)","BM Pvt LTD","BM",0,0,0,0,"Homeopathic Drops","2"
"Baptisia Tinc 30 (BM)","BM Pvt LTD","BM",0,0,0,0,"Homeopathic Drops","2"
"Baryta Iod 30 (BM)","BM Pvt LTD","BM",0,0,0,0,"Homeopathic Drops","2"
"Berberis Vulg 30 (BM)","BM Pvt LTD","BM",0,0,0,0,"Homeopathic Drops","2"
"Croton Tig 30 (BM)","BM Pvt LTD","BM",0,0,0,0,"Homeopathic Drops","2"
"Cupram Met 30  (BM)","BM Pvt LTD","BM",0,0,0,0,"Homeopathic Drops","2"
"Digitalis 30 (BM)","BM Pvt LTD","BM",0,0,0,0,"Homeopathic Drops","2"
"Dioscorea Vill 30 (BM)","BM Pvt LTD","BM",0,0,0,0,"Homeopathic Drops","2"
"Drosera 30 (BM)","BM Pvt LTD","BM",0,0,0,0,"Homeopathic Drops","2"
"Dulcamara 30 (BM)","BM Pvt LTD","BM",0,0,0,0,"Homeopathic Drops","2"
"Eel Serum 30 (BM)","BM Pvt LTD","BM",0,0,0,0,"Homeopathic Drops","2"
"Equisetum Hye 30 (BM)","BM Pvt LTD","BM",0,0,0,0,"Homeopathic Drops","2"
"Eupatorium Perf 30 (BM)","BM Pvt LTD","BM",0,0,0,0,"Homeopathic Drops","2"
"Ferrum Met 30 (BM)","BM Pvt LTD","BM",0,0,0,0,"Homeopathic Drops","2"
"Ferrum Phos 30 (BM)","BM Pvt LTD","BM",0,0,0,0,"Homeopathic Drops","2"
"Fillix Mas 30 (BM)","BM Pvt LTD","BM",0,0,0,0,"Homeopathic Drops","2"
"Gelsemium 30 (BM)","BM Pvt LTD","BM",0,0,0,0,"Homeopathic Drops","2"
"Glonoinum 30 (BM)","BM Pvt LTD","BM",0,0,0,0,"Homeopathic Drops","2"
"Glycerinum 30 (BM)","BM Pvt LTD","BM",0,0,0,0,"Homeopathic Drops","2"
"Gnaphalium 30 (BM)","BM Pvt LTD","BM",0,0,0,0,"Homeopathic Drops","2"
"Graphites 30 (BM)","BM Pvt LTD","BM",0,0,0,0,"Homeopathic Drops","2"
"Guaiacum Off 30 (BM)","BM Pvt LTD","BM",0,0,0,0,"Homeopathic Drops","2"
"Gun Powder 30 (BM)","BM Pvt LTD","BM",0,0,0,0,"Homeopathic Drops","2"
"Hamamelis Virg 30 (BM)","BM Pvt LTD","BM",0,0,0,0,"Homeopathic Drops","2"
"Hakla Lava 30 (BM)","BM Pvt LTD","BM",0,0,0,0,"Homeopathic Drops","2"
"Hepar Sulf 30  (BM)","BM Pvt LTD","BM",0,0,0,0,"Homeopathic Drops","2"
"Histaminum Hydro 30 (BM)","BM Pvt LTD","BM",0,0,0,0,"Homeopathic Drops","2"
"Hydrangea Hydro 30 (BM)","BM Pvt LTD","BM",0,0,0,0,"Homeopathic Drops","2"
"Hydrastis Can 30 (BM)","BM Pvt LTD","BM",0,0,0,0,"Homeopathic Drops","2"
"Hydrocotyle Asiatica 30 (BM)","BM Pvt LTD","BM",0,0,0,0,"Homeopathic Drops","2"
"Hyoscymus Nig 30 (BM)","BM Pvt LTD","BM",0,0,0,0,"Homeopathic Drops","1"
"Iberis Amara 30 (BM)","BM Pvt LTD","BM",0,0,0,0,"Homeopathic Drops","2"
"Ignatia Amara 30 (BM)","BM Pvt LTD","BM",0,0,0,0,"Homeopathic Drops","2"
"Iodium 30 (BM)","BM Pvt LTD","BM",0,0,0,0,"Homeopathic Drops","2"
"Ipeacuanha 30 (BM)","BM Pvt LTD","BM",0,0,0,0,"Homeopathic Drops","2"
"Iris Tenax 30 (BM)","BM Pvt LTD","BM",0,0,0,0,"Homeopathic Drops","2"
"Iris Vers 30(BM)","BM Pvt LTD","BM",0,0,0,0,"Homeopathic Drops","2"
"Jalapa 30 (BM)","BM Pvt LTD","BM",0,0,0,0,"Homeopathic Drops","2"
"Juniperus Communis 30 (BM)","BM Pvt LTD","BM",0,0,0,0,"Homeopathic Drops","2"
"Kali Ars 30 (BM)","BM Pvt LTD","BM",0,0,0,0,"Homeopathic Drops","2"
"Kali Bich 30 (BM)","BM Pvt LTD","BM",0,0,0,0,"Homeopathic Drops","2"
"Kali Brom 30 (BM)","BM Pvt LTD","BM",0,0,0,0,"Homeopathic Drops","2"
"Kali Carb 30 (BM)","BM Pvt LTD","BM",0,0,0,0,"Homeopathic Drops","2"
"Kali Iodatum 30 (BM)","BM Pvt LTD","BM",0,0,0,0,"Homeopathic Drops","2"
"Kali Mur 30 (BM)","BM Pvt LTD","BM",0,0,0,0,"Homeopathic Drops","2"
"Kali Phos 30 (BM)","BM Pvt LTD","BM",0,0,0,0,"Homeopathic Drops","2"
"Kali Sulf 30 (BM)","BM Pvt LTD","BM",0,0,0,0,"Homeopathic Drops","2"
"Kalmia lat 30 (BM)","BM Pvt LTD","BM",0,0,0,0,"Homeopathic Drops","2"
"Kreosotum 30 (BM)","BM Pvt LTD","BM",0,0,0,0,"Homeopathic Drops","2"
"Lachesis 30 (BM)","BM Pvt LTD","BM",0,0,0,0,"Homeopathic Drops","2"
"Ledum Pal 30 (BM)","BM Pvt LTD","BM",0,0,0,0,"Homeopathic Drops","2"
"Lemna Minor 30 (BM)","BM Pvt LTD","BM",0,0,0,0,"Homeopathic Drops","2"
"Lithium Carb 30 (BM)","BM Pvt LTD","BM",0,0,0,0,"Homeopathic Drops","2"
"Meg Carb 30 (BM)","BM Pvt LTD","BM",0,0,0,0,"Homeopathic Drops","2"
"Meg Mur 30 (BM)","BM Pvt LTD","BM",0,0,0,0,"Homeopathic Drops","2"
"Meg Phos 30 (BM)","BM Pvt LTD","BM",0,0,0,0,"Homeopathic Drops","2"
"Malaria Off 30 (BM)","BM Pvt LTD","BM",0,0,0,0,"Homeopathic Drops","2"
"Manganum Mur 30 (BM)","BM Pvt LTD","BM",0,0,0,0,"Homeopathic Drops","2"
"Manganum Phos 30 (BM)","BM Pvt LTD","BM",0,0,0,0,"Homeopathic Drops","2"
"Marc Cyan 30 (BM)","BM Pvt LTD","BM",0,0,0,0,"Homeopathic Drops","1"
"Merc Dul 30 (BM)","BM Pvt LTD","BM",0,0,0,0,"Homeopathic Drops","1"
"Merc Iod 30 (BM)","BM Pvt LTD","BM",0,0,0,0,"Homeopathic Drops","2"
"Merc Sol 30 (BM)","BM Pvt LTD","BM",0,0,0,0,"Homeopathic Drops","2"
"Merc Corr 30 (BM)","BM Pvt LTD","BM",0,0,0,0,"Homeopathic Drops","2"
"Mezereum 30 (BM)","BM Pvt LTD","BM",0,0,0,0,"Homeopathic Drops","2"
"Murex Purp 30 (BM)","BM Pvt LTD","BM",0,0,0,0,"Homeopathic Drops","2"
"Naja Tripud 30 (BM)","BM Pvt LTD","BM",0,0,0,0,"Homeopathic Drops","2"
"Naphthalium 30 (BM)","BM Pvt LTD","BM",0,0,0,0,"Homeopathic Drops","2"
"Nat Ars 30 (BM)","BM Pvt LTD","BM",0,0,0,0,"Homeopathic Drops","2"
"Nat Carb 30 (BM)","BM Pvt LTD","BM",0,0,0,0,"Homeopathic Drops","2"
"Nat Mur 30 (BM)","BM Pvt LTD","BM",0,0,0,0,"Homeopathic Drops","2"
"Nat Phos 30 (BM)","BM Pvt LTD","BM",0,0,0,0,"Homeopathic Drops","2"
"Nat Sulf 30 (BM)","BM Pvt LTD","BM",0,0,0,0,"Homeopathic Drops","2"
"Nux Moschata 30 (BM)","BM Pvt LTD","BM",0,0,0,0,"Homeopathic Drops","2"
"Rubia Tinctorum 30 (BM)","BM Pvt LTD","BM",0,0,0,0,"Homeopathic Drops","2"
"Rumax Crisp 30 (BM)","BM Pvt LTD","BM",0,0,0,0,"Homeopathic Drops","2"
"Sabadilla 30 (BM)","BM Pvt LTD","BM",0,0,0,0,"Homeopathic Drops","2"
"Sabal Serr 30 (BM)","BM Pvt LTD","BM",0,0,0,0,"Homeopathic Drops","2"
"Sabina 30 (BM)","BM Pvt LTD","BM",0,0,0,0,"Homeopathic Drops","2"
"Sanguinaria 30 (BM)","BM Pvt LTD","BM",0,0,0,0,"Homeopathic Drops","2"
"Santoninum 30 (BM)","BM Pvt LTD","BM",0,0,0,0,"Homeopathic Drops","1"
"Sarkanda 30 (BM)","BM Pvt LTD","BM",0,0,0,0,"Homeopathic Drops","1"
"Selenium 30 (BM)","BM Pvt LTD","BM",0,0,0,0,"Homeopathic Drops","2"
"Senega 30 (BM)","BM Pvt LTD","BM",0,0,0,0,"Homeopathic Drops","1"
"Senna 30 (BM)","BM Pvt LTD","BM",0,0,0,0,"Homeopathic Drops","1"
"Sepia 30 (BM)","BM Pvt LTD","BM",0,0,0,0,"Homeopathic Drops","2"
"Silicea 30 (BM)","BM Pvt LTD","BM",0,0,0,0,"Homeopathic Drops","2"
"Sinapis Nigra 30 (BM)","BM Pvt LTD","BM",0,0,0,0,"Homeopathic Drops","2"
"Spigelia Anth 30 (BM)","BM Pvt LTD","BM",0,0,0,0,"Homeopathic Drops","2"
"Spongia 30 (BM)","BM Pvt LTD","BM",0,0,0,0,"Homeopathic Drops","2"
"Stannum Met 30 (BM)","BM Pvt LTD","BM",0,0,0,0,"Homeopathic Drops","2"
"Staphysageria 30 (BM)","BM Pvt LTD","BM",0,0,0,0,"Homeopathic Drops","2"
"Sulpher Iod 30 (BM)","BM Pvt LTD","BM",0,0,0,0,"Homeopathic Drops","1"
"Syzygium Jambo 30 (BM)","BM Pvt LTD","BM",0,0,0,0,"Homeopathic Drops","1"
"Terentula Hisp 30 (BM)","BM Pvt LTD","BM",0,0,0,0,"Homeopathic Drops","1"
"Terebinthina 30 (BM)","BM Pvt LTD","BM",0,0,0,0,"Homeopathic Drops","1"
"Thlaspi Bursa 30 (BM)","BM Pvt LTD","BM",0,0,0,0,"Homeopathic Drops","30"
"Thuja Lobbi 30 (BM)","BM Pvt LTD","BM",0,0,0,0,"Homeopathic Drops","2"
"Tribulus Terr 30 (BM)","BM Pvt LTD","BM",0,0,0,0,"Homeopathic Drops","1"
"Urea Pura 30 (BM)","BM Pvt LTD","BM",0,0,0,0,"Homeopathic Drops","2"
"Urtica Uren 30 (BM)3","BM Pvt LTD","BM",0,0,0,0,"Homeopathic Drops","2"
"Uva Ursi 30 (BM)","BM Pvt LTD","BM",0,0,0,0,"Homeopathic Drops","2"
"Vanadium 30 (BM)","BM Pvt LTD","BM",0,0,0,0,"Homeopathic Drops","2"
"Veratum Alb 30 (BM.)","BM Pvt LTD","BM",0,0,0,0,"Homeopathic Drops","2"
"Vinca Minor 30 (BM)","BM Pvt LTD","BM",0,0,0,0,"Homeopathic Drops","2"
"Viscum Alb 30 (BM)","BM Pvt LTD","BM",0,0,0,0,"Homeopathic Drops","2"
"Yerba Santa 30 (BM)","BM Pvt LTD","BM",0,0,0,0,"Homeopathic Drops","2"
"Yohimbinum 30 (BM)","BM Pvt LTD","BM",0,0,0,0,"Homeopathic Drops","2"
"Zincum Met 30 (BM)","BM Pvt LTD","BM",0,0,0,0,"Homeopathic Drops","2"
"Zincum Phos 30 (BM)","BM Pvt LTD","BM",0,0,0,0,"Homeopathic Drops","2"
"Zincum Sulf 30 (BM)","BM Pvt LTD","BM",0,0,0,0,"Homeopathic Drops","2"
"Zingiber 30 (BM)","BM Pvt LTD","BM",0,0,0,0,"Homeopathic Drops","2"
"Arnica Mont CM ( BM )","BM Pvt LTD","BM",0,0,0,0,"Homeopathic Drops","2"
"Bacillinum CM (BM )","BM Pvt LTD","BM",0,0,0,0,"Homeopathic Drops","2"
"Barium Carb CM (BM)","BM Pvt LTD","BM",0,0,0,0,"Homeopathic Drops","2"
"Calc Fluor CM (BM)","BM Pvt LTD","BM",0,0,0,0,"Homeopathic Drops","2"
"Conium CM (BM)","BM Pvt LTD","BM",0,0,0,0,"Homeopathic Drops","2"
"Calc Sulf CM (BM)","BM Pvt LTD","BM",0,0,0,0,"Homeopathic Drops","2"
"Hypericum CM (BM)","BM Pvt LTD","BM",0,0,0,0,"Homeopathic Drops","2"
"Iodium CM (BM)","BM Pvt LTD","BM",0,0,0,0,"Homeopathic Drops","2"
"Kali Iodatum CM (BM)","BM Pvt LTD","BM",0,0,0,0,"Homeopathic Drops","2"
"Kali Phos CM (BM)","BM Pvt LTD","BM",0,0,0,0,"Homeopathic Drops","2"
"Lycopodium CM (BM)","BM Pvt LTD","BM",0,0,0,0,"Homeopathic Drops","2"
"Medorrhinum CM (BM)","BM Pvt LTD","BM",0,0,0,0,"Homeopathic Drops","2"
"Merc Sol CM (BM)","BM Pvt LTD","BM",0,0,0,0,"Homeopathic Drops","2"
"Myristica Sebif CM (BM)","BM Pvt LTD","BM",0,0,0,0,"Homeopathic Drops","2"
"Nat Sulf CM (BM)","BM Pvt LTD","BM",0,0,0,0,"Homeopathic Drops","2"
"Nux Vomica CM (BM)","BM Pvt LTD","BM",0,0,0,0,"Homeopathic Drops","2"
"Onosmodium Virg CM (BM)","BM Pvt LTD","BM",0,0,0,0,"Homeopathic Drops","2"
"Posorinum CM (BM)","BM Pvt LTD","BM",0,0,0,0,"Homeopathic Drops","2"
"Rhus Tox CM (BM)","BM Pvt LTD","BM",0,0,0,0,"Homeopathic Drops","2"
"Selenium CM (BM)","BM Pvt LTD","BM",0,0,0,0,"Homeopathic Drops","2"
"Silicea CM (BM)","BM Pvt LTD","BM",0,0,0,0,"Homeopathic Drops","2"
"Syphilinum CM (BM)","BM Pvt LTD","BM",0,0,0,0,"Homeopathic Drops","2"
"Thuja Occ CM (BM)","BM Pvt LTD","BM",0,0,0,0,"Homeopathic Drops","2"
"Thyphoidinum CM (BM)","BM Pvt LTD","BM",0,0,0,0,"Homeopathic Drops","2"
"Tuberculinum CM (BM)","BM Pvt LTD","BM",0,0,0,0,"Homeopathic Drops","2"
"Thyroidinum CM (BM)","BM Pvt LTD","BM",0,0,0,0,"Homeopathic Drops","2"
"Berbaris Aqi 30 (30ml)","Masood Homoeopathic Pharma","MASOD",0,0,0,0,"Homeopathic Drops","5"
"Cimicifuga Recemosa 200 120ml (MSOD)","Masood Homoeopathic Pharma","MASOD",0,0,0,0,"Homeopathic Drops","1"
"Lycopodium 200 120ml (MSOD)","Masood Homoeopathic Pharma","MASOD",0,0,0,0,"Homeopathic Drops","2"
"Silicea 30 120ml (MSOD)","Masood Homoeopathic Pharma","MASOD",0,0,0,0,"Homeopathic Drops","2"
"Acid Phos 30 120ml (MSOD)","Masood Homoeopathic Pharma","MASOD",0,0,0,0,"Homeopathic Drops","2"
"Aconite Nep 200 120ml (MSOD)","Masood Homoeopathic Pharma","MASOD",0,0,0,0,"Homeopathic Drops","2"
"Aconite Nep 30 120ml (MSOD)","Masood Homoeopathic Pharma","MASOD",0,0,0,0,"Homeopathic Drops","2"
"Aloes 30 120ml (MSOD)","Masood Homoeopathic Pharma","MASOD",0,0,0,0,"Homeopathic Drops","2"
"Alumina 200 120ml (MSOD)","Masood Homoeopathic Pharma","MASOD",0,0,0,0,"Homeopathic Drops","2"
"Arnica Mont 200 120ml (MSOD)","Masood Homoeopathic Pharma","MASOD",0,0,0,0,"Homeopathic Drops","2"
"Arnica Mont 30 120ml (MSOD)","Masood Homoeopathic Pharma","MASOD",0,0,0,0,"Homeopathic Drops","2"
"Baryta Acetica 200 120ml (MSOD)","Masood Homoeopathic Pharma","MASOD",0,0,0,0,"Homeopathic Drops","2"
"Belladona 200 (120ml) (MSOD)","Masood Homoeopathic Pharma","MASOD",0,0,0,0,"Homeopathic Drops","2"
"Belladona 30 (120ml) (MSOD)","Masood Homoeopathic Pharma","MASOD",0,0,0,0,"Homeopathic Drops","2"
"Bryonia Alb 200 120ml (MSOD)","Masood Homoeopathic Pharma","MASOD",0,0,0,0,"Homeopathic Drops","2"
"Bryonia Alb 30 120ml (MSOD)","Masood Homoeopathic Pharma","MASOD",0,0,0,0,"Homeopathic Drops","2"
"Lycopodium 30 120ml (MSOD)","Masood Homoeopathic Pharma","MASOD",0,0,0,0,"Homeopathic Drops","2"
"Rhus Tox 30 120ml (MSOD)","Masood Homoeopathic Pharma","MASOD",0,0,0,0,"Homeopathic Drops","3"
"Rhus Tox 200 120ml (MSOD)","Masood Homoeopathic Pharma","MASOD",0,0,0,0,"Homeopathic Drops","2"
"Rumex Crisp 30 120ml (MSOD)","Masood Homoeopathic Pharma","MASOD",0,0,0,0,"Homeopathic Drops","2"
"Rumex Crisp 200 120ml (MSOD)","Masood Homoeopathic Pharma","MASOD",0,0,0,0,"Homeopathic Drops","2"
"Silicea 200 120ml (MSOD)","Masood Homoeopathic Pharma","MASOD",0,0,0,0,"Homeopathic Drops","2"
"Aconite Nep 200 120ml  (BM)","BM Pvt LTD","BM",0,0,0,0,"Homeopathic Drops","2"
"Alumina 200 120ml (BM)","BM Pvt LTD","BM",0,0,0,0,"Homeopathic Drops","2"
"Arnica Mont 200 120ml ( BM )","BM Pvt LTD","BM",0,0,0,0,"Homeopathic Drops","2"
"Baryta Acet 200 120ml (BM)","BM Pvt LTD","BM",0,0,0,0,"Homeopathic Drops","2"
"Belladonna 200 120ml (BM)","BM Pvt LTD","BM",0,0,0,0,"Homeopathic Drops","2"
"Bryonia Alb 200 120Ml (BM)","BM Pvt LTD","BM",0,0,0,0,"Homeopathic Drops","2"
"Cimicifuga 200 120ml (BM)","BM Pvt LTD","BM",0,0,0,0,"Homeopathic Drops","2"
"Lycopodium 200 120ml (BM)","BM Pvt LTD","BM",0,0,0,0,"Homeopathic Drops","2"
"Rhus Tox 200 120ml (BM)","BM Pvt LTD","BM",0,0,0,0,"Homeopathic Drops","2"
"Rumax Crisp 200 120ml (BM)","BM Pvt LTD","BM",0,0,0,0,"Homeopathic Drops","2"
"Silicea 200 120ml (BM)","BM Pvt LTD","BM",0,0,0,0,"Homeopathic Drops","2"
"Acid Phos 30 120ml ( BM)","BM Pvt LTD","BM",0,0,0,0,"Homeopathic Drops","2"
"Aconite Nep 30 120ml (BM)","BM Pvt LTD","BM",0,0,0,0,"Homeopathic Drops","2"
"Aloes Soco 30 120ML (BM)","BM Pvt LTD","BM",0,0,0,0,"Homeopathic Drops","2"
"Arnica Mont 30 120ML ( BM )","BM Pvt LTD","BM",0,0,0,0,"Homeopathic Drops","2"
"Belladonna 30 120ml (BM)","BM Pvt LTD","BM",0,0,0,0,"Homeopathic Drops","3"
"Bryonia Alb 30 120Ml (BM)","BM Pvt LTD","BM",0,0,0,0,"Homeopathic Drops","3"
"Lycopodium 30 120ml (BM)","BM Pvt LTD","BM",0,0,0,0,"Homeopathic Drops","2"
"Rhus Tox 30 120ml (BM)","BM Pvt LTD","BM",0,0,0,0,"Homeopathic Drops","2"
"Rumax Crisp 30 120ml (BM)","BM Pvt LTD","BM",0,0,0,0,"Homeopathic Drops","2"
"Silicea 30 120ml (BM)","BM Pvt LTD","BM",0,0,0,0,"Homeopathic Drops","2"
"Hamamelis Q","Dr. Reckeweg Germany","RECK",0,0,0,0,"Homeopathic Drops","5"
"Anti Crud 30 (BM)","BM Pvt LTD","BM",0,0,0,0,"Homeopathic Drops","3"
"Baptisia 30 (BM)","BM Pvt LTD","BM",0,0,0,0,"Homeopathic Drops","5"
"Borex 30 (BM)","BM Pvt LTD","BM",0,0,0,0,"Homeopathic Drops","4"
"Canthris 30 (BM)","BM Pvt LTD","BM",0,0,0,0,"Homeopathic Drops","5"
"Causticum 30 (BM)","BM Pvt LTD","BM",0,0,0,0,"Homeopathic Drops","3"
"Collinsonia 30 (BM)","BM Pvt LTD","BM",0,0,0,0,"Homeopathic Drops","3"
"Pulsatilla 30 (BM)","BM Pvt LTD","BM",0,0,0,0,"Homeopathic Drops","2"
"Paeonia Off 30 (BM)","BM Pvt LTD","BM",0,0,0,0,"Homeopathic Drops","3"
"Apis Milli 200 (BM)","BM Pvt LTD","BM",0,0,0,0,"Homeopathic Drops","2"
"Ratanhia 30 (BM)","BM Pvt LTD","BM",0,0,0,0,"Homeopathic Drops","2"
"Aloes Soco 200 (BM)","BM Pvt LTD","BM",0,0,0,0,"Homeopathic Drops","3"
"Sepia 1M (BM)","BM Pvt LTD","BM",0,0,0,0,"Homeopathic Drops","2"
"Carcinosinum 1M (BM)","BM Pvt LTD","BM",0,0,0,0,"Homeopathic Drops","2"
"Ruta CM (BM)","BM Pvt LTD","BM",0,0,0,0,"Homeopathic Drops","2"
"PTK # 40","Dr. Willmar Schwabe Germany","Shwabe",0,0,0,0,"Homeopathic Drops","5"
"A 41 Fourty Virone","Clinic Internal Preparation","Clinic",0,0,0,0,"Homeopathic Drops","3"
"Amlyfy-T","Clinic Internal Preparation","Clinic",0,0,0,0,"Homeopathic Drops","5"
"Avena Sat Q (Shwabe)","Dr. Willmar Schwabe Germany","Shwabe",0,0,0,0,"Homeopathic Drops","5"
"Onos (5 Tabs)","NP Laboratories","NP",0,0,0,0,"Homeopathic Drops","5"
"Diacard Drops","Dr. Willmar Schwabe Germany","Shwabe",0,0,0,0,"Homeopathic Drops","5"
"Aesculus Hipp 200 120ML (MSOD)","Masood Homoeopathic Pharma","MASOD",0,0,0,0,"Homeopathic Drops","2"
"Antimonium Tart 30 120Ml (MSOD)","Masood Homoeopathic Pharma","MASOD",0,0,0,0,"Homeopathic Drops","2"
"Calc Carb 200 120ml (MSOD)","Masood Homoeopathic Pharma","MASOD",0,0,0,0,"Homeopathic Drops","2"
"Graphites 200 120ml (MSOD)","Masood Homoeopathic Pharma","MASOD",0,0,0,0,"Homeopathic Drops","2"
"Opium 200 120ml (MSOD)","Masood Homoeopathic Pharma","MASOD",0,0,0,0,"Homeopathic Drops","2"
"Cholesterinum 200 120ml (MSOD)","Masood Homoeopathic Pharma","MASOD",0,0,0,0,"Homeopathic Drops","2"
"Ferrum Met 200 120ml (MSOD)","Masood Homoeopathic Pharma","MASOD",0,0,0,0,"Homeopathic Drops","2"
"Lathyrus Sat 30 120ml (MSOD)","Masood Homoeopathic Pharma","MASOD",0,0,0,0,"Homeopathic Drops","2"
"Thuja Occ 200 120ml (MSOD)","Masood Homoeopathic Pharma","MASOD",0,0,0,0,"Homeopathic Drops","2"
"Bryonia Alb 1M 120ml (MSOD)","Masood Homoeopathic Pharma","MASOD",0,0,0,0,"Homeopathic Drops","2"
"Disketts 5 Grain Yellow round (450GM)","BM Pvt LTD","BM",0,0,0,0,"Homeopathic Drops","5"
"Disketts 5 Grain Green round (450GM)","BM Pvt LTD","BM",0,0,0,0,"Homeopathic Drops","5"
"P- Bex Dry SYP","BLOSSOM Homeo Labs","Bl",0,0,0,0,"Homeopathic Drops","15"
"Calc Fluor 6X 500gm (BM)","BM Pvt LTD","BM",0,0,0,0,"Homeopathic Drops","2"
"Kali Mur 6X 500gm  (BM)","BM Pvt LTD","BM",0,0,0,0,"Homeopathic Drops","2"
"Kali Phos 6X 500gm (BM)","BM Pvt LTD","BM",0,0,0,0,"Homeopathic Drops","2"
"Kali Sulf 6X 500gm (BM)","BM Pvt LTD","BM",0,0,0,0,"Homeopathic Drops","2"
"Mag Phos 6X 500gm (BM)","BM Pvt LTD","BM",0,0,0,0,"Homeopathic Drops","2"
"Nat Phos 6X 500gm (BM)","BM Pvt LTD","BM",0,0,0,0,"Homeopathic Drops","2"
"Nat Sulf  6X 500gm (BM)","BM Pvt LTD","BM",0,0,0,0,"Homeopathic Drops","2"
"Acid Phos Q ( B ) 500ml (BM)","BM Pvt LTD","BM",0,0,0,0,"Homeopathic Drops","2"
"Agnus Cast Q (C) 500ml (BM)","BM Pvt LTD","BM",0,0,0,0,"Homeopathic Drops","2"
"Alfalfa Q (A) 500ml (BM)","BM Pvt LTD","BM",0,0,0,0,"Homeopathic Drops","2"
"Allium Sativa Q (A) 500ml (BM)","BM Pvt LTD","BM",0,0,0,0,"Homeopathic Drops","2"
"Avena Sativa Q (A) 500ml (BM)","BM Pvt LTD","BM",0,0,0,0,"Homeopathic Drops","2"
"Berberis Aqi Q (D) 500ml (BM)","BM Pvt LTD","BM",0,0,0,0,"MTQ","2"
"Berberis Vulg Q (C) 500ml (BM)","BM Pvt LTD","BM",0,0,0,0,"MTQ","3"
"Blatta Ori Q (E) 500ml (BM)","BM Pvt LTD","BM",0,0,0,0,"MTQ","2"
"Cardus Mar Q (C) 500ml (BM)","BM Pvt LTD","BM",0,0,0,0,"MTQ","2"
"Chelidonium Maj Q (C) 500ml (BM)","BM Pvt LTD","BM",0,0,0,0,"MTQ","2"
"Collinsonia Q (D) 500ml (BM)","BM Pvt LTD","BM",0,0,0,0,"MTQ","2"
"Crataegus Oxy Q (C) 500ml (BM)","BM Pvt LTD","BM",0,0,0,0,"MTQ","2"
"Damiana Q (C) 500ml (BM)","BM Pvt LTD","BM",0,0,0,0,"MTQ","2"
"Echinacea (Q) (C) 500ml (BM)","BM Pvt LTD","BM",0,0,0,0,"MTQ","2"
"Fel Tauri Q (B) 500ml (BM)","BM Pvt LTD","BM",0,0,0,0,"MTQ","2"
"Fraxinus Amer Q (C) 500ml (BM)","BM Pvt LTD","BM",0,0,0,0,"MTQ","2"
"Ginkgo Biloba Q (C) 500ml (BM)","BM Pvt LTD","BM",0,0,0,0,"MTQ","2"
"Ginseng Q (F) 500ml (BM)","BM Pvt LTD","BM",0,0,0,0,"MTQ","2"
"Gossypium Q (B) 500ml (BM)","BM Pvt LTD","BM",0,0,0,0,"MTQ","2"
"Hydrangea Arb Q (D) 500ml (BM)","BM Pvt LTD","BM",0,0,0,0,"MTQ","2"
"Hydrastis Can Q (G) 500ml (BM)","BM Pvt LTD","BM",0,0,0,0,"MTQ","2"
"Ignatia Amara Q (G) 500ml (BM)","BM Pvt LTD","BM",0,0,0,0,"MTQ","2"
"Hydrocotyle Q C 500ml (BM)","BM Pvt LTD","BM",0,0,0,0,"MTQ","2"
"Bell-ToX  20Tablets","B.H.P Laboratory (PVT) LTD","BHP",0,0,0,0,"Homeopathic Drops","20"
"Jaborandi Q (D) 500ml (BM)","BM Pvt LTD","BM",0,0,0,0,"MTQ","2"
"Lathyrus Sat Q (C) 500ml (BM)","BM Pvt LTD","BM",0,0,0,0,"MTQ","2"
"Myrica Car (E) 500ml (BM)","BM Pvt LTD","BM",0,0,0,0,"MTQ","2"
"Myristica Seb Q (B) 500ml (BM)","BM Pvt LTD","BM",0,0,0,0,"MTQ","2"
"Pareira Brava Q (D) 500ml (BM)","BM Pvt LTD","BM",0,0,0,0,"MTQ","2"
"Phytolacca Berry Q (D) 500ml (BM)","BM Pvt LTD","BM",0,0,0,0,"MTQ","2"
"Pulsatilla Q (D) 500ml (BM)","BM Pvt LTD","BM",0,0,0,0,"MTQ","2"
"Ricinus Com (B) 500ml (BM)","BM Pvt LTD","BM",0,0,0,0,"MTQ","2"
"Sabal Serr Q (D) 500ml (BM)","BM Pvt LTD","BM",0,0,0,0,"MTQ","2"
"Sarsaparilla Q (C) 500ml (BM)","BM Pvt LTD","BM",0,0,0,0,"MTQ","2"
"Solidago Q (C) 500ml (BM)","BM Pvt LTD","BM",0,0,0,0,"MTQ","2"
"Syzygium Jambol Q (A) 500ml (BM)","BM Pvt LTD","BM",0,0,0,0,"MTQ","2"
"Thuja Occ Q (C) 500ml (BM)","BM Pvt LTD","BM",0,0,0,0,"MTQ","2"
"Tribulus Terr Q (B) 500ml (BM)","BM Pvt LTD","BM",0,0,0,0,"MTQ","2"
"Trillium Pend Q (F) 500ml (BM)","BM Pvt LTD","BM",0,0,0,0,"MTQ","2"
"Urtica Urens Q (C) 500ml (BM)","BM Pvt LTD","BM",0,0,0,0,"MTQ","2"
"Vesicaria Q (C) 500ml (BM)","BM Pvt LTD","BM",0,0,0,0,"MTQ","2"
"Viburnum Opp Q (C) 500ml (BM)","BM Pvt LTD","BM",0,0,0,0,"MTQ","2"
"Yohimbinum Q (C) 500ml (BM)","BM Pvt LTD","BM",0,0,0,0,"MTQ","2"
"Zingiber Q (B) 500ml (BM)","BM Pvt LTD","BM",0,0,0,0,"MTQ","2"
"Bio # 21(Shwabe)","Dr. Willmar Schwabe Germany","Shwabe",0,0,0,0,"Homeopathic Drops","10"
"13 Rheumatox","B.H.P Laboratory (PVT) LTD","BHP",0,0,0,0,"Homeopathic Drops","11"
"Calc Sulf 6X 30gm (Brooks)","Paul Brooks Homoeo Lab","PBHL",0,0,0,0,"Homeopathic Drops","5"
"Ledum Pal 200 (MSOD)","Masood Homoeopathic Pharma","MASOD",0,0,0,0,"Homeopathic Drops","5"
"Mag Phos 200 (MOSD)","Masood Homoeopathic Pharma","MASOD",0,0,0,0,"Homeopathic Drops","5"
"Merc Sol 200 (MOSD)","Masood Homoeopathic Pharma","MASOD",0,0,0,0,"Homeopathic Drops","5"
"Kali Mur 200 (MOSD)","Masood Homoeopathic Pharma","MASOD",0,0,0,0,"Homeopathic Drops","5"
"Spigelia 200 (MOSD)","Masood Homoeopathic Pharma","MASOD",0,0,0,0,"Homeopathic Drops","2"
"Disketts 3 Grain white round (450GM)","BM Pvt LTD","BM",0,0,0,0,"Homeopathic Drops","5"
"HomoeoLaX Jar Pack 500 Tab","BM Pvt LTD","BM",0,0,0,0,"Homeopathic Drops","2"
"202 Caulophyllum Compound","BM Pvt LTD","BM",0,0,0,0,"Homeopathic Drops","2"
"204 Lycopusvirg Compound","BM Pvt LTD","BM",0,0,0,0,"Homeopathic Drops","2"
"217 Bellis Per Compound","BM Pvt LTD","BM",0,0,0,0,"Homeopathic Drops","2"
"228 Alpha Phos Compound","BM Pvt LTD","BM",0,0,0,0,"Homeopathic Drops","2"
"230 Colchicum Compound","BM Pvt LTD","BM",0,0,0,0,"Homeopathic Drops","2"
"232 Ratanhia Compound","BM Pvt LTD","BM",0,0,0,0,"Homeopathic Drops","2"
"240 Agrimonia Compoud","BM Pvt LTD","BM",0,0,0,0,"Homeopathic Drops","2"
"253 Calcarea Phos Compound","BM Pvt LTD","BM",0,0,0,0,"Homeopathic Drops","2"
"254 Natrum Mur Compound","BM Pvt LTD","BM",0,0,0,0,"Homeopathic Drops","2"
"255 Hemamelis Compound","BM Pvt LTD","BM",0,0,0,0,"Homeopathic Drops","3"
"Alfalfa Tonic 600Ml Syp","BM Pvt LTD","BM",0,0,0,0,"Homeopathic Drops","10"
"Baptisia Plus 60Ml Syp","BM Pvt LTD","BM",0,0,0,0,"Homeopathic Drops","15"
"Golden Strokes Tab","BM Pvt LTD","BM",0,0,0,0,"Homeopathic Drops","5"
"Rauwolfia Tab","BM Pvt LTD","BM",0,0,0,0,"Homeopathic Drops","2"
"Doloex Jar Pack 500 Tablets","BM Pvt LTD","BM",0,0,0,0,"Homeopathic Drops","2"
"Hepatolive Tab","BM Pvt LTD","BM",0,0,0,0,"Homeopathic Drops","3"
"Hair Support Tab","BM Pvt LTD","BM",0,0,0,0,"Homeopathic Drops","5"
"Doloex Plus Jar Pack 500 Tablets","BM Pvt LTD","BM",0,0,0,0,"Homeopathic Drops","2"
"Contole Plus Ointment","Con Pharma","Con",0,0,0,0,"Homeopathic Drops","10"
"Contole Drops","Con Pharma","Con",0,0,0,0,"Homeopathic Drops","10"
"Egg Protein Shampoo","Con Pharma","Con",0,0,0,0,"Homeopathic Drops","3"
"Anti Dandurff Shampoo","Con Pharma","Con",0,0,0,0,"Homeopathic Drops","3"
"Amla & Shikakai Shampoo","Con Pharma","Con",0,0,0,0,"Homeopathic Drops","3"
"Aloevera Shampoo","Con Pharma","Con",0,0,0,0,"Homeopathic Drops","3"
"Amla Hair Oil","Con Pharma","Con",0,0,0,0,"Homeopathic Drops","3"
"Hair Tonic Oil","Con Pharma","Con",0,0,0,0,"Homeopathic Drops","3"
"Rhus Tox 200 30ml (MSOD)","Masood Homoeopathic Pharma","MASOD",0,0,0,0,"Homeopathic Drops","5"
"Disketts 1 Grain white  (450GM)","BM Pvt LTD","BM",0,0,0,0,"Homeopathic Drops","5"
"Disketts 3 Grain Yellow (450GM)","BM Pvt LTD","BM",0,0,0,0,"Homeopathic Drops","5"
"Disketts 4 Grain Yellow (450GM)","BM Pvt LTD","BM",0,0,0,0,"Homeopathic Drops","4"
"Disketts 5 Grain Yellow-U (450GM)","BM Pvt LTD","BM",0,0,0,0,"Homeopathic Drops","5"
"Blanketts 5 grain white-U (450GM)","BM Pvt LTD","BM",0,0,0,0,"Homeopathic Drops","2"
"Alsine Media Q (B) 120ml (BM)","BM Pvt LTD","BM",0,0,0,0,"Homeopathic Drops","1"
"Aspidosperma Q (D) 120ml (BM)","BM Pvt LTD","BM",0,0,0,0,"Homeopathic Drops","1"
"Cardus Mar Q (C) 120ml (BM)","BM Pvt LTD","BM",0,0,0,0,"Homeopathic Drops","1"
"Crataegus Oxy Q (C) 120ml (BM)","BM Pvt LTD","BM",0,0,0,0,"Homeopathic Drops","3"
"Crataegus Oxy Q (C) (BM)","BM Pvt LTD","BM",0,0,0,0,"Homeopathic Drops","1"
"Capsella Bersa Q (C) (BM)","BM Pvt LTD","BM",0,0,0,0,"Homeopathic Drops","2"
"Sulfer Madicated Cream","Con Pharma","Con",0,0,0,0,"Homeopathic Drops","5"
"Madi Cream","Con Pharma","Con",0,0,0,0,"Homeopathic Drops","20"
"Feet Creem","Con Pharma","Con",0,0,0,0,"Homeopathic Drops","20"
"Yellow Star Tablets","Con Pharma","Con",0,0,0,0,"Homeopathic Drops","12"
"Nat Sulf 6X 30gm (Brooks)","Paul Brooks Homoeo Lab","PBHL",0,0,0,0,"Tab","5"
"Nat Phos 6X 30gm (Brooks)","Paul Brooks Homoeo Lab","PBHL",0,0,0,0,"Tab","5"
"Nat Mur 6X 30gm (Brooks)","Paul Brooks Homoeo Lab","PBHL",0,0,0,0,"Tab","5"
"Agnus Cast Q (C) (MSOD)","Masood Homoeopathic Pharma","MASOD",0,0,0,0,"Homeopathic Drops","5"
"Damiana Q (C) (MOSD)","Masood Homoeopathic Pharma","MASOD",0,0,0,0,"Homeopathic Drops","5"
"Five Phos 6X 30gm (Brooks)","Paul Brooks Homoeo Lab","PBHL",0,0,0,0,"Homeopathic Drops","5"
"Calc Phos 6X 30gm (Brooks)","Paul Brooks Homoeo Lab","PBHL",0,0,0,0,"Tablet","5"
"Mag Phos 6X 30gm (Brooks)","Paul Brooks Homoeo Lab","PBHL",0,0,0,0,"Tablet","5"
"Ferr Phos 6X 150gm (Brooks)","Paul Brooks Homoeo Lab","PBHL",0,0,0,0,"Homeopathic Drops","5"
"Kali Phos 6X 30gm (Brooks)","Paul Brooks Homoeo Lab","PBHL",0,0,0,0,"Homeopathic Drops","3"
"Kali Phos 6X 150gm (Brooks)","Paul Brooks Homoeo Lab","PBHL",0,0,0,0,"Homeopathic Drops","3"
"Kali Sulf 6X 30gm (Brooks)","Paul Brooks Homoeo Lab","PBHL",0,0,0,0,"Homeopathic Drops","5"
"Kali Sulf 6X 150gm (Brooks)","Paul Brooks Homoeo Lab","PBHL",0,0,0,0,"Homeopathic Drops","3"
"Nat Mur 6X 150gm (Brooks)","Paul Brooks Homoeo Lab","PBHL",0,0,0,0,"Homeopathic Drops","3"
"Nat Phos 6X 150gm (Brooks)","Paul Brooks Homoeo Lab","PBHL",0,0,0,0,"Homeopathic Drops","3"
"Nat Sulf 6X 150gm (Brooks)","Paul Brooks Homoeo Lab","PBHL",0,0,0,0,"Tablet","3"
"Calc Phos 6X 150gm (Brooks)","Paul Brooks Homoeo Lab","PBHL",0,0,0,0,"Homeopathic Drops","3"
"Calc Flour 6X 150gm (Brooks)","Paul Brooks Homoeo Lab","PBHL",0,0,0,0,"Homeopathic Drops","3"
"Mag Phos 6X 150gm (Brooks)","Paul Brooks Homoeo Lab","PBHL",0,0,0,0,"Homeopathic Drops","3"
"Ferr Phos 6X 30gm (Brooks)","Paul Brooks Homoeo Lab","PBHL",0,0,0,0,"Homeopathic Drops","3"
"Kali Mur 6X 30gm (Brooks)","Paul Brooks Homoeo Lab","PBHL",0,0,0,0,"Tablet","3"
"Kali Mur 6X 150gm (Brooks)","Paul Brooks Homoeo Lab","PBHL",0,0,0,0,"Homeopathic Drops","3"
"Five Phos 6X 150gm (Brooks)","Paul Brooks Homoeo Lab","PBHL",0,0,0,0,"Homeopathic Drops","3"
"Silicea 6X 30gm (Brooks)","Paul Brooks Homoeo Lab","PBHL",0,0,0,0,"Homeopathic Drops","3"
"Hamamelis Q (D) (MSOD)","Masood Homoeopathic Pharma","MASOD",0,0,0,0,"Homeopathic Drops","3"
"Phytolacca (St)","Clinic Internal Preparation","Clinic",0,0,0,0,"Homeopathic Drops","3"
"1- Cough Drops","W.S. Laboratories","WShah",0,0,0,0,"Homeopathic Drops","3"
"2-Prostate Drops","W.S. Laboratories","WShah",0,0,0,0,"Homeopathic Drops","3"
"4-High BP Drops","W.S. Laboratories","WShah",0,0,0,0,"Homeopathic Drops","3"
"5-Low BP Drops","W.S. Laboratories","WShah",0,0,0,0,"Homeopathic Drops","3"
"7-Allergy Drops","W.S. Laboratories","WShah",0,0,0,0,"Homeopathic Drops","3"
"8-Heart Drops","W.S. Laboratories","WShah",0,0,0,0,"Homeopathic Drops","3"
"9-Tonsilities Drops","W.S. Laboratories","WShah",0,0,0,0,"Homeopathic Drops","3"
"Aloes 200 30ml (MSOD)","Masood Homoeopathic Pharma","MASOD",0,0,0,0,"Homeopathic Drops","5"
"11-Gastric Drops","W.S. Laboratories","WShah",0,0,0,0,"Homeopathic Drops","5"
"12-Liver Drops","W.S. Laboratories","WShah",0,0,0,0,"Homeopathic Drops","5"
"Gastro Nux 120ml","Masood Homoeopathic Pharma","MASOD",0,0,0,0,"Homeopathic Drops","10"
"Berbaris Aqi Q (D) (MSOD)","Masood Homoeopathic Pharma","MASOD",0,0,0,0,"Homeopathic Drops","5"
"Sarsaparilla 30 (MSOD)","Masood Homoeopathic Pharma","MASOD",0,0,0,0,"Homeopathic Drops","2"
"Asoka Cordial 120mlSYP","T.S. Laboratories","T.S",0,0,0,0,"Homeopathic Drops","12"
"Alfalfa 120mlSYP","T.S. Laboratories","T.S",0,0,0,0,"Homeopathic Drops","12"
"Baby Vit 120ml SYP","T.S. Laboratories","T.S",0,0,0,0,"Homeopathic Drops","12"
"Brain Tonic 120ml.SYP","T.S. Laboratories","T.S",0,0,0,0,"Homeopathic Drops","12"
"Calcium Plus Dry 120ml Syp","T.S. Laboratories","T.S",0,0,0,0,"Homeopathic Drops","12"
"Castoma 120ml Syp","T.S. Laboratories","T.S",0,0,0,0,"Homeopathic Drops","12"
"Cina 120ml SYP","T.S. Laboratories","T.S",0,0,0,0,"Homeopathic Drops","12"
"Cough Dry SYP 120ml","T.S. Laboratories","T.S",0,0,0,0,"Homeopathic Drops","12"
"Cough SYP 120ml","T.S. Laboratories","T.S",0,0,0,0,"Homeopathic Drops","12"
"Damiana Plus 120ml SYP","T.S. Laboratories","T.S",0,0,0,0,"Homeopathic Drops","12"
"Dyro Nill Dry Syp 120ml","T.S. Laboratories","T.S",0,0,0,0,"Homeopathic Drops","12"
"Ginko 120ml SYP","T.S. Laboratories","T.S",0,0,0,0,"Homeopathic Drops","12"
"Gyno Rex 120ml SYP.","T.S. Laboratories","T.S",0,0,0,0,"Homeopathic Drops","12"
"Jery Vit 120ml SYP","T.S. Laboratories","T.S",0,0,0,0,"Homeopathic Drops","12"
"LazoO 120ml SYP","T.S. Laboratories","T.S",0,0,0,0,"Homeopathic Drops","12"
"Fero TuX 120ml SYP","T.S. Laboratories","T.S",0,0,0,0,"Homeopathic Drops","48"
"Levotus 120mlSYP","T.S. Laboratories","T.S",0,0,0,0,"Homeopathic Drops","12"
"Liko Max 120ml SYP","T.S. Laboratories","T.S",0,0,0,0,"Homeopathic Drops","12"
"Moschus 120ml SYP","T.S. Laboratories","T.S",0,0,0,0,"Homeopathic Drops","12"
"Musaffi 120ml SYP","T.S. Laboratories","T.S",0,0,0,0,"Homeopathic Drops","12"
"Nifnol 120ml SYP","T.S. Laboratories","T.S",0,0,0,0,"Homeopathic Drops","12"
"Orange-C 120ml SYP","T.S. Laboratories","T.S",0,0,0,0,"Homeopathic Drops","12"
"Pain-Off 120ml SYP","T.S. Laboratories","T.S",0,0,0,0,"Homeopathic Drops","12"
"Piles Cure 120ml SYP","T.S. Laboratories","T.S",0,0,0,0,"Homeopathic Drops","12"
"R27 Renal Calculi","Dr. Reckeweg Germany","RECK",0,0,0,0,"Homeopathic Drops","5"
"Salsal Bol 120ml SYP","T.S. Laboratories","T.S",0,0,0,0,"Homeopathic Drops","12"
"Santala-B 120ml SYP","T.S. Laboratories","T.S",0,0,0,0,"Homeopathic Drops","12"
"Arega Allergy Syp","T.S. Laboratories","T.S",0,0,0,0,"Homeopathic Drops","12"
"Sharbat-e-Podina G 120ml","T.S. Laboratories","T.S",0,0,0,0,"Homeopathic Drops","12"
"Sharbat-e-Podina B 120ml","T.S. Laboratories","T.S",0,0,0,0,"Homeopathic Drops","12"
"Sharbat-e-Foulad 120ml","T.S. Laboratories","T.S",0,0,0,0,"Homeopathic Drops","12"
"Suger Cantol 120ml SYP","T.S. Laboratories","T.S",0,0,0,0,"Homeopathic Drops","12"
"Tap Ron Dry SYP 120ml","T.S. Laboratories","T.S",0,0,0,0,"Homeopathic Drops","12"
"Tare Nol Dry SYP120ml","T.S. Laboratories","T.S",0,0,0,0,"Homeopathic Drops","12"
"Tazedal 120ml SYP","T.S. Laboratories","T.S",0,0,0,0,"Homeopathic Drops","12"
"Thandak 120ml SYP","T.S. Laboratories","T.S",0,0,0,0,"Homeopathic Drops","12"
"Toot Siyah 120mlSYP","T.S. Laboratories","T.S",0,0,0,0,"Homeopathic Drops","12"
"T.S Gel Pink120ml SYP","T.S. Laboratories","T.S",0,0,0,0,"Homeopathic Drops","12"
"T.S Gel Yellow 120ml SYP","T.S. Laboratories","T.S",0,0,0,0,"Homeopathic Drops","12"
"T.S Gel Blue 120ml SYP","T.S. Laboratories","T.S",0,0,0,0,"Homeopathic Drops","12"
"Typox 120ml SYP","T.S. Laboratories","T.S",0,0,0,0,"Homeopathic Drops","12"
"UlziC 120ml SYP","T.S. Laboratories","T.S",0,0,0,0,"Homeopathic Drops","12"
"Vita Plus Dry SYP 120ml","T.S. Laboratories","T.S",0,0,0,0,"Homeopathic Drops","12"
"Vomi Nal 120ml SYP","T.S. Laboratories","T.S",0,0,0,0,"Homeopathic Drops","12"
"Aletr Cardial 240ml SYP","T.S. Laboratories","T.S",0,0,0,0,"Homeopathic Drops","5"
"Asoka Cordial 240mlSYP","T.S. Laboratories","T.S",0,0,0,0,"Homeopathic Drops","5"
"Alfalfa 240mlSYP","T.S. Laboratories","T.S",0,0,0,0,"Homeopathic Drops","5"
"Alfalfa + Ginso Tonic 240ml","T.S. Laboratories","T.S",0,0,0,0,"Homeopathic Drops","5"
"Asaabi Tonic 330ml","T.S. Laboratories","T.S",0,0,0,0,"Homeopathic Drops","5"
"Fero TuX 240ml SYP","T.S. Laboratories","T.S",0,0,0,0,"Homeopathic Drops","5"
"Grotus 240ml SYP","T.S. Laboratories","T.S",0,0,0,0,"Homeopathic Drops","5"
"Ginko 240ml SYP","T.S. Laboratories","T.S",0,0,0,0,"Homeopathic Drops","5"
"Hemo-Glon Tonic 240ml","T.S. Laboratories","T.S",0,0,0,0,"Homeopathic Drops","5"
"Levotus 240mlSYP","T.S. Laboratories","T.S",0,0,0,0,"Homeopathic Drops","5"
"Morigana SYP 240ml","T.S. Laboratories","T.S",0,0,0,0,"Homeopathic Drops","5"
"Sharbat-e-Podina G 240ml","T.S. Laboratories","T.S",0,0,0,0,"Homeopathic Drops","5"
"Sharbat-e-Podina B 240ml","T.S. Laboratories","T.S",0,0,0,0,"Homeopathic Drops","5"
"Sharbat-e-Foulad 240ml","T.S. Laboratories","T.S",0,0,0,0,"Homeopathic Drops","5"
"Thandak 240ml SYP","T.S. Laboratories","T.S",0,0,0,0,"Homeopathic Drops","5"
"Macofer 120ml SYP","T.S. Laboratories","T.S",0,0,0,0,"Homeopathic Drops","10"
"UlziC 240ml SYP","T.S. Laboratories","T.S",0,0,0,0,"Homeopathic Drops","5"
"Ars Sulf Flav 200 (MSOD)","Masood Homoeopathic Pharma","MASOD",0,0,0,0,"Homeopathic Drops","5"
"BioTus No 21","T.S. Laboratories","T.S",0,0,0,0,"Homeopathic Drops","10"
"Asoka Cordial  30Tab","T.S. Laboratories","T.S",0,0,0,0,"Homeopathic Drops","10"
"Alfalfa 30Tab","T.S. Laboratories","T.S",0,0,0,0,"Homeopathic Drops","10"
"Anti-B 20Tab","T.S. Laboratories","T.S",0,0,0,0,"Homeopathic Drops","24"
"Bed Wetting 30Tab","T.S. Laboratories","T.S",0,0,0,0,"Homeopathic Drops","10"
"Calcium Plus 20Tab","T.S. Laboratories","T.S",0,0,0,0,"Homeopathic Drops","10"
"Coral - C 30Tab","T.S. Laboratories","T.S",0,0,0,0,"Homeopathic Drops","24"
"Cotenal 30tab","T.S. Laboratories","T.S",0,0,0,0,"Homeopathic Drops","10"
"C-Cepa 20Tab","T.S. Laboratories","T.S",0,0,0,0,"Homeopathic Drops","24"
"D-Tox 10Tab","T.S. Laboratories","T.S",0,0,0,0,"Homeopathic Drops","5"
"Fevrin 30Tab","T.S. Laboratories","T.S",0,0,0,0,"Homeopathic Drops","10"
"Ginko 30Tab","T.S. Laboratories","T.S",0,0,0,0,"Homeopathic Drops","10"
"Gyno Rex 30Tab","T.S. Laboratories","T.S",0,0,0,0,"Homeopathic Drops","10"
"Fero TuX 20Tab","T.S. Laboratories","T.S",0,0,0,0,"Homeopathic Drops","10"
"KarotuX 30Tab","T.S. Laboratories","T.S",0,0,0,0,"Homeopathic Drops","10"
"LazoO 20Tab","T.S. Laboratories","T.S",0,0,0,0,"Homeopathic Drops","10"
"Licon-T 20Tab","T.S. Laboratories","T.S",0,0,0,0,"Homeopathic Drops","10"
"Liko Max 20Tab","T.S. Laboratories","T.S",0,0,0,0,"Homeopathic Drops","10"
"Moschus 30Tab","T.S. Laboratories","T.S",0,0,0,0,"Homeopathic Drops","10"
"Musaffi 30Tab","T.S. Laboratories","T.S",0,0,0,0,"Homeopathic Drops","10"
"P-Nill 20 Tab","T.S. Laboratories","T.S",0,0,0,0,"Homeopathic Drops","10"
"Pain-Safe 20Tab","T.S. Laboratories","T.S",0,0,0,0,"Homeopathic Drops","10"
"Ply-ZoC 30Tab","T.S. Laboratories","T.S",0,0,0,0,"Homeopathic Drops","10"
"RasotuX 20Tab","T.S. Laboratories","T.S",0,0,0,0,"Homeopathic Drops","10"
"Suger Cantol 30Tab","T.S. Laboratories","T.S",0,0,0,0,"Homeopathic Drops","10"
"Stomocin 30Tab","T.S. Laboratories","T.S",0,0,0,0,"Homeopathic Drops","10"
"ThrotuS 20Tab","T.S. Laboratories","T.S",0,0,0,0,"Homeopathic Drops","10"
"Tare Vit 20Tab","T.S. Laboratories","T.S",0,0,0,0,"Homeopathic Drops","10"
"Tazedal 30Tab","T.S. Laboratories","T.S",0,0,0,0,"Homeopathic Drops","10"
"Ulcer 20Tab","T.S. Laboratories","T.S",0,0,0,0,"Homeopathic Drops","10"
"Vomi Nal 30Tab","T.S. Laboratories","T.S",0,0,0,0,"Homeopathic Drops","10"
"ZeroC 30Tab","T.S. Laboratories","T.S",0,0,0,0,"Homeopathic Drops","10"
"BioCom No ( 25 ) 30gms Tab","Paul Brooks Homoeo Lab","PBHL",0,0,0,0,"Homeopathic Drops","3"
"BioCom No ( 26 ) 30gms Tab","Paul Brooks Homoeo Lab","PBHL",0,0,0,0,"Homeopathic Drops","3"
"BioCom No ( 28 ) 30gms Tab","Paul Brooks Homoeo Lab","PBHL",0,0,0,0,"Homeopathic Drops","3"
"Calc Sulf 6X 150gm (Brooks)","Paul Brooks Homoeo Lab","PBHL",0,0,0,0,"Homeopathic Drops","2"
"A - 18 Kidney & Gallblader","Clinic Internal Preparation","Clinic",0,0,0,0,"Homeopathic Drops","2"
"Apia Kidney","Clinic Internal Preparation","Clinic",0,0,0,0,"Homeopathic Drops","2"
"Calculi Rena","Clinic Internal Preparation","Clinic",0,0,0,0,"Homeopathic Drops","2"
"Al-3 Rubia","Clinic Internal Preparation","Clinic",0,0,0,0,"Homeopathic Drops","2"
"6 - Leucorrhoea 100Tabs","NP Laboratories","NP",0,0,0,0,"Homeopathic Drops","5"
"Willow Salicin Jar Pak 850 TAbs","NP Laboratories","NP",0,0,0,0,"Homeopathic Drops","2"
"Thuja Q (Shwabe)","Dr. Willmar Schwabe Germany","Shwabe",0,0,0,0,"Homeopathic Drops","2"
"10 - Burn Drops","W.S. Laboratories","WShah",0,0,0,0,"Homeopathic Drops","5"
"13 -Ulcer Drops","W.S. Laboratories","WShah",0,0,0,0,"Homeopathic Drops","5"
"14- Itching Drops","W.S. Laboratories","WShah",0,0,0,0,"Homeopathic Drops","5"
"15 -Piles Drops","W.S. Laboratories","WShah",0,0,0,0,"Homeopathic Drops","5"
"17- Hight Drops","W.S. Laboratories","WShah",0,0,0,0,"Homeopathic Drops","5"
"18- Paralysis Drops","W.S. Laboratories","WShah",0,0,0,0,"Homeopathic Drops","5"
"19-Headache Drops","W.S. Laboratories","WShah",0,0,0,0,"Homeopathic Drops","5"
"20-Sleep Drops","W.S. Laboratories","WShah",0,0,0,0,"Homeopathic Drops","5"
"21- Injury Drops","W.S. Laboratories","WShah",0,0,0,0,"Homeopathic Drops","5"
"22-ToothAche Drops","W.S. Laboratories","WShah",0,0,0,0,"Homeopathic Drops","5"
"23-Acne & Pimple Drops","W.S. Laboratories","WShah",0,0,0,0,"Homeopathic Drops","5"
"24-Leucorrhoea Drops","W.S. Laboratories","WShah",0,0,0,0,"Homeopathic Drops","5"
"25-Dysmenorrhoea Drops","W.S. Laboratories","WShah",0,0,0,0,"Homeopathic Drops","5"
"26- FEVER Drops","W.S. Laboratories","WShah",0,0,0,0,"Homeopathic Drops","5"
"27- Diarrhoea Drops","W.S. Laboratories","WShah",0,0,0,0,"Homeopathic Drops","5"
"28-Sciatica Drops","W.S. Laboratories","WShah",0,0,0,0,"Homeopathic Drops","5"
"29-Cervical Spondylosis Drops","W.S. Laboratories","WShah",0,0,0,0,"Homeopathic Drops","5"
"30-Constipation Drops","W.S. Laboratories","WShah",0,0,0,0,"Homeopathic Drops","5"
"31-Diuretic Drops","W.S. Laboratories","WShah",0,0,0,0,"Homeopathic Drops","5"
"32-Anti Emetic Drops","W.S. Laboratories","WShah",0,0,0,0,"Homeopathic Drops","5"
"33-Asthama Drops","W.S. Laboratories","WShah",0,0,0,0,"Homeopathic Drops","5"
"34-Hair Drops","W.S. Laboratories","WShah",0,0,0,0,"Homeopathic Drops","5"
"35-Stomatitis Drops","W.S. Laboratories","WShah",0,0,0,0,"Homeopathic Drops","5"
"36-Haemorrhage Drops","W.S. Laboratories","WShah",0,0,0,0,"Homeopathic Drops","5"
"37-Amenorrhoea Drops","W.S. Laboratories","WShah",0,0,0,0,"Homeopathic Drops","5"
"38-Arthritis Drops","W.S. Laboratories","WShah",0,0,0,0,"Homeopathic Drops","5"
"39-Hiccough Drops","W.S. Laboratories","WShah",0,0,0,0,"Homeopathic Drops","5"
"40-Infantile Colic Drops","W.S. Laboratories","WShah",0,0,0,0,"Homeopathic Drops","5"
"Histanil 30Tab","W.S. Laboratories","WShah",0,0,0,0,"Homeopathic Drops","5"
"Heamaton 20Tab","W.S. Laboratories","WShah",0,0,0,0,"Homeopathic Drops","5"
"Servi Spine 30Tab","W.S. Laboratories","WShah",0,0,0,0,"Homeopathic Drops","5"
"Alfalfa 120ml Syrup","W.S. Laboratories","WShah",0,0,0,0,"Homeopathic Drops","5"
"Aletris 250ml Syrup","W.S. Laboratories","WShah",0,0,0,0,"Homeopathic Drops","5"
"A-Pyrone 120ml Syrup","W.S. Laboratories","WShah",0,0,0,0,"Homeopathic Drops","5"
"Ashoka 250ml Syrup","W.S. Laboratories","WShah",0,0,0,0,"Homeopathic Drops","5"
"Baby Tonic 120ml Syrup","W.S. Laboratories","WShah",0,0,0,0,"Homeopathic Drops","5"
"Capsodine 120ml Syrup","W.S. Laboratories","WShah",0,0,0,0,"Homeopathic Drops","5"
"Colicide 120ml Syrup","W.S. Laboratories","WShah",0,0,0,0,"Homeopathic Drops","5"
"Faimly Tonic 250ml Syrup","W.S. Laboratories","WShah",0,0,0,0,"Homeopathic Drops","5"
"Gastronil 120ml Syrup","W.S. Laboratories","WShah",0,0,0,0,"Homeopathic Drops","10"
"Hi-Up 250ml Syrup","W.S. Laboratories","WShah",0,0,0,0,"Homeopathic Drops","5"
"LiveroX 120ml .Syrup","W.S. Laboratories","WShah",0,0,0,0,"Homeopathic Drops","5"
"Nervotone 250ml Syrup","W.S. Laboratories","WShah",0,0,0,0,"Homeopathic Drops","5"
"Pulmoceff 120ml Syrup","W.S. Laboratories","WShah",0,0,0,0,"Homeopathic Drops","10"
"SapSon 120ml Syrup","W.S. Laboratories","WShah",0,0,0,0,"Homeopathic Drops","10"
"ThyroX 120ml Syrup","W.S. Laboratories","WShah",0,0,0,0,"Homeopathic Drops","15"
"Bronchan 120ml Syrup","W.S. Laboratories","WShah",0,0,0,0,"Homeopathic Drops","15"
"Be-Smart 20ml Drops","W.S. Laboratories","WShah",0,0,0,0,"Homeopathic Drops","5"
"Liprol 20ml Drops","W.S. Laboratories","WShah",0,0,0,0,"Homeopathic Drops","5"
"Nervosan 20ml Drops","W.S. Laboratories","WShah",0,0,0,0,"Homeopathic Drops","5"
"Pain-Nill 20ml Drops","W.S. Laboratories","WShah",0,0,0,0,"Homeopathic Drops","5"
"Shild+ 20ml Drops","W.S. Laboratories","WShah",0,0,0,0,"Homeopathic Drops","5"
"Fibrodeal 20ml Drops","W.S. Laboratories","WShah",0,0,0,0,"Homeopathic Drops","5"
"Hepa Dime Plus 20ml Drops","W.S. Laboratories","WShah",0,0,0,0,"Homeopathic Drops","5"
"Moschus fort 20ml Drops","W.S. Laboratories","WShah",0,0,0,0,"Homeopathic Drops","5"
"ColChicum Plus Drops","W.S. Laboratories","WShah",0,0,0,0,"Homeopathic Drops","5"
"Eczophen 20ml Drops","W.S. Laboratories","WShah",0,0,0,0,"Homeopathic Drops","5"
"Nux Vomica 30 30ml (MSOD)","Masood Homoeopathic Pharma","MASOD",0,0,0,0,"Homeopathic Drops","5"
"Ars Aibum 30 (MSOD)","Masood Homoeopathic Pharma","MASOD",0,0,0,0,"Homeopathic Drops","2"
"Digi Lex Tab","BLOSSOM Homeo Labs","BL",0,0,0,0,"Homeopathic Drops","10"
"Berbaris Valg 200 (30ml)","Masood Homoeopathic Pharma","MASOD",0,0,0,0,"Homeopathic Drops","5"
"Kalkurin Drops","Clinic Internal Preparation","Clinic",0,0,0,0,"Homeopathic Drops","5"
"Capsella Bersa Q (ST)","Clinic Internal Preparation","Clinic",0,0,0,0,"Homeopathic Drops","5"
"Blankets (MSOD)","Masood Homoeopathic Pharma","MASOD",0,0,0,0,"Homeopathic Drops","5"
"Caledula Q (Shawabe)","Dr. Willmar Schwabe Germany","Shwabe",0,0,0,0,"Homeopathic Drops","5"
"Digi Cid Tab","BLOSSOM Homeo Labs","BL",0,0,0,0,"Homeopathic Drops","20"
"Symphoricarpus racemosus 200","Dr. Willmar Schwabe Germany","Shwabe",0,0,0,0,"Homeopathic Drops","5"
"Ferr Phos 6X (Shwabe)","Dr. Willmar Schwabe Germany","Shwabe",0,0,0,0,"Homeopathic Drops","5"
"Pain Nill ( 16 ) Tab","HP Pharma","HP",0,0,0,0,"Homeopathic Drops","200"
"Blatta Oriental 30Tabs","Biosis Pharma","Biosis",0,0,0,0,"Homeopathic Drops","50"
"Sino Cool 30Tabs","Biosis Pharma","Biosis",0,0,0,0,"Homeopathic Drops","50"
"Nazogien Cap","NazZ Pharma","NazZ",0,0,0,0,"Homeopathic Drops","50"
"R130 Insolin Drop","Dr. Reckeweg Germany","RECK",0,0,0,0,"Homeopathic Drops","2"
"R190 Digestiv Drops","Dr. Reckeweg Germany","RECK",0,0,0,0,"Homeopathic Drops","2"
"Kali Phos 6X (Shwabe)","Dr. Willmar Schwabe Germany","Shwabe",0,0,0,0,"Homeopathic Drops","5"
"Ginko Biloba 250ml SYP","BM Pvt LTD","BM",0,0,0,0,"Homeopathic Drops","10"
"Syz- Jambol Drops 30ml","BM Pvt LTD","BM",0,0,0,0,"Homeopathic Drops","5"
"Spongia Tosta 30","Masood Homoeopathic Pharma","MASOD",0,0,0,0,"Homeopathic Drops","3"
"Blatta Ori 30 (MASOD)","Masood Homoeopathic Pharma","MASOD",0,0,0,0,"Homeopathic Drops","3"
"Merc Cor 30 (MOSD)","Masood Homoeopathic Pharma","MASOD",0,0,0,0,"Homeopathic Drops","5"
"Arnica Mont 30 30ml (MSOD)","Masood Homoeopathic Pharma","MASOD",0,0,0,0,"Homeopathic Drops","5"
"Ginseng Q 30ml","Masood Homoeopathic Pharma","MASOD",0,0,0,0,"Homeopathic Drops","5"
"HR No 40","Masood Homoeopathic Pharma","MASOD",0,0,0,0,"Homeopathic Drops","5"
"Homeodantal Paste","Paul Brooks Homoeo Lab","PBHL",0,0,0,0,"Homeopathic Drops","10"
"Graphites 200 (MSOD)","Masood Homoeopathic Pharma","MASOD",0,0,0,0,"Homeopathic Drops","5"
"Moringa 120Tabs","Masood Homoeopathic Pharma","MASOD",0,0,0,0,"Homeopathic Drops","5"
"Colocynthises 30 (MASOD)","Masood Homoeopathic Pharma","MASOD",0,0,0,0,"Homeopathic Drops","5"
"A - 41","Clinic Internal Preparation","Clinic",0,0,0,0,"Homeopathic Drops","5"
"Damiana Q (SHWABE)","Dr. Willmar Schwabe Germany","Shwabe",0,0,0,0,"Homeopathic Drops","5"
"Bacillinum 200 (MSOD)","Masood Homoeopathic Pharma","MASOD",0,0,0,0,"Homeopathic Drops","5"
"Sulfer 200 (MASOD)","Masood Homoeopathic Pharma","MASOD",0,0,0,0,"Homeopathic Drops","5"
"Calendula 30 (MASOD)","Masood Homoeopathic Pharma","MASOD",0,0,0,0,"Homeopathic Drops","5"
"Horbees Shampoo","Hor Pharma","Hor",0,0,0,0,"Homeopathic Drops","5"
"Pilz Rest Powder","Arsh Pharma","Arsh",0,0,0,0,"Homeopathic Drops","1000"
"Lycopodium 1M 30ml (MSOD)","Masood Homoeopathic Pharma","MASOD",0,0,0,0,"Homeopathic Drops","5"
"Nouston 30 Cap","Al S Pharma","Al S",0,0,0,0,"Homeopathic Drops","100"
"Canthris 30 (MASOD)","Masood Homoeopathic Pharma","MASOD",0,0,0,0,"Homeopathic Drops","5"
"Prosta Mek Tab","MEKTUM Homeo Pharma","MEK",0,0,0,0,"Homeopathic Drops","5"
"Calc Sulf 6X 500gm (BM)","BM Pvt LTD","BM",0,0,0,0,"Homeopathic Drops","3"
"Ferrum Phos 6X 500gm (BM)","BM Pvt LTD","BM",0,0,0,0,"Homeopathic Drops","3"
"Nat Mur 6X 500gm (BM)","BM Pvt LTD","BM",0,0,0,0,"Homeopathic Drops","3"
"Silicea 6X 500gm (BM)","BM Pvt LTD","BM",0,0,0,0,"Homeopathic Drops","3"
"Allium Staiva Q (A) (BM)","BM Pvt LTD","BM",0,0,0,0,"Homeopathic Drops","2"
"Allium Cepa Q (A)  (BM)","BM Pvt LTD","BM",0,0,0,0,"Homeopathic Drops","2"
"Capsella Bersa Q (C) 120ml (BM)","BM Pvt LTD","BM",0,0,0,0,"Homeopathic Drops","2"
"Pilo Mek 30 Tab","MEKTUM Homeo Pharma","MEK",0,0,0,0,"Homeopathic Drops","20"
"Aletris Cordial  200ml Syp","Rio Pharma","Rio",0,0,0,0,"Homeopathic Drops","5"
"Khatooni 120ml SYP","Qarshi Pharma","Qarshi",0,0,0,0,"Homeopathic Drops","5"
"Millifolum Q (B) (MASOD)","Masood Homoeopathic Pharma","MASOD",0,0,0,0,"Homeopathic Drops","5"
"Aesculus Hipp Q (C) (MSOD)","Masood Homoeopathic Pharma","MASOD",0,0,0,0,"Homeopathic Drops","5"
"Onosmodium Virg 1M (MASOD)","Masood Homoeopathic Pharma","MASOD",0,0,0,0,"Homeopathic Drops","5"
"E-Fill Tab","Clinic Internal Preparation","Clinic",0,0,0,0,"Homeopathic Drops","10"
"Echinacea (Q) (C) (BM)","BM Pvt LTD","BM",0,0,0,0,"Homeopathic Drops","15"
"40 For EarAche","T.S. Laboratories","T.S",0,0,0,0,"Homeopathic Drops","15"
"Canthris 30 (Shwabe)","Dr. Willmar Schwabe Germany","Shwabe",0,0,0,0,"Homeopathic Drops","5"
"Ocimium Can Q (Shwabe)","Dr. Willmar Schwabe Germany","Shwabe",0,0,0,0,"Homeopathic Drops","2"
"Urtica Q (Shwabe)","Clinic Internal Preparation","Clinic",0,0,0,0,"Homeopathic Drops","5"
"22 Kidney & Bladder Disease","T.S. Laboratories","T.S",0,0,0,0,"Homeopathic Drops","24"
"1 For Dry Cough","T.S. Laboratories","T.S",0,0,0,0,"Homeopathic Drops","10"
"2 Pain off","T.S. Laboratories","T.S",0,0,0,0,"Homeopathic Drops","10"
"3 For Leucorrhoea","T.S. Laboratories","T.S",0,0,0,0,"Homeopathic Drops","10"
"4 For Asthama","T.S. Laboratories","T.S",0,0,0,0,"Homeopathic Drops","10"
"5 For Liver","T.S. Laboratories","T.S",0,0,0,0,"Homeopathic Drops","10"
"6 For Dirrhoea","T.S. Laboratories","T.S",0,0,0,0,"Homeopathic Drops","10"
"Lycopodium 200 (Shwabe)","Dr. Willmar Schwabe Germany","Shwabe",0,0,0,0,"Homeopathic Drops","5"
"Hydrangea Q (D) (BM)","BM Pvt LTD","BM",0,0,0,0,"Homeopathic Drops","5"
"Tanto-B 120ml Dry SYP","T.S. Laboratories","T.S",0,0,0,0,"Homeopathic Drops","50"
"Khoon Safi 120ml SYP (KL)","Kamal Laboratories","KAMAL",0,0,0,0,"Homeopathic Drops","5"
"Dyro 120ml SYP (KL)","Kamal Laboratories","KAMAL",0,0,0,0,"Homeopathic Drops","5"
"Acid Nit 200 30ml (MSOD)","Masood Homoeopathic Pharma","MASOD",0,0,0,0,"Homeopathic Drops","15"
"7 Diabetis Drops","T.S. Laboratories","T.S",0,0,0,0,"Homeopathic Drops","25"
"8 Colic Pain","T.S. Laboratories","T.S",0,0,0,0,"Homeopathic Drops","15"
"9 For Piles","T.S. Laboratories","T.S",0,0,0,0,"Homeopathic Drops","25"
"10 For Obesity","T.S. Laboratories","T.S",0,0,0,0,"Homeopathic Drops","20"
"11 For Hight","T.S. Laboratories","T.S",0,0,0,0,"Homeopathic Drops","15"
"12 For Arthritis","T.S. Laboratories","T.S",0,0,0,0,"Homeopathic Drops","15"
"13 For LoW Blood Pressure","T.S. Laboratories","T.S",0,0,0,0,"Homeopathic Drops","15"
"14 Bed Wetting Drops","T.S. Laboratories","T.S",0,0,0,0,"Homeopathic Drops","10"
"15 For Hepatitis And Gall Stone","T.S. Laboratories","T.S",0,0,0,0,"Homeopathic Drops","10"
"16 Tumors","T.S. Laboratories","T.S",0,0,0,0,"Homeopathic Drops","10"
"17 For Tonsils Diseases","T.S. Laboratories","T.S",0,0,0,0,"Homeopathic Drops","10"
"18 Acne Cantrol","T.S. Laboratories","T.S",0,0,0,0,"Homeopathic Drops","10"
"19 For Fever","T.S. Laboratories","T.S",0,0,0,0,"Homeopathic Drops","10"
"20 For Warts","T.S. Laboratories","T.S",0,0,0,0,"Homeopathic Drops","10"
"21 Gastrointestinal Disease","T.S. Laboratories","T.S",0,0,0,0,"Homeopathic Drops","10"
"23 For High Blood Pressure","T.S. Laboratories","T.S",0,0,0,0,"Homeopathic Drops","10"
"24 For Spermatorrhoea","T.S. Laboratories","T.S",0,0,0,0,"Homeopathic Drops","10"
"25 Graceful Drtops","T.S. Laboratories","T.S",0,0,0,0,"Homeopathic Drops","10"
"26 For Absolution Form Smoking","T.S. Laboratories","T.S",0,0,0,0,"Homeopathic Drops","10"
"Morigana Dry Powder 150gm","T.S. Laboratories","T.S",0,0,0,0,"Homeopathic Drops","5"
"27 For Constipation","T.S. Laboratories","T.S",0,0,0,0,"Homeopathic Drops","10"
"28 For Undeveloped &Atropic Mammary Glands","T.S. Laboratories","T.S",0,0,0,0,"Homeopathic Drops","10"
"29 For Female Infertility","T.S. Laboratories","T.S",0,0,0,0,"Homeopathic Drops","10"
"30  Improve Eyesight","T.S. Laboratories","T.S",0,0,0,0,"Homeopathic Drops","10"
"31 For Mouth Ulcers & Stomatitis","T.S. Laboratories","T.S",0,0,0,0,"Homeopathic Drops","10"
"32 For Depression , Anxiety & Tension","T.S. Laboratories","T.S",0,0,0,0,"Homeopathic Drops","10"
"33 For Depletion of Side Effect of Diabetes","T.S. Laboratories","T.S",0,0,0,0,"Homeopathic Drops","10"
"34 For Sciatica","T.S. Laboratories","T.S",0,0,0,0,"Homeopathic Drops","10"
"35 For Curing Paralysis","T.S. Laboratories","T.S",0,0,0,0,"Homeopathic Drops","10"
"36 For Liver Disorders & Hepatitis","T.S. Laboratories","T.S",0,0,0,0,"Homeopathic Drops","10"
"37 For Menstural Disorder","T.S. Laboratories","T.S",0,0,0,0,"Homeopathic Drops","10"
"38 For Insomnia","T.S. Laboratories","T.S",0,0,0,0,"Homeopathic Drops","10"
"39 For Relieving Headache & Migraine","T.S. Laboratories","T.S",0,0,0,0,"Homeopathic Drops","10"
"41 For Prostate","T.S. Laboratories","T.S",0,0,0,0,"Homeopathic Drops","10"
"42 For High Cholesterol","T.S. Laboratories","T.S",0,0,0,0,"Homeopathic Drops","10"
"43 Anti-Oxidant Anti-Toxin & Immunity Stamulator","T.S. Laboratories","T.S",0,0,0,0,"Homeopathic Drops","10"
"44 For OsteoAethritis, Rheumatism & Gout","T.S. Laboratories","T.S",0,0,0,0,"Homeopathic Drops","10"
"45 Vermifuge","T.S. Laboratories","T.S",0,0,0,0,"Homeopathic Drops","10"
"46 for Skin Troubles & Blood Purification","T.S. Laboratories","T.S",0,0,0,0,"Homeopathic Drops","10"
"47 For Recalcifying Bone Texture","T.S. Laboratories","T.S",0,0,0,0,"Homeopathic Drops","10"
"48 For Controlling Baldness & Promoting Hair Growth","T.S. Laboratories","T.S",0,0,0,0,"Homeopathic Drops","10"
"For the Treatment of Eczema & Psoriases","T.S. Laboratories","T.S",0,0,0,0,"Homeopathic Drops","10"
"50 For Male Infertility","T.S. Laboratories","T.S",0,0,0,0,"Homeopathic Drops","10"
"T.S Blood Syp 240ml","T.S. Laboratories","T.S",0,0,0,0,"Homeopathic Drops","20"
"Pain-Off 240ml SYP","T.S. Laboratories","T.S",0,0,0,0,"Homeopathic Drops","25"
"Brain Tonic 240ml.SYP","T.S. Laboratories","T.S",0,0,0,0,"Homeopathic Drops","25"
"Lizaat oil 30ml","T.S. Laboratories","T.S",0,0,0,0,"Homeopathic Drops","10"
"Tofen Lotion 60ml","T.S. Laboratories","T.S",0,0,0,0,"Homeopathic Drops","10"
"Secfen Lotion 60ml","T.S. Laboratories","T.S",0,0,0,0,"Homeopathic Drops","20"
"Thuja Cream Warts Remover 15gm","T.S. Laboratories","T.S",0,0,0,0,"Homeopathic Drops","15"
"HamoSid Ointment 20gm","T.S. Laboratories","T.S",0,0,0,0,"Homeopathic Drops","25"
"Techobil Skin Ointment 10gm","T.S. Laboratories","T.S",0,0,0,0,"Homeopathic Drops","25"
"Damiana Plus 60Tablet","T.S. Laboratories","T.S",0,0,0,0,"Homeopathic Drops","5"
"Morigana 30Tab","T.S. Laboratories","T.S",0,0,0,0,"Homeopathic Drops","25"
"Pain Zic Oil 60ml","T.S. Laboratories","T.S",0,0,0,0,"Homeopathic Drops","5"
"Podina White (Adraak + Kalongi) 240ml","T.S. Laboratories","T.S",0,0,0,0,"Homeopathic Drops","10"
"Podina Green (Adraak + Kalongi) 240ml","T.S. Laboratories","T.S",0,0,0,0,"Homeopathic Drops","15"
"Nisa Hair Oil 100ml","T.S. Laboratories","T.S",0,0,0,0,"Homeopathic Drops","15"
"Nisa Hair Oil 200ml","T.S. Laboratories","T.S",0,0,0,0,"Homeopathic Drops","15"
"Telo Dex Ointment 20gm","T.S. Laboratories","T.S",0,0,0,0,"Homeopathic Drops","20"
"Caledula Cream 20gm","T.S. Laboratories","T.S",0,0,0,0,"Homeopathic Drops","20"
"Echinacea Garmidoor Lotion 100ml","Paul Brooks Homoeo Lab","PBHL",0,0,0,0,"Homeopathic Drops","2"
"Fraxinus Amer Q (C) 30ml (BM)","BM Pvt LTD","BM",0,0,0,0,"Homeopathic Drops","5"
"Bovista 30 (SHWABE)","Dr. Willmar Schwabe Germany","Shwabe",0,0,0,0,"Homeopathic Drops","5"
"Pothos 30 (MASOD)","Masood Homoeopathic Pharma","MASOD",0,0,0,0,"Homeopathic Drops","5"
"Abrotanum Q (C) (BM)","BM Pvt LTD","BM",0,0,0,0,"Homeopathic Drops","5"
"Actaea Spicata Q (D) 30ml (BM)","BM Pvt LTD","BM",0,0,0,0,"Homeopathic Drops","5"
"Acid Benz Q (B) (BM)","BM Pvt LTD","BM",0,0,0,0,"Homeopathic Drops","5"
"Acid Boric Q (B) (BM)","BM Pvt LTD","BM",0,0,0,0,"Homeopathic Drops","5"
"Acid Citric Q (B) (BM)","BM Pvt LTD","BM",0,0,0,0,"Homeopathic Drops","5"
"Acid Formic Q (B) (BM)","BM Pvt LTD","BM",0,0,0,0,"Homeopathic Drops","3"
"Aconite Nep Q (C) (BM)","BM Pvt LTD","BM",0,0,0,0,"Homeopathic Drops","5"
"Aconite Radix Q (B) (BM)","BM Pvt LTD","BM",0,0,0,0,"Homeopathic Drops","5"
"Ginseng Q (F) 30ml (BM)","BM Pvt LTD","BM",0,0,0,0,"Homeopathic Drops","5"
"Agnus Cast Q (C) 30ml (BM)","BM Pvt LTD","BM",0,0,0,0,"Homeopathic Drops","5"
"Bryta Iod 200 (KAMAL)","Kent Homoeopathic Pharmacy","Kent",0,0,0,0,"Homeopathic Drops","2"
"Hamamelis Virg Q (D) 30ml (BM)","BM Pvt LTD","BM",0,0,0,0,"Homeopathic Drops","5"
"Collinsonia Q (D) 30ml (BM)","BM Pvt LTD","BM",0,0,0,0,"Homeopathic Drops","5"
"Acid Nit 30 (SHWABE)","Dr. Willmar Schwabe Germany","Shwabe",0,0,0,0,"Homeopathic Drops","5"
"Bryta Iod 30 (KAMAL)","Kamal Laboratories","KAMAL",0,0,0,0,"Homeopathic Drops","5"
"Cardus Merinus Q (C) (MASOD)","Masood Homoeopathic Pharma","MASOD",0,0,0,0,"Homeopathic Drops","5"
"Trillium Pend Q (F) 30ml (BM)","BM Pvt LTD","BM",0,0,0,0,"Homeopathic Drops","5"
"Passiflora Inc Q (C) (BM)","BM Pvt LTD","BM",0,0,0,0,"Homeopathic Drops","5"
"Spigelia 200 30ml","W.S. Laboratories","WShah",0,0,0,0,"Homeopathic Drops","2"
"Causticum 200","W.S. Laboratories","WShah",0,0,0,0,"Homeopathic Drops","2"
"stannum met 200 30ml","Kamal Laboratories","KAMAL",0,0,0,0,"Homeopathic Drops","2"
"Apis mellifica 200 30ml","Masood Homoeopathic Pharma","MASOD",0,0,0,0,"Homeopathic Drops","2"
"Sanguinaria cana 200","Masood Homoeopathic Pharma","MASOD",0,0,0,0,"Homeopathic Drops","2"
"Rauwolfia Q (D) (BM)","BM Pvt LTD","BM",0,0,0,0,"Homeopathic Drops","5"
"Onosmodium Virg Q (BM)","BM Pvt LTD","BM",0,0,0,0,"Homeopathic Drops","2"
"Whart remove","Clinic Internal Preparation","Clinic",0,0,0,0,"Homeopathic Drops","1"
"Arthrojin Tablets-Pack Size 20","W.S. Laboratories","WShah",0,0,0,0,"Homeopathic Drops","2"
"Lax Syrup 120ml","W.S. Laboratories","WShah",0,0,0,0,"Homeopathic Drops","2"
"Nervotone Fort Drops 20ml","W.S. Laboratories","WShah",0,0,0,0,"Homeopathic Drops","2"
"Renophen Drop 20ml","W.S. Laboratories","WShah",0,0,0,0,"Homeopathic Drops","2"
"Spermo Plus Drop 20ml","W.S. Laboratories","WShah",0,0,0,0,"Homeopathic Drops","2"
"Teeth Guard Drop 20ml","W.S. Laboratories","WShah",0,0,0,0,"Homeopathic Drops","2"
"Stomocide Plus Drop 20ml","W.S. Laboratories","WShah",0,0,0,0,"Homeopathic Drops","12"
"Argentum Plus Drop 20ml","W.S. Laboratories","WShah",0,0,0,0,"Homeopathic Drops","2"
"Lapis Alba Plus Drop 20ml","W.S. Laboratories","WShah",0,0,0,0,"Homeopathic Drops","2"
"Cystocin Drop 20ml","W.S. Laboratories","WShah",0,0,0,0,"Homeopathic Drops","2"
"Alfalfa 120ml","Kamal Laboratories","KAMAL",0,0,0,0,"Homeopathic Drops","2"
"Calc phos 6x","BM Pvt LTD","BM",0,0,0,0,"Homeopathic Drops","1"
"Apratilium 30","BM Pvt LTD","BM",0,0,0,0,"Homeopathic Drops","1"
"Stanum","W.S. Laboratories","WShah",0,0,0,0,"Homeopathic Drops","2"
"Stanum 200","W.S. Laboratories","WShah",0,0,0,0,"Homeopathic Drops","1"
"Sangonaria 200","W.S. Laboratories","WShah",0,0,0,0,"Homeopathic Drops","1"
"Caladium Seg Q (E) 500ml","BM Pvt LTD","BM",0,0,0,0,"Homeopathic Drops","2"
"Asafoetida Q (B) 30ml","BM Pvt LTD","BM",0,0,0,0,"Homeopathic Drops","2"
"Calendula Soap","Paul Brooks Homoeo Lab","PBHL",0,0,0,0,"Homeopathic Drops","3"
"Restox 1M","Dr. Willmar Schwabe Germany","Shwabe",0,0,0,0,"Homeopathic Drops","1"
"Five phos","Dr. Willmar Schwabe Germany","Shwabe",0,0,0,0,"Homeopathic Drops","2"
"Five phos 6x","Dr. Willmar Schwabe Germany","Shwabe",0,0,0,0,"Homeopathic Drops","2"
"Tribulls Q (B)","Masood Homoeopathic Pharma","MASOD",0,0,0,0,"Homeopathic Drops","2"
"Canthris Q (E) 30ml (BM)","BM Pvt LTD","BM",0,0,0,0,"Homeopathic Drops","2"
"Aesculus Hipp 30 120ML (MSOD)","Masood Homoeopathic Pharma","MASOD",0,0,0,0,"Homeopathic Drops","2"
"Sugar cure plus","W.S. Laboratories","WShah",0,0,0,0,"Homeopathic Drops","3"
"Urigone Drops 20ml","W.S. Laboratories","WShah",0,0,0,0,"Homeopathic Drops","2"
"HR No101","Masood Homoeopathic Pharma","MASOD",0,0,0,0,"Homeopathic Drops","2"
"Sepia Q (BM)","BM Pvt LTD","BM",0,0,0,0,"Homeopathic Drops","2"
"Gossypium Q (B)","BM Pvt LTD","BM",0,0,0,0,"Homeopathic Drops","1"
"Palsatilla Q","Dr. Willmar Schwabe Germany","Shwabe",0,0,0,0,"Homeopathic Drops","2"
"Braston Corse","Paul Brooks Homoeo Lab","PBHL",0,0,0,0,"Homeopathic Drops","5"
"Capsi Plex 120ml SYP","Paul Brooks Homoeo Lab","PBHL",0,0,0,0,"Homeopathic Drops","10"
"Oleum Jec Course","Paul Brooks Homoeo Lab","PBHL",0,0,0,0,"Homeopathic Drops","5"
"ARQ-E-SOYA 150ml","Paul Brooks Homoeo Lab","PBHL",0,0,0,0,"Homeopathic Drops","5"
"Acalypha Ind Q (B) 30ml (BM)","BM Pvt LTD","BM",0,0,0,0,"Homeopathic Drops","2"
"Acid Tart Q (B) 30ml (BM)","BM Pvt LTD","BM",0,0,0,0,"Homeopathic Drops","1"
"Adonis Ver Q (D) 30ml (BM)","BM Pvt LTD","BM",0,0,0,0,"Homeopathic Drops","2"
"Aegle Folia Q (A) 30ml (BM)","BM Pvt LTD","BM",0,0,0,0,"Homeopathic Drops","2"
"Aesculus Glab Q (C) 30ml (BM)","BM Pvt LTD","BM",0,0,0,0,"Homeopathic Drops","2"
"Aesculus Hipp Q (B) 30ml (BM)","BM Pvt LTD","BM",0,0,0,0,"Homeopathic Drops","5"
"Aletris Fer Q (G) 30ml (BM)","BM Pvt LTD","BM",0,0,0,0,"Homeopathic Drops","2"
"Alfalfa Q (A) 30ml (BM)","BM Pvt LTD","BM",0,0,0,0,"Homeopathic Drops","15"
"Alsine Media Q (B) 30ml (BM)","BM Pvt LTD","BM",0,0,0,0,"Homeopathic Drops","2"
"Aloes Soco Q (B) 30ml (BM)","BM Pvt LTD","BM",0,0,0,0,"Homeopathic Drops","1"
"Anacardium Ori (B) 30ml (BM)","BM Pvt LTD","BM",0,0,0,0,"Homeopathic Drops","1"
"Apis Milli Q (G) 30ml (BM)","BM Pvt LTD","BM",0,0,0,0,"Homeopathic Drops","1"
"Aralia Race Q (E) 30ml (BM)","BM Pvt LTD","BM",0,0,0,0,"Homeopathic Drops","1"
"Arnica Mont Q (E) 30ml( BM )","BM Pvt LTD","BM",0,0,0,0,"Homeopathic Drops","5"
"Ashwagandha Q (B) 30ml (BM)","BM Pvt LTD","BM",0,0,0,0,"Homeopathic Drops","5"
"Ashwagandha Q (B) 500ml (BM)","BM Pvt LTD","BM",0,0,0,0,"Homeopathic Drops","2"
"Avena Sativa Q (A) 30ml (BM)","BM Pvt LTD","BM",0,0,0,0,"Homeopathic Drops","30"
"Azadirachta Ind Q (A) 30ml (BM)","BM Pvt LTD","BM",0,0,0,0,"Homeopathic Drops","1"
"Belladonna Q (C) 30ml (BM)","BM Pvt LTD","BM",0,0,0,0,"Homeopathic Drops","1"
"Bellis Per Q (C) 30ml (BM)","BM Pvt LTD","BM",0,0,0,0,"Homeopathic Drops","1"
"Berberis Aqi Q (D) 30ml (BM)","BM Pvt LTD","BM",0,0,0,0,"Homeopathic Drops","1"
"Blatta Ori Q (E) 30ml (BM)","BM Pvt LTD","BM",0,0,0,0,"Homeopathic Drops","5"
"Borax Q (B) 30ml (BM)","BM Pvt LTD","BM",0,0,0,0,"Homeopathic Drops","2"
"Bufo Rana Q (E) 30ml (BM)","BM Pvt LTD","BM",0,0,0,0,"Homeopathic Drops","1"
"Caladium Seg Q (E) 30ml (BM)","BM Pvt LTD","BM",0,0,0,0,"Homeopathic Drops","2"
"Rutamens 20Tabs","Eagle Homoeo","Eagle",0,0,0,0,"Homeopathic Drops","5"
"Cauliphyllum Q (D) 30ml (BM)","BM Pvt LTD","BM",0,0,0,0,"Homeopathic Drops","2"
"Causticum Q (B) 30ml (BM)","BM Pvt LTD","BM",0,0,0,0,"Homeopathic Drops","2"
"Cedron Q (B) 30ml (BM)","BM Pvt LTD","BM",0,0,0,0,"Homeopathic Drops","1"
"Chamomilla Q (B) 30ml (BM)","BM Pvt LTD","BM",0,0,0,0,"Homeopathic Drops","1"
"Chelidonium Maj Q (C) 30ml (BM)","BM Pvt LTD","BM",0,0,0,0,"Homeopathic Drops","15"
"Chelone Glab Q (D) (BM)","BM Pvt LTD","BM",0,0,0,0,"Homeopathic Drops","1"
"Chenopodim Q (A) (BM)","BM Pvt LTD","BM",0,0,0,0,"Homeopathic Drops","2"
"China Off Q (C) (BM)","BM Pvt LTD","BM",0,0,0,0,"Homeopathic Drops","1"
"Chionanthus Virg Q (F) (BM)","BM Pvt LTD","BM",0,0,0,0,"Homeopathic Drops","5"
"Chionanthus Virg Q (F) 500ml (BM)","BM Pvt LTD","BM",0,0,0,0,"Homeopathic Drops","5"
"Cicuta Virosa Q (D) (BM)","BM Pvt LTD","BM",0,0,0,0,"Homeopathic Drops","2"
"Cina Q (C) (BM)","BM Pvt LTD","BM",0,0,0,0,"Homeopathic Drops","1"
"Cocculus Ind Q (A) 500ml (BM)","BM Pvt LTD","BM",0,0,0,0,"Homeopathic Drops","1"
"Coffea Cruda Q (B) (BM)","BM Pvt LTD","BM",0,0,0,0,"Homeopathic Drops","2"
"Colchicum Q (B) (BM)","BM Pvt LTD","BM",0,0,0,0,"Homeopathic Drops","1"
"Colocynthis Q (A) (BM)","BM Pvt LTD","BM",0,0,0,0,"Homeopathic Drops","1"
"Condurango Q (D) (BM)","BM Pvt LTD","BM",0,0,0,0,"Homeopathic Drops","1"
"Conium Q (C) (BM)","BM Pvt LTD","BM",0,0,0,0,"Homeopathic Drops","2"
"Croton Tig Q (F) (BM)","BM Pvt LTD","BM",0,0,0,0,"Homeopathic Drops","1"
"Damiana Q (C) 30ml (BM)","BM Pvt LTD","BM",0,0,0,0,"Homeopathic Drops","15"
"Dhamasa Q (A) 30ml (BM)","BM Pvt LTD","BM",0,0,0,0,"Homeopathic Drops","2"
"Dhamasa Q (A) 500ml (BM)","BM Pvt LTD","BM",0,0,0,0,"Homeopathic Drops","1"
"Dioscorea Vill Q (D) (BM)","BM Pvt LTD","BM",0,0,0,0,"Homeopathic Drops","5"
"Eupatorium Perf Q (D) (BM)","BM Pvt LTD","BM",0,0,0,0,"Homeopathic Drops","2"
"Eupatorium Purp Q (E) (BM)","BM Pvt LTD","BM",0,0,0,0,"Homeopathic Drops","2"
"Eupatorium Purp Q (E) 500ml (BM)","BM Pvt LTD","BM",0,0,0,0,"Homeopathic Drops","1"
"Fabiana Imb Q (C) (BM)","BM Pvt LTD","BM",0,0,0,0,"Homeopathic Drops","1"
"Fel Tauri Q (B) 30ml (BM)","BM Pvt LTD","BM",0,0,0,0,"Homeopathic Drops","2"
"Fucus Vers Q (C) 30ml (BM)","BM Pvt LTD","BM",0,0,0,0,"Homeopathic Drops","5"
"Fucus Vers Q (C) 500ml (BM)","BM Pvt LTD","BM",0,0,0,0,"Homeopathic Drops","2"
"Galium Apar Q (C) (BM)","BM Pvt LTD","BM",0,0,0,0,"Homeopathic Drops","2"
"Gambogia Q (G) (BM)","BM Pvt LTD","BM",0,0,0,0,"Homeopathic Drops","2"
"Ginkgo Biloba Q (C) 30ml (BM)","BM Pvt LTD","BM",0,0,0,0,"Homeopathic Drops","2"
"Grindellia Rob Q (D) (BM)","BM Pvt LTD","BM",0,0,0,0,"Homeopathic Drops","1"
"Grindellia Rob Q (D) 500ml (BM)","BM Pvt LTD","BM",0,0,0,0,"Homeopathic Drops","1"
"Guaiacum Off Q (G) (BM)","BM Pvt LTD","BM",0,0,0,0,"Homeopathic Drops","1"
"Gymnema Syl Q (B) (BM)","BM Pvt LTD","BM",0,0,0,0,"Homeopathic Drops","2"
"Gymnema Syl Q (B) 500ml (BM)","BM Pvt LTD","BM",0,0,0,0,"Homeopathic Drops","2"
"Hamamelis Virg Q (D) 500ml (BM)","BM Pvt LTD","BM",0,0,0,0,"Homeopathic Drops","2"
"Halianthus Annus Q (A) (BM)","BM Pvt LTD","BM",0,0,0,0,"Homeopathic Drops","1"
"Helonias Dio Q (G) (BM)","BM Pvt LTD","BM",0,0,0,0,"Homeopathic Drops","1"
"HumuluS Lup Q (B) (BM)","BM Pvt LTD","BM",0,0,0,0,"Homeopathic Drops","1"
"Hyderngea Arb Q (D)  (BM)","BM Pvt LTD","BM",0,0,0,0,"Homeopathic Drops","1"
"Hydrocotyle Q (C) (BM)","BM Pvt LTD","BM",0,0,0,0,"Homeopathic Drops","3"
"Ignatia Amara Q (G) (BM)","BM Pvt LTD","BM",0,0,0,0,"Homeopathic Drops","1"
"Ipecac Q (SPL) (BM)","BM Pvt LTD","BM",0,0,0,0,"Homeopathic Drops","1"
"Iris Vers Q (D) (BM)","BM Pvt LTD","BM",0,0,0,0,"Homeopathic Drops","1"
"Jalapa Q (D) (BM)","BM Pvt LTD","BM",0,0,0,0,"Homeopathic Drops","1"
"Juniperus Communis Q (C) (BM)","BM Pvt LTD","BM",0,0,0,0,"Homeopathic Drops","2"
"Juniperus Communis Q (C) 500ml (BM)","BM Pvt LTD","BM",0,0,0,0,"Homeopathic Drops","2"
"Juniperus Virg Q (E) (BM)","BM Pvt LTD","BM",0,0,0,0,"Homeopathic Drops","2"
"Juniperus Virg Q (E) 500ml (BM)","BM Pvt LTD","BM",0,0,0,0,"Homeopathic Drops","1"
"Kali Phos Q (A) (BM)","BM Pvt LTD","BM",0,0,0,0,"Homeopathic Drops","1"
"Kali Phos Q (A) 500ml (BM)","BM Pvt LTD","BM",0,0,0,0,"Homeopathic Drops","1"
"Lathyrus Sat Q (C) 30ml (BM)","BM Pvt LTD","BM",0,0,0,0,"Homeopathic Drops","5"
"Ledum Pal Q (C) 30ml (BM)","BM Pvt LTD","BM",0,0,0,0,"Homeopathic Drops","5"
"Lemna Minor Q (B) 30ml (BM)","BM Pvt LTD","BM",0,0,0,0,"Homeopathic Drops","5"
"Lobelia Inf Q (D) (BM)","BM Pvt LTD","BM",0,0,0,0,"Homeopathic Drops","2"
"Lycopodium Q (D) (BM)","BM Pvt LTD","BM",0,0,0,0,"Homeopathic Drops","4"
"Mentha Pip Q (C) (BM)","BM Pvt LTD","BM",0,0,0,0,"Homeopathic Drops","1"
"Myrica Car (E) 30ml (BM)","BM Pvt LTD","BM",0,0,0,0,"Homeopathic Drops","3"
"Myristica Seb Q (B) 30ml (BM)","BM Pvt LTD","BM",0,0,0,0,"Homeopathic Drops","4"
"Nupher Lut Q (C) (BM)","BM Pvt LTD","BM",0,0,0,0,"Homeopathic Drops","4"
"Nux Vomica Q (B) (BM)","BM Pvt LTD","BM",0,0,0,0,"Homeopathic Drops","5"
"Nux Vomica Q (B) 500ml (BM)","BM Pvt LTD","BM",0,0,0,0,"Homeopathic Drops","2"
"Ocimum Can (B) (BM)","BM Pvt LTD","BM",0,0,0,0,"Homeopathic Drops","2"
"Oenanthe Croc Q (B) (BM)","BM Pvt LTD","BM",0,0,0,0,"Homeopathic Drops","2"
"Oleum Jec Q (B) (BM)","BM Pvt LTD","BM",0,0,0,0,"Homeopathic Drops","4"
"Onosmodium Virg Q (E) (BM)","BM Pvt LTD","BM",0,0,0,0,"Homeopathic Drops","1"
"Origanum Maj Q (C) (BM)","BM Pvt LTD","BM",0,0,0,0,"Homeopathic Drops","2"
"Ornithogalum Q (SPL)","BM Pvt LTD","BM",0,0,0,0,"Homeopathic Drops","2"
"Ornithogalum Q (SPL) 500ml (BM)","BM Pvt LTD","BM",0,0,0,0,"Homeopathic Drops","1"
"Paeonia Off Q (D) (BM)","BM Pvt LTD","BM",0,0,0,0,"Homeopathic Drops","2"
"Pareira Brava Q (D) 30ml (BM)","BM Pvt LTD","BM",0,0,0,0,"Homeopathic Drops","5"
"Passiflora Inc Q (C) 500ml (BM)","BM Pvt LTD","BM",0,0,0,0,"Homeopathic Drops","1"
"Petroleum Q (A) (BM)","BM Pvt LTD","BM",0,0,0,0,"Homeopathic Drops","2"
"Phosphorus Q (D) (BM)","BM Pvt LTD","BM",0,0,0,0,"Homeopathic Drops","2"
"Physostigma Q (D) (BM)","BM Pvt LTD","BM",0,0,0,0,"Homeopathic Drops","1"
"Phytolacca Berry Q (D) 30ml (BM)","BM Pvt LTD","BM",0,0,0,0,"Homeopathic Drops","5"
"Pinus Lamb Q (C) 30ml (BM)","BM Pvt LTD","BM",0,0,0,0,"Homeopathic Drops","5"
"Pinus Lamb Q (C) 500ml (BM)","BM Pvt LTD","BM",0,0,0,0,"Homeopathic Drops","2"
"Podophllum Q (D) (BM)","BM Pvt LTD","BM",0,0,0,0,"Homeopathic Drops","2"
"Raphanus Sat Q (B) (BM)","BM Pvt LTD","BM",0,0,0,0,"Homeopathic Drops","4"
"Ratanhia Q (C) (BM)","BM Pvt LTD","BM",0,0,0,0,"Homeopathic Drops","5"
"Mek Canthris Cream","MEKTUM Homeo Pharma","MEK",0,0,0,0,"Homeopathic Drops","5"
"Rhus Glab Q (C) (BM)","BM Pvt LTD","BM",0,0,0,0,"Homeopathic Drops","2"
"Ricinus Com (B) 30ml (BM)","BM Pvt LTD","BM",0,0,0,0,"Homeopathic Drops","5"
"Robinia Pseudo Q (D) (BM)","BM Pvt LTD","BM",0,0,0,0,"Homeopathic Drops","4"
"Rubia Tinctorum Q (D) (BM)","BM Pvt LTD","BM",0,0,0,0,"Homeopathic Drops","5"
"Rumax Crisp Q (C) (BM)","BM Pvt LTD","BM",0,0,0,0,"Homeopathic Drops","3"
"Sabal Serr Q (D) 30ml (BM)","BM Pvt LTD","BM",0,0,0,0,"Homeopathic Drops","10"
"Salix Nigra Q (D) (BM)","BM Pvt LTD","BM",0,0,0,0,"Homeopathic Drops","5"
"Sambucus Nigra Q (C) (BM)","BM Pvt LTD","BM",0,0,0,0,"Homeopathic Drops","5"
"Sanguinaria Can Q (G) (BM)","BM Pvt LTD","BM",0,0,0,0,"Homeopathic Drops","5"
"Sarsaparilla Q (C) 30ml (BM)","BM Pvt LTD","BM",0,0,0,0,"Homeopathic Drops","10"
"Scrophularia Nod Q (D) (BM)","BM Pvt LTD","BM",0,0,0,0,"Homeopathic Drops","3"
"Scutellaria Lat Q (E) (BM)","BM Pvt LTD","BM",0,0,0,0,"Homeopathic Drops","2"
"Sedum Acre Q (E) (BM)","BM Pvt LTD","BM",0,0,0,0,"Homeopathic Drops","2"
"Senega Off Q (G) (BM)","BM Pvt LTD","BM",0,0,0,0,"Homeopathic Drops","1"
"Sinapis Nigra Q (A) (BM)","BM Pvt LTD","BM",0,0,0,0,"Homeopathic Drops","5"
"Spongia Tosta Q (G) (BM)","BM Pvt LTD","BM",0,0,0,0,"Homeopathic Drops","4"
"Staphysageria Q (G) (BM)","BM Pvt LTD","BM",0,0,0,0,"Homeopathic Drops","5"
"Stigmata May Q (A) (BM)","BM Pvt LTD","BM",0,0,0,0,"Homeopathic Drops","3"
"Sulfer Q (A) (BM)","BM Pvt LTD","BM",0,0,0,0,"Homeopathic Drops","2"
"Symphoricarpus Race Q (C) (","BM Pvt LTD","BM",0,0,0,0,"Homeopathic Drops","2"
"Symphytum Off Q (C) (BM)","BM Pvt LTD","BM",0,0,0,0,"Homeopathic Drops","2"
"Syzygium Jambol Q (A) 30ml (BM)","BM Pvt LTD","BM",0,0,0,0,"Homeopathic Drops","20"
"Teucrium M.V Q (D) (BM)","BM Pvt LTD","BM",0,0,0,0,"Homeopathic Drops","2"
"Thea Chin Q (B) (BM)","BM Pvt LTD","BM",0,0,0,0,"Homeopathic Drops","2"
"Thlaspi Bursa Q (C) (BM)","BM Pvt LTD","BM",0,0,0,0,"Homeopathic Drops","5"
"Thlaspi Bursa Q (C) 500ml (BM)","BM Pvt LTD","BM",0,0,0,0,"Homeopathic Drops","2"
"Thuja Occ Q (C) 30ml (BM)","BM Pvt LTD","BM",0,0,0,0,"Homeopathic Drops","10"
"Thymolum Q (B) (BM)","BM Pvt LTD","BM",0,0,0,0,"Homeopathic Drops","2"
"Urtica Urens Q (C) 30ml (BM)","BM Pvt LTD","BM",0,0,0,0,"Homeopathic Drops","10"
"Viburnum Opp Q (C) 30ml (BM)","BM Pvt LTD","BM",0,0,0,0,"Homeopathic Drops","10"
"Xanthoxylum Frax Q (E) (BM)","BM Pvt LTD","BM",0,0,0,0,"Homeopathic Drops","2"
"Yerba Santa Q (D) (BM)","BM Pvt LTD","BM",0,0,0,0,"Homeopathic Drops","5"
"Yohimbinum Q (C) (BM)","BM Pvt LTD","BM",0,0,0,0,"Homeopathic Drops","5"
"Zingiber Q (B) 30ml (BM)","BM Pvt LTD","BM",0,0,0,0,"Homeopathic Drops","5"
"Leuco Mek 30 Tab","MEKTUM Homeo Pharma","MEK",0,0,0,0,"Homeopathic Drops","10"
"Canthris Q (E) 500ml (BM)","BM Pvt LTD","BM",0,0,0,0,"Homeopathic Drops","1"
"China Off Q (C) 500ml (BM)","BM Pvt LTD","BM",0,0,0,0,"Homeopathic Drops","1"
"Moringa Oleifera Q (C) 500ml (BM)","BM Pvt LTD","BM",0,0,0,0,"Homeopathic Drops","2"
"Bre","Paul Brooks Homoeo Lab","PBHL",0,0,0,0,"Homeopathic Drops","1"
"Ipecacuanha 30 (30ml)","Masood Homoeopathic Pharma","MASOD",0,0,0,0,"Homeopathic Drops","5"
"Hydrocotyle Q (REK)","Dr. Reckeweg Germany","RECK",0,0,0,0,"Homeopathic Drops","5"
"Cough Ton SYP 120ml","T.S. Laboratories","T.S",0,0,0,0,"Homeopathic Drops","20"
"TiTanium Met 30 (MOSED)","Masood Homoeopathic Pharma","MASOD",0,0,0,0,"Homeopathic Drops","1"
"Neem Soap","Paul Brooks Homoeo Lab","PBHL",0,0,0,0,"Homeopathic Drops","5"
"Calendula Off Q (C) 500ml (BM)","BM Pvt LTD","BM",0,0,0,0,"Homeopathic Drops","15"
"Cimicifuga Recemosa 30(MSOD)","Masood Homoeopathic Pharma","MASOD",0,0,0,0,"Homeopathic Drops","5"
"Ruta 30 (BM)","BM Pvt LTD","BM",0,0,0,0,"Homeopathic Drops","5"
"Lycopodium 30 (MEK)","MEKTUM Homeo Pharma","MEK",0,0,0,0,"Homeopathic Drops","5"
"Whitening Soap","Herit Pharma","Herit",0,0,0,0,"Soap","6"
"HFP MIX Numbers","HFP Pvt Ltd","HFP",0,0,0,0,"Homeopathic Drops","1000"
"Taskeen-E-Dard","Al S Pharma","Al S",0,0,0,0,"Homeopathic Drops","20"
"Super Jari Cap","SK Pharma","SK",0,0,0,0,"Cap","10"
"Fresh Blood 250ml SYP","SK Pharma","SK",0,0,0,0,"Homeopathic Drops","10"
"Essentia Aurea 20ml Gold Drops","Dr. Willmar Schwabe Germany","Shwabe",0,0,0,0,"Homeopathic Drops","5"
"49 For the Treatment of Eczema And Psoriasis","T.S. Laboratories","T.S",0,0,0,0,"Homeopathic Drops","15"
"Angipax Tab","Lehning Laboratories","Lehning",0,0,0,0,"Homeopathic Drops","5"
"HR No 39","Masood Homoeopathic Pharma","MASOD",0,0,0,0,"Homeopathic Drops","5"
"Brain tonic 30ml","Masood Homoeopathic Pharma","MASOD",0,0,0,0,"Homeopathic Drops","1"
"Gelsemium 30","Masood Homoeopathic Pharma","MASOD",0,0,0,0,"Homeopathic Drops","1"
"Cuff Tux 100 TAb","Farhan Homoeo","Farhan",0,0,0,0,"Homeopathic Drops","5"
"CarboZyme 100 Tab","Farhan Homoeo","Farhan",0,0,0,0,"Homeopathic Drops","5"
"General Tonic 240ml","Farhan Homoeo","Farhan",0,0,0,0,"Homeopathic Drops","5"
"GinkgoPath Tonic 240ml","Farhan Homoeo","Farhan",0,0,0,0,"Homeopathic Drops","5"
"Cuff Tux 20 TAb","Farhan Homoeo","Farhan",0,0,0,0,"Homeopathic Drops","6"
"CarboZyme 20 Tab","Farhan Homoeo","Farhan",0,0,0,0,"Homeopathic Drops","6"
"AmbramoS Drops 30ml Drops","Farhan Homoeo","Farhan",0,0,0,0,"Homeopathic Drops","5"
"Vita-Seng 20Tab","Farhan Homoeo","Farhan",0,0,0,0,"Homeopathic Drops","6"
"Asthomin 120mlSYP","Farhan Homoeo","Farhan",0,0,0,0,"Homeopathic Drops","6"
"Cepa Bex 120ml SYP","Farhan Homoeo","Farhan",0,0,0,0,"Homeopathic Drops","6"
"Vominol 120ml SYP","Farhan Homoeo","Farhan",0,0,0,0,"Homeopathic Drops","6"
"BellageN 120ml (S.F) SYP","Farhan Homoeo","Farhan",0,0,0,0,"Homeopathic Drops","6"
"LooZen 120ml SYP","Farhan Homoeo","Farhan",0,0,0,0,"Homeopathic Drops","6"
"LooZen 100 Tab","Farhan Homoeo","Farhan",0,0,0,0,"Homeopathic Drops","5"
"Pepto Bex Elaichi Flavour 120ml SYP","Farhan Homoeo","Farhan",0,0,0,0,"Homeopathic Drops","6"
"Pepto Bex Strawberry Flavour 120ml SYP","Farhan Homoeo","Farhan",0,0,0,0,"Homeopathic Drops","6"
"1, ( TEUCRIUM DROPS )","Farhan Homoeo","Farhan",0,0,0,0,"Homeopathic Drops","5"
"10, (CHAMAPILLA DROPS)","Farhan Homoeo","Farhan",0,0,0,0,"Homeopathic Drops","5"
"11, (PHYTOLACCA BERRY)","Farhan Homoeo","Farhan",0,0,0,0,"Homeopathic Drops","5"
"12, (BARYTA CARB DROPS)","Farhan Homoeo","Farhan",0,0,0,0,"Homeopathic Drops","5"
"13, (SYZYGIUM DROPS)","Farhan Homoeo","Farhan",0,0,0,0,"Homeopathic Drops","5"
"14, (GOSSYPIUM DROPS)","Farhan Homoeo","Farhan",0,0,0,0,"Homeopathic Drops","5"
"15, (ECHINACEA DROPS)","Farhan Homoeo","Farhan",0,0,0,0,"Homeopathic Drops","5"
"16, (DAMIANA DROPS)","Farhan Homoeo","Farhan",0,0,0,0,"Homeopathic Drops","5"
"17, (SELENIUM DROPS)","Farhan Homoeo","Farhan",0,0,0,0,"Homeopathic Drops","5"
"18, (GINSENG DROPS)","Farhan Homoeo","Farhan",0,0,0,0,"Homeopathic Drops","5"
"19, (CAUSTICUM DROPS)","Farhan Homoeo","Farhan",0,0,0,0,"Homeopathic Drops","5"
"20, (CHELIDONIUM DROPS)","Farhan Homoeo","Farhan",0,0,0,0,"Homeopathic Drops","5"
"21, (MERC-SOL DROPS)","Farhan Homoeo","Farhan",0,0,0,0,"Homeopathic Drops","5"
"22, (BERBARIS VULG DROPS)","Farhan Homoeo","Farhan",0,0,0,0,"Homeopathic Drops","5"
"23, (CLEMATIS DROPS)","Farhan Homoeo","Farhan",0,0,0,0,"Homeopathic Drops","5"
"24, (USENA BARBITA DROPS)","Farhan Homoeo","Farhan",0,0,0,0,"Homeopathic Drops","5"
"25, (VERATUM ALBUM)","Farhan Homoeo","Farhan",0,0,0,0,"Homeopathic Drops","5"
"3, (GlONINUM DROPS )","Farhan Homoeo","Farhan",0,0,0,0,"Homeopathic Drops","5"
"4, (ADONIS VERS DROPS)","Farhan Homoeo","Farhan",0,0,0,0,"Homeopathic Drops","5"
"5, (BLATTA ORI DROPS)","Farhan Homoeo","Farhan",0,0,0,0,"Homeopathic Drops","5"
"7, (RATHANIA DROPS)","Farhan Homoeo","Farhan",0,0,0,0,"Homeopathic Drops","5"
"8, (PASSIFLORA DROPS)","Farhan Homoeo","Farhan",0,0,0,0,"Homeopathic Drops","5"
"9, (GINKO BILOBA DROPS)","Farhan Homoeo","Farhan",0,0,0,0,"Homeopathic Drops","5"
"BellagasiC 20TAb","Farhan Homoeo","Farhan",0,0,0,0,"Homeopathic Drops","5"
"Rauwolfia Q (C) (MOSD)","Masood Homoeopathic Pharma","MASOD",0,0,0,0,"Homeopathic Drops","5"
"Kalmia 60Tab","Masood Homoeopathic Pharma","MASOD",0,0,0,0,"Homeopathic Drops","5"
"Canthris 200 (MASOD)","Masood Homoeopathic Pharma","MASOD",0,0,0,0,"Homeopathic Drops","5"
"256","BM Pvt LTD","BM",0,0,0,0,"Homeopathic Drops","5"
"Baby Tonic 120ml","Kent Homoeopathic Pharmacy","Kent",0,0,0,0,"Homeopathic Drops","12"
"Sehat Mande Cap","Al S Pharma","Al S",0,0,0,0,"Homeopathic Drops","12"
"Joint Power Tab","Al S Pharma","Al S",0,0,0,0,"Homeopathic Drops","20"
"Chelidonium 30 (Shwabe)","Dr. Willmar Schwabe Germany","Shwabe",0,0,0,0,"Homeopathic Drops","5"
"Berberis Vulg 30 (Shwabe)","Dr. Willmar Schwabe Germany","Shwabe",0,0,0,0,"Homeopathic Drops","5"
"Phosphorus 30 (Shwabe)","Dr. Willmar Schwabe Germany","Shwabe",0,0,0,0,"Homeopathic Drops","5"
"Bio # 7 (Shwabe)","Dr. Willmar Schwabe Germany","Shwabe",0,0,0,0,"Homeopathic Drops","5"
"Hypricum 200 (Shwabe)","Dr. Willmar Schwabe Germany","Shwabe",0,0,0,0,"Homeopathic Drops","5"
"Symphytum 200 (Shwabe)","Dr. Willmar Schwabe Germany","Shwabe",0,0,0,0,"Homeopathic Drops","5"
"Tazgi Cap","Al S Pharma","Al S",0,0,0,0,"Homeopathic Drops","5"
"R 1 Inflamation Drops","Dr. Reckeweg Germany","RECK",0,0,0,0,"Homeopathic Drops","10"
"Ammonium Carb 30 30ml (MSOD)","Masood Homoeopathic Pharma","MASOD",0,0,0,0,"Homeopathic Drops","5"
"Lycopodium 30 30ml (MSOD)","Masood Homoeopathic Pharma","MASOD",0,0,0,0,"Homeopathic Drops","5"
"Khonsafi 120ml SYP","Kent Homoeopathic Pharmacy","Kent",0,0,0,0,"Homeopathic Drops","10"
"Super ka Bill","Paul Brooks Homoeo Lab","PBHL",0,0,0,0,"Homeopathic Drops","5"
"Mag Phos 1M (Shwabe)","Dr. Willmar Schwabe Germany","Shwabe",0,0,0,0,"Homeopathic Drops","5"
"Rhus Tox 1M (Shwabe)","Dr. Willmar Schwabe Germany","Shwabe",0,0,0,0,"Homeopathic Drops","5"
"Colchicum 200 (Shwabe)","Dr. Willmar Schwabe Germany","Shwabe",0,0,0,0,"Homeopathic Drops","5"
"Damiana Tolidi 30ml Drops","T.S. Laboratories","T.S",0,0,0,0,"Homeopathic Drops","10"
"Kill Stone 30ml Drops","T.S. Laboratories","T.S",0,0,0,0,"Homeopathic Drops","20"
"Dil San 30ml Drops","T.S. Laboratories","T.S",0,0,0,0,"Homeopathic Drops","10"
"ColireX Baby Colic 60ml SYP","T.S. Laboratories","T.S",0,0,0,0,"Homeopathic Drops","15"
"LivocoN 20Tab","T.S. Laboratories","T.S",0,0,0,0,"Homeopathic Drops","10"
"Pyloron 20Tab","BLOSSOM Homeo Labs","BL",0,0,0,0,"Homeopathic Drops","10"
"Ginko Biloba 240ml SYP","BLOSSOM Homeo Labs","BL",0,0,0,0,"Homeopathic Drops","10"
"GINSENG 240ml SYP","BLOSSOM Homeo Labs","BL",0,0,0,0,"Homeopathic Drops","10"
"FemileX 240ml SYP","BLOSSOM Homeo Labs","BL",0,0,0,0,"Homeopathic Drops","10"
"52 For Skin Problume","BLOSSOM Homeo Labs","BL",0,0,0,0,"Homeopathic Drops","10"
"Willow Salicin 30 Tabs","NP Laboratories","NP",0,0,0,0,"Homeopathic Drops","20"
"Chaledonium 30 (MASOD)","Masood Homoeopathic Pharma","MASOD",0,0,0,0,"Homeopathic Drops","5"
"Fel Turi 30 (MASOD)","Masood Homoeopathic Pharma","MASOD",0,0,0,0,"Homeopathic Drops","5"
"ZeeshaN 120ml SYP","M.A Pharma","M.A",0,0,0,0,"Homeopathic Drops","50"
"Kurchi Q (B) (MASOD)","Masood Homoeopathic Pharma","MASOD",0,0,0,0,"Homeopathic Drops","1"
"Alfalfa Tonic 120ml kent","Kent Homoeopathic Pharmacy","Kent",0,0,0,0,"Homeopathic Drops","5"
"Rhuma Gn Cap","Ashraf Laboratories","AK",0,0,0,0,"Homeopathic Drops","10"
"Sharbat-E-Faulad 120ml SYP BHP","B.H.P Laboratory (PVT) LTD","BHP",0,0,0,0,"Homeopathic Drops","5"
"LoZoGen 20 Tab","B.H.P Laboratory (PVT) LTD","BHP",0,0,0,0,"TAb","5"
"Graphites 1M (W/Shah)","W.S. Laboratories","WShah",0,0,0,0,"Homeopathic Drops","2"
"Alumena 200 (Shwabe)","Dr. Willmar Schwabe Germany","Shwabe",0,0,0,0,"Homeopathic Drops","5"
"Bryonia Alba 200 (Shwabe)","Dr. Willmar Schwabe Germany","Shwabe",0,0,0,0,"Homeopathic Drops","5"
"Opium 200 (Shwabe)","Dr. Willmar Schwabe Germany","Shwabe",0,0,0,0,"Homeopathic Drops","5"
"Beauty Cream","Herit Pharma","Herit",0,0,0,0,"Homeopathic Drops","10"
"Pain Puff Cap","HP Pharma","HP",0,0,0,0,"Homeopathic Drops","5"
"Rehmani Phakki","Ashraf Laboratories","AK",0,0,0,0,"Homeopathic Drops","5"
"Barth Of -Y","HP Pharma","HP",0,0,0,0,"Homeopathic Drops","5"
"Fexolin","HP Pharma","HP",0,0,0,0,"Homeopathic Drops","5"
"Urtica Q (MASOD)","Masood Homoeopathic Pharma","MASOD",0,0,0,0,"Homeopathic Drops","5"
"Tosifort  Tab 250gm","Kent Homoeopathic Pharmacy","Kent",0,0,0,0,"Homeopathic Drops","5"
"Cardus Mar Q (C) (BM)","BM Pvt LTD","BM",0,0,0,0,"Homeopathic Drops","5"
"Rare Curb Cap","Clinic Internal Preparation","Clinic",0,0,0,0,"Homeopathic Drops","5"
"Allum Staiva Q (MASOD)","Masood Homoeopathic Pharma","MASOD",0,0,0,0,"Homeopathic Drops","5"
"R 41 Forte","Dr. Reckeweg Germany","RECK",0,0,0,0,"Homeopathic Drops","2"
"Kali Bich 30 (MASOD)","Masood Homoeopathic Pharma","MASOD",0,0,0,0,"Homeopathic Drops","5"
"Zindagi Tooth","HP Pharma","HP",0,0,0,0,"Homeopathic Drops","5"
"Casticum 200 (MASOD)","Masood Homoeopathic Pharma","MASOD",0,0,0,0,"Homeopathic Drops","5"
"Apis mellifica 30 30ml","Masood Homoeopathic Pharma","MASOD",0,0,0,0,"Homeopathic Drops","5"
"Contole Powder","Con Pharma","Con",0,0,0,0,"Homeopathic Drops","5"
"Alfalfa 250gm Tablets","Kent Homoeopathic Pharmacy","Kent",0,0,0,0,"Homeopathic Drops","5"
"Calcium Liquid 120ml SYP","Kent Homoeopathic Pharmacy","Kent",0,0,0,0,"Homeopathic Drops","10"
"Calcium Tablet Orange Flavour 250gm","Kent Homoeopathic Pharmacy","Kent",0,0,0,0,"Homeopathic Drops","5"
"Deodenol 50 Tab","Kent Homoeopathic Pharmacy","Kent",0,0,0,0,"Homeopathic Drops","5"
"Deodenol 250gm Tab","Kent Homoeopathic Pharmacy","Kent",0,0,0,0,"Homeopathic Drops","5"
"Fever Compound 50 Tab","Kent Homoeopathic Pharmacy","Kent",0,0,0,0,"Homeopathic Drops","5"
"Gastric 120ml SYP","Kent Homoeopathic Pharmacy","Kent",0,0,0,0,"Homeopathic Drops","10"
"Gastric 250gm Tab","Kent Homoeopathic Pharmacy","Kent",0,0,0,0,"Homeopathic Drops","2"
"Hepa Kent 120ml Syp","Kent Homoeopathic Pharmacy","Kent",0,0,0,0,"Homeopathic Drops","5"
"Hilex 250gm Tablet","Kent Homoeopathic Pharmacy","Kent",0,0,0,0,"Homeopathic Drops","2"
"Pain Relife 30 Tab","Kent Homoeopathic Pharmacy","Kent",0,0,0,0,"Homeopathic Drops","6"
"Sinus Relife Formula 30 Tab","Kent Homoeopathic Pharmacy","Kent",0,0,0,0,"Homeopathic Drops","6"
"Super Wight Gainer Vanilla 300GM","Kent Homoeopathic Pharmacy","Kent",0,0,0,0,"Homeopathic Drops","10"
"Tosifort 40 Tab","Kent Homoeopathic Pharmacy","Kent",0,0,0,0,"Homeopathic Drops","10"
"Veratum Compound Tab 250gm","Kent Homoeopathic Pharmacy","Kent",0,0,0,0,"Homeopathic Drops","5"
"Kent 30 Cream","Kent Homoeopathic Pharmacy","Kent",0,0,0,0,"Homeopathic Drops","5"
"Alfalfa Tonic 60ml kent","Kent Homoeopathic Pharmacy","Kent",0,0,0,0,"Homeopathic Drops","5"
"Agnus Cast 30 (MSOD)","Masood Homoeopathic Pharma","MASOD",0,0,0,0,"Homeopathic Drops","5"
"Echenatia Q","Dr. Willmar Schwabe Germany","Shwabe",0,0,0,0,"Homeopathic Drops","5"
"R 23","Dr. Reckeweg Germany","RECK",0,0,0,0,"Homeopathic Drops","5"
"HR No 5 Infulnza","Masood Homoeopathic Pharma","MASOD",0,0,0,0,"Homeopathic Drops","5"
"55 Daphnr Indca","BM Pvt LTD","BM",0,0,0,0,"Drops","5"
"Ruta 30 (Mek)","MEKTUM Homeo Pharma","MEK",0,0,0,0,"Homeopathic Drops","5"
"Canthris Q (ST)","SK Pharma","SK",0,0,0,0,"Homeopathic Drops","5"
"Ulcefor Tab","Paul Brooks Homoeo Lab","PBHL",0,0,0,0,"Homeopathic Drops","5"
"D-- Fit Ampules","Paul Brooks Homoeo Lab","PBHL",0,0,0,0,"Homeopathic Drops","5"
"Vita - C 15 (Rek)","Dr. Reckeweg Germany","RECK",0,0,0,0,"Homeopathic Drops","5"
"Enerjizer 30 Tab","Masood Homoeopathic Pharma","MASOD",0,0,0,0,"Tab","5"
"Dentonine Lotion","Masood Homoeopathic Pharma","MASOD",0,0,0,0,"15ml","5"
"Berberis Kidney Drops","SK Pharma","SK",0,0,0,0,"Homeopathic Drops","10"
"Aesculus Hipp 200 (MSOD)","Masood Homoeopathic Pharma","MASOD",0,0,0,0,"Homeopathic Drops","15"
"Urac 30 Tab","Paul Brooks Homoeo Lab","PBHL",0,0,0,0,"Homeopathic Drops","5"
"Digi Lex 60ml SYP","BLOSSOM Homeo Labs","BL",0,0,0,0,"Homeopathic Drops","5"
"DyroLex 60ml SYP","BLOSSOM Homeo Labs","BL",0,0,0,0,"Homeopathic Drops","5"
"Acid Phos 30 30ml (MSOD)","Masood Homoeopathic Pharma","MASOD",0,0,0,0,"Homeopathic Drops","5"
"Belladona 30 (30ml) (MSOD)","Masood Homoeopathic Pharma","MASOD",0,0,0,0,"Homeopathic Drops","5"
"Silicea 30 30ml (MSOD)","Masood Homoeopathic Pharma","MASOD",0,0,0,0,"Homeopathic Drops","5"
"Gold Stone Cap","Clinic Internal Preparation","Clinic",0,0,0,0,"Homeopathic Drops","5"
"5 Phos + Calcium 120ml SYP","Paul Brooks Homoeo Lab","PBHL",0,0,0,0,"Homeopathic Drops","5"
"Acid Phos 30 Capsule","Paul Brooks Homoeo Lab","PBHL",0,0,0,0,"Homeopathic Drops","5"
"Alfalfa Tonic (S-Free) 120ml","Paul Brooks Homoeo Lab","PBHL",0,0,0,0,"Homeopathic Drops","5"
"Alfalfa Chewable 40 Tab","Paul Brooks Homoeo Lab","PBHL",0,0,0,0,"Homeopathic Drops","5"
"Boric Calendula Karcks Cream 50gms","Paul Brooks Homoeo Lab","PBHL",0,0,0,0,"Homeopathic Drops","5"
"Bro Sulf Anti Itch Cream 25gms","Paul Brooks Homoeo Lab","PBHL",0,0,0,0,"Homeopathic Drops","5"
"Ferropaul 120ml SYP","Paul Brooks Homoeo Lab","PBHL",0,0,0,0,"Homeopathic Drops","45"
"Hydrocotyle CR 20gms","Paul Brooks Homoeo Lab","PBHL",0,0,0,0,"Homeopathic Drops","5"
"Kidnol 30Tab","Paul Brooks Homoeo Lab","PBHL",0,0,0,0,"Homeopathic Drops","5"
"PanaX Ginseng 30 Cap","Paul Brooks Homoeo Lab","PBHL",0,0,0,0,"Homeopathic Drops","2"
"PanaX Ginseng 250ml SYP","Paul Brooks Homoeo Lab","PBHL",0,0,0,0,"Homeopathic Drops","4"
"Ruta Eye Tonic S/Free","Paul Brooks Homoeo Lab","PBHL",0,0,0,0,"Homeopathic Drops","5"
"Sharbat-e-Folad 240ml SYP","Paul Brooks Homoeo Lab","PBHL",0,0,0,0,"Homeopathic Drops","5"
"Spondi -- C 30ml Drops","Paul Brooks Homoeo Lab","PBHL",0,0,0,0,"Homeopathic Drops","5"
"Sulfer + Graphites 50gms CR","Paul Brooks Homoeo Lab","PBHL",0,0,0,0,"Homeopathic Drops","2"
"Sulfer Lotion 100ml","Paul Brooks Homoeo Lab","PBHL",0,0,0,0,"Homeopathic Drops","5"
"Kali Phos 200 (MOSD)","Masood Homoeopathic Pharma","MASOD",0,0,0,0,"Homeopathic Drops","5"
"Cina 60ml","HFP Pvt Ltd","HFP",0,0,0,0,"Homeopathic Drops","5"
"Grose 10ml Cap","Clinic Internal Preparation","Clinic",0,0,0,0,"Homeopathic Drops","5"
"Apis Mell 200 (KENT)","Kent Homoeopathic Pharmacy","Kent",0,0,0,0,"Homeopathic Drops","10"
"Bufo 30 (MASOD)","Masood Homoeopathic Pharma","MASOD",0,0,0,0,"Homeopathic Drops","5"
"Iris Vers 30 (MASOD)","Masood Homoeopathic Pharma","MASOD",0,0,0,0,"Homeopathic Drops","2"
"Ovrium Bovina 30","Dr. Willmar Schwabe Germany","Shwabe",0,0,0,0,"Homeopathic Drops","5"
"Ova Tosta 30 (MASOD)","Masood Homoeopathic Pharma","MASOD",0,0,0,0,"Homeopathic Drops","5"
"2 Gastrnux","B.H.P Laboratory (PVT) LTD","BHP",0,0,0,0,"Homeopathic Drops","5"
"15 Muiraton - M","B.H.P Laboratory (PVT) LTD","BHP",0,0,0,0,"Homeopathic Drops","5"
"Iro Vit 20 Tabs","B.H.P Laboratory (PVT) LTD","BHP",0,0,0,0,"Homeopathic Drops","5"
"Genia 120ml SYP","B.H.P Laboratory (PVT) LTD","BHP",0,0,0,0,"Homeopathic Drops","10"
"Mezeerium 200 (MASOD)","Masood Homoeopathic Pharma","MASOD",0,0,0,0,"Homeopathic Drops","5"
"1 Sinus","NP Laboratories","NP",0,0,0,0,"Homeopathic Drops","5"
"Vegan - Pro 60 Cap","SK Pharma","SK",0,0,0,0,"Homeopathic Drops","5"
"Mag Phos 6X (Shwabe)","Dr. Willmar Schwabe Germany","Shwabe",0,0,0,0,"Homeopathic Drops","5"
"Ova Testa 30 (SHWABE)","Dr. Willmar Schwabe Germany","Shwabe",0,0,0,0,"Homeopathic Drops","5"
"Mezeerium 200 (Kamal)","Kamal Laboratories","KAMAL",0,0,0,0,"Homeopathic Drops","5"
"Hydrocotyle Q (ST)","Clinic Internal Preparation","Clinic",0,0,0,0,"Homeopathic Drops","1"
"Thuja 30 (Shwabe)","Dr. Willmar Schwabe Germany","Shwabe",0,0,0,0,"Homeopathic Drops","5"
"X-Ray 30 (KAMAL)","Kamal Laboratories","KAMAL",0,0,0,0,"Homeopathic Drops","5"
"55 For","Dr. Reckeweg Germany","RECK",0,0,0,0,"Homeopathic Drops","5"
"Crategus Q (C) (MASOD)","Masood Homoeopathic Pharma","MASOD",0,0,0,0,"Homeopathic Drops","5"
"10ml Droper","Clinic Internal Preparation","Clinic",0,0,0,0,"Homeopathic Drops","5"
"Damiana Q (ST)","Clinic Internal Preparation","Clinic",0,0,0,0,"Homeopathic Drops","5"
"Tribulus Terr Q (ST)","Clinic Internal Preparation","Clinic",0,0,0,0,"Homeopathic Drops","5"
"Arnica 30 (KENT)","Kent Homoeopathic Pharmacy","Kent",0,0,0,0,"Homeopathic Drops","5"
"Rawalsan--H","Clinic Internal Preparation","Clinic",0,0,0,0,"Homeopathic Drops","5"
"Nux Vomica 30 (KENT)","Kent Homoeopathic Pharmacy","Kent",0,0,0,0,"Homeopathic Drops","1"
"Cascara Sag Q (C)Class (KENT)","Kent Homoeopathic Pharmacy","Kent",0,0,0,0,"Homeopathic Drops","5"
"Sabal Prosta 120ml SYP","Paul Brooks Homoeo Lab","PBHL",0,0,0,0,"Homeopathic Drops","5"
"Ferr Met 30 (Shwabe)","Dr. Willmar Schwabe Germany","Shwabe",0,0,0,0,"Homeopathic Drops","5"
"Hydrocotyle Q (C) 500ml (BM)","BM Pvt LTD","BM",0,0,0,0,"Homeopathic Drops","3"
"Smart Water","Al S Pharma","Al S",0,0,0,0,"Homeopathic Drops","5"
"Phosphorus 200 (MASOD)","Masood Homoeopathic Pharma","MASOD",0,0,0,0,"Homeopathic Drops","5"
"Calc Carb 200 (MSOD)","Masood Homoeopathic Pharma","MASOD",0,0,0,0,"Homeopathic Drops","5"
"Rhus Tox 200 (KENT)","Kent Homoeopathic Pharmacy","Kent",0,0,0,0,"Homeopathic Drops","5"
"Meg Phos 6x 30gm (MEK)","MEKTUM Homeo Pharma","MEK",0,0,0,0,"Homeopathic Drops","5"
"Prstate Tab","Kent Homoeopathic Pharmacy","Kent",0,0,0,0,"Homeopathic Drops","5"
"Sharbat-e-Podina Amrood 240ml","T.S. Laboratories","T.S",0,0,0,0,"Homeopathic Drops","15"
"Mother Care Tonic 330ml","T.S. Laboratories","T.S",0,0,0,0,"Homeopathic Drops","20"
"Secal cor 30 (WSHAH)","W.S. Laboratories","WShah",0,0,0,0,"Homeopathic Drops","5"
"Oleum Jec Drops 30ml (BM)","BM Pvt LTD","BM",0,0,0,0,"Homeopathic Drops","5"
"Hair Support Drops 30ml","BM Pvt LTD","BM",0,0,0,0,"Homeopathic Drops","10"
"Rauwolfia Drops 30ml","BM Pvt LTD","BM",0,0,0,0,"Homeopathic Drops","156"
"Femolin 30 Tab","BM Pvt LTD","BM",0,0,0,0,"Homeopathic Drops","5"
"Chelidonium 30","Kent Homoeopathic Pharmacy","Kent",0,0,0,0,"Homeopathic Drops","5"
"Ignatia 200 (MASOD)","Masood Homoeopathic Pharma","MASOD",0,0,0,0,"Homeopathic Drops","5"
"Super Agnus 10 Tablet","M/S Pharma","M/S",0,0,0,0,"Tablet","10"
"Ultra Made 20Capsule","M/S Pharma","M/S",0,0,0,0,"Capsule","10"
"Analgeticum Plus 10 Tablets","M/S Pharma","M/S",0,0,0,0,"Tablet","5"
"Thuja 200 (KENT)","Kent Homoeopathic Pharmacy","Kent",0,0,0,0,"Homeopathic Drops","15"
"Selenium 200 (MASOD)","Masood Homoeopathic Pharma","MASOD",0,0,0,0,"Homeopathic Drops","10"
"Argentum Nit 200 (KENT)","Kent Homoeopathic Pharmacy","Kent",0,0,0,0,"Homeopathic Drops","10"
"Sharbat-e-Folad 240ml (M/S)","M/S Pharma","M/S",0,0,0,0,"Homeopathic Drops","15"
"Pulsatila Q (SHWABE)","Dr. Willmar Schwabe Germany","Shwabe",0,0,0,0,"Homeopathic Drops","5"
"Bio # 28(Shwabe)","Dr. Willmar Schwabe Germany","Shwabe",0,0,0,0,"Homeopathic Drops","5"
"Fever Compound 60ml SYP","Kent Homoeopathic Pharmacy","Kent",0,0,0,0,"Homeopathic Drops","5"
"A - 27","Clinic Internal Preparation","Clinic",0,0,0,0,"Homeopathic Drops","5"
"Sarsaprella Q","Clinic Internal Preparation","Clinic",0,0,0,0,"Homeopathic Drops","5"
"Almanan Homoeo & Herbal Pharma","Almanan Pharma","Almanan",0,0,0,0,"Company","2"
"Allerjin 10 Tab","Almanan Pharma","Almanan",0,0,0,0,"Homeopathic Drops","1"
"Sacfen lotion","T.S. Laboratories","T.S",0,0,0,0,"Homeopathic Drops","2"
"Allium Staiva Q (A) (Kent)","Kent Homoeopathic Pharmacy","Kent",0,0,0,0,"Homeopathic Drops","1"
"Chamomilla 30 30ml","Masood Homoeopathic Pharma","MASOD",0,0,0,0,"Homeopathic Drops","1"
"Viscum Alb 200 (BM)","BM Pvt LTD","BM",0,0,0,0,"Homeopathic Drops","1"
"Barium iod 200","Kent Homoeopathic Pharmacy","Kent",0,0,0,0,"Homeopathic Drops","2"
"Bioge No 5 ( 20gm )","Masood Homoeopathic Pharma","MASOD",0,0,0,0,"Homeopathic Drops","2"
"Bioge No 14 ( 20gm )","Masood Homoeopathic Pharma","MASOD",0,0,0,0,"Homeopathic Drops","2"
"Avena Q","Kent Homoeopathic Pharmacy","Kent",0,0,0,0,"Homeopathic Drops","2"
"Kali Phos 30 (MOSD)","Masood Homoeopathic Pharma","MASOD",0,0,0,0,"Homeopathic Drops","2"
"Phosted","Clinic Internal Preparation","Clinic",0,0,0,0,"Homeopathic Drops","1"
"X ray 30","BM Pvt LTD","BM",0,0,0,0,"Homeopathic Drops","2"
"Rhumatic Tab","Almanan Pharma","Almanan",0,0,0,0,"Homeopathic Drops","1"
"Azmanil Tab","Almanan Pharma","Almanan",0,0,0,0,"Homeopathic Drops","1"
"Phytolacca Dec 30 30ml","Kent Homoeopathic Pharmacy","Kent",0,0,0,0,"Homeopathic Drops","1"
"Dard e Shifa Cap","Clinic Internal Preparation","Clinic",0,0,0,0,"Homeopathic Drops","1"
"Pulsatila 30 30ml Kent","Kent Homoeopathic Pharmacy","Kent",0,0,0,0,"Homeopathic Drops","1"
"Calculi-H Drop","Clinic Internal Preparation","Clinic",0,0,0,0,"Homeopathic Drops","1"
"Arnica Shampoo 140ml","BM Pvt LTD","BM",0,0,0,0,"Homeopathic Drops","1"
"R 29","Dr. Reckeweg Germany","RECK",0,0,0,0,"Homeopathic Drops","1"
"Prostate 120ml","M/S Pharma","M/S",0,0,0,0,"Homeopathic Drops","1"
"Ova Teata 3X 5 (Blister)","BM Pvt LTD","BM",0,0,0,0,"Homeopathic Drops","1"
"Canthirs Q 30ml BM","BM Pvt LTD","BM",0,0,0,0,"Homeopathic Drops","1"
"Canthirs Q (E) 30ml BM","BM Pvt LTD","BM",0,0,0,0,"Homeopathic Drops","1"
"Hydrastis Can Q (G) (BM)","BM Pvt LTD","BM",0,0,0,0,"Homeopathic Drops","1"
"China off 30 30ml Kent","Kent Homoeopathic Pharmacy","Kent",0,0,0,0,"Homeopathic Drops","1"
"Kalkulinal Drop 20ml","Clinic Internal Preparation","Clinic",0,0,0,0,"Homeopathic Drops","1"
"Sabal sar Q {C}","Farhan Homoeo","Farhan",0,0,0,0,"Homeopathic Drops","1"
"Ruta Q (C)","Masood Homoeopathic Pharma","MASOD",0,0,0,0,"Homeopathic Drops","1"
"Liver Tonic 120ml","JR Laboratories","JR",0,0,0,0,"Homeopathic Drops","1"
"Gastric Cure 120ml","JR Laboratories","JR",0,0,0,0,"Homeopathic Drops","1"
"Fevo 120ml","JR Laboratories","JR",0,0,0,0,"Homeopathic Drops","1"
"Gastric plus 120ml","JR Laboratories","JR",0,0,0,0,"Homeopathic Drops","1"
"Khoon Safi 120ml","JR Laboratories","JR",0,0,0,0,"Homeopathic Drops","1"
"Causticum pius 120ml","JR Laboratories","JR",0,0,0,0,"Homeopathic Drops","1"
"Digestive 120ml","JR Laboratories","JR",0,0,0,0,"Homeopathic Drops","1"
"Aconitum Compiex 120ml","JR Laboratories","JR",0,0,0,0,"Homeopathic Drops","1"
"Berberis Syrup 120ml","JR Laboratories","JR",0,0,0,0,"Homeopathic Drops","1"
"Alfla - Ginsing 120ml","JR Laboratories","JR",0,0,0,0,"Homeopathic Drops","1"
"Ginsing Tonic 240ml","JR Laboratories","JR",0,0,0,0,"Homeopathic Drops","1"
"Aletris + Ashoka 240ml","JR Laboratories","JR",0,0,0,0,"Homeopathic Drops","1"
"Weight Grow 240ml","JR Laboratories","JR",0,0,0,0,"Homeopathic Drops","1"
"Super Ganeral Tonic 240ml","JR Laboratories","JR",0,0,0,0,"Homeopathic Drops","1"
"Cina 120ml","JR Laboratories","JR",0,0,0,0,"Homeopathic Drops","1"
"Aesclus + Hamamelis Drop 30ml","JR Laboratories","JR",0,0,0,0,"Homeopathic Drops","1"
"Berberis Drop 30ml","JR Laboratories","JR",0,0,0,0,"Homeopathic Drops","1"
"Causticum pius Drop 30ml","JR Laboratories","JR",0,0,0,0,"Homeopathic Drops","1"
"Damia Fort 30ml","JR Laboratories","JR",0,0,0,0,"Homeopathic Drops","1"
"Renal Kalculi Drop 30ml","JR Laboratories","JR",0,0,0,0,"Homeopathic Drops","1"
"Jaborandi Q (D) 30ml","BM Pvt LTD","BM",0,0,0,0,"Homeopathic Drops","2"
"jabrondi 30","W.S. Laboratories","WShah",0,0,0,0,"Homeopathic Drops","1"
"Caratgus Q (C) 30ml","BM Pvt LTD","BM",0,0,0,0,"Homeopathic Drops","1"
"Silicea 200 130ml (MSOD)","Masood Homoeopathic Pharma","MASOD",0,0,0,0,"Homeopathic Drops","1"
"Symphytum off Q (C)","Masood Homoeopathic Pharma","MASOD",0,0,0,0,"Homeopathic Drops","1"
"Arnica 200 (KENT)","Kent Homoeopathic Pharmacy","Kent",0,0,0,0,"Homeopathic Drops","1"
"Nux Vomica 200 (KENT)","Kent Homoeopathic Pharmacy","Kent",0,0,0,0,"Homeopathic Drops","1"
"Plumbum Met 30 30ml","Kent Homoeopathic Pharmacy","Kent",0,0,0,0,"Homeopathic Drops","1"
"Cina 30 30ml","Kent Homoeopathic Pharmacy","Kent",0,0,0,0,"Homeopathic Drops","1"
"Acid Nit 30 30ml","Kent Homoeopathic Pharmacy","Kent",0,0,0,0,"Homeopathic Drops","1"
"Apis Mell 30 (KENT)","Kent Homoeopathic Pharmacy","Kent",0,0,0,0,"Homeopathic Drops","1"
"Belladona 30 (KENT)","Kent Homoeopathic Pharmacy","Kent",0,0,0,0,"Homeopathic Drops","1"
"Vegan pro Cap","Clinic Internal Preparation","Clinic",0,0,0,0,"Homeopathic Drops","1"
"Sehat Mand  (cap)","Clinic Internal Preparation","Clinic",0,0,0,0,"Homeopathic Drops","1"
"Ginkgo-binum (20Tab)","NP Laboratories","NP",0,0,0,0,"Homeopathic Drops","2"
"HFP no 30","HFP Pvt Ltd","HFP",0,0,0,0,"Homeopathic Drops","1"
"Equisetum Q","Masood Homoeopathic Pharma","MASOD",0,0,0,0,"Homeopathic Drops","1"
"Echinacea Q","Dr. Willmar Schwabe Germany","Shwabe",0,0,0,0,"Homeopathic Drops","1"
"Jaborandi Q","Dr. Willmar Schwabe Germany","Shwabe",0,0,0,0,"Homeopathic Drops","1"
"Hydrastis Q","Dr. Willmar Schwabe Germany","Shwabe",0,0,0,0,"Homeopathic Drops","1"
"30","HFP Pvt Ltd","HFP",0,0,0,0,"Homeopathic Drops","1"
"Psorinum 30","Masood Homoeopathic Pharma","MASOD",0,0,0,0,"Homeopathic Drops","1"
"Naph kid (Drops)","Kamal Laboratories","KAMAL",0,0,0,0,"Homeopathic Drops","1"
"Pan puff  (tab)","Clinic Internal Preparation","Clinic",0,0,0,0,"Homeopathic Drops","1"
"Anti cured 200","Masood Homoeopathic Pharma","MASOD",0,0,0,0,"Homeopathic Drops","1"
"Petroleum 200","Masood Homoeopathic Pharma","MASOD",0,0,0,0,"Homeopathic Drops","1"
"Plumbum Met 200 30ml (kent)","Kent Homoeopathic Pharmacy","Kent",0,0,0,0,"Homeopathic Drops","1"
"Ferrum Phos 6X 30gm (BM)","BM Pvt LTD","BM",0,0,0,0,"Homeopathic Drops","1"
"Releeze Tab","Almanan Pharma","Almanan",0,0,0,0,"Homeopathic Drops","1"
"Baptisia tinct 200","Kent Homoeopathic Pharmacy","Kent",0,0,0,0,"Homeopathic Drops","1"
"Dulcamera 30","Dr. Willmar Schwabe Germany","Shwabe",0,0,0,0,"Homeopathic Drops","1"
"Graphites 30","Dr. Willmar Schwabe Germany","Shwabe",0,0,0,0,"Homeopathic Drops","1"
"Thyroidinum 30(BM)","bm Pharma","bm",0,0,0,0,"Homeopathic Drops","1"
"Sinus plus 120ml","Clinic Internal Preparation","Clinic",0,0,0,0,"Homeopathic Drops","1"
"Ginkgo biloba Q","Clinic Internal Preparation","Clinic",0,0,0,0,"Homeopathic Drops","1"
"Yohumbinum Q","Masood Homoeopathic Pharma","MASOD",0,0,0,0,"Homeopathic Drops","1"
"Sabal Q","Dr. Willmar Schwabe Germany","Shwabe",0,0,0,0,"Homeopathic Drops","1"
"7 Spigelia","HFP Pvt Ltd","HFP",0,0,0,0,"Homeopathic Drops","2"
"Labrada 7000","Clinic Internal Preparation","Clinic",0,0,0,0,"Homeopathic Drops","1"
"201 nux vomica","BM Pvt LTD","BM",0,0,0,0,"Homeopathic Drops","1"
"205 cocculus compound","BM Pvt LTD","BM",0,0,0,0,"Homeopathic Drops","1"
"206 Lolium temulentum","BM Pvt LTD","BM",0,0,0,0,"Homeopathic Drops","1"
"207 Ammomium mur","BM Pvt LTD","BM",0,0,0,0,"Homeopathic Drops","1"
"208 Hemisdesmus","BM Pvt LTD","BM",0,0,0,0,"Homeopathic Drops","1"
"210","BM Pvt LTD","BM",0,0,0,0,"Homeopathic Drops","1"
"211","BM Pvt LTD","BM",0,0,0,0,"Homeopathic Drops","1"
"212","BM Pvt LTD","BM",0,0,0,0,"Homeopathic Drops","1"
"213","BM Pvt LTD","BM",0,0,0,0,"Homeopathic Drops","1"
"214","bm Pharma","bm",0,0,0,0,"Homeopathic Drops","1"
"215","BM Pvt LTD","BM",0,0,0,0,"Homeopathic Drops","1"
"216","BM Pvt LTD","BM",0,0,0,0,"Homeopathic Drops","1"
"218","bm Pharma","bm",0,0,0,0,"Homeopathic Drops","1"
"220","BM Pvt LTD","BM",0,0,0,0,"Homeopathic Drops","1"
"221","BM Pvt LTD","BM",0,0,0,0,"Homeopathic Drops","1"
"222","BM Pvt LTD","BM",0,0,0,0,"Homeopathic Drops","1"
"224","BM Pvt LTD","BM",0,0,0,0,"Homeopathic Drops","1"
"225","BM Pvt LTD","BM",0,0,0,0,"Homeopathic Drops","1"
"227","BM Pvt LTD","BM",0,0,0,0,"Homeopathic Drops","1"
"235","BM Pvt LTD","BM",0,0,0,0,"Homeopathic Drops","1"
"236","BM Pvt LTD","BM",0,0,0,0,"Homeopathic Drops","1"
"237","BM Pvt LTD","BM",0,0,0,0,"Homeopathic Drops","1"
"238","BM Pvt LTD","BM",0,0,0,0,"Homeopathic Drops","1"
"241","BM Pvt LTD","BM",0,0,0,0,"Homeopathic Drops","1"
"243","BM Pvt LTD","BM",0,0,0,0,"Homeopathic Drops","1"
"245","BM Pvt LTD","BM",0,0,0,0,"Homeopathic Drops","1"
"248","BM Pvt LTD","BM",0,0,0,0,"Homeopathic Drops","1"
"249","BM Pvt LTD","BM",0,0,0,0,"Homeopathic Drops","1"
"250","BM Pvt LTD","BM",0,0,0,0,"Homeopathic Drops","1"
"251","bm Pharma","bm",0,0,0,0,"Homeopathic Drops","1"
"252","BM Pvt LTD","BM",0,0,0,0,"Homeopathic Drops","1"
"Infant Relex (15ml)","BM Pvt LTD","BM",0,0,0,0,"Homeopathic Drops","2"
"Tension Relief 30Ml Drops","BM Pvt LTD","BM",0,0,0,0,"Homeopathic Drops","2"
"Cardiac Care (CHOLESTEROL 30ml","BM Pvt LTD","BM",0,0,0,0,"Homeopathic Drops","1"
"Blatta Orien Q","Kent Homoeopathic Pharmacy","Kent",0,0,0,0,"Homeopathic Drops","1"
"Hepar Sulf 200","Masood Homoeopathic Pharma","MASOD",0,0,0,0,"Homeopathic Drops","1"
"Mag Phos 30 (MOSD)","Masood Homoeopathic Pharma","MASOD",0,0,0,0,"Homeopathic Drops","1"
"Berbaris Q (C)","Kent Homoeopathic Pharmacy","Kent",0,0,0,0,"Homeopathic Drops","1"
"Ipecacuanha 200","Dr. Willmar Schwabe Germany","Shwabe",0,0,0,0,"Homeopathic Drops","1"
"Thuja Occ Q (MSOD)","Masood Homoeopathic Pharma","MASOD",0,0,0,0,"Homeopathic Drops","1"
"Arbi majun","Ashraf Laboratories","AK",0,0,0,0,"Homeopathic Drops","1"
"Zafraan Gold","Ashraf Laboratories","AK",0,0,0,0,"Homeopathic Drops","1"
"Majun Akhrot","Ashraf Laboratories","AK",0,0,0,0,"Homeopathic Drops","1"
"Minola Plus 250ml","MEKTUM Homeo Pharma","MEK",0,0,0,0,"Homeopathic Drops","2"
"Ulsa-Mek 30 Tab","MEKTUM Homeo Pharma","MEK",0,0,0,0,"Homeopathic Drops","1"
"Vita Mek 100Tab","MEKTUM Homeo Pharma","MEK",0,0,0,0,"Homeopathic Drops","1"
"Osteo-Mek 30Tab","MEKTUM Homeo Pharma","MEK",0,0,0,0,"Homeopathic Drops","1"
"Arthro Mek 250Ml Syp","mek Pharma","mek",0,0,0,0,"Homeopathic Drops","1"
"vesicaria Q","Dr. Willmar Schwabe Germany","Shwabe",0,0,0,0,"Homeopathic Drops","1"
"R 27","Dr. Reckeweg Germany","RECK",0,0,0,0,"Homeopathic Drops","1"
"Acid Nit 30 3120ml (MSOD)","Masood Homoeopathic Pharma","MASOD",0,0,0,0,"Homeopathic Drops","1"
"14 Forte N","Dr. Reckeweg Germany","RECK",0,0,0,0,"Homeopathic Drops","1"
"China 30","Dr. Willmar Schwabe Germany","Shwabe",0,0,0,0,"Homeopathic Drops","1"
"Syzygium Q","Masood Homoeopathic Pharma","MASOD",0,0,0,0,"Homeopathic Drops","1"
"Dyrofen 60Ml Syp","HFP Pvt Ltd","HFP",0,0,0,0,"Homeopathic Drops","1"
"Kalmia 60Tab pain relief","Masood Homoeopathic Pharma","MASOD",0,0,0,0,"Homeopathic Drops","5"
"Kalmia 60Tab CF","Masood Homoeopathic Pharma","MASOD",0,0,0,0,"Homeopathic Drops","5"
"Belladona 30","Dr. Willmar Schwabe Germany","Shwabe",0,0,0,0,"Homeopathic Drops","1"
"Calc Carb 30 (Shwabe)","Dr. Willmar Schwabe Germany","Shwabe",0,0,0,0,"Homeopathic Drops","1"
"Carbo veg  30 (Shwabe)","Dr. Willmar Schwabe Germany","Shwabe",0,0,0,0,"Homeopathic Drops","1"
"Merc sol 30","Dr. Willmar Schwabe Germany","Shwabe",0,0,0,0,"Homeopathic Drops","1"
"Thuja Occ 30 (MSOD)","Masood Homoeopathic Pharma","MASOD",0,0,0,0,"Homeopathic Drops","1"
"Clematis Erecta 30","Masood Homoeopathic Pharma","MASOD",0,0,0,0,"Homeopathic Drops","1"
"Sabal Serr 30","Kamal Laboratories","KAMAL",0,0,0,0,"Homeopathic Drops","1"
"Solidago Virgaurea Q (C)","Masood Homoeopathic Pharma","MASOD",0,0,0,0,"Homeopathic Drops","1"
"Cheliton syrp 120ml","BLOSSOM Homeo Labs","BL",0,0,0,0,"Homeopathic Drops","6"
"Femifuge tab","BM Pvt LTD","BM",0,0,0,0,"Homeopathic Drops","1"
"Crateagus Q (Shwabe)","Dr. Willmar Schwabe Germany","Shwabe",0,0,0,0,"Homeopathic Drops","1"
"Caladium Seg 200","W.S. Laboratories","WShah",0,0,0,0,"Homeopathic Drops","1"
"Gripp Aconite syrp 450ml","Kent Homoeopathic Pharmacy","Kent",0,0,0,0,"Homeopathic Drops","5"
"Dental lotion 10ml","Kent Homoeopathic Pharmacy","Kent",0,0,0,0,"Homeopathic Drops","24"
"Energizer forte tonic 250ml","Kent Homoeopathic Pharmacy","Kent",0,0,0,0,"Homeopathic Drops","12"
"CASCARA SAGRADA 30 kamal","Kamal Laboratories","KAMAL",0,0,0,0,"Homeopathic Drops","1"
"R95","Dr. Reckeweg Germany","RECK",0,0,0,0,"Homeopathic Drops","1"
"Fever Nill 120Ml Syp","HFP Pvt Ltd","HFP",0,0,0,0,"Homeopathic Drops","1"
"Cool Neem Soap","Paul Brooks Homoeo Lab","PBHL",0,0,0,0,"Homeopathic Drops","1"
"95 Alfalfa","Dr. Reckeweg Germany","RECK",0,0,0,0,"Homeopathic Drops","1"
"Tuburculinum bov 200","Kent Homoeopathic Pharmacy","Kent",0,0,0,0,"Homeopathic Drops","1"
"Sabal serr Q 30ml","MEKTUM Homeo Pharma","MEK",0,0,0,0,"Homeopathic Drops","1"
"Acid Nit 200 30ml","BM Pvt LTD","BM",0,0,0,0,"Homeopathic Drops","5"
"Acid PICRIC 200 30ML","BM Pvt LTD","BM",0,0,0,0,"Homeopathic Drops","1"
"Allium Cepa 200 30ML","BM Pvt LTD","BM",0,0,0,0,"Homeopathic Drops","5"
"Alumen 200","BM Pvt LTD","BM",0,0,0,0,"Homeopathic Drops","5"
"Alumen 200 30ML","BM Pvt LTD","BM",0,0,0,0,"Homeopathic Drops","5"
"Alumina 200 30ml (BM)","bm Pharma","bm",0,0,0,0,"Homeopathic Drops","5"
"Anti Tart 200 30ml","BM Pvt LTD","BM",0,0,0,0,"Homeopathic Drops","3"
"Antimon crud 200 30ml","BM Pvt LTD","BM",0,0,0,0,"Homeopathic Drops","3"
"Argentum Met 200 30ml","BM Pvt LTD","BM",0,0,0,0,"Homeopathic Drops","3"
"Argentum Nit 200 30ml","BM Pvt LTD","BM",0,0,0,0,"Homeopathic Drops","3"
"Arnica Mont 200 30ml ( BM )","BM Pvt LTD","BM",0,0,0,0,"Homeopathic Drops","7"
"Aurum Met 200 30ml","BM Pvt LTD","BM",0,0,0,0,"Homeopathic Drops","3"
"Baptisia Tinc 200 30ml","BM Pvt LTD","BM",0,0,0,0,"Homeopathic Drops","3"
"Borex 200 30ml","BM Pvt LTD","BM",0,0,0,0,"Homeopathic Drops","3"
"Calc CARB 200 30ML","BM Pvt LTD","BM",0,0,0,0,"Homeopathic Drops","3"
"Canthris 200 30ml","BM Pvt LTD","BM",0,0,0,0,"Homeopathic Drops","5"
"Causticum 200 30ml","BM Pvt LTD","BM",0,0,0,0,"Homeopathic Drops","3"
"Cholesterinum 200 30ml","BM Pvt LTD","BM",0,0,0,0,"Homeopathic Drops","3"
"Colocynthis 200 30ml","BM Pvt LTD","BM",0,0,0,0,"Homeopathic Drops","3"
"Crotalus hor 200 30ml","BM Pvt LTD","BM",0,0,0,0,"Homeopathic Drops","3"
"Cupram Met 200 30ml","BM Pvt LTD","BM",0,0,0,0,"Homeopathic Drops","1"
"Discorea vill 200 30ml","bm Pharma","bm",0,0,0,0,"Homeopathic Drops","3"
"Drosera 200 30ml","BM Pvt LTD","BM",0,0,0,0,"Homeopathic Drops","1"
"Eupatorium Perf 200 30ml","BM Pvt LTD","BM",0,0,0,0,"Homeopathic Drops","3"
"Ferr met 200","bm Pharma","bm",0,0,0,0,"Homeopathic Drops","1"
"Ferr phos 200 30ml","BM Pvt LTD","BM",0,0,0,0,"Homeopathic Drops","3"
"Gelsemium 200 30ml","BM Pvt LTD","BM",0,0,0,0,"Homeopathic Drops","5"
"Glonoinum 200 30ml","BM Pvt LTD","BM",0,0,0,0,"Homeopathic Drops","5"
"Graphites 200 30ml","BM Pvt LTD","BM",0,0,0,0,"Homeopathic Drops","5"
"Justicia adh 200 30ml","BM Pvt LTD","BM",0,0,0,0,"Homeopathic Drops","1"
"Kali Bich 200 30ml","BM Pvt LTD","BM",0,0,0,0,"Homeopathic Drops","3"
"Kali Carb 200 30ml","BM Pvt LTD","BM",0,0,0,0,"Homeopathic Drops","1"
"Kali Mur 200 30ml","BM Pvt LTD","BM",0,0,0,0,"Homeopathic Drops","3"
"Kali Phos 200 30ml","BM Pvt LTD","BM",0,0,0,0,"Homeopathic Drops","5"
"Kali Sulf 200 30ml","BM Pvt LTD","BM",0,0,0,0,"Homeopathic Drops","3"
"Kalmia lat 200 30ml","BM Pvt LTD","BM",0,0,0,0,"Homeopathic Drops","3"
"Ledum Pal 200 30ml","BM Pvt LTD","BM",0,0,0,0,"Homeopathic Drops","1"
"Lemna Minor 200 30ml","BM Pvt LTD","BM",0,0,0,0,"Homeopathic Drops","1"
"Mag Phos 200 30ml","BM Pvt LTD","BM",0,0,0,0,"Homeopathic Drops","3"
"Merc Sol 200 30ml","BM Pvt LTD","BM",0,0,0,0,"Homeopathic Drops","3"
"Mezereum 200 30ml","BM Pvt LTD","BM",0,0,0,0,"Homeopathic Drops","3"
"Nat Mur 200 30ml","BM Pvt LTD","BM",0,0,0,0,"Homeopathic Drops","5"
"Nat Phos 200 30ml","BM Pvt LTD","BM",0,0,0,0,"Homeopathic Drops","3"
"Petroleum 200 30ml","BM Pvt LTD","BM",0,0,0,0,"Homeopathic Drops","3"
"Phosphorus 200 30ml","BM Pvt LTD","BM",0,0,0,0,"Homeopathic Drops","1"
"Phytolacca Dec 200 30ml","BM Pvt LTD","BM",0,0,0,0,"Homeopathic Drops","1"
"Plumbum Met 200 30ml","BM Pvt LTD","BM",0,0,0,0,"Homeopathic Drops","1"
"Podophllum pelt 200 30ml","BM Pvt LTD","BM",0,0,0,0,"Homeopathic Drops","1"
"Psorinum 200 30ml","BM Pvt LTD","BM",0,0,0,0,"Homeopathic Drops","3"
"Pulsatilla nig 200 30ml","BM Pvt LTD","BM",0,0,0,0,"Homeopathic Drops","5"
"Ratanhia 200 30ml","BM Pvt LTD","BM",0,0,0,0,"Homeopathic Drops","1"
"Robinia Pseudo 200 30ml","BM Pvt LTD","BM",0,0,0,0,"Homeopathic Drops","1"
"Rubia Tinct 200 30ml","BM Pvt LTD","BM",0,0,0,0,"Homeopathic Drops","1"
"Ruta gr. 200 30ml","BM Pvt LTD","BM",0,0,0,0,"Homeopathic Drops","1"
"Sabadilla 200 30ml","BM Pvt LTD","BM",0,0,0,0,"Homeopathic Drops","1"
"Sabina 200 30ml","BM Pvt LTD","BM",0,0,0,0,"Homeopathic Drops","1"
"Sanguinaria Can 200 30ml","BM Pvt LTD","BM",0,0,0,0,"Homeopathic Drops","3"
"Sanguinaria nit 200 30ml","BM Pvt LTD","BM",0,0,0,0,"Homeopathic Drops","1"
"Silicea 200 30ml","BM Pvt LTD","BM",0,0,0,0,"Homeopathic Drops","5"
"Spigelia Anth 200 30ml","BM Pvt LTD","BM",0,0,0,0,"Homeopathic Drops","3"
"Spongia 200 30ml","BM Pvt LTD","BM",0,0,0,0,"Homeopathic Drops","1"
"Staphysageria 200 30ml","BM Pvt LTD","BM",0,0,0,0,"Homeopathic Drops","5"
"Thyroidinum 200 30ml","BM Pvt LTD","BM",0,0,0,0,"Homeopathic Drops","3"
"Tuberculinum 200 30ml","BM Pvt LTD","BM",0,0,0,0,"Homeopathic Drops","3"
"Wiesbaden aqua 200 30ml","BM Pvt LTD","BM",0,0,0,0,"Homeopathic Drops","3"
"Zincum Met 200 30ml","BM Pvt LTD","BM",0,0,0,0,"Homeopathic Drops","1"
"Zincum Phos 200 30ml","BM Pvt LTD","BM",0,0,0,0,"Homeopathic Drops","1"
"Zincum Sulf 200 30ml","BM Pvt LTD","BM",0,0,0,0,"Homeopathic Drops","1"
"Zingiber 200 30ml","BM Pvt LTD","BM",0,0,0,0,"Homeopathic Drops","1"
"Acid PICRIC 30 30ml","BM Pvt LTD","BM",0,0,0,0,"Homeopathic Drops","1"
"Aethusa cyn 30 30ml","BM Pvt LTD","BM",0,0,0,0,"Homeopathic Drops","3"
"Agaricus mus 30 30ml","BM Pvt LTD","BM",0,0,0,0,"Homeopathic Drops","3"
"Agraphis nut 30 30ml","BM Pvt LTD","BM",0,0,0,0,"Homeopathic Drops","3"
"Argentum Met 30 30ml","BM Pvt LTD","BM",0,0,0,0,"Homeopathic Drops","3"
"Asafoetida 30 30ml","bm Pharma","bm",0,0,0,0,"Homeopathic Drops","3"
"Aurum Met 30 30ml","BM Pvt LTD","BM",0,0,0,0,"Homeopathic Drops","3"
"Bacillinum 30 30ml","BM Pvt LTD","BM",0,0,0,0,"Homeopathic Drops","3"
"Bovista 30 30ml","BM Pvt LTD","BM",0,0,0,0,"Homeopathic Drops","5"
"Calc CARB 30 30ml","BM Pvt LTD","BM",0,0,0,0,"Homeopathic Drops","5"
"Calc Fluor 30 30ml","BM Pvt LTD","BM",0,0,0,0,"Homeopathic Drops","7"
"Calc phos 30 30ml","BM Pvt LTD","BM",0,0,0,0,"Homeopathic Drops","3"
"Calc Renalis 30 30ml","BM Pvt LTD","BM",0,0,0,0,"Homeopathic Drops","1"
"Calc Sulf 30 30ml","BM Pvt LTD","BM",0,0,0,0,"Homeopathic Drops","1"
"Camphora 30 30ml","BM Pvt LTD","BM",0,0,0,0,"Homeopathic Drops","1"
"Cauliphyllum 30 30ml","BM Pvt LTD","BM",0,0,0,0,"Homeopathic Drops","1"
"Cholesterinum 30 30ml","BM Pvt LTD","BM",0,0,0,0,"Homeopathic Drops","7"
"Cicuta Virosa 30 30ml","BM Pvt LTD","BM",0,0,0,0,"Homeopathic Drops","1"
"Cimicifuga 30 30ml","BM Pvt LTD","BM",0,0,0,0,"Homeopathic Drops","5"
"Clematis ere 30 30ml","BM Pvt LTD","BM",0,0,0,0,"Homeopathic Drops","5"
"Cobaltum Met 30 30ml","BM Pvt LTD","BM",0,0,0,0,"Homeopathic Drops","1"
"Cobaltum nit 30 30ml","BM Pvt LTD","BM",0,0,0,0,"Homeopathic Drops","1"
"Coffea Crud 30 30ml","BM Pvt LTD","BM",0,0,0,0,"Homeopathic Drops","1"
"Colocynthis 30 30ml","BM Pvt LTD","BM",0,0,0,0,"Homeopathic Drops","5"
"Cupram ars 30 30ml","BM Pvt LTD","BM",0,0,0,0,"Homeopathic Drops","1"
"Cyclamen 30 30ml","BM Pvt LTD","BM",0,0,0,0,"Homeopathic Drops","1"
"Euphrasia 30 30ml","BM Pvt LTD","BM",0,0,0,0,"Homeopathic Drops","3"
"Ferr met 30 30ml","BM Pvt LTD","BM",0,0,0,0,"Homeopathic Drops","1"
"Ferr phos 30 30ml","BM Pvt LTD","BM",0,0,0,0,"Homeopathic Drops","5"
"Lapis Alb 30 30ml","BM Pvt LTD","BM",0,0,0,0,"Homeopathic Drops","1"
"Mag Phos 30 30ml","BM Pvt LTD","BM",0,0,0,0,"Homeopathic Drops","5"
"Merc Cyan 30 30ml","BM Pvt LTD","BM",0,0,0,0,"Homeopathic Drops","1"
"Ova Tosta 30 30ml","BM Pvt LTD","BM",0,0,0,0,"Homeopathic Drops","1"
"Petroleum 30 30ml","BM Pvt LTD","BM",0,0,0,0,"Homeopathic Drops","3"
"Phosphorus 30 30ml","BM Pvt LTD","BM",0,0,0,0,"Homeopathic Drops","1"
"Podophllum pelt 30 30ml","BM Pvt LTD","BM",0,0,0,0,"Homeopathic Drops","3"
"Pothos foetidus 30 30ml","BM Pvt LTD","BM",0,0,0,0,"Homeopathic Drops","3"
"Psorinum 30 30ml","BM Pvt LTD","BM",0,0,0,0,"Homeopathic Drops","3"
"Rubinia pseda 30 30ml","BM Pvt LTD","BM",0,0,0,0,"Homeopathic Drops","3"
"Sambucus Nigra 30 30ml","BM Pvt LTD","BM",0,0,0,0,"Homeopathic Drops","1"
"Sanguinaria nit 30 30ml","BM Pvt LTD","BM",0,0,0,0,"Homeopathic Drops","3"
"Sarsaparilla 30 30ml","BM Pvt LTD","BM",0,0,0,0,"Homeopathic Drops","2"
"Solidago 30 30ml","BM Pvt LTD","BM",0,0,0,0,"Homeopathic Drops","1"
"Tarentula Hisp 30 30ml","BM Pvt LTD","BM",0,0,0,0,"Homeopathic Drops","1"
"Trillium Pend 30 30ml","BM Pvt LTD","BM",0,0,0,0,"Homeopathic Drops","1"
"Ustilago maidis 30 30ml","BM Pvt LTD","BM",0,0,0,0,"Homeopathic Drops","1"
"Viburnum Opp 30 30ml","BM Pvt LTD","BM",0,0,0,0,"Homeopathic Drops","1"
"Wiesbaden 30 30ml","BM Pvt LTD","BM",0,0,0,0,"Homeopathic Drops","1"
"Aconite Nep 1000 10ml","BM Pvt LTD","BM",0,0,0,0,"Homeopathic Drops","3"
"Aconite Nep 1m 10ml","BM Pvt LTD","BM",0,0,0,0,"Homeopathic Drops","3"
"Apis Milli 1m 10ml","BM Pvt LTD","BM",0,0,0,0,"Homeopathic Drops","3"
"Arnica Mont 1M 10ml","BM Pvt LTD","BM",0,0,0,0,"Homeopathic Drops","5"
"Arsenic Album 1m 10ml","BM Pvt LTD","BM",0,0,0,0,"Homeopathic Drops","5"
"Bacillinum 1M (BM ) 10ml","BM Pvt LTD","BM",0,0,0,0,"Homeopathic Drops","1"
"Belladonna 1m 10ml","BM Pvt LTD","BM",0,0,0,0,"Homeopathic Drops","1"
"Bryonia Alb 1m 10ml","BM Pvt LTD","BM",0,0,0,0,"Homeopathic Drops","1"
"Calc Fluor 1M 10ml","BM Pvt LTD","BM",0,0,0,0,"Homeopathic Drops","1"
"Canthris 1m 10ml","BM Pvt LTD","BM",0,0,0,0,"Homeopathic Drops","3"
"Carbo Veg 1m 10ml","BM Pvt LTD","BM",0,0,0,0,"Homeopathic Drops","1"
"Chelidonium 1m 10ml","BM Pvt LTD","BM",0,0,0,0,"Homeopathic Drops","1"
"China Off 1m 10ml","BM Pvt LTD","BM",0,0,0,0,"Homeopathic Drops","1"
"Gelsemium 1m 10ml","BM Pvt LTD","BM",0,0,0,0,"Homeopathic Drops","3"
"Graphites 1m10ml","BM Pvt LTD","BM",0,0,0,0,"Homeopathic Drops","3"
"Kali Bich 1m 10ml","BM Pvt LTD","BM",0,0,0,0,"Homeopathic Drops","1"
"Kali Mur 1m 10ml","BM Pvt LTD","BM",0,0,0,0,"Homeopathic Drops","1"
"Lycopodium 1M 10ml","BM Pvt LTD","BM",0,0,0,0,"Homeopathic Drops","3"
"Mag Phos 1m 10ml","BM Pvt LTD","BM",0,0,0,0,"Homeopathic Drops","3"
"Merc Sol 1M 10ml","BM Pvt LTD","BM",0,0,0,0,"Homeopathic Drops","1"
"Mezereum 1m 10ml","BM Pvt LTD","BM",0,0,0,0,"Homeopathic Drops","1"
"Nat Mur 1m 10ml","BM Pvt LTD","BM",0,0,0,0,"Homeopathic Drops","3"
"Nat Phos 1m 10ml","BM Pvt LTD","BM",0,0,0,0,"Homeopathic Drops","1"
"Nat Sulf 1M 10ml","BM Pvt LTD","BM",0,0,0,0,"Homeopathic Drops","1"
"Nux Vomica 1M 10ml","BM Pvt LTD","BM",0,0,0,0,"Homeopathic Drops","3"
"Petroleum 1m 10ml","BM Pvt LTD","BM",0,0,0,0,"Homeopathic Drops","1"
"Pulsatilla nig 1m 10ml","BM Pvt LTD","BM",0,0,0,0,"Homeopathic Drops","3"
"Rhus Tox 1M 10ml","BM Pvt LTD","BM",0,0,0,0,"Homeopathic Drops","3"
"Selenium 1M 10ml","BM Pvt LTD","BM",0,0,0,0,"Homeopathic Drops","1"
"Sepia 1M 10ml","BM Pvt LTD","BM",0,0,0,0,"Homeopathic Drops","3"
"Silicea 1M 10ml","BM Pvt LTD","BM",0,0,0,0,"Homeopathic Drops","3"
"Spigelia 1m 10ml","BM Pvt LTD","BM",0,0,0,0,"Homeopathic Drops","1"
"Spongia 10 10ml","bm Pharma","bm",0,0,0,0,"Homeopathic Drops","1"
"Staphysageria 1m 10ml","BM Pvt LTD","BM",0,0,0,0,"Homeopathic Drops","1"
"Sulfer 1m 10ml","BM Pvt LTD","BM",0,0,0,0,"Homeopathic Drops","3"
"Thuja 1m 10ml","BM Pvt LTD","BM",0,0,0,0,"Homeopathic Drops","3"
"Thyroidinum 1M 10ml","BM Pvt LTD","BM",0,0,0,0,"Homeopathic Drops","3"
"Zincum Met 1m 10ml","BM Pvt LTD","BM",0,0,0,0,"Homeopathic Drops","1"
"Zincum Phos 1m 10ml","BM Pvt LTD","BM",0,0,0,0,"Homeopathic Drops","1"
"Zincum Sulf 1m 10ml","BM Pvt LTD","BM",0,0,0,0,"Homeopathic Drops","1"
"Cineraria eye drop 15ml","Paul Brooks Homoeo Lab","PBHL",0,0,0,0,"Homeopathic Drops","12"
"Flukidi syrp baby flu 120ml","Paul Brooks Homoeo Lab","PBHL",0,0,0,0,"Homeopathic Drops","12"
"Kidnif syrp 120ml","Paul Brooks Homoeo Lab","PBHL",0,0,0,0,"Homeopathic Drops","12"
"Mayaglobin syrp 250ml","Paul Brooks Homoeo Lab","PBHL",0,0,0,0,"Homeopathic Drops","12"
"Nephril kidney drops 30ml","Paul Brooks Homoeo Lab","PBHL",0,0,0,0,"Homeopathic Drops","6"
"Uracon drops 20ml","Paul Brooks Homoeo Lab","PBHL",0,0,0,0,"Homeopathic Drops","12"
"Urecret drops 30ml","Paul Brooks Homoeo Lab","PBHL",0,0,0,0,"Homeopathic Drops","6"
"Urican drops U.T.I 30ML","Paul Brooks Homoeo Lab","PBHL",0,0,0,0,"Homeopathic Drops","12"
"Uracon SACHET UTI CARE 30ml","Paul Brooks Homoeo Lab","PBHL",0,0,0,0,"Homeopathic Drops","6"
"Uracon SACHET UTI CARE 10s","Paul Brooks Homoeo Lab","PBHL",0,0,0,0,"Homeopathic Drops","6"
"Robina pseda 30","Masood Homoeopathic Pharma","MASOD",0,0,0,0,"Homeopathic Drops","1"
"fleksolin","qarshi Pharma","qarshi",0,0,0,0,"Homeopathic Drops","1"
"Carinosinum 1m 10ml","Dr. Willmar Schwabe Germany","Shwabe",0,0,0,0,"Homeopathic Drops","1"
"Compound","Clinic Internal Preparation","Clinic",0,0,0,0,"Homeopathic Drops","1"
"9 Hepa Sulf","HFP Pvt Ltd","HFP",0,0,0,0,"Homeopathic Drops","1"
"R31","Dr. Reckeweg Germany","RECK",0,0,0,0,"Homeopathic Drops","1"
"R 26","Dr. Reckeweg Germany","RECK",0,0,0,0,"Homeopathic Drops","1"
"Anti cured 30","Masood Homoeopathic Pharma","MASOD",0,0,0,0,"Homeopathic Drops","11"
"Anti Tart 30 30ml","BM Pvt LTD","BM",0,0,0,0,"Homeopathic Drops","1"
"Tuber collimium 200","Masood Homoeopathic Pharma","MASOD",0,0,0,0,"Homeopathic Drops","1"
"Sulfer 30 (MASOD)","Masood Homoeopathic Pharma","MASOD",0,0,0,0,"Homeopathic Drops","1"
"CILIR 120ml syrp","kamal Pharma","kamal",0,0,0,0,"Homeopathic Drops","2"
"TM PILESREST POWDER","Clinic Internal Preparation","Clinic",0,0,0,0,"Homeopathic Drops","2"
"Globiles diskittes 20no","MEKTUM Homeo Pharma","MEK",0,0,0,0,"Homeopathic Drops","5"
"Nefritol 120ml  (Masood)","Masood Homoeopathic Pharma","MASOD",0,0,0,0,"Homeopathic Drops","1"
"Phytolacca Q","Dr. Willmar Schwabe Germany","Shwabe",0,0,0,0,"Homeopathic Drops","1"
"Medorrhinum CM","Masood Homoeopathic Pharma","MASOD",0,0,0,0,"Homeopathic Drops","1"
"Arsenic ALB 200 30ML","Kent Homoeopathic Pharmacy","Kent",0,0,0,0,"Homeopathic Drops","1"
"Kalmia 200 30ml","Masood Homoeopathic Pharma","MASOD",0,0,0,0,"Homeopathic Drops","1"
"T-no mix","MEKTUM Homeo Pharma","MEK",0,0,0,0,"Homeopathic Drops","10"
"Mek Cream mix","MEKTUM Homeo Pharma","MEK",0,0,0,0,"Homeopathic Drops","7"
"30ml potiences kent","Kent Homoeopathic Pharmacy","Kent",0,0,0,0,"Homeopathic Drops","4"
"D- STONE 120ml","Clinic Internal Preparation","Clinic",0,0,0,0,"Homeopathic Drops","2"
"FIVE PHOS 12X 30gm","Kamal Laboratories","KAMAL",0,0,0,0,"Homeopathic Drops","3"
"Khatooni ( Qarshi )","Clinic Internal Preparation","Clinic",0,0,0,0,"Homeopathic Drops","1"
"Borax 200 30ml","Masood Homoeopathic Pharma","MASOD",0,0,0,0,"Homeopathic Drops","1"
"Lycopodium 200 30ml (MSOD)","Masood Homoeopathic Pharma","MASOD",0,0,0,0,"Homeopathic Drops","1"
"Nayyab Amla and Shikakai","Clinic Internal Preparation","Clinic",0,0,0,0,"Homeopathic Drops","1"
"Brebaris aqif Q","Clinic Internal Preparation","Clinic",0,0,0,0,"Homeopathic Drops","1"
"Syzigeum Jambol Q","Dr. Willmar Schwabe Germany","Shwabe",0,0,0,0,"Homeopathic Drops","1"
"NUX VOMICA 30 30ml","Farhan Homoeo","Farhan",0,0,0,0,"Homeopathic Drops","54"
"China OFF 200 30ml","Farhan Homoeo","Farhan",0,0,0,0,"Homeopathic Drops","27"
"ALOE SOCO 200 30ml","Farhan Homoeo","Farhan",0,0,0,0,"Homeopathic Drops","27"
"Urea pura 30","Masood Homoeopathic Pharma","MASOD",0,0,0,0,"Homeopathic Drops","1"
"GLOBILES 20","Masood Homoeopathic Pharma","MASOD",0,0,0,0,"Homeopathic Drops","3"
"Stramonium 200","Masood Homoeopathic Pharma","MASOD",0,0,0,0,"Homeopathic Drops","1"
"Berberis Aqu Q","W.S. Laboratories","WShah",0,0,0,0,"Homeopathic Drops","1"
"Disketts 2 Grain white round (450GM)","BM Pvt LTD","BM",0,0,0,0,"Homeopathic Drops","1"
"Ashoka Q","Kent Homoeopathic Pharmacy","Kent",0,0,0,0,"Homeopathic Drops","1"
"Opium 200","Kent Homoeopathic Pharmacy","Kent",0,0,0,0,"Homeopathic Drops","1"
"Chionanthus virg Q","Clinic Internal Preparation","Clinic",0,0,0,0,"Homeopathic Drops","1"
"Calendula Ezze Heal spray","Kent Homoeopathic Pharmacy","Kent",0,0,0,0,"Homeopathic Drops","1"
"Myristica SEB 30 30ml","Masood Homoeopathic Pharma","MASOD",0,0,0,0,"Homeopathic Drops","1"
"Acid Phos 200 30ml","Masood Homoeopathic Pharma","MASOD",0,0,0,0,"Homeopathic Drops","1"
"Conium 200 30ml","Kent Homoeopathic Pharmacy","Kent",0,0,0,0,"Homeopathic Drops","1"
"GLOBILES 50","Masood Homoeopathic Pharma","MASOD",0,0,0,0,"Homeopathic Drops","1"
"Bryonia ALB 30","Kent Homoeopathic Pharmacy","Kent",0,0,0,0,"Homeopathic Drops","1"
"Kali Mur 30 (MOSD)","Masood Homoeopathic Pharma","MASOD",0,0,0,0,"Homeopathic Drops","1"
"Kali Sulf 30","Kent Homoeopathic Pharmacy","Kent",0,0,0,0,"Homeopathic Drops","1"
"Raphanus sativus 30","Masood Homoeopathic Pharma","MASOD",0,0,0,0,"Homeopathic Drops","1"
"Collinsona 30","Masood Homoeopathic Pharma","MASOD",0,0,0,0,"Homeopathic Drops","1"
"Carbo veg 30","Masood Homoeopathic Pharma","MASOD",0,0,0,0,"Homeopathic Drops","1"
"Diatac tab","Almanan Pharma","Almanan",0,0,0,0,"Homeopathic Drops","1"
"Nat Mur 6x 20gm","Masood Homoeopathic Pharma","MASOD",0,0,0,0,"Homeopathic Drops","1"
"Iodium 200 30ml","Masood Homoeopathic Pharma","MASOD",0,0,0,0,"Homeopathic Drops","1"
"Syzygium Q 30ml","Kent Homoeopathic Pharmacy","Kent",0,0,0,0,"Homeopathic Drops","1"
"Hepar Sulf 30 30ml","Kent Homoeopathic Pharmacy","Kent",0,0,0,0,"Homeopathic Drops","1"
"Ecinacea ang Q 30ml","Kent Homoeopathic Pharmacy","Kent",0,0,0,0,"Homeopathic Drops","10"
"Nat mur 30 30ml","Kent Homoeopathic Pharmacy","Kent",0,0,0,0,"Homeopathic Drops","1"
"Mag mur 30 30ml","Masood Homoeopathic Pharma","MASOD",0,0,0,0,"Homeopathic Drops","1"
"jodium 200 30ml","Masood Homoeopathic Pharma","MASOD",0,0,0,0,"Homeopathic Drops","1"
"Alfalfa Q 30ml","Kent Homoeopathic Pharmacy","Kent",0,0,0,0,"Homeopathic Drops","1"
"Acid Phos Q 30ml","Kent Homoeopathic Pharmacy","Kent",0,0,0,0,"Homeopathic Drops","1"
"Canthris 30 30ml","Kent Homoeopathic Pharmacy","Kent",0,0,0,0,"Homeopathic Drops","1"
"Lycopodium 30 30ml","Kent Homoeopathic Pharmacy","Kent",0,0,0,0,"Homeopathic Drops","1"
"Bio 21","JR Laboratories","JR",0,0,0,0,"Homeopathic Drops","1"
"nat mur","Dr. Willmar Schwabe Germany","Shwabe",0,0,0,0,"Homeopathic Drops","1"
"Chelidonium Q 30 30ml","Dr. Willmar Schwabe Germany","Shwabe",0,0,0,0,"Homeopathic Drops","2"
"Cardus mar Q 30ml","Dr. Willmar Schwabe Germany","Shwabe",0,0,0,0,"Homeopathic Drops","2"
"R 17","Dr. Reckeweg Germany","RECK",0,0,0,0,"Homeopathic Drops","1"
"Phytolacca berry Q","Kent Homoeopathic Pharmacy","Kent",0,0,0,0,"Homeopathic Drops","1"
"Berbaris 30","Kent Homoeopathic Pharmacy","Kent",0,0,0,0,"Homeopathic Drops","1"
"Arnica medicated oil","Paul Brooks Homoeo Lab","PBHL",0,0,0,0,"Homeopathic Drops","1"
"4 KENT POTIENCES","KENT Pharma","KENT",0,0,0,0,"Homeopathic Drops","4"
"Arjuna q 30ml","Kent Homoeopathic Pharmacy","Kent",0,0,0,0,"Homeopathic Drops","1"
"Carategus Q 30ml","Kent Homoeopathic Pharmacy","Kent",0,0,0,0,"Homeopathic Drops","1"
"Arnica Mont 30ml","MEKTUM Homeo Pharma","MEK",0,0,0,0,"Homeopathic Drops","1"
"Arnica Mont Q 30ml","MEKTUM Homeo Pharma","MEK",0,0,0,0,"Homeopathic Drops","1"
"Kali Phos 200 (MOSD)4","Masood Homoeopathic Pharma","MASOD",0,0,0,0,"Homeopathic Drops","1"
"BioCom No (14)","Paul Brooks Homoeo Lab","PBHL",0,0,0,0,"Homeopathic Drops","2"
"2 potiences kent 30 30ml","kent Pharma","kent",0,0,0,0,"Homeopathic Drops","2"
"DROPERS 5گھئرئس","Clinic Internal Preparation","Clinic",0,0,0,0,"Homeopathic Drops","1"
"Causeticum 200 kent","Kent Homoeopathic Pharmacy","Kent",0,0,0,0,"Homeopathic Drops","2"
"Sepa 200 30ml","BM Pvt LTD","BM",0,0,0,0,"Homeopathic Drops","1"
"Carbo veg kent","Kent Homoeopathic Pharmacy","Kent",0,0,0,0,"Homeopathic Drops","1"
"Passiflora Q","Dr. Willmar Schwabe Germany","Shwabe",0,0,0,0,"Homeopathic Drops","1"
"Caratygus Q","Dr. Willmar Schwabe Germany","Shwabe",0,0,0,0,"Homeopathic Drops","1"
"Rawolfia Q","Dr. Willmar Schwabe Germany","Shwabe",0,0,0,0,"Homeopathic Drops","1"
"Faulad 120ml","BLOSSOM Homeo Labs","BL",0,0,0,0,"Homeopathic Drops","1"
"lycopodium 30 11ml","Dr. Reckeweg Germany","RECK",0,0,0,0,"Homeopathic Drops","1"
"Barium Carb 200 10ml","Dr. Willmar Schwabe Germany","Shwabe",0,0,0,0,"Homeopathic Drops","1"
"Justasia Q 30ml","Kent Homoeopathic Pharmacy","Kent",0,0,0,0,"Homeopathic Drops","1"
"Grose droper 2","Clinic Internal Preparation","Clinic",0,0,0,0,"Homeopathic Drops","2"
"Passiflora Q (D) 30ml","Masood Homoeopathic Pharma","MASOD",0,0,0,0,"Homeopathic Drops","2"
"IPECACUNHA 30 30ml","Kent Homoeopathic Pharmacy","Kent",0,0,0,0,"Homeopathic Drops","1"
"Causeticum 30 30ml","Kent Homoeopathic Pharmacy","Kent",0,0,0,0,"Homeopathic Drops","1"
"painril (Tab)","Almanan Pharma","Almanan",0,0,0,0,"Homeopathic Drops","1"
"Berbaris Valg 30 30ml","Masood Homoeopathic Pharma","MASOD",0,0,0,0,"Homeopathic Drops","1"
"Rhus Tox 30 30ml","Kent Homoeopathic Pharmacy","Kent",0,0,0,0,"Homeopathic Drops","1"
"Pulsatila 200 30ml Kent","Kent Homoeopathic Pharmacy","Kent",0,0,0,0,"Homeopathic Drops","1"
"Graphites 1M","Masood Homoeopathic Pharma","MASOD",0,0,0,0,"Homeopathic Drops","1"
"Oleum jac 30 30ml","Masood Homoeopathic Pharma","MASOD",0,0,0,0,"Homeopathic Drops","1"
"Thuja Occ 200 30ml","Masood Homoeopathic Pharma","MASOD",0,0,0,0,"Homeopathic Drops","1"
"Teucrum 200 30ml","Masood Homoeopathic Pharma","MASOD",0,0,0,0,"Homeopathic Drops","1"
"Limnna Minor 200 30ml","Masood Homoeopathic Pharma","MASOD",0,0,0,0,"Homeopathic Drops","1"
"Millefullium Q 30ml","Kent Homoeopathic Pharmacy","Kent",0,0,0,0,"Homeopathic Drops","1"
"Dulcamara 200 30ml","Masood Homoeopathic Pharma","MASOD",0,0,0,0,"Homeopathic Drops","1"
"27","Dr. Reckeweg Germany","RECK",0,0,0,0,"Homeopathic Drops","1"
"18","HFP Pvt Ltd","HFP",0,0,0,0,"Homeopathic Drops","1"
"PTK # 404","Dr. Willmar Schwabe Germany","Shwabe",0,0,0,0,"Homeopathic Drops","1"
"R 25","Dr. Reckeweg Germany","RECK",0,0,0,0,"Homeopathic Drops","1"
"R 18","Dr. Reckeweg Germany","RECK",0,0,0,0,"Homeopathic Drops","1"
"R131","Dr. Reckeweg Germany","RECK",0,0,0,0,"Homeopathic Drops","1"
"Damia Gold","Dr. Reckeweg Germany","RECK",0,0,0,0,"Homeopathic Drops","1"
"Rexorubia  (Tab)","Lehning Laboratories","Lehning",0,0,0,0,"Homeopathic Drops","1"
"Diacure","Lehning Laboratories","Lehning",0,0,0,0,"Homeopathic Drops","1"
"L 99 Selenium","Lehning Laboratories","Lehning",0,0,0,0,"Homeopathic Drops","1"
"Sinuspax","Lehning Laboratories","Lehning",0,0,0,0,"Homeopathic Drops","1"
"L 104","Lehning Laboratories","Lehning",0,0,0,0,"Homeopathic Drops","1"
"L112","Lehning Laboratories","Lehning",0,0,0,0,"Homeopathic Drops","1"
"L96","Lehning Laboratories","Lehning",0,0,0,0,"Homeopathic Drops","1"
"Diabene","Lehning Laboratories","Lehning",0,0,0,0,"Homeopathic Drops","1"
"BioCom No ( 20)","Paul Brooks Homoeo Lab","PBHL",0,0,0,0,"Homeopathic Drops","1"
"vilca minor 30","Dr. Willmar Schwabe Germany","Shwabe",0,0,0,0,"Homeopathic Drops","1"
"L 95","Lehning Laboratories","Lehning",0,0,0,0,"Homeopathic Drops","1"
"L 6","Lehning Laboratories","Lehning",0,0,0,0,"Homeopathic Drops","1"
"L 3","Lehning Laboratories","Lehning",0,0,0,0,"Homeopathic Drops","1"
"L 18","Lehning Laboratories","Lehning",0,0,0,0,"Homeopathic Drops","1"
"L 83 Berberis","Lehning Laboratories","Lehning",0,0,0,0,"Homeopathic Drops","1"
"L 9 Uvaursi","Lehning Laboratories","Lehning",0,0,0,0,"Homeopathic Drops","1"
"Tonique Vegetal","Lehning Laboratories","Lehning",0,0,0,0,"Homeopathic Drops","1"
"Nat Phos 30 30ml kent","Kent Homoeopathic Pharmacy","Kent",0,0,0,0,"Homeopathic Drops","1"
"Argentum Nit 30 (KENT)","Kent Homoeopathic Pharmacy","Kent",0,0,0,0,"Homeopathic Drops","1"
"Cemicifuga 30 30ml","Kent Homoeopathic Pharmacy","Kent",0,0,0,0,"Homeopathic Drops","1"
"394","W.S. Laboratories","WShah",0,0,0,0,"Homeopathic Drops","1"
"Nux Vomica 200 (BM)","BM Pvt LTD","BM",0,0,0,0,"Homeopathic Drops","3"
"podena 250ml","model Pharma","model",0,0,0,0,"Homeopathic Drops","1"
"Arnica 30","Dr. Willmar Schwabe Germany","Shwabe",0,0,0,0,"Homeopathic Drops","1"
"Doze","Clinic Internal Preparation","Clinic",0,0,0,0,"Homeopathic Drops","1"
"Rhus Tox 30 30ml (MSOD)","Masood Homoeopathic Pharma","MASOD",0,0,0,0,"Homeopathic Drops","1"
"Lycopodium 200 30ml","Kent Homoeopathic Pharmacy","Kent",0,0,0,0,"Homeopathic Drops","1"
"Camohor 30 30ml","Kent Homoeopathic Pharmacy","Kent",0,0,0,0,"Homeopathic Drops","1"
"12","ZAM ZAM Homoeo Pharma","ZAM ZAM",0,0,0,0,"Homeopathic Drops","1"
"72","BM\ Pharma","BM\",0,0,0,0,"Homeopathic Drops","2"
"2\","BM Pvt LTD","BM",0,0,0,0,"Homeopathic Drops","1"
"Rhus Tox Q (Shwabe)","Dr. Willmar Schwabe Germany","Shwabe",0,0,0,0,"Homeopathic Drops","1"
"nux omica 200","Dr. Willmar Schwabe Germany","Shwabe",0,0,0,0,"Homeopathic Drops","1"
"nux vomica 200","Dr. Willmar Schwabe Germany","Shwabe",0,0,0,0,"Homeopathic Drops","1"
"Damiana Q 30 30ml","Kent Homoeopathic Pharmacy","Kent",0,0,0,0,"Homeopathic Drops","1"
"T2","MEKTUM Homeo Pharma","MEK",0,0,0,0,"Homeopathic Drops","1"
"Carbo animal 30","Kamal Laboratories","KAMAL",0,0,0,0,"Homeopathic Drops","1"
"Acid Phos 30 30ml","Kent Homoeopathic Pharmacy","Kent",0,0,0,0,"Homeopathic Drops","1"
"Anti Crud 30 30ml","Kent Homoeopathic Pharmacy","Kent",0,0,0,0,"Homeopathic Drops","1"
"Lycopodium 300 (Shwabe)","Dr. Willmar Schwabe Germany","Shwabe",0,0,0,0,"Homeopathic Drops","1"
"Allium Cepa 30 30ML","BM Pvt LTD","BM",0,0,0,0,"Homeopathic Drops","1"
"Lori tab","Kamal Laboratories","KAMAL",0,0,0,0,"Homeopathic Drops","1"
"Stapysagria 30 30ml","Kent Homoeopathic Pharmacy","Kent",0,0,0,0,"Homeopathic Drops","2"
"Asculus 200 30ml","Masood Homoeopathic Pharma","MASOD",0,0,0,0,"Homeopathic Drops","1"
"Paultux With Toot Siyah 120ml","Paul Brooks Homoeo Lab","PBHL",0,0,0,0,"Homeopathic Drops","1"
"B.P Norma 30 Tablet","Paul Brooks Homoeo Lab","PBHL",0,0,0,0,"Homeopathic Drops","1"
"Suger of Milk 1 pound","Clinic Internal Preparation","Clinic",0,0,0,0,"Homeopathic Drops","1"
"Gossypium Her Q 30ml","Kent Homoeopathic Pharmacy","Kent",0,0,0,0,"Homeopathic Drops","1"
"Iris Vers 30 30ml","Kent Homoeopathic Pharmacy","Kent",0,0,0,0,"Homeopathic Drops","1"
"Piles rest powder","Clinic Internal Preparation","Clinic",0,0,0,0,"Homeopathic Drops","1"
"30 baryta carb","HFP Pvt Ltd","HFP",0,0,0,0,"Homeopathic Drops","1"
"Camphor 30 30ml","Kamal Laboratories","KAMAL",0,0,0,0,"Homeopathic Drops","1"
"Agnus cast Q 30ml","Kent Homoeopathic Pharmacy","Kent",0,0,0,0,"Homeopathic Drops","1"
"Gins","Paul Brooks Homoeo Lab","PBHL",0,0,0,0,"Homeopathic Drops","1"
"Chelidonium Q 30ML","Kent Homoeopathic Pharmacy","Kent",0,0,0,0,"Homeopathic Drops","1"
"Cineraria maritina drop","Dr. Willmar Schwabe Germany","Shwabe",0,0,0,0,"Homeopathic Drops","3"
"uridrol drop","Kent Homoeopathic Pharmacy","Kent",0,0,0,0,"Homeopathic Drops","1"
"Sabal ser Q","W.S. Laboratories","WShah",0,0,0,0,"Homeopathic Drops","1"
"Digitalis purp 200 30ml","Masood Homoeopathic Pharma","MASOD",0,0,0,0,"Homeopathic Drops","1"
"Caladium Seg Q 30ml","W.S. Laboratories","WShah",0,0,0,0,"Homeopathic Drops","1"
"Lycopodium Q 30ml","Kent Homoeopathic Pharmacy","Kent",0,0,0,0,"Homeopathic Drops","1"
"15 days","Clinic Internal Preparation","Clinic",0,0,0,0,"Homeopathic Drops","1"
"Trillium pend Q","Clinic Internal Preparation","Clinic",0,0,0,0,"Homeopathic Drops","1"
"Berberis vulg Q ST","Clinic Internal Preparation","Clinic",0,0,0,0,"Homeopathic Drops","1"
"Diarr Nol 120ml","Masood Homoeopathic Pharma","MASOD",0,0,0,0,"Homeopathic Drops","1"
"Euphrasia Eye Drop","Kent Homoeopathic Pharmacy","Kent",0,0,0,0,"Homeopathic Drops","1"
"Ignatia Q 30ml vspl","Kent Homoeopathic Pharmacy","Kent",0,0,0,0,"Homeopathic Drops","1"
"Acid  picric  30 30ml (MSOD)","Masood Homoeopathic Pharma","MASOD",0,0,0,0,"Homeopathic Drops","1"
"R 24","Dr. Reckeweg Germany","RECK",0,0,0,0,"Homeopathic Drops","1"
"jabrandi Q 30ml","Masood Homoeopathic Pharma","MASOD",0,0,0,0,"Homeopathic Drops","1"
"Lycasis 200 30ml","Masood Homoeopathic Pharma","MASOD",0,0,0,0,"Homeopathic Drops","1"
"A 25 prostate","Clinic Internal Preparation","Clinic",0,0,0,0,"Homeopathic Drops","1"
"Paeino 30ml","Masood Homoeopathic Pharma","MASOD",0,0,0,0,"Homeopathic Drops","1"
"Phosphorus 30 (MASOD)","Masood Homoeopathic Pharma","MASOD",0,0,0,0,"Homeopathic Drops","1"
"nat sulf 6x","Dr. Willmar Schwabe Germany","Shwabe",0,0,0,0,"Homeopathic Drops","1"
"Lycopodium 30 (Shwabe)","Dr. Willmar Schwabe Germany","Shwabe",0,0,0,0,"Homeopathic Drops","1"
"Millifulleim Q","Dr. Willmar Schwabe Germany","Shwabe",0,0,0,0,"Homeopathic Drops","1"
"354","HFP Pvt Ltd","HFP",0,0,0,0,"Homeopathic Drops","14"
"Fer7","Kent Homoeopathic Pharmacy","Kent",0,0,0,0,"Homeopathic Drops","1"
"Baryta carb 30 30ml","Masood Homoeopathic Pharma","MASOD",0,0,0,0,"Homeopathic Drops","1"
"Fucus vesi 30 30ml","Masood Homoeopathic Pharma","MASOD",0,0,0,0,"Homeopathic Drops","1"
"Tasken e dard","Clinic Internal Preparation","Clinic",0,0,0,0,"Homeopathic Drops","2"
"Apis milli 30 30ml","Dr. Willmar Schwabe Germany","Shwabe",0,0,0,0,"Homeopathic Drops","2"
"Power Inn 250Ml Syp4","HFP Pvt Ltd","HFP",0,0,0,0,"Homeopathic Drops","1"
"Calc Sulf 6X tab (BM)","BM Pvt LTD","BM",0,0,0,0,"Homeopathic Drops","6"
"Kali Sulf 6X t","BM Pvt LTD","BM",0,0,0,0,"Homeopathic Drops","1"
"Kali Sulf 6X tab (BM)","BM Pvt LTD","BM",0,0,0,0,"Homeopathic Drops","12"
"Kali Mur 6X tab (BM)","BM Pvt LTD","BM",0,0,0,0,"Homeopathic Drops","14"
"Kali Phos 6X tab (BM)","BM Pvt LTD","BM",0,0,0,0,"Homeopathic Drops","100"
"Mag Phos 6X tab (BM)","BM Pvt LTD","BM",0,0,0,0,"Homeopathic Drops","60"
"Nat Mur 6X tab (BM)","BM Pvt LTD","BM",0,0,0,0,"Homeopathic Drops","60"
"Nat Phos 6X tab (BM)","BM Pvt LTD","BM",0,0,0,0,"Homeopathic Drops","60"
"Five phos 6x tab (BM)","BM Pvt LTD","BM",0,0,0,0,"Homeopathic Drops","48"
"Nux Vomica 1m 30ml","Masood Homoeopathic Pharma","MASOD",0,0,0,0,"Homeopathic Drops","1"
"Thuja Occ 1m 30ml","Masood Homoeopathic Pharma","MASOD",0,0,0,0,"Homeopathic Drops","1"
"zingiber 30","Masood Homoeopathic Pharma","MASOD",0,0,0,0,"Homeopathic Drops","1"
"Eel serum 30","Masood Homoeopathic Pharma","MASOD",0,0,0,0,"Homeopathic Drops","1"
"Nat sulf 30 30ml","Kent Homoeopathic Pharmacy","Kent",0,0,0,0,"Homeopathic Drops","1"
"Nat sulf 200 30ml","Kent Homoeopathic Pharmacy","Kent",0,0,0,0,"Homeopathic Drops","1"
"HR No mix","Masood Homoeopathic Pharma","MASOD",0,0,0,0,"Homeopathic Drops","23"
"Avena Sativa 200 30ml","Kent Homoeopathic Pharmacy","Kent",0,0,0,0,"Homeopathic Drops","1"
"Selimium 200","Dr. Willmar Schwabe Germany","Shwabe",0,0,0,0,"Homeopathic Drops","1"
"Calc Flour 200 (Shwabe)","Dr. Willmar Schwabe Germany","Shwabe",0,0,0,0,"Homeopathic Drops","1"
"Joint Flex Cap Loss","Ashraf Laboratories","AK",0,0,0,0,"Homeopathic Drops","1"
"1M potiences 30ml","B.H.P Laboratory (PVT) LTD","BHP",0,0,0,0,"Homeopathic Drops","10"
"200 potiences 30ml","B.H.P Laboratory (PVT) LTD","BHP",0,0,0,0,"Homeopathic Drops","285"
"30 potiences 30ml","B.H.P Laboratory (PVT) LTD","BHP",0,0,0,0,"Homeopathic Drops","309"
"Avena stiva Q (A)","B.H.P Laboratory (PVT) LTD","BHP",0,0,0,0,"Homeopathic Drops","5"
"Avena stiva Q (A) 450ml","B.H.P Laboratory (PVT) LTD","BHP",0,0,0,0,"Homeopathic Drops","4"
"Ginkgo biloba (D) 30ml","B.H.P Laboratory (PVT) LTD","BHP",0,0,0,0,"Homeopathic Drops","3"
"Ginkgo biloba (D) 450ml","B.H.P Laboratory (PVT) LTD","BHP",0,0,0,0,"Homeopathic Drops","1"
"Vita Plus 240ml","T.S. Laboratories","T.S",0,0,0,0,"Homeopathic Drops","24"
"Akseer e sehat 240ml","T.S. Laboratories","T.S",0,0,0,0,"Homeopathic Drops","30"
"Ts podina white adrak 240ml","T.S. Laboratories","T.S",0,0,0,0,"Homeopathic Drops","32"
"Ts podina green adrak kalongi 240ml","T.S. Laboratories","T.S",0,0,0,0,"Homeopathic Drops","32"
"Arsaicum 200","Dr. Willmar Schwabe Germany","Shwabe",0,0,0,0,"Homeopathic Drops","1"
"T3","MEKTUM Homeo Pharma","MEK",0,0,0,0,"Homeopathic Drops","1"
"Belladona 200 (KENT)","Kent Homoeopathic Pharmacy","Kent",0,0,0,0,"Homeopathic Drops","3"
"GR","00 Pharma","00",0,0,0,0,"Islamabad","2"
"160","MEKTUM Homeo Pharma","MEK",0,0,0,0,"Homeopathic Drops","1"
"Phytolacca berry 200 30ml","Kent Homoeopathic Pharmacy","Kent",0,0,0,0,"Homeopathic Drops","1"
"Arnica Mont  Oil ( BM )","BM Pvt LTD","BM",0,0,0,0,"Homeopathic Drops","1"
"Radium broom 30ml","Kent Homoeopathic Pharmacy","Kent",0,0,0,0,"Homeopathic Drops","2"
"Lycopodium CM 30ml (MSOD)","Masood Homoeopathic Pharma","MASOD",0,0,0,0,"Homeopathic Drops","1"
"Sulfer 1m (MASOD)","Masood Homoeopathic Pharma","MASOD",0,0,0,0,"Homeopathic Drops","1"
"Carsosinum 1m","Masood Homoeopathic Pharma","MASOD",0,0,0,0,"Homeopathic Drops","1"
"Phytolacca tab 180tab","Masood Homoeopathic Pharma","MASOD",0,0,0,0,"Homeopathic Drops","1"
"Joint power","ak Pharma","ak",0,0,0,0,"Homeopathic Drops","1"
"Thuja 30 (KENT)","Kent Homoeopathic Pharmacy","Kent",0,0,0,0,"Homeopathic Drops","1"
"Selenium 30 (MASOD)","Masood Homoeopathic Pharma","MASOD",0,0,0,0,"Homeopathic Drops","1"
"GR pvt (Islamabad pharma )","0 Pharma","0",0,0,0,0,"Islamabad","0"
"Causticum 30 30ml","Dr. Willmar Schwabe Germany","Shwabe",0,0,0,0,"Homeopathic Drops","1"
"zincum met 30 30ml","Kent Homoeopathic Pharmacy","Kent",0,0,0,0,"Homeopathic Drops","1"
"Asculus 30","Kent Homoeopathic Pharmacy","Kent",0,0,0,0,"Homeopathic Drops","1"
"Discorea 30ml","Masood Homoeopathic Pharma","MASOD",0,0,0,0,"Homeopathic Drops","1"
"Agnus cast 30 30ml","Kent Homoeopathic Pharmacy","Kent",0,0,0,0,"Homeopathic Drops","1"
"x ray 200","Lehning Laboratories","Lehning",0,0,0,0,"Homeopathic Drops","1"
"Moringa Oleifera","GR Laboratories","GR",0,0,0,0,"Islamabad","2"
"GR 7 30ml","GR Laboratories","GR",0,0,0,0,"Homeopathic Drops","36"
"GR 8 30ml","GR Laboratories","GR",0,0,0,0,"Homeopathic Drops","24"
"GR 10 30ml","GR Laboratories","GR",0,0,0,0,"Homeopathic Drops","12"
"GR 20 30ml","GR Laboratories","GR",0,0,0,0,"Homeopathic Drops","12"
"GR 26","GR Laboratories","GR",0,0,0,0,"Homeopathic Drops","12"
"GR 29","GR Laboratories","GR",0,0,0,0,"Homeopathic Drops","12"
"causticum syrp 120ml","GR Laboratories","GR",0,0,0,0,"Homeopathic Drops","24"
"Renegen syrp 120ml","GR Laboratories","GR",0,0,0,0,"Homeopathic Drops","24"
"Homeogen 120ml","GR Laboratories","GR",0,0,0,0,"Homeopathic Drops","24"
"Beturm y cap","GR Laboratories","GR",0,0,0,0,"Homeopathic Drops","48"
"Spermet cap","GR Laboratories","GR",0,0,0,0,"Homeopathic Drops","12"
"Pilogen cap","GR Laboratories","GR",0,0,0,0,"Homeopathic Drops","12"
"Misomac cap","GR Laboratories","GR",0,0,0,0,"Homeopathic Drops","6"
"Self care tab","GR Laboratories","GR",0,0,0,0,"Homeopathic Drops","12"
"Luzeen tab","GR Laboratories","GR",0,0,0,0,"Homeopathic Drops","12"
"Vitalex tila 15ml","GR Laboratories","GR",0,0,0,0,"Homeopathic Drops","12"
"Haner drop tilla 15ml","GR Laboratories","GR",0,0,0,0,"Homeopathic Drops","15"
"Qalbina drops","GR Laboratories","GR",0,0,0,0,"Homeopathic Drops","60"
"Rene k drop","GR Laboratories","GR",0,0,0,0,"Homeopathic Drops","24"
"Tixen powder","GR Laboratories","GR",0,0,0,0,"Homeopathic Drops","60"
"Y lix syrp 120ml","GR Laboratories","GR",0,0,0,0,"Homeopathic Drops","24"
"Sharbat e Podina 240ml","GR Laboratories","GR",0,0,0,0,"Homeopathic Drops","25"
"Moringa Oleifera 240ml","GR Laboratories","GR",0,0,0,0,"Homeopathic Drops","20"
"Globin 240ml","GR Laboratories","GR",0,0,0,0,"Homeopathic Drops","20"
"Kanfuri piles tab","GR Laboratories","GR",0,0,0,0,"Homeopathic Drops","12"
"Paper Mint 120ml","T.S. Laboratories","T.S",0,0,0,0,"Homeopathic Drops","1"
"China fort 240ml","Clinic Internal Preparation","Clinic",0,0,0,0,"Homeopathic Drops","3"
"Trillium pend Q (E)","Masood Homoeopathic Pharma","MASOD",0,0,0,0,"Homeopathic Drops","1"
"Cladium seg 200","B.H.P Laboratory (PVT) LTD","BHP",0,0,0,0,"Homeopathic Drops","1"
"nux vomica 30","Dr. Willmar Schwabe Germany","Shwabe",0,0,0,0,"Homeopathic Drops","1"
"Agraphis 200","Masood Homoeopathic Pharma","MASOD",0,0,0,0,"Homeopathic Drops","1"
"Nat phos 30","Masood Homoeopathic Pharma","MASOD",0,0,0,0,"Homeopathic Drops","1"
"Syphilinum 1m","Masood Homoeopathic Pharma","MASOD",0,0,0,0,"Homeopathic Drops","1"
"China fort 120ml","Boricpharma Pharma","Boricpharma",0,0,0,0,"karachi","2"
"China fort SF 240ml","Boricpharma Pharma","Boricpharma",0,0,0,0,"Homeopathic Drops","70"
"Jututux cough SF 120ml","Paul Brooks Homoeo Lab","PBHL",0,0,0,0,"Homeopathic Drops","12"
"Teething 21 syrp 120ml","Paul Brooks Homoeo Lab","PBHL",0,0,0,0,"Homeopathic Drops","24"
"Morilina 240ml","Paul Brooks Homoeo Lab","PBHL",0,0,0,0,"Homeopathic Drops","6"
"Sharbat-e-Folad SF 240ml","Paul Brooks Homoeo Lab","PBHL",0,0,0,0,"Homeopathic Drops","12"
"Ginseng plus oral drop","Paul Brooks Homoeo Lab","PBHL",0,0,0,0,"Homeopathic Drops","12"
"Veve drops 20ml","Paul Brooks Homoeo Lab","PBHL",0,0,0,0,"Homeopathic Drops","6"
"Spondi -- B 30ml Drops","Paul Brooks Homoeo Lab","PBHL",0,0,0,0,"Homeopathic Drops","6"
"FF cure drops","Paul Brooks Homoeo Lab","PBHL",0,0,0,0,"Homeopathic Drops","12"
"Pilocon drops 30ml","Paul Brooks Homoeo Lab","PBHL",0,0,0,0,"Homeopathic Drops","12"
"Ginseng cap","pbhl Pharma","pbhl",0,0,0,0,"Homeopathic Drops","6"
"H B P caps","Paul Brooks Homoeo Lab","PBHL",0,0,0,0,"Homeopathic Drops","6"
"Proscon cao","Paul Brooks Homoeo Lab","PBHL",0,0,0,0,"Homeopathic Drops","6"
"Sabal Prosta tab","pbhl Pharma","pbhl",0,0,0,0,"Homeopathic Drops","6"
"BioCom No ( 21","Paul Brooks Homoeo Lab","PBHL",0,0,0,0,"Homeopathic Drops","45"
"Plumbum met 30","Masood Homoeopathic Pharma","MASOD",0,0,0,0,"Homeopathic Drops","2"
"Alfalfa Q masod","Masood Homoeopathic Pharma","MASOD",0,0,0,0,"Homeopathic Drops","1"
"Bl-48","BLOSSOM Homeo Labs","BL",0,0,0,0,"Homeopathic Drops","1"
"Ipecacunha 30","B.H.P Laboratory (PVT) LTD","BHP",0,0,0,0,"Homeopathic Drops","1"
"Dificult medicine","Clinic Internal Preparation","Clinic",0,0,0,0,"Homeopathic Drops","10"
"Ruta 200 30ml","Masood Homoeopathic Pharma","MASOD",0,0,0,0,"Homeopathic Drops","1"
"Jabrandi Q","Kent Homoeopathic Pharmacy","Kent",0,0,0,0,"Homeopathic Drops","2"
"Kali broom 30 10ml","Dr. Willmar Schwabe Germany","Shwabe",0,0,0,0,"Homeopathic Drops","1"
"Gelesimium 30","Dr. Willmar Schwabe Germany","Shwabe",0,0,0,0,"Homeopathic Drops","1"
"Graphites 200","Dr. Willmar Schwabe Germany","Shwabe",0,0,0,0,"Homeopathic Drops","1"
"Eal serrum 30 10ml","Dr. Willmar Schwabe Germany","Shwabe",0,0,0,0,"Homeopathic Drops","1"
"Cars\","Masood Homoeopathic Pharma","MASOD",0,0,0,0,"Homeopathic Drops","1"
"Bio 21 120ml","JR Laboratories","JR",0,0,0,0,"Homeopathic Drops","50"
"Lycovet + Alfa 120ml","JR Laboratories","JR",0,0,0,0,"Homeopathic Drops","20"
"Euparotum 30","Masood Homoeopathic Pharma","MASOD",0,0,0,0,"Homeopathic Drops","1"
"Ginkgo Q","Kent Homoeopathic Pharmacy","Kent",0,0,0,0,"Homeopathic Drops","1"
"Sulphur 200","Kent Homoeopathic Pharmacy","Kent",0,0,0,0,"Homeopathic Drops","1"
"Farq nikala","Clinic Internal Preparation","Clinic",0,0,0,0,"Homeopathic Drops","1"
"Be relex tab","BLOSSOM Homeo Labs","BL",0,0,0,0,"Homeopathic Drops","2"
"Aconite 30","Dr. Willmar Schwabe Germany","Shwabe",0,0,0,0,"Homeopathic Drops","1"
"Calendula Q","Kent Homoeopathic Pharmacy","Kent",0,0,0,0,"Homeopathic Drops","1"
"Alfalfa 60ml","T.S. Laboratories","T.S",0,0,0,0,"Homeopathic Drops","180"
"Acid phos 30","Dr. Willmar Schwabe Germany","Shwabe",0,0,0,0,"Homeopathic Drops","1"
"Arsenic alb 30","Dr. Willmar Schwabe Germany","Shwabe",0,0,0,0,"Homeopathic Drops","1"
"Ignatia 30","Dr. Willmar Schwabe Germany","Shwabe",0,0,0,0,"Homeopathic Drops","1"
"Sulfer 30","Dr. Willmar Schwabe Germany","Shwabe",0,0,0,0,"Homeopathic Drops","1"
"nat chlora 200","Dr. Willmar Schwabe Germany","Shwabe",0,0,0,0,"Homeopathic Drops","1"
"1 kent potiences","Kent Homoeopathic Pharmacy","Kent",0,0,0,0,"Homeopathic Drops","1"
"Kent no mix","Kent Homoeopathic Pharmacy","Kent",0,0,0,0,"Homeopathic Drops","30"
"HomoeoLaX tab","BM Pvt LTD","BM",0,0,0,0,"Homeopathic Drops","3"
"Phytolacca berry Q (E)","Masood Homoeopathic Pharma","MASOD",0,0,0,0,"Homeopathic Drops","1"
"R 36","Dr. Reckeweg Germany","RECK",0,0,0,0,"Homeopathic Drops","1"
"Argentum nig 1m","W.S. Laboratories","WShah",0,0,0,0,"Homeopathic Drops","1"
"insulim 30","Kamal Laboratories","KAMAL",0,0,0,0,"Homeopathic Drops","1"
"Potiences 1","BM Pvt LTD","BM",0,0,0,0,"Homeopathic Drops","1"
"Hand cash","Clinic Internal Preparation","Clinic",0,0,0,0,"Homeopathic Drops","1"
"Belladona Q (D)","Masood Homoeopathic Pharma","MASOD",0,0,0,0,"Homeopathic Drops","2"
"Gre","BM Pvt LTD","BM",0,0,0,0,"Homeopathic Drops","1"
"Hypericum Q","Kent Homoeopathic Pharmacy","Kent",0,0,0,0,"Homeopathic Drops","1"
"Disketts 3 Grain green round","BM Pvt LTD","BM",0,0,0,0,"Homeopathic Drops","1"
"Disketts 2 Grain green  round (450GM)","BM Pvt LTD","BM",0,0,0,0,"Homeopathic Drops","7"
"Disketts 5 Grain pink round (450GM)","BM Pvt LTD","BM",0,0,0,0,"Homeopathic Drops","4"
"Ginsuing Q","Dr. Willmar Schwabe Germany","Shwabe",0,0,0,0,"Homeopathic Drops","1"
"Silecea 30","Kent Homoeopathic Pharmacy","Kent",0,0,0,0,"Homeopathic Drops","1"
"Anacardium 30","Kent Homoeopathic Pharmacy","Kent",0,0,0,0,"Homeopathic Drops","1"
"yohimbinum Q st","Clinic Internal Preparation","Clinic",0,0,0,0,"Homeopathic Drops","1"
"Tuber collimium 1m","Masood Homoeopathic Pharma","MASOD",0,0,0,0,"Homeopathic Drops","1"
"Calc sulp 200","Kent Homoeopathic Pharmacy","Kent",0,0,0,0,"Homeopathic Drops","1"
"Dulcamara 200","Kent Homoeopathic Pharmacy","Kent",0,0,0,0,"Homeopathic Drops","1"
"Arnica 200","Dr. Willmar Schwabe Germany","Shwabe",0,0,0,0,"Homeopathic Drops","1"
"Luzy Tablet box","Kamal Laboratories","KAMAL",0,0,0,0,"Homeopathic Drops","100"
"Selenium 200","Kent Homoeopathic Pharmacy","Kent",0,0,0,0,"Homeopathic Drops","1"
"Hepar Sulf 200 30ml","Kent Homoeopathic Pharmacy","Kent",0,0,0,0,"Homeopathic Drops","1"
"Carategus 200","Kent Homoeopathic Pharmacy","Kent",0,0,0,0,"Homeopathic Drops","2"
"Glonium 30","Dr. Willmar Schwabe Germany","Shwabe",0,0,0,0,"Homeopathic Drops","1"
"Onintum 3x tab","BM Pvt LTD","BM",0,0,0,0,"Homeopathic Drops","1"
"Agnus Cast 200","Masood Homoeopathic Pharma","MASOD",0,0,0,0,"Homeopathic Drops","1"
"Calculi H (peluger)","Clinic Internal Preparation","Clinic",0,0,0,0,"Homeopathic Drops","1"
"Sarsaprilaa Q","Kent Homoeopathic Pharmacy","Kent",0,0,0,0,"Homeopathic Drops","1"
"Nat Mur 30","Masood Homoeopathic Pharma","MASOD",0,0,0,0,"Homeopathic Drops","2"
"Luj","Kent Homoeopathic Pharmacy","Kent",0,0,0,0,"Homeopathic Drops","1"
"Poyt","Masood Homoeopathic Pharma","MASOD",0,0,0,0,"Homeopathic Drops","1"
"30ml potiences","Masood Homoeopathic Pharma","MASOD",0,0,0,0,"Homeopathic Drops","4"
"Alergic cap blue","Clinic Internal Preparation","Clinic",0,0,0,0,"Homeopathic Drops","2"
"fair face tab","NP Laboratories","NP",0,0,0,0,"Homeopathic Drops","1"
"Solidago Q st","Clinic Internal Preparation","Clinic",0,0,0,0,"Homeopathic Drops","1"
"Lapis alb 30","Kent Homoeopathic Pharmacy","Kent",0,0,0,0,"Homeopathic Drops","1"
"Calc flour 200","Kent Homoeopathic Pharmacy","Kent",0,0,0,0,"Homeopathic Drops","1"
"Calc phos","Kent Homoeopathic Pharmacy","Kent",0,0,0,0,"Homeopathic Drops","1"
"tonsi cough","ZAM ZAM Homoeo Pharma","ZAM ZAM",0,0,0,0,"Homeopathic Drops","3"
"Kalmia Q (G)","Masood Homoeopathic Pharma","MASOD",0,0,0,0,"Homeopathic Drops","1"
"Calc Fluor 6X tab BM","BM Pvt LTD","BM",0,0,0,0,"Homeopathic Drops","100"
"Ferr phos 6x tab BM","BM Pvt LTD","BM",0,0,0,0,"Homeopathic Drops","60"
"Nat Sulf 6x tab BM","BM Pvt LTD","BM",0,0,0,0,"Homeopathic Drops","100"
"Blanketts 4 grain white 450gm","BM Pvt LTD","BM",0,0,0,0,"Homeopathic Drops","2"
"Disketts 2 Grain yellow","BM Pvt LTD","BM",0,0,0,0,"Homeopathic Drops","10"
"Disketts 3 Grain pink 450gm","BM Pvt LTD","BM",0,0,0,0,"Homeopathic Drops","12"
"Disketts 4 Grain white 450gm","BM Pvt LTD","BM",0,0,0,0,"Homeopathic Drops","25"
"Symphyttum 200","Kent Homoeopathic Pharmacy","Kent",0,0,0,0,"Homeopathic Drops","1"
"Ferrum met 200","Kent Homoeopathic Pharmacy","Kent",0,0,0,0,"Homeopathic Drops","1"
"Guaicom 30","Kent Homoeopathic Pharmacy","Kent",0,0,0,0,"Homeopathic Drops","1"
"Arnica 200 k","Kent Homoeopathic Pharmacy","Kent",0,0,0,0,"Homeopathic Drops","1"
"Lapis alb 200","Masood Homoeopathic Pharma","MASOD",0,0,0,0,"Homeopathic Drops","1"
"ViSUM ALB","Masood Homoeopathic Pharma","MASOD",0,0,0,0,"Homeopathic Drops","1"
"Nux 200","B.H.P Laboratory (PVT) LTD","BHP",0,0,0,0,"Homeopathic Drops","2"
"Uti","Paul Brooks Homoeo Lab","PBHL",0,0,0,0,"Homeopathic Drops","1"
"Uit Gramles","Paul Brooks Homoeo Lab","PBHL",0,0,0,0,"Homeopathic Drops","1"
"Bryonia ALB 200","Kent Homoeopathic Pharmacy","Kent",0,0,0,0,"Homeopathic Drops","1"
"Camomilla 30","Kent Homoeopathic Pharmacy","Kent",0,0,0,0,"Homeopathic Drops","1"
"Ocimum can 30","Masood Homoeopathic Pharma","MASOD",0,0,0,0,"Homeopathic Drops","1"
"Viburnum Q (D)","Masood Homoeopathic Pharma","MASOD",0,0,0,0,"Homeopathic Drops","1"
"Chanathus Q (G)","Masood Homoeopathic Pharma","MASOD",0,0,0,0,"Homeopathic Drops","1"
"Acid Sulf 30","Kent Homoeopathic Pharmacy","Kent",0,0,0,0,"Homeopathic Drops","1"
"Ignitian 200","B.H.P Laboratory (PVT) LTD","BHP",0,0,0,0,"Homeopathic Drops","1"
"Calc Flore 200","Masood Homoeopathic Pharma","MASOD",0,0,0,0,"Homeopathic Drops","1"
"Hydrocotyle Q (C)","Masood Homoeopathic Pharma","MASOD",0,0,0,0,"Homeopathic Drops","1"
"Merc Sol 30 (MOSD)","Masood Homoeopathic Pharma","MASOD",0,0,0,0,"Homeopathic Drops","1"
"Bl-42 Drops","BLOSSOM Homeo Labs","BL",0,0,0,0,"Homeopathic Drops","1"
"Best tropin high drop 30ml","BM Pvt LTD","BM",0,0,0,0,"Homeopathic Drops","6"
"Disketts 1 Grain yellow","bm Pharma","bm",0,0,0,0,"Homeopathic Drops","20"
"Disketts 1 Grain green 450gm","BM Pvt LTD","BM",0,0,0,0,"Homeopathic Drops","20"
"Phosphorus 200 (Shwabe)","Dr. Willmar Schwabe Germany","Shwabe",0,0,0,0,"Homeopathic Drops","1"
"Sinnosis A49","Clinic Internal Preparation","Clinic",0,0,0,0,"Homeopathic Drops","1"
"Per Day Madican","Clinic Internal Preparation","Clinic",0,0,0,0,"Homeopathic Drops","1"
"Trillium pend Q (F)","Masood Homoeopathic Pharma","MASOD",0,0,0,0,"Homeopathic Drops","1"
"Millefullium 30","Kent Homoeopathic Pharmacy","Kent",0,0,0,0,"Homeopathic Drops","1"
"Acid Phos Q (B) 30ml","Masood Homoeopathic Pharma","MASOD",0,0,0,0,"Homeopathic Drops","1"
"Cardus Q","Kent Homoeopathic Pharmacy","Kent",0,0,0,0,"Homeopathic Drops","1"
"Prawa brawa Q","Kent Homoeopathic Pharmacy","Kent",0,0,0,0,"Homeopathic Drops","2"
"DoloTox (TAB)","BLOSSOM Homeo Labs","BL",0,0,0,0,"Homeopathic Drops","1"
"Mouth gel","Kent Homoeopathic Pharmacy","Kent",0,0,0,0,"Homeopathic Drops","6"
"Cough and cold mansoora","Clinic Internal Preparation","Clinic",0,0,0,0,"Homeopathic Drops","1"
"Kharish soap","Clinic Internal Preparation","Clinic",0,0,0,0,"Homeopathic Drops","12"
"Norcid Plus 240ml","B.H.P Laboratory (PVT) LTD","BHP",0,0,0,0,"Homeopathic Drops","12"
"kidno 120ml","M/S Pharma","M/S",0,0,0,0,"Homeopathic Drops","12"
"Ars Sulf Flav 30","Masood Homoeopathic Pharma","MASOD",0,0,0,0,"Homeopathic Drops","1"
"Fevolex 60ml","BLOSSOM Homeo Labs","BL",0,0,0,0,"Homeopathic Drops","63"
"Phytolacca tab","Kent Homoeopathic Pharmacy","Kent",0,0,0,0,"Homeopathic Drops","3"
"Alfalfa Tonic sf 120ml kent","Kent Homoeopathic Pharmacy","Kent",0,0,0,0,"Homeopathic Drops","12"
"Arthrovina cap","Kent Homoeopathic Pharmacy","Kent",0,0,0,0,"Homeopathic Drops","1"
"Arthrovina sf syrp 120ml","Kent Homoeopathic Pharmacy","Kent",0,0,0,0,"Homeopathic Drops","24"
"Asthavina sf syrp 120ml","Kent Homoeopathic Pharmacy","Kent",0,0,0,0,"Homeopathic Drops","6"
"Asthavina cap","Kent Homoeopathic Pharmacy","Kent",0,0,0,0,"Homeopathic Drops","12"
"Ashoka cordial 120ml","Kent Homoeopathic Pharmacy","Kent",0,0,0,0,"Homeopathic Drops","12"
"Benefix 10 cream","Kent Homoeopathic Pharmacy","Kent",0,0,0,0,"Homeopathic Drops","12"
"Calcium Tablet blue","Kent Homoeopathic Pharmacy","Kent",0,0,0,0,"Homeopathic Drops","12"
"Crataeygus cap","Kent Homoeopathic Pharmacy","Kent",0,0,0,0,"Homeopathic Drops","12"
"Contisen sf syrp 120ml","Kent Homoeopathic Pharmacy","Kent",0,0,0,0,"Homeopathic Drops","12"
"Crataegus heart sf syrp 120ml","Kent Homoeopathic Pharmacy","Kent",0,0,0,0,"Homeopathic Drops","3"
"Crataegus heart sf syrp 250ml","Kent Homoeopathic Pharmacy","Kent",0,0,0,0,"Homeopathic Drops","3"
"Dibalsin drop","Kent Homoeopathic Pharmacy","Kent",0,0,0,0,"Homeopathic Drops","12"
"Damiagesic sf 120ml","Kent Homoeopathic Pharmacy","Kent",0,0,0,0,"Homeopathic Drops","3"
"Enerfit plus tab","Kent Homoeopathic Pharmacy","Kent",0,0,0,0,"Homeopathic Drops","6"
"Energizer forte tonic 120ml","Kent Homoeopathic Pharmacy","Kent",0,0,0,0,"Homeopathic Drops","30"
"Energizer sf syrp 250","Kent Homoeopathic Pharmacy","Kent",0,0,0,0,"Homeopathic Drops","1"
"Energizer sf syrp 250ml","Kent Homoeopathic Pharmacy","Kent",0,0,0,0,"Homeopathic Drops","6"
"Fever Compound 250gm tab","Kent Homoeopathic Pharmacy","Kent",0,0,0,0,"Homeopathic Drops","2"
"Gynogesic sf 120ml","Kent Homoeopathic Pharmacy","Kent",0,0,0,0,"Homeopathic Drops","12"
"Gastrogesic sf 120ml","kent Pharma","kent",0,0,0,0,"Homeopathic Drops","12"
"Itching relief lotion","Kent Homoeopathic Pharmacy","Kent",0,0,0,0,"Homeopathic Drops","6"
"Renidrol cap","Kent Homoeopathic Pharmacy","Kent",0,0,0,0,"Homeopathic Drops","3"
"Kent medicated cream","Kent Homoeopathic Pharmacy","Kent",0,0,0,0,"Homeopathic Drops","30"
"Kenlokid matti chor 120ml","Kent Homoeopathic Pharmacy","Kent",0,0,0,0,"Homeopathic Drops","12"
"Kent skin oint","Kent Homoeopathic Pharmacy","Kent",0,0,0,0,"Homeopathic Drops","6"
"LeucoVina cap","Kent Homoeopathic Pharmacy","Kent",0,0,0,0,"Homeopathic Drops","3"
"Max Vision sp syrp 120ml","Kent Homoeopathic Pharmacy","Kent",0,0,0,0,"Homeopathic Drops","5"
"Neem cream","Kent Homoeopathic Pharmacy","Kent",0,0,0,0,"Homeopathic Drops","12"
"Olix spanish cap","Kent Homoeopathic Pharmacy","Kent",0,0,0,0,"Homeopathic Drops","12"
"Prespiration tab","Kent Homoeopathic Pharmacy","Kent",0,0,0,0,"Homeopathic Drops","1"
"Progesic sf 12oml","Kent Homoeopathic Pharmacy","Kent",0,0,0,0,"Homeopathic Drops","5"
"Pyorea lotion 15ml","Kent Homoeopathic Pharmacy","Kent",0,0,0,0,"Homeopathic Drops","12"
"Sabalin prostate tab","Kent Homoeopathic Pharmacy","Kent",0,0,0,0,"Homeopathic Drops","1"
"Spervina cap","Kent Homoeopathic Pharmacy","Kent",0,0,0,0,"Homeopathic Drops","3"
"Tai ginsuing sf syrp 180ml","Kent Homoeopathic Pharmacy","Kent",0,0,0,0,"Homeopathic Drops","5"
"Anti Dandruff Shampoo","Herit Pharma","Herit",0,0,0,0,"Homeopathic Drops","1"
"Herit Hair Oil","Herit Pharma","Herit",0,0,0,0,"Homeopathic Drops","1"
"Nayyab Amla Shampoo","Clinic Internal Preparation","Clinic",0,0,0,0,"Homeopathic Drops","1"
"Nayyab Hair Oil","Clinic Internal Preparation","Clinic",0,0,0,0,"Homeopathic Drops","1"
"Nayyab Amla Oil","Clinic Internal Preparation","Clinic",0,0,0,0,"Homeopathic Drops","1"
"Berberies vulg Q 500ml","B.H.P Laboratory (PVT) LTD","BHP",0,0,0,0,"Homeopathic Drops","5"
"Epigea repens Q 500ml","B.H.P Laboratory (PVT) LTD","BHP",0,0,0,0,"Homeopathic Drops","3"
"Antimonium Tart 200 120Ml (MSOD)","Masood Homoeopathic Pharma","MASOD",0,0,0,0,"Homeopathic Drops","1"
"Alteris cordial","Clinic Internal Preparation","Clinic",0,0,0,0,"Homeopathic Drops","1"
"Ashoka cordial","Clinic Internal Preparation","Clinic",0,0,0,0,"Homeopathic Drops","1"
"Hydrocotyle Q","Dr. Willmar Schwabe Germany","Shwabe",0,0,0,0,"Homeopathic Drops","1"
"pain puff tab","Al S Pharma","Al S",0,0,0,0,"Homeopathic Drops","10"
"HFP no 27","HFP Pvt Ltd","HFP",0,0,0,0,"Homeopathic Drops","1"
"Chamomilla 30","BM Pvt LTD","BM",0,0,0,0,"Homeopathic Drops","2"
"Cuprum met 30","Kamal Laboratories","KAMAL",0,0,0,0,"Homeopathic Drops","1"
"Hysocymus 200","W.S. Laboratories","WShah",0,0,0,0,"Homeopathic Drops","1"
"Coffea cruda 200","Masood Homoeopathic Pharma","MASOD",0,0,0,0,"Homeopathic Drops","1"
"Ferrum pic 30","Kamal Laboratories","KAMAL",0,0,0,0,"Homeopathic Drops","1"
"15 ml cap 1 gruce","Clinic Internal Preparation","Clinic",0,0,0,0,"Homeopathic Drops","1"
"Acid Nit 1M 30ml (MSOD)","Masood Homoeopathic Pharma","MASOD",0,0,0,0,"Homeopathic Drops","1"
"Causticum 1M 30ml","Masood Homoeopathic Pharma","MASOD",0,0,0,0,"Homeopathic Drops","1"
"Serrum ang 30","Dr. Willmar Schwabe Germany","Shwabe",0,0,0,0,"Homeopathic Drops","1"
"Chinothus Q (G)","Masood Homoeopathic Pharma","MASOD",0,0,0,0,"Homeopathic Drops","1"
"14","Ashraf Laboratories","AK",0,0,0,0,"Homeopathic Drops","1"
"11","HFP Pvt Ltd","HFP",0,0,0,0,"Homeopathic Drops","4"
"Chillno 60ml","B.H.P Laboratory (PVT) LTD","BHP",0,0,0,0,"Homeopathic Drops","100"
"Hepa Aid 120ml","B.H.P Laboratory (PVT) LTD","BHP",0,0,0,0,"Homeopathic Drops","10"
"Kufrihiza 120ml","B.H.P Laboratory (PVT) LTD","BHP",0,0,0,0,"Homeopathic Drops","48"
"Safool 120ml","B.H.P Laboratory (PVT) LTD","BHP",0,0,0,0,"Homeopathic Drops","48"
"Sabal serr Q","Masood Homoeopathic Pharma","MASOD",0,0,0,0,"Homeopathic Drops","1"
"(D) potiences","Masood Homoeopathic Pharma","MASOD",0,0,0,0,"Homeopathic Drops","1"
"Cough Control 60ml","HFP Pvt Ltd","HFP",0,0,0,0,"Homeopathic Drops","12"
"DR asif personol","Clinic Internal Preparation","Clinic",0,0,0,0,"Homeopathic Drops","1"
"Cuprum met 1M","Dr. Willmar Schwabe Germany","Shwabe",0,0,0,0,"Homeopathic Drops","1"
"Tribulus Terr Q 30ml","BM Pvt LTD","BM",0,0,0,0,"Homeopathic Drops","1"
"Kalmage Q","Masood Homoeopathic Pharma","MASOD",0,0,0,0,"Homeopathic Drops","1"
"urtica urnes Q","Kent Homoeopathic Pharmacy","Kent",0,0,0,0,"Homeopathic Drops","1"
"Hepartone Liver Tonic 450Ml Syp","MEKTUM Homeo Pharma","MEK",0,0,0,0,"Homeopathic Drops","1"
"Damiana cap","Kent Homoeopathic Pharmacy","Kent",0,0,0,0,"Homeopathic Drops","4"
"Sepsone 120ml","W.S. Laboratories","WShah",0,0,0,0,"Homeopathic Drops","1"
"9","MEKTUM Homeo Pharma","MEK",0,0,0,0,"Homeopathic Drops","1"
"Sulfer 200","B.H.P Laboratory (PVT) LTD","BHP",0,0,0,0,"Homeopathic Drops","2"
"Podo phyllum 30","Masood Homoeopathic Pharma","MASOD",0,0,0,0,"Homeopathic Drops","1"
"Ceanothus Q (G) 30ml","Masood Homoeopathic Pharma","MASOD",0,0,0,0,"Homeopathic Drops","1"
"200 potience 30ml","Masood Homoeopathic Pharma","MASOD",0,0,0,0,"Homeopathic Drops","7"
"L110","Lehning Laboratories","Lehning",0,0,0,0,"Homeopathic Drops","1"
"Kidneoplent (SHWABE)","Dr. Willmar Schwabe Germany","Shwabe",0,0,0,0,"Homeopathic Drops","2"
"Thyroidinum 1m","Masood Homoeopathic Pharma","MASOD",0,0,0,0,"Homeopathic Drops","1"
"Dun Cap","Eagle Homoeo","Eagle",0,0,0,0,"Homeopathic Drops","200"
"Pain Ril tab","Eagle Homoeo","Eagle",0,0,0,0,"Homeopathic Drops","500"
"R 71 ISCHIALGIN","Dr. Reckeweg Germany","RECK",0,0,0,0,"Homeopathic Drops","1"
"Arnica Hair Oil 120ml","Public Pharma","Public Pharma",0,0,0,0,"faisalabad","3"
"30 potience","BM Pvt LTD","BM",0,0,0,0,"Homeopathic Drops","1"
"Lycopus 200","Masood Homoeopathic Pharma","MASOD",0,0,0,0,"Homeopathic Drops","1"
"Thyroidinum 30","Masood Homoeopathic Pharma","MASOD",0,0,0,0,"Homeopathic Drops","2"
"Sepia 30","masod Pharma","masod",0,0,0,0,"Homeopathic Drops","1"
"Petroleum 30","Masood Homoeopathic Pharma","MASOD",0,0,0,0,"Homeopathic Drops","1"
"Cladium 30","Masood Homoeopathic Pharma","MASOD",0,0,0,0,"Homeopathic Drops","1"
"Berberies vulg Q 500ml4","B.H.P Laboratory (PVT) LTD","BHP",0,0,0,0,"Homeopathic Drops","1"
"Ie","BLOSSOM Homeo Labs","BL",0,0,0,0,"Homeopathic Drops","1"
"40","MEKTUM Homeo Pharma","MEK",0,0,0,0,"Homeopathic Drops","1"
"R no mix","reck Pharma","reck",0,0,0,0,"Homeopathic Drops","9"
"23","masod Pharma","masod",0,0,0,0,"Homeopathic Drops","1"
"Hh","masod Pharma","masod",0,0,0,0,"Homeopathic Drops","1"
"Chinonthu","HFP Pvt Ltd","HFP",0,0,0,0,"Homeopathic Drops","1"
"Sulfer tab","Clinic Internal Preparation","Clinic",0,0,0,0,"Homeopathic Drops","4"
"Sharbat -E-Podina 240ml","Public Pharma (faisalabad) Pharma","Public Pharma (faisalabad)",0,0,0,0,"(faisalabad)","2"
"Public Pharma (faisalabad)","Sharbat -E-Podina 240ml Pharma","Sharbat -E-Podina 240ml",0,0,0,0,"supplier","1"
"sinolic tab 20tab","Public Pharma","Public Pharma",0,0,0,0,"Homeopathic Drops","2"
"Epigea Q","Clinic Internal Preparation","Clinic",0,0,0,0,"Homeopathic Drops","1"
"Damiana Q (C)","B.H.P Laboratory (PVT) LTD","BHP",0,0,0,0,"Homeopathic Drops","1"
"Malaria 200","Masood Homoeopathic Pharma","MASOD",0,0,0,0,"Homeopathic Drops","2"
"Malaria 30","Masood Homoeopathic Pharma","MASOD",0,0,0,0,"Homeopathic Drops","2"
"Onosmodium Virg 30 (MASOD)","Masood Homoeopathic Pharma","MASOD",0,0,0,0,"Homeopathic Drops","1"
"Carica papaya ( C)","Masood Homoeopathic Pharma","MASOD",0,0,0,0,"Homeopathic Drops","1"
"justicea Q ( A)","Masood Homoeopathic Pharma","MASOD",0,0,0,0,"Homeopathic Drops","1"
"Grindelia robu Q ( C )","Kent Homoeopathic Pharmacy","Kent",0,0,0,0,"Homeopathic Drops","4"
"10 ml cap","Clinic Internal Preparation","Clinic",0,0,0,0,"Homeopathic Drops","1"
"Gogal khas tab","Clinic Internal Preparation","Clinic",0,0,0,0,"Homeopathic Drops","5"
"Cydonia 30","Masood Homoeopathic Pharma","MASOD",0,0,0,0,"Homeopathic Drops","1"
"Cough cold fever tab","NP Laboratories","NP",0,0,0,0,"Homeopathic Drops","12"
"Hazmina tab","NP Laboratories","NP",0,0,0,0,"Homeopathic Drops","12"
"30 ml potiences","MEKTUM Homeo Pharma","MEK",0,0,0,0,"Homeopathic Drops","1"
"Belladona 1m","Masood Homoeopathic Pharma","MASOD",0,0,0,0,"Homeopathic Drops","1"
"Clematis Erecta 200","Masood Homoeopathic Pharma","MASOD",0,0,0,0,"Homeopathic Drops","1"
"Majoon labboob","Ashraf Laboratories","AK",0,0,0,0,"Homeopathic Drops","5"
"gogal khas","Ashraf Laboratories","AK",0,0,0,0,"Homeopathic Drops","2"
"Cholesterinum 3x","BM Pvt LTD","BM",0,0,0,0,"Homeopathic Drops","2"
"C-15 care on","Public Pharma","Public Pharma",0,0,0,0,"Homeopathic Drops","10"
"H-1","Public Pharma","Public Pharma",0,0,0,0,"Homeopathic Drops","3"
"H-2","Public Pharma","Public Pharma",0,0,0,0,"Homeopathic Drops","3"
"H-3","Public Pharma","Public Pharma",0,0,0,0,"Homeopathic Drops","3"
"H-5","Public Pharma","Public Pharma",0,0,0,0,"Homeopathic Drops","6"
"H-7","Public Pharma","Public Pharma",0,0,0,0,"Homeopathic Drops","3"
"H-9","Public Pharma","Public Pharma",0,0,0,0,"Homeopathic Drops","3"
"H-10","Public Pharma","Public Pharma",0,0,0,0,"Homeopathic Drops","1"
"H-12","Public Pharma","Public Pharma",0,0,0,0,"Homeopathic Drops","3"
"H-13","Public Pharma","Public Pharma",0,0,0,0,"Homeopathic Drops","3"
"H-15","Public Pharma","Public Pharma",0,0,0,0,"Homeopathic Drops","3"
"H-16","Public Pharma","Public Pharma",0,0,0,0,"Homeopathic Drops","6"
"H-19","Public Pharma","Public Pharma",0,0,0,0,"Homeopathic Drops","3"
"H-21","Public Pharma","Public Pharma",0,0,0,0,"Homeopathic Drops","3"
"H-22","Public Pharma","Public Pharma",0,0,0,0,"Homeopathic Drops","3"
"H-23","Public Pharma","Public Pharma",0,0,0,0,"Homeopathic Drops","3"
"H-24","Public Pharma","Public Pharma",0,0,0,0,"Homeopathic Drops","6"
"H-25","Public Pharma","Public Pharma",0,0,0,0,"Homeopathic Drops","6"
"H-26","Public Pharma","Public Pharma",0,0,0,0,"Homeopathic Drops","3"
"H-29","Public Pharma","Public Pharma",0,0,0,0,"Homeopathic Drops","3"
"H-32","Public Pharma","Public Pharma",0,0,0,0,"Homeopathic Drops","33"
"H-34","Public Pharma","Public Pharma",0,0,0,0,"Homeopathic Drops","3"
"H-36","Public Pharma","Public Pharma",0,0,0,0,"Homeopathic Drops","2"
"Alfalfa Tonic 140ml","Public Pharma","Public Pharma",0,0,0,0,"Homeopathic Drops","3"
"H-6","Public Pharma","Public Pharma",0,0,0,0,"Homeopathic Drops","6"
"Ashoka 120ml","Public Pharma","Public Pharma",0,0,0,0,"Homeopathic Drops","12"
"Calculic 120ml","Public Pharma","Public Pharma",0,0,0,0,"Homeopathic Drops","36"
"Digesto-P 120ml","Public Pharma","Public Pharma",0,0,0,0,"Homeopathic Drops","24"
"Fevero 120ml","Public Pharma","Public Pharma",0,0,0,0,"Homeopathic Drops","24"
"Gastrolic 120ml","Public Pharma","Public Pharma",0,0,0,0,"Homeopathic Drops","24"
"Heptolic 120ml","Public Pharma","Public Pharma",0,0,0,0,"Homeopathic Drops","24"
"Kuflic 120ml","Public Pharma","Public Pharma",0,0,0,0,"Homeopathic Drops","24"
"Kufron 120ml","Public Pharma","Public Pharma",0,0,0,0,"Homeopathic Drops","24"
"NT-Biolic 120ml","Public Pharma","Public Pharma",0,0,0,0,"Homeopathic Drops","24"
"mat","Public Pharma","Public Pharma",0,0,0,0,"Homeopathic Drops","1"
"Matti chor 120ml","Public Pharma","Public Pharma",0,0,0,0,"Homeopathic Drops","24"
"Tempolic 120ml","Public Pharma","Public Pharma",0,0,0,0,"Homeopathic Drops","24"
"Flulic 120ml","Public Pharma","Public Pharma",0,0,0,0,"Homeopathic Drops","24"
"Cool Cid 240ml","Public Pharma","Public Pharma",0,0,0,0,"Homeopathic Drops","12"
"Altr","Public Pharma","Public Pharma",0,0,0,0,"Homeopathic Drops","1"
"Alteris cordial 240","Public Pharma","Public Pharma",0,0,0,0,"Homeopathic Drops","1"
"Alteris cordial 240ml","Public Pharma","Public Pharma",0,0,0,0,"Homeopathic Drops","12"
"Constillic 240ml","Public Pharma","Public Pharma",0,0,0,0,"Homeopathic Drops","12"
"Sharbat-e-Podina 240ml","Public Pharma","Public Pharma",0,0,0,0,"Homeopathic Drops","24"
"H-B-P Tab","Public Pharma","Public Pharma",0,0,0,0,"Homeopathic Drops","30"
"NT-Biolic Tab","Public Pharma","Public Pharma",0,0,0,0,"Homeopathic Drops","30"
"Painlic Tab","Public Pharma","Public Pharma",0,0,0,0,"Homeopathic Drops","30"
"Urilic Tab","Public Pharma","Public Pharma",0,0,0,0,"Homeopathic Drops","30"
"Sygzium Q","Dr. Willmar Schwabe Germany","Shwabe",0,0,0,0,"Homeopathic Drops","1"
"Cough gesic 240ml","Kent Homoeopathic Pharmacy","Kent",0,0,0,0,"Homeopathic Drops","3"
"Solidago 30","Kent Homoeopathic Pharmacy","Kent",0,0,0,0,"Homeopathic Drops","1"
"Solidago Q","Kent Homoeopathic Pharmacy","Kent",0,0,0,0,"Homeopathic Drops","1"
"zingiber Q","Masood Homoeopathic Pharma","MASOD",0,0,0,0,"Homeopathic Drops","1"
"Sepa 30","Dr. Willmar Schwabe Germany","Shwabe",0,0,0,0,"Homeopathic Drops","1"
"Digitalis purp 30","Masood Homoeopathic Pharma","MASOD",0,0,0,0,"Homeopathic Drops","1"
"Rhus Tox 30","Dr. Willmar Schwabe Germany","Shwabe",0,0,0,0,"Homeopathic Drops","1"
"Rhus Tox Q","masod Pharma","masod",0,0,0,0,"Homeopathic Drops","1"
"10ml potiences","Dr. Willmar Schwabe Germany","Shwabe",0,0,0,0,"Homeopathic Drops","1"
"Nat Sulf  6X  (BM)","BM Pvt LTD","BM",0,0,0,0,"Homeopathic Drops","1"
"Rene Cal  drop 60ml","BM Pvt LTD","BM",0,0,0,0,"Homeopathic Drops","6"
"Fraxinus amer 30","Masood Homoeopathic Pharma","MASOD",0,0,0,0,"Homeopathic Drops","5"
"K Flush 120ml","Masood Homoeopathic Pharma","MASOD",0,0,0,0,"Homeopathic Drops","10"
"Hemokit","Masood Homoeopathic Pharma","MASOD",0,0,0,0,"Homeopathic Drops","2"
"Ken pyrea","Kent Homoeopathic Pharmacy","Kent",0,0,0,0,"Homeopathic Drops","3"
"Fairy Face cap","BM Pvt LTD","BM",0,0,0,0,"Homeopathic Drops","1"
"Fero pyron","Clinic Internal Preparation","Clinic",0,0,0,0,"Homeopathic Drops","1"
"Acid flour 30","Masood Homoeopathic Pharma","MASOD",0,0,0,0,"Homeopathic Drops","1"
"Calendula 200","Kent Homoeopathic Pharmacy","Kent",0,0,0,0,"Homeopathic Drops","1"
"Camphor 200","masod Pharma","masod",0,0,0,0,"Homeopathic Drops","1"
"Tonns","MEKTUM Homeo Pharma","MEK",0,0,0,0,"Homeopathic Drops","11"
"rehumagen","NazZ Pharma","NazZ",0,0,0,0,"Homeopathic Drops","2"
"Fever4","HFP Pvt Ltd","HFP",0,0,0,0,"Homeopathic Drops","1"
"Kravw","Masood Homoeopathic Pharma","MASOD",0,0,0,0,"Homeopathic Drops","1"
"Kraver gold 30tab","Masood Homoeopathic Pharma","MASOD",0,0,0,0,"Homeopathic Drops","1"
"Kent tilla 15ml","Kent Homoeopathic Pharmacy","Kent",0,0,0,0,"Homeopathic Drops","6"
"a","BMa Pharma","BMa",0,0,0,0,"Homeopathic Drops","1"
"Lozogen TAB","BLOSSOM Homeo Labs","BL",0,0,0,0,"Homeopathic Drops","1"
"Oratril kent","Kent Homoeopathic Pharmacy","Kent",0,0,0,0,"Homeopathic Drops","1"
"Uti care","Paul Brooks Homoeo Lab","PBHL",0,0,0,0,"Homeopathic Drops","1"
"Uti syp","Paul Brooks Homoeo Lab","PBHL",0,0,0,0,"Homeopathic Drops","1"
"Nayyab cream","Clinic Internal Preparation","Clinic",0,0,0,0,"Homeopathic Drops","1"
"Diskites 4gran white 450","Masood Homoeopathic Pharma","MASOD",0,0,0,0,"Homeopathic Drops","1"
"Diskites 4gran white 450gm","Masood Homoeopathic Pharma","MASOD",0,0,0,0,"Homeopathic Drops","1"
"Chairata Q","Masood Homoeopathic Pharma","MASOD",0,0,0,0,"Homeopathic Drops","1"
"Alfalfa Gold Tonic 60ml","B.H.P Laboratory (PVT) LTD","BHP",0,0,0,0,"Homeopathic Drops","200"
"Pipra Mint 120ml","B.H.P Laboratory (PVT) LTD","BHP",0,0,0,0,"Homeopathic Drops","96"
"Fever Nill 60ml","B.H.P Laboratory (PVT) LTD","BHP",0,0,0,0,"Homeopathic Drops","200"
"Gasti 60ml","B.H.P Laboratory (PVT) LTD","BHP",0,0,0,0,"Homeopathic Drops","200"
"DR kashif previous balance","Clinic Internal Preparation","Clinic",0,0,0,0,"Homeopathic Drops","1"
"Tribulus terr Q","B.H.P Laboratory (PVT) LTD","BHP",0,0,0,0,"Homeopathic Drops","2"
"vita-z 120ml","ZAM ZAM Homoeo Pharma","ZAM ZAM",0,0,0,0,"Homeopathic Drops","20"
"Balm --","ZAM ZAM Homoeo Pharma","ZAM ZAM",0,0,0,0,"Homeopathic Drops","30"
"ZM - 16","ZAM ZAM Homoeo Pharma","ZAM ZAM",0,0,0,0,"Homeopathic Drops","12"
"Bryonia Alb 30 ml","Masood Homoeopathic Pharma","MASOD",0,0,0,0,"Homeopathic Drops","1"
"Azam no 1 majoon","Clinic Internal Preparation","Clinic",0,0,0,0,"Homeopathic Drops","1"
"Ferrom Malt","M/S Pharma","M/S",0,0,0,0,"Homeopathic Drops","20"
"Fraxinus amer Q","Kent Homoeopathic Pharmacy","Kent",0,0,0,0,"Homeopathic Drops","1"
"Mezeerium 30","Masood Homoeopathic Pharma","MASOD",0,0,0,0,"Homeopathic Drops","1"
"Bm no","BM Pvt LTD","BM",0,0,0,0,"Homeopathic Drops","1"
"Hypericum 200","Masood Homoeopathic Pharma","MASOD",0,0,0,0,"Homeopathic Drops","1"
"Rhus Tox 1m","Masood Homoeopathic Pharma","MASOD",0,0,0,0,"Homeopathic Drops","1"
"Robinia Pseudo 30","BM Pvt LTD","BM",0,0,0,0,"Homeopathic Drops","1"
"Clematis 200","Dr. Willmar Schwabe Germany","Shwabe",0,0,0,0,"Homeopathic Drops","1"
"Orchitinum 3x","BM Pvt LTD","BM",0,0,0,0,"Homeopathic Drops","1"
"Selenium 3x","BM Pvt LTD","BM",0,0,0,0,"Homeopathic Drops","1"
"Bio 21 Syp 120ML","M/S Pharma","M/S",0,0,0,0,"Homeopathic Drops","1"
"Bl-52","BLOSSOM Homeo Labs","BL",0,0,0,0,"Homeopathic Drops","2"
"Agaracus mus 1m","Dr. Willmar Schwabe Germany","Shwabe",0,0,0,0,"Homeopathic Drops","1"
"Sulfur 30","MEKTUM Homeo Pharma","MEK",0,0,0,0,"Homeopathic Drops","1"
"Calcarb 200","B.H.P Laboratory (PVT) LTD","BHP",0,0,0,0,"Homeopathic Drops","1"
"Kali bich 200","B.H.P Laboratory (PVT) LTD","BHP",0,0,0,0,"Homeopathic Drops","1"
"Arsenic ALB 30 30ML","Kent Homoeopathic Pharmacy","Kent",0,0,0,0,"Homeopathic Drops","1"
"Aesculs 30","Kent Homoeopathic Pharmacy","Kent",0,0,0,0,"Homeopathic Drops","1"
"Asculus 30 30ml","Masood Homoeopathic Pharma","MASOD",0,0,0,0,"Homeopathic Drops","1"
"Gold Stone Cap loss","Clinic Internal Preparation","Clinic",0,0,0,0,"Homeopathic Drops","2"
"Plantigo Q","B.H.P Laboratory (PVT) LTD","BHP",0,0,0,0,"Homeopathic Drops","1"
"Spielgia 30","B.H.P Laboratory (PVT) LTD","BHP",0,0,0,0,"Homeopathic Drops","2"
"Ignitian 30","B.H.P Laboratory (PVT) LTD","BHP",0,0,0,0,"Homeopathic Drops","1"
"Sugqar Of Milk","Clinic Internal Preparation","Clinic",0,0,0,0,"Homeopathic Drops","1"
"Nux 30","B.H.P Laboratory (PVT) LTD","BHP",0,0,0,0,"Homeopathic Drops","1"
"Ignatia amara 200","B.H.P Laboratory (PVT) LTD","BHP",0,0,0,0,"Homeopathic Drops","1"
"Fasto gel 50gm","Paul Brooks Homoeo Lab","PBHL",0,0,0,0,"Homeopathic Drops","3"
"Caricon cap","Paul Brooks Homoeo Lab","PBHL",0,0,0,0,"Homeopathic Drops","3"
"Digikid drop 15ml","Paul Brooks Homoeo Lab","PBHL",0,0,0,0,"Homeopathic Drops","12"
"Iro Lecin 120ml","Paul Brooks Homoeo Lab","PBHL",0,0,0,0,"Homeopathic Drops","12"
"Rulcid 120ml","Paul Brooks Homoeo Lab","PBHL",0,0,0,0,"Homeopathic Drops","12"
"Rulcid 240ml","Paul Brooks Homoeo Lab","PBHL",0,0,0,0,"Homeopathic Drops","12"
"Superton 300gm","Paul Brooks Homoeo Lab","PBHL",0,0,0,0,"Homeopathic Drops","3"
"Ginseng ampule","Paul Brooks Homoeo Lab","PBHL",0,0,0,0,"Homeopathic Drops","3"
"Sup4","M/S Pharma","M/S",0,0,0,0,"Homeopathic Drops","1"
"200 potiences","Kent Homoeopathic Pharmacy","Kent",0,0,0,0,"Homeopathic Drops","1"
"Irodol  450gm","Boricpharma Pharma","Boricpharma",0,0,0,0,"Homeopathic Drops","1"
"Balm pain relief","Paul Brooks Homoeo Lab","PBHL",0,0,0,0,"Homeopathic Drops","24"
"Damia force tab","MEKTUM Homeo Pharma","MEK",0,0,0,0,"Homeopathic Drops","30"
"Arsenic alb 200","Dr. Willmar Schwabe Germany","Shwabe",0,0,0,0,"Homeopathic Drops","1"
"jabrondi Q","W.S. Laboratories","WShah",0,0,0,0,"Homeopathic Drops","1"
"Arthribid drop","BM Pvt LTD","BM",0,0,0,0,"Homeopathic Drops","1"
"kharish lotion","Con Pharma","Con",0,0,0,0,"Homeopathic Drops","1"
"Urtica 30","Masood Homoeopathic Pharma","MASOD",0,0,0,0,"Homeopathic Drops","1"
"L 112","Lehning Laboratories","Lehning",0,0,0,0,"Homeopathic Drops","1"
"Sharbat-e-Podina Amrood 240ml mix","T.S. Laboratories","T.S",0,0,0,0,"Homeopathic Drops","10"
"Euparasia 30","Masood Homoeopathic Pharma","MASOD",0,0,0,0,"Homeopathic Drops","1"
"zincum met 30","Masood Homoeopathic Pharma","MASOD",0,0,0,0,"Homeopathic Drops","1"
"Gelsimium 30","MEKTUM Homeo Pharma","MEK",0,0,0,0,"Homeopathic Drops","1"
"Cemicifuga 30","Masood Homoeopathic Pharma","MASOD",0,0,0,0,"Homeopathic Drops","1"
"Caulophyllum 30","Masood Homoeopathic Pharma","MASOD",0,0,0,0,"Homeopathic Drops","1"
"Cuff gesic 120ml","Kent Homoeopathic Pharmacy","Kent",0,0,0,0,"Homeopathic Drops","3"
"R 7","Dr. Reckeweg Germany","RECK",0,0,0,0,"Homeopathic Drops","1"
"Carcinosinum cm (Masood)","Masood Homoeopathic Pharma","MASOD",0,0,0,0,"Homeopathic Drops","11"
"Carcinosinum 1m (Masood)","Masood Homoeopathic Pharma","MASOD",0,0,0,0,"Homeopathic Drops","1"
"Allum Staiva 200 (MASOD)","Masood Homoeopathic Pharma","MASOD",0,0,0,0,"Homeopathic Drops","1"
"Carbo veg 200","Masood Homoeopathic Pharma","MASOD",0,0,0,0,"Homeopathic Drops","1"
"Mother tincher Q","Kent Homoeopathic Pharmacy","Kent",0,0,0,0,"Homeopathic Drops","10"
"Ginseng 30","Masood Homoeopathic Pharma","MASOD",0,0,0,0,"Homeopathic Drops","2"
"Insulinum 200","MEKTUM Homeo Pharma","MEK",0,0,0,0,"Homeopathic Drops","1"
"Hamamelis 200","Masood Homoeopathic Pharma","MASOD",0,0,0,0,"Homeopathic Drops","1"
"Thuja 1m","B.H.P Laboratory (PVT) LTD","BHP",0,0,0,0,"Homeopathic Drops","1"
"59","Paul Brooks Homoeo Lab","PBHL",0,0,0,0,"Homeopathic Drops","1"
"urtica urnes200","Kent Homoeopathic Pharmacy","Kent",0,0,0,0,"Homeopathic Drops","1"
"Bioge No 1 ( 20gm )","Masood Homoeopathic Pharma","MASOD",0,0,0,0,"Homeopathic Drops","1"
"Canthris Q","shwabe Pharma","shwabe",0,0,0,0,"Homeopathic Drops","1"
"Lema minar","Dr. Willmar Schwabe Germany","Shwabe",0,0,0,0,"Homeopathic Drops","1"
"Lema minar Q","Dr. Willmar Schwabe Germany","Shwabe",0,0,0,0,"Homeopathic Drops","1"
"Kl 2","Kamal Laboratories","KAMAL",0,0,0,0,"Homeopathic Drops","12"
"Thuja 200","B.H.P Laboratory (PVT) LTD","BHP",0,0,0,0,"Homeopathic Drops","1"
"Fungi","Clinic Internal Preparation","Clinic",0,0,0,0,"Homeopathic Drops","1"
"Taifax 120ml","Kamal Pharma","Kamal",0,0,0,0,"supplier","60"
"Dyro 60ml","Kamal Laboratories","KAMAL",0,0,0,0,"Homeopathic Drops","24"
"Kamal ointment","Kamal Laboratories","KAMAL",0,0,0,0,"Homeopathic Drops","96"
"Kl 14","Kamal Laboratories","KAMAL",0,0,0,0,"Homeopathic Drops","12"
"Kl 16","Kamal Laboratories","KAMAL",0,0,0,0,"Homeopathic Drops","12"
"Dyro tab 20","kamal Pharma","kamal",0,0,0,0,"Homeopathic Drops","24"
"Surkhana 120ml","Kamal Laboratories","KAMAL",0,0,0,0,"Homeopathic Drops","18"
"Lema minar 30","Dr. Willmar Schwabe Germany","Shwabe",0,0,0,0,"Homeopathic Drops","1"
"pain guard","Ashraf Laboratories","AK",0,0,0,0,"Homeopathic Drops","1"
"China Off Q (30ml)","Masood Homoeopathic Pharma","MASOD",0,0,0,0,"Homeopathic Drops","1"
"Baptisia 30","B.H.P Laboratory (PVT) LTD","BHP",0,0,0,0,"Homeopathic Drops","1"
"Bryonia 30","B.H.P Laboratory (PVT) LTD","BHP",0,0,0,0,"Homeopathic Drops","1"
"Kent 50","Kent Homoeopathic Pharmacy","Kent",0,0,0,0,"Homeopathic Drops","1"
"M.p 30 (BHP)","B.H.P Laboratory (PVT) LTD","BHP",0,0,0,0,"Homeopathic Drops","1"
"82","Masood Homoeopathic Pharma","MASOD",0,0,0,0,"Homeopathic Drops","1"
"10ml potiences 30","Dr. Willmar Schwabe Germany","Shwabe",0,0,0,0,"Homeopathic Drops","1"
"Symphytum 200 30ml","B.H.P Laboratory (PVT) LTD","BHP",0,0,0,0,"Homeopathic Drops","1"
"Kalmin Osteocare 30 Table","Masood Homoeopathic Pharma","MASOD",0,0,0,0,"Homeopathic Drops","1"
"Hepar sulf 200 10ml","Dr. Willmar Schwabe Germany","Shwabe",0,0,0,0,"Homeopathic Drops","1"
"Aesculus 200","Dr. Willmar Schwabe Germany","Shwabe",0,0,0,0,"Homeopathic Drops","1"
"Gen-pro 120ml","B.H.P Laboratory (PVT) LTD","BHP",0,0,0,0,"Homeopathic Drops","1"
"Gen pro 120ml","B.H.P Laboratory (PVT) LTD","BHP",0,0,0,0,"Homeopathic Drops","1"
"Pain Nil","Con Pharma","Con",0,0,0,0,"Homeopathic Drops","1"
"Causticum 200 10ml","Dr. Willmar Schwabe Germany","Shwabe",0,0,0,0,"Homeopathic Drops","1"
"Rauwolfia Q C","Kent Homoeopathic Pharmacy","Kent",0,0,0,0,"Homeopathic Drops","1"
"Yohumbinum 200","Masood Homoeopathic Pharma","MASOD",0,0,0,0,"Homeopathic Drops","1"
"R 55 Rutavine 20ml","Dr. Reckeweg Germany","RECK",0,0,0,0,"Homeopathic Drops","1"
"5 gruse 10ml","Clinic Internal Preparation","Clinic",0,0,0,0,"Homeopathic Drops","1"
"Faronisa aletris 240ml","Public Pharma","Public Pharma",0,0,0,0,"Homeopathic Drops","1"
"Ledum 200","B.H.P Laboratory (PVT) LTD","BHP",0,0,0,0,"Homeopathic Drops","1"
"Conium 200","B.H.P Laboratory (PVT) LTD","BHP",0,0,0,0,"Homeopathic Drops","1"
"Arnica Shampoo 200ml","Flufger Pharma","Flufger",0,0,0,0,"supplier","12"
"Sinus Z 30ml","Flufger Pharma","Flufger",0,0,0,0,"Homeopathic Drops","24"
"Piles cap","Flufger Pharma","Flufger",0,0,0,0,"Homeopathic Drops","24"
"Apia nephrin 20ml","Flufger Pharma","Flufger",0,0,0,0,"Homeopathic Drops","10"
"P-25 20ml","Flufger Pharma","Flufger",0,0,0,0,"Homeopathic Drops","6"
"Sygizium 242 20ml","Flufger Pharma","Flufger",0,0,0,0,"Homeopathic Drops","10"
"Calculi H 50ml","Flufger Pharma","Flufger",0,0,0,0,"Homeopathic Drops","10"
"Ceregingko HM 50ml","Flufger Pharma","Flufger",0,0,0,0,"Homeopathic Drops","5"
"Rauwolson H 50ml","Flufger Pharma","Flufger",0,0,0,0,"Homeopathic Drops","6"
"Aesculus hipp Q","B.H.P Laboratory (PVT) LTD","BHP",0,0,0,0,"Homeopathic Drops","10"
"Aloe soco Q","B.H.P Laboratory (PVT) LTD","BHP",0,0,0,0,"Homeopathic Drops","10"
"Arjuna Q","B.H.P Laboratory (PVT) LTD","BHP",0,0,0,0,"Homeopathic Drops","10"
"Cardus mar Q","B.H.P Laboratory (PVT) LTD","BHP",0,0,0,0,"Homeopathic Drops","10"
"Chamomilla Q","B.H.P Laboratory (PVT) LTD","BHP",0,0,0,0,"Homeopathic Drops","5"
"Melilotius Q","B.H.P Laboratory (PVT) LTD","BHP",0,0,0,0,"Homeopathic Drops","5"
"Myrica cer Q","B.H.P Laboratory (PVT) LTD","BHP",0,0,0,0,"Homeopathic Drops","5"
"Pareiwa brawa Q","B.H.P Laboratory (PVT) LTD","BHP",0,0,0,0,"Homeopathic Drops","5"
"Pulsatilla nig Q","B.H.P Laboratory (PVT) LTD","BHP",0,0,0,0,"Homeopathic Drops","5"
"Solidigo Q","B.H.P Laboratory (PVT) LTD","BHP",0,0,0,0,"Homeopathic Drops","5"
"Ruta Q","B.H.P Laboratory (PVT) LTD","BHP",0,0,0,0,"Homeopathic Drops","5"
"Stapysagria Q","B.H.P Laboratory (PVT) LTD","BHP",0,0,0,0,"Homeopathic Drops","5"
"Vesicar","B.H.P Laboratory (PVT) LTD","BHP",0,0,0,0,"Homeopathic Drops","1"
"Collinsonia Q","bhp Pharma","bhp",0,0,0,0,"Homeopathic Drops","5"
"Broncal","JR Laboratories","JR",0,0,0,0,"Homeopathic Drops","2"
"X Ray 30ml","Masood Homoeopathic Pharma","MASOD",0,0,0,0,"Homeopathic Drops","1"
"Aconite Nep 30 30ml","Masood Homoeopathic Pharma","MASOD",0,0,0,0,"Homeopathic Drops","1"
"Ferrum Phos 30 30ml","Masood Homoeopathic Pharma","MASOD",0,0,0,0,"Homeopathic Drops","1"
"R-59","Dr. Reckeweg Germany","RECK",0,0,0,0,"Homeopathic Drops","1"
"R-73","Dr. Reckeweg Germany","RECK",0,0,0,0,"Homeopathic Drops","1"
"Arrum chlora 6x","Dr. Willmar Schwabe Germany","Shwabe",0,0,0,0,"Homeopathic Drops","1"
"Arrum chlora 4x","Dr. Willmar Schwabe Germany","Shwabe",0,0,0,0,"Homeopathic Drops","1"
"Kl 6","Kamal Laboratories","KAMAL",0,0,0,0,"Homeopathic Drops","1"
"Colic drop","BLOSSOM Homeo Labs","BL",0,0,0,0,"Homeopathic Drops","3"
"Bryonia ALB Q (SPL) 30ml","Kent Homoeopathic Pharmacy","Kent",0,0,0,0,"Homeopathic Drops","1"
"Caulophyllum 30 30ml","Kent Homoeopathic Pharmacy","Kent",0,0,0,0,"Homeopathic Drops","1"
"Mag Phose 30 30ml","B.H.P Laboratory (PVT) LTD","BHP",0,0,0,0,"Homeopathic Drops","1"
"Gelsimum 30 30ml","B.H.P Laboratory (PVT) LTD","BHP",0,0,0,0,"Homeopathic Drops","1"
"Hepricum 30 30ml","B.H.P Laboratory (PVT) LTD","BHP",0,0,0,0,"Homeopathic Drops","1"
"Apis Mel 30 30ml","B.H.P Laboratory (PVT) LTD","BHP",0,0,0,0,"Homeopathic Drops","1"
"Kidney drop","Paul Brooks Homoeo Lab","PBHL",0,0,0,0,"Homeopathic Drops","3"
"Thuja Q (B)","B.H.P Laboratory (PVT) LTD","BHP",0,0,0,0,"Homeopathic Drops","1"
"Balsamium peru 200","Masood Homoeopathic Pharma","MASOD",0,0,0,0,"Homeopathic Drops","1"
"g","ts Pharma","ts",0,0,0,0,"Homeopathic Drops","1"
"Korean farq","Clinic Internal Preparation","Clinic",0,0,0,0,"Homeopathic Drops","1"
"Aconite Nep 200 30ml","masod Pharma","masod",0,0,0,0,"Homeopathic Drops","1"
"Laches 200","Masood Homoeopathic Pharma","MASOD",0,0,0,0,"Homeopathic Drops","1"
"Bryonia Alb 200 ml","Masood Homoeopathic Pharma","MASOD",0,0,0,0,"Homeopathic Drops","0"
"Ballata ori Q","Dr. Willmar Schwabe Germany","Shwabe",0,0,0,0,"Homeopathic Drops","1"
"Sticta 200","Dr. Willmar Schwabe Germany","Shwabe",0,0,0,0,"Homeopathic Drops","1"
"justicea 30","Masood Homoeopathic Pharma","MASOD",0,0,0,0,"Homeopathic Drops","1"
"Conium 30","Dr. Willmar Schwabe Germany","Shwabe",0,0,0,0,"Homeopathic Drops","1"
"Bilty expence","Clinic Internal Preparation","Clinic",0,0,0,0,"Homeopathic Drops","1"
"Globules mek","Clinic Internal Preparation","Clinic",0,0,0,0,"Homeopathic Drops","1"
"Ginsing cap","Paul Brooks Homoeo Lab","PBHL",0,0,0,0,"Homeopathic Drops","1"
"PTK 31","Dr. Willmar Schwabe Germany","Shwabe",0,0,0,0,"Homeopathic Drops","1"
"Stapysagria 30","W.S. Laboratories","WShah",0,0,0,0,"Homeopathic Drops","1"
"Cholesterinum 30","Kent Homoeopathic Pharmacy","Kent",0,0,0,0,"Homeopathic Drops","1"
"Crotulus 200","Dr. Willmar Schwabe Germany","Shwabe",0,0,0,0,"Homeopathic Drops","1"
"cr","shwbe Pharma","shwbe",0,0,0,0,"Homeopathic Drops","1"
"Bryonia Alba 30","Dr. Willmar Schwabe Germany","Shwabe",0,0,0,0,"Homeopathic Drops","1"
"Bio4","Dr. Willmar Schwabe Germany","Shwabe",0,0,0,0,"Homeopathic Drops","1"
"Millifolium Q","BM Pvt LTD","BM",0,0,0,0,"Homeopathic Drops","1"
"Goli","Clinic Internal Preparation","Clinic",0,0,0,0,"Homeopathic Drops","2"
"Cholesteriuum 30","Dr. Willmar Schwabe Germany","Shwabe",0,0,0,0,"Homeopathic Drops","1"
"Cina 30","Dr. Willmar Schwabe Germany","Shwabe",0,0,0,0,"Homeopathic Drops","1"
"Nat sulf 200","Masood Homoeopathic Pharma","MASOD",0,0,0,0,"Homeopathic Drops","1"
"Ferrum Met 30","Masood Homoeopathic Pharma","MASOD",0,0,0,0,"Homeopathic Drops","1"
"Alfalfa","Dr. Willmar Schwabe Germany","Shwabe",0,0,0,0,"Homeopathic Drops","1"
"Hycosymus 200","Kent Homoeopathic Pharmacy","Kent",0,0,0,0,"Homeopathic Drops","1"
"Alonux tab","Clinic Internal Preparation","Clinic",0,0,0,0,"Homeopathic Drops","3"
"Petroleum Gel","Clinic Internal Preparation","Clinic",0,0,0,0,"Homeopathic Drops","1"
"1 gruse  mallam Dibbi","Clinic Internal Preparation","Clinic",0,0,0,0,"Homeopathic Drops","1"
"20ml Droper","Clinic Internal Preparation","Clinic",0,0,0,0,"Homeopathic Drops","1"
"20ml Bottel","Clinic Internal Preparation","Clinic",0,0,0,0,"Homeopathic Drops","1"
"Empity cap 0","Clinic Internal Preparation","Clinic",0,0,0,0,"Homeopathic Drops","1"
"Belis per 30","Masood Homoeopathic Pharma","MASOD",0,0,0,0,"Homeopathic Drops","1"
"Arnica shampu 200ml","Paul Brooks Homoeo Lab","PBHL",0,0,0,0,"Homeopathic Drops","1"
"Teething 21 drop","Paul Brooks Homoeo Lab","PBHL",0,0,0,0,"Homeopathic Drops","2"
"Cydonia drop","Paul Brooks Homoeo Lab","PBHL",0,0,0,0,"Homeopathic Drops","1"
"Pb-2","Paul Brooks Homoeo Lab","PBHL",0,0,0,0,"Homeopathic Drops","4"
"Baby Flu 120ml","Paul Brooks Homoeo Lab","PBHL",0,0,0,0,"Homeopathic Drops","3"
"Pb-8","pbhl Pharma","pbhl",0,0,0,0,"Homeopathic Drops","2"
"30ml Q","Dr. Willmar Schwabe Germany","Shwabe",0,0,0,0,"Homeopathic Drops","1"
"Podophyllum Q","Kent Homoeopathic Pharmacy","Kent",0,0,0,0,"Homeopathic Drops","1"
"Allium cepa Q","Kent Homoeopathic Pharmacy","Kent",0,0,0,0,"Homeopathic Drops","1"
"Thyroidinum 200","Masood Homoeopathic Pharma","MASOD",0,0,0,0,"Homeopathic Drops","4"
"Thyrodinum 200","Kent Homoeopathic Pharmacy","Kent",0,0,0,0,"Homeopathic Drops","6"
"Chaledonium 200","Masood Homoeopathic Pharma","MASOD",0,0,0,0,"Homeopathic Drops","5"
"Chelidonium 200","Kent Homoeopathic Pharmacy","Kent",0,0,0,0,"Homeopathic Drops","2"
"Allergic 120Ml Syp7","hfp Pharma","hfp",0,0,0,0,"Homeopathic Drops","1"
"BioCom No ( 23","Paul Brooks Homoeo Lab","PBHL",0,0,0,0,"Homeopathic Drops","1"
"China off Q 30ml Kent","Kent Homoeopathic Pharmacy","Kent",0,0,0,0,"Homeopathic Drops","1"
"Tonsi Care Drops","Paul Brooks Homoeo Lab","PBHL",0,0,0,0,"Homeopathic Drops","1"
"joshanda 120ml","BLOSSOM Homeo Labs","BL",0,0,0,0,"Homeopathic Drops","4"
"R 5","Dr. Reckeweg Germany","RECK",0,0,0,0,"Homeopathic Drops","1"
"Kali Phos 6X 150gm (BM)","BM Pvt LTD","BM",0,0,0,0,"Homeopathic Drops","1"
"Yohimbinum Q (D) 30ml","B.H.P Laboratory (PVT) LTD","BHP",0,0,0,0,"Homeopathic Drops","1"
"Baptasia 120ml","M/S Pharma","M/S",0,0,0,0,"Homeopathic Drops","4"
"Lac def 200","Masood Homoeopathic Pharma","MASOD",0,0,0,0,"Homeopathic Drops","1"
"Hydrocotyle 30","Masood Homoeopathic Pharma","MASOD",0,0,0,0,"Homeopathic Drops","1"
"Enuroplant 20ml Drops","Dr. Willmar Schwabe Germany","Shwabe",0,0,0,0,"Homeopathic Drops","1"
"Cina 30  30ml","BM Pvt LTD","BM",0,0,0,0,"Homeopathic Drops","1"
"Farinosa 240ml","BLOSSOM Homeo Labs","BL",0,0,0,0,"Homeopathic Drops","1"
"Equisetum 30","Masood Homoeopathic Pharma","MASOD",0,0,0,0,"Homeopathic Drops","1"
"Salajeet cap","Paul Brooks Homoeo Lab","PBHL",0,0,0,0,"Homeopathic Drops","6"
"Pb-32","Paul Brooks Homoeo Lab","PBHL",0,0,0,0,"Homeopathic Drops","6"
"Pb-53","Paul Brooks Homoeo Lab","PBHL",0,0,0,0,"Homeopathic Drops","12"
"Famous beauty soap","T.S. Laboratories","T.S",0,0,0,0,"Homeopathic Drops","6"
"Ts podina green 240","T.S. Laboratories","T.S",0,0,0,0,"Homeopathic Drops","16"
"Ts podina green 120ml","T.S. Laboratories","T.S",0,0,0,0,"Homeopathic Drops","12"
"Ts podina white 240ml","T.S. Laboratories","T.S",0,0,0,0,"Homeopathic Drops","16"
"Ts podina white 120ml","T.S. Laboratories","T.S",0,0,0,0,"Homeopathic Drops","12"
"T.S Gel orignal 120ml","T.S. Laboratories","T.S",0,0,0,0,"Homeopathic Drops","12"
"H pilokit 120ml","T.S. Laboratories","T.S",0,0,0,0,"Homeopathic Drops","10"
"Cough 60ml","T.S. Laboratories","T.S",0,0,0,0,"Homeopathic Drops","180"
"Fit Cough 120ml","T.S. Laboratories","T.S",0,0,0,0,"Homeopathic Drops","12"
"Terryfit tab","T.S. Laboratories","T.S",0,0,0,0,"Homeopathic Drops","60"
"Alfalfa Tonic 240ml","BLOSSOM Homeo Labs","BL",0,0,0,0,"Homeopathic Drops","12"
"Digi Lex 240ml","BLOSSOM Homeo Labs","BL",0,0,0,0,"Homeopathic Drops","12"
"Renelex 240ml","BLOSSOM Homeo Labs","BL",0,0,0,0,"Homeopathic Drops","12"
"Calcilex 240ml SYP","BLOSSOM Homeo Labs","BL",0,0,0,0,"Homeopathic Drops","12"
"Mensobion 240ml","BLOSSOM Homeo Labs","BL",0,0,0,0,"Homeopathic Drops","12"
"Gynolex 240ml","BLOSSOM Homeo Labs","BL",0,0,0,0,"Homeopathic Drops","12"
"Blasmozyme 120ml","BLOSSOM Homeo Labs","BL",0,0,0,0,"Homeopathic Drops","12"
"Moringa tab","BLOSSOM Homeo Labs","BL",0,0,0,0,"Homeopathic Drops","12"
"Colocynthis drop","BLOSSOM Homeo Labs","BL",0,0,0,0,"Homeopathic Drops","12"
"Fucus drop","BLOSSOM Homeo Labs","BL",0,0,0,0,"Homeopathic Drops","12"
"Bryta carb drop","BLOSSOM Homeo Labs","BL",0,0,0,0,"Homeopathic Drops","12"
"Cepation drop","BLOSSOM Homeo Labs","BL",0,0,0,0,"Homeopathic Drops","12"
"Pyloron drop","BLOSSOM Homeo Labs","BL",0,0,0,0,"Homeopathic Drops","12"
"Reni H drop","BLOSSOM Homeo Labs","BL",0,0,0,0,"Homeopathic Drops","12"
"Diaberah drop","BLOSSOM Homeo Labs","BL",0,0,0,0,"Homeopathic Drops","12"
"Digi Cid drop","BLOSSOM Homeo Labs","BL",0,0,0,0,"Homeopathic Drops","12"
"Damialex drop","BLOSSOM Homeo Labs","BL",0,0,0,0,"Homeopathic Drops","12"
"B Figa powder","BLOSSOM Homeo Labs","BL",0,0,0,0,"Homeopathic Drops","20"
"Moschus drops 20ml","BLOSSOM Homeo Labs","BL",0,0,0,0,"Homeopathic Drops","1"
"Pbhl","Paul Brooks Homoeo Lab","PBHL",0,0,0,0,"Homeopathic Drops","1"
"Alfalfa  stawberry 120ml","Paul Brooks Homoeo Lab","PBHL",0,0,0,0,"Homeopathic Drops","12"
"Arnica cream","Paul Brooks Homoeo Lab","PBHL",0,0,0,0,"Homeopathic Drops","12"
"Asthabion cap","Paul Brooks Homoeo Lab","PBHL",0,0,0,0,"Homeopathic Drops","6"
"Axelax drop","Paul Brooks Homoeo Lab","PBHL",0,0,0,0,"Homeopathic Drops","6"
"Axelax tab","Paul Brooks Homoeo Lab","PBHL",0,0,0,0,"Homeopathic Drops","3"
"Br Medicated cream","Paul Brooks Homoeo Lab","PBHL",0,0,0,0,"Homeopathic Drops","6"
"T-no","MEKTUM Homeo Pharma","MEK",0,0,0,0,"Homeopathic Drops","1"
"Alumina 200","Masood Homoeopathic Pharma","MASOD",0,0,0,0,"Homeopathic Drops","1"
"caladium seg 30","shwbe Pharma","shwbe",0,0,0,0,"Homeopathic Drops","1"
"Secale Corr 1M 30ml","Kamal Laboratories","KAMAL",0,0,0,0,"Homeopathic Drops","1"
"Merc Corr 30 30ml","B.H.P Laboratory (PVT) LTD","BHP",0,0,0,0,"Homeopathic Drops","1"
"Gold ston","Clinic Internal Preparation","Clinic",0,0,0,0,"Homeopathic Drops","1"
"Calc renilies 200","Masood Homoeopathic Pharma","MASOD",0,0,0,0,"Homeopathic Drops","1"
"Graceful cap","Clinic Internal Preparation","Clinic",0,0,0,0,"Homeopathic Drops","2"
"Helico 120ml","Armaa pvt Pharma","Armaa pvt",0,0,0,0,"supplier","200"
"Gesty drop","Armaa pvt Pharma","Armaa pvt",0,0,0,0,"Homeopathic Drops","48"
"Genko Men Tab","Armaa pvt Pharma","Armaa pvt",0,0,0,0,"Homeopathic Drops","36"
"Hydrangea Q","Dr. Willmar Schwabe Germany","Shwabe",0,0,0,0,"Homeopathic Drops","1"
"Stigmata Q","Dr. Willmar Schwabe Germany","Shwabe",0,0,0,0,"Homeopathic Drops","1"
"Sarkanda Q","Masood Homoeopathic Pharma","MASOD",0,0,0,0,"Homeopathic Drops","1"
"Mitty Chor 250ml SYP","BLOSSOM Homeo Labs","BL",0,0,0,0,"Homeopathic Drops","3"
"Aswaganda Q","Kent Homoeopathic Pharmacy","Kent",0,0,0,0,"Homeopathic Drops","1"
"kran piles powder","MeDi Pharma","MeDi",0,0,0,0,"Homeopathic Drops","40"
"kiruwan suppliment","MeDi Pharma","MeDi",0,0,0,0,"Homeopathic Drops","8"
"piles ye cream","MeDi Pharma","MeDi",0,0,0,0,"Homeopathic Drops","35"
"Renecal drop","MeDi Pharma","MeDi",0,0,0,0,"Homeopathic Drops","11"
"Re -Jawan tilla","MeDi Pharma","MeDi",0,0,0,0,"Homeopathic Drops","12"
"super mariige cream","MeDi Pharma","MeDi",0,0,0,0,"Homeopathic Drops","10"
"Alopend oil","MeDi Pharma","MeDi",0,0,0,0,"Homeopathic Drops","36"
"83","Masood Homoeopathic Pharma","MASOD",0,0,0,0,"Homeopathic Drops","1"
"Phosphorus 200","Kent Homoeopathic Pharmacy","Kent",0,0,0,0,"Homeopathic Drops","1"
"Rheu Max RED 60ml","Paul Brooks Homoeo Lab","PBHL",0,0,0,0,"Homeopathic Drops","1"
"Mix","Masood Homoeopathic Pharma","MASOD",0,0,0,0,"Homeopathic Drops","1"
"Cladium seg 30","Dr. Willmar Schwabe Germany","Shwabe",0,0,0,0,"Homeopathic Drops","1"
"Tuxikid 60ml","Paul Brooks Homoeo Lab","PBHL",0,0,0,0,"Homeopathic Drops","6"
"Fevnol 60ml","Paul Brooks Homoeo Lab","PBHL",0,0,0,0,"Homeopathic Drops","12"
"Aurum net 6x","Kamal Laboratories","KAMAL",0,0,0,0,"Homeopathic Drops","1"
"Time bullet tab","Clinic Internal Preparation","Clinic",0,0,0,0,"Homeopathic Drops","2"
"Bella cap","Clinic Internal Preparation","Clinic",0,0,0,0,"Homeopathic Drops","2"
"B Coviti tab","B.H.P Laboratory (PVT) LTD","BHP",0,0,0,0,"Homeopathic Drops","2"
"livercard 120ml","Boricpharma Pharma","Boricpharma",0,0,0,0,"Homeopathic Drops","60"
"Thyrodinum dose","Clinic Internal Preparation","Clinic",0,0,0,0,"Homeopathic Drops","1"
"Uti cap","Paul Brooks Homoeo Lab","PBHL",0,0,0,0,"Homeopathic Drops","3"
"Ferro Mek 415Gm malt","MEKTUM Homeo Pharma","MEK",0,0,0,0,"Homeopathic Drops","6"
"Moschus 1m","BM Pvt LTD","BM",0,0,0,0,"Homeopathic Drops","1"
"Super gold box","Clinic Internal Preparation","Clinic",0,0,0,0,"Homeopathic Drops","4"
"Toko d 3 cream","Clinic Internal Preparation","Clinic",0,0,0,0,"Homeopathic Drops","3"
"Anti stone drop","Clinic Internal Preparation","Clinic",0,0,0,0,"Homeopathic Drops","10"
"Podophyllum 30","Dr. Willmar Schwabe Germany","Shwabe",0,0,0,0,"Homeopathic Drops","1"
"Cholesterinum 3x 150gm","Paul Brooks Homoeo Lab","PBHL",0,0,0,0,"Homeopathic Drops","1"
"n","Con Pharma","Con",0,0,0,0,"Homeopathic Drops","17"
"Super Wight Gainer choklate","kent Pharma","kent",0,0,0,0,"Homeopathic Drops","1"
"Aconite Nep 1m 30ml","BM Pvt LTD","BM",0,0,0,0,"Homeopathic Drops","10"
"Calc CARB 1m 30ml4","BM Pvt LTD","BM",0,0,0,0,"Homeopathic Drops","6"
"Calc iod 1m","BM Pvt LTD","BM",0,0,0,0,"Homeopathic Drops","5"
"Gelsemium 1m 30ml","BM Pvt LTD","BM",0,0,0,0,"Homeopathic Drops","10"
"Lachesis 1m 30ml","BM Pvt LTD","BM",0,0,0,0,"Homeopathic Drops","5"
"Thallium met 200 30ml","BM Pvt LTD","BM",0,0,0,0,"Homeopathic Drops","1"
"Cedron 30 30ml","BM Pvt LTD","BM",0,0,0,0,"Homeopathic Drops","5"
"Chelidonium Maj 3x 120ml","BM Pvt LTD","BM",0,0,0,0,"Homeopathic Drops","2"
"Cholesterinum 3x 120ml","BM Pvt LTD","BM",0,0,0,0,"Homeopathic Drops","2"
"Thallium met 30","BM Pvt LTD","BM",0,0,0,0,"Homeopathic Drops","5"
"Dp 13","Clinic Internal Preparation","Clinic",0,0,0,0,"Homeopathic Drops","1"
"Globiles","Clinic Internal Preparation","Clinic",0,0,0,0,"Homeopathic Drops","2"
"marter tab","Almanan Pharma","Almanan",0,0,0,0,"Homeopathic Drops","5"
"Majoon shawab-e-zafrani","Ashraf Laboratories","AK",0,0,0,0,"Homeopathic Drops","2"
"Acid Nit 200","Kent Homoeopathic Pharmacy","Kent",0,0,0,0,"Homeopathic Drops","1"
"Nat Mur 200","Masood Homoeopathic Pharma","MASOD",0,0,0,0,"Homeopathic Drops","1"
"Baryta carb 200","MEKTUM Homeo Pharma","MEK",0,0,0,0,"Homeopathic Drops","1"
"Mek","Clinic Internal Preparation","Clinic",0,0,0,0,"Homeopathic Drops","1"
"khoon safe","M/S Pharma","M/S",0,0,0,0,"Homeopathic Drops","12"
"v","BLOSSOM Homeo Labs","BL",0,0,0,0,"Homeopathic Drops","1"
"Globiles diskittes 40no","MEKTUM Homeo Pharma","MEK",0,0,0,0,"Homeopathic Drops","1"
"Calc phos 200","Masood Homoeopathic Pharma","MASOD",0,0,0,0,"Homeopathic Drops","1"
"Calendula cream","Kent Homoeopathic Pharmacy","Kent",0,0,0,0,"Homeopathic Drops","4"
"Asculus 200","Kent Homoeopathic Pharmacy","Kent",0,0,0,0,"Homeopathic Drops","10"
"Disketts 3 Grain green round 7","BM Pvt LTD","BM",0,0,0,0,"Homeopathic Drops","1"
"Calendula lotion","Kent Homoeopathic Pharmacy","Kent",0,0,0,0,"Homeopathic Drops","2"
"Cemicifuga 200","BM Pvt LTD","BM",0,0,0,0,"Homeopathic Drops","1"
"ZM -9","ZAM ZAM Homoeo Pharma","ZAM ZAM",0,0,0,0,"Homeopathic Drops","1"
"fraxinus amercina Q","shwbe Pharma","shwbe",0,0,0,0,"Homeopathic Drops","1"
"Calc flour 6x","Kent Homoeopathic Pharmacy","Kent",0,0,0,0,"Homeopathic Drops","2"
"T-164","MEKTUM Homeo Pharma","MEK",0,0,0,0,"Homeopathic Drops","1"
"file payment","Ashraf Laboratories","AK",0,0,0,0,"Homeopathic Drops","1"
"Passiflor Q","W.S. Laboratories","WShah",0,0,0,0,"Homeopathic Drops","1"
"Passiflor Q (D)","W.S. Laboratories","WShah",0,0,0,0,"Homeopathic Drops","1"
"Pyrolium 200","B.H.P Laboratory (PVT) LTD","BHP",0,0,0,0,"Homeopathic Drops","1"
"Sulfur 200","Kent Homoeopathic Pharmacy","Kent",0,0,0,0,"Homeopathic Drops","1"
"oncce more cap","Clinic Internal Preparation","Clinic",0,0,0,0,"Homeopathic Drops","2"
"doudee drop","SK Pharma","SK",0,0,0,0,"Homeopathic Drops","3"
"Mother Tincher 20ml","Dr. Willmar Schwabe Germany","Shwabe",0,0,0,0,"Homeopathic Drops","3"
"China Q","Dr. Willmar Schwabe Germany","Shwabe",0,0,0,0,"Homeopathic Drops","1"
"Gossipium Q","Dr. Willmar Schwabe Germany","Shwabe",0,0,0,0,"Homeopathic Drops","1"
"Conium 1M","Dr. Willmar Schwabe Germany","Shwabe",0,0,0,0,"Homeopathic Drops","1"
"Lycopodium CM","Dr. Willmar Schwabe Germany","Shwabe",0,0,0,0,"Homeopathic Drops","1"
"Oleum jac 200 30ml","Masood Homoeopathic Pharma","MASOD",0,0,0,0,"Homeopathic Drops","1"
"","SK Pharma","SK",0,0,0,0,"Homeopathic Drops","1"
"Gastric Plus jar","Kent Homoeopathic Pharmacy","Kent",0,0,0,0,"Homeopathic Drops","1"
"R 63","Dr. Reckeweg Germany","RECK",0,0,0,0,"Homeopathic Drops","1"
"Lac defioratum 200","Kent Homoeopathic Pharmacy","Kent",0,0,0,0,"Homeopathic Drops","1"
"Gingko biloba Q","Dr. Willmar Schwabe Germany","Shwabe",0,0,0,0,"Homeopathic Drops","1"
"Cholex tab","BLOSSOM Homeo Labs","BL",0,0,0,0,"Homeopathic Drops","12"
"Cratelex tab","BLOSSOM Homeo Labs","BL",0,0,0,0,"Homeopathic Drops","12"
"Defrol tab","BLOSSOM Homeo Labs","BL",0,0,0,0,"Homeopathic Drops","12"
"Dologin tab","BLOSSOM Homeo Labs","BL",0,0,0,0,"Homeopathic Drops","12"
"Emono tab","BLOSSOM Homeo Labs","BL",0,0,0,0,"Homeopathic Drops","12"
"Enuro tab","BLOSSOM Homeo Labs","BL",0,0,0,0,"Homeopathic Drops","12"
"Femiton tab","BLOSSOM Homeo Labs","BL",0,0,0,0,"Homeopathic Drops","12"
"ONO Plus tab","BLOSSOM Homeo Labs","BL",0,0,0,0,"Homeopathic Drops","12"
"Spondylex tab","BLOSSOM Homeo Labs","BL",0,0,0,0,"Homeopathic Drops","12"
"Uritox tab","BLOSSOM Homeo Labs","BL",0,0,0,0,"Homeopathic Drops","12"
"yellow star tab","Clinic Internal Preparation","Clinic",0,0,0,0,"Homeopathic Drops","24"
"Mar","Clinic Internal Preparation","Clinic",0,0,0,0,"Homeopathic Drops","1"
"Piles Off 120ml","M/S Pharma","M/S",0,0,0,0,"Homeopathic Drops","1"
"AloeVera Calendula Cream 150g","Paul Brooks Homoeo Lab","PBHL",0,0,0,0,"Homeopathic Drops","1"
"Hypricum 200","B.H.P Laboratory (PVT) LTD","BHP",0,0,0,0,"Homeopathic Drops","1"
"UTI syp 120ml","M/S Pharma","M/S",0,0,0,0,"Homeopathic Drops","1"
"Stapysagia 200","Masood Homoeopathic Pharma","MASOD",0,0,0,0,"Homeopathic Drops","1"
"R 13","Dr. Reckeweg Germany","RECK",0,0,0,0,"Homeopathic Drops","1"
"Casticum 30 (MASOD)","Masood Homoeopathic Pharma","MASOD",0,0,0,0,"Homeopathic Drops","1"
"Calca carb 200","Kamal Laboratories","KAMAL",0,0,0,0,"Homeopathic Drops","1"
"Spevol tab","Paul Brooks Homoeo Lab","PBHL",0,0,0,0,"Homeopathic Drops","1"
"Dhamasa Q","B.H.P Laboratory (PVT) LTD","BHP",0,0,0,0,"Homeopathic Drops","1"
"R 2","Dr. Reckeweg Germany","RECK",0,0,0,0,"Homeopathic Drops","1"
"Bio # 17 (Shwabe)","Dr. Willmar Schwabe Germany","Shwabe",0,0,0,0,"Homeopathic Drops","1"
"Opium 30","Dr. Willmar Schwabe Germany","Shwabe",0,0,0,0,"Homeopathic Drops","2"
"Ginkgo Sf 250ml","Kent Homoeopathic Pharmacy","Kent",0,0,0,0,"Homeopathic Drops","3"
"Cuprum ars 30","Dr. Willmar Schwabe Germany","Shwabe",0,0,0,0,"Homeopathic Drops","1"
"Aelserum 30","Dr. Reckeweg Germany","RECK",0,0,0,0,"Homeopathic Drops","1"
"Cladium 1M","Masood Homoeopathic Pharma","MASOD",0,0,0,0,"Homeopathic Drops","1"
"Nerve and bond linment","Kent Homoeopathic Pharmacy","Kent",0,0,0,0,"Homeopathic Drops","1"
"Causticum 30","Masood Homoeopathic Pharma","MASOD",0,0,0,0,"Homeopathic Drops","1"
"Teucream Mar 30","Masood Homoeopathic Pharma","MASOD",0,0,0,0,"Homeopathic Drops","1"
"Globiles 50no","MEKTUM Homeo Pharma","MEK",0,0,0,0,"Homeopathic Drops","1"
"S.B majoon","Clinic Internal Preparation","Clinic",0,0,0,0,"Homeopathic Drops","1"
"113","GHR Homoeo Pharma","GHR",0,0,0,0,"Homeopathic Drops","1"
"Silajit syp 120","Masood Homoeopathic Pharma","MASOD",0,0,0,0,"Homeopathic Drops","1"
"Caledumed  creem","Dr. Willmar Schwabe Germany","Shwabe",0,0,0,0,"Homeopathic Drops","1"
"Caledula cream","Dr. Willmar Schwabe Germany","Shwabe",0,0,0,0,"Homeopathic Drops","1"
"Ustilago maidis Q","BM Pvt LTD","BM",0,0,0,0,"Homeopathic Drops","1"
"Duncap","Almanan Pharma","Almanan",0,0,0,0,"Homeopathic Drops","1"
"Passiflora Q ( D)","MEKTUM Homeo Pharma","MEK",0,0,0,0,"Homeopathic Drops","1"
"Lycopodium 200","Kamal Laboratories","KAMAL",0,0,0,0,"Homeopathic Drops","1"
"R 42","Dr. Reckeweg Germany","RECK",0,0,0,0,"Homeopathic Drops","1"
"R42","Dr. Reckeweg Germany","RECK",0,0,0,0,"Homeopathic Drops","1"
"Aloes 30 30ml","Masood Homoeopathic Pharma","MASOD",0,0,0,0,"Homeopathic Drops","1"
"R 88","Dr. Reckeweg Germany","RECK",0,0,0,0,"Homeopathic Drops","2"
"R 3","Dr. Reckeweg Germany","RECK",0,0,0,0,"Homeopathic Drops","2"
"R 9","Dr. Reckeweg Germany","RECK",0,0,0,0,"Homeopathic Drops","2"
"Ipecacuanha 30","Dr. Willmar Schwabe Germany","Shwabe",0,0,0,0,"Homeopathic Drops","2"
"PTK 75","Dr. Willmar Schwabe Germany","Shwabe",0,0,0,0,"Homeopathic Drops","1"
"R no 7","Dr. Reckeweg Germany","RECK",0,0,0,0,"Homeopathic Drops","2"
"Fraxinus Q","Dr. Willmar Schwabe Germany","Shwabe",0,0,0,0,"Homeopathic Drops","1"
"Caladium 30","Masood Homoeopathic Pharma","MASOD",0,0,0,0,"Homeopathic Drops","1"
"Kl 3","Kamal Laboratories","KAMAL",0,0,0,0,"Homeopathic Drops","1"
"Kl 18","Kamal Laboratories","KAMAL",0,0,0,0,"Homeopathic Drops","1"
"R40","Dr. Reckeweg Germany","RECK",0,0,0,0,"Homeopathic Drops","1"
"Cineraria drop","Kent Homoeopathic Pharmacy","Kent",0,0,0,0,"Homeopathic Drops","2"
"Ferum met 30","B.H.P Laboratory (PVT) LTD","BHP",0,0,0,0,"Homeopathic Drops","1"
"R 48","Dr. Reckeweg Germany","RECK",0,0,0,0,"Homeopathic Drops","1"
"Bio # 5","Dr. Willmar Schwabe Germany","Shwabe",0,0,0,0,"Homeopathic Drops","1"
"R 40","Dr. Reckeweg Germany","RECK",0,0,0,0,"Homeopathic Drops","1"
"Phyto mek tab","MEKTUM Homeo Pharma","MEK",0,0,0,0,"Homeopathic Drops","12"
"Gastro Pex Tab jar","MEKTUM Homeo Pharma","MEK",0,0,0,0,"Homeopathic Drops","6"
"urtica urnes30","Kent Homoeopathic Pharmacy","Kent",0,0,0,0,"Homeopathic Drops","1"
"Mag phos 6x","Kent Homoeopathic Pharmacy","Kent",0,0,0,0,"Homeopathic Drops","1"
"Ferrum phos 6x","Kent Homoeopathic Pharmacy","Kent",0,0,0,0,"Homeopathic Drops","1"
"Ars alb 30","B.H.P Laboratory (PVT) LTD","BHP",0,0,0,0,"Homeopathic Drops","1"
"Plantigo Q 20ml","Dr. Willmar Schwabe Germany","Shwabe",0,0,0,0,"Homeopathic Drops","1"
"Pb-22","Paul Brooks Homoeo Lab","PBHL",0,0,0,0,"Homeopathic Drops","1"
"Uva Ursi Q","bm Pharma","bm",0,0,0,0,"Homeopathic Drops","1"
"Pb-20","Paul Brooks Homoeo Lab","PBHL",0,0,0,0,"Homeopathic Drops","1"
"Famous soap","Clinic Internal Preparation","Clinic",0,0,0,0,"Homeopathic Drops","1"
"Famous cream","Clinic Internal Preparation","Clinic",0,0,0,0,"Homeopathic Drops","1"
"Carcinosinum 200 (Masood)","Masood Homoeopathic Pharma","MASOD",0,0,0,0,"Homeopathic Drops","1"
"Carcinosinum 200","Kent Homoeopathic Pharmacy","Kent",0,0,0,0,"Homeopathic Drops","1"
"Anthracinum 30","Kamal Laboratories","KAMAL",0,0,0,0,"Homeopathic Drops","1"
"Lycopodium 30","B.H.P Laboratory (PVT) LTD","BHP",0,0,0,0,"Homeopathic Drops","1"
"Havert 20 Tab","Almanan Pharma","Almanan",0,0,0,0,"Homeopathic Drops","1"
"Kali Phos 30","Dr. Willmar Schwabe Germany","Shwabe",0,0,0,0,"Homeopathic Drops","1"
"vigolic tab","Public Pharma","Public Pharma",0,0,0,0,"Homeopathic Drops","3"
"Silecea 200","Dr. Willmar Schwabe Germany","Shwabe",0,0,0,0,"Homeopathic Drops","1"
"Calc sulph 12x","Dr. Willmar Schwabe Germany","Shwabe",0,0,0,0,"Homeopathic Drops","1"
"Ecnatia Q","B.H.P Laboratory (PVT) LTD","BHP",0,0,0,0,"Homeopathic Drops","1"
"Phosporus 30","B.H.P Laboratory (PVT) LTD","BHP",0,0,0,0,"Homeopathic Drops","1"
"Chelidonium Q","B.H.P Laboratory (PVT) LTD","BHP",0,0,0,0,"Homeopathic Drops","1"
"2nd","Clinic Internal Preparation","Clinic",0,0,0,0,"Homeopathic Drops","1"
"2nd year","Clinic Internal Preparation","Clinic",0,0,0,0,"Homeopathic Drops","1"
"Merc Corr 200","B.H.P Laboratory (PVT) LTD","BHP",0,0,0,0,"Homeopathic Drops","1"
"Ezema cream","Kent Homoeopathic Pharmacy","Kent",0,0,0,0,"Homeopathic Drops","4"
"Selenium 3C Tab","BM Pvt LTD","BM",0,0,0,0,"Homeopathic Drops","24"
"Berberis Vulg 200 10ml","Dr. Willmar Schwabe Germany","Shwabe",0,0,0,0,"Homeopathic Drops","1"
"Pulsatilla 30","B.H.P Laboratory (PVT) LTD","BHP",0,0,0,0,"Homeopathic Drops","1"
"Thuja 30","B.H.P Laboratory (PVT) LTD","BHP",0,0,0,0,"Homeopathic Drops","1"
"Cartygus Q","B.H.P Laboratory (PVT) LTD","BHP",0,0,0,0,"Homeopathic Drops","10"
"Lycopodium Q (S)","B.H.P Laboratory (PVT) LTD","BHP",0,0,0,0,"Homeopathic Drops","1"
"Stapysagria 200","B.H.P Laboratory (PVT) LTD","BHP",0,0,0,0,"Homeopathic Drops","1"
"Bioge No 4","Masood Homoeopathic Pharma","MASOD",0,0,0,0,"Homeopathic Drops","2"
"Flexolin","Clinic Internal Preparation","Clinic",0,0,0,0,"Homeopathic Drops","1"
"Oleum Jec Cap","Paul Brooks Homoeo Lab","PBHL",0,0,0,0,"Homeopathic Drops","3"
"Urosol granules","Paul Brooks Homoeo Lab","PBHL",0,0,0,0,"Homeopathic Drops","6"
"Pb-18","Paul Brooks Homoeo Lab","PBHL",0,0,0,0,"Homeopathic Drops","12"
"H-4","Public Pharma","Public Pharma",0,0,0,0,"Homeopathic Drops","5"
"H-11","Public Pharma","Public Pharma",0,0,0,0,"Homeopathic Drops","5"
"H-17","Public Pharma","Public Pharma",0,0,0,0,"Homeopathic Drops","5"
"H-18","Public Pharma","Public Pharma",0,0,0,0,"Homeopathic Drops","5"
"H-20","Public Pharma","Public Pharma",0,0,0,0,"Homeopathic Drops","2"
"H-28","Public Pharma","Public Pharma",0,0,0,0,"Homeopathic Drops","5"
"Oraleen Drops 15ml","Public Pharma","Public Pharma",0,0,0,0,"Homeopathic Drops","24"
"Reumalic 240ml","Public Pharma","Public Pharma",0,0,0,0,"Homeopathic Drops","12"
"Morbidol Beauty Cream 20g","Public Pharma","Public Pharma",0,0,0,0,"Homeopathic Drops","12"
"Acnolic Cream 20g","Public Pharma","Public Pharma",0,0,0,0,"Homeopathic Drops","12"
"Bonlic Drops 30ml","Public Pharma","Public Pharma",0,0,0,0,"Homeopathic Drops","5"
"BiO -21 TaB","Public Pharma","Public Pharma",0,0,0,0,"Homeopathic Drops","90"
"Acid Phos Q (C)","B.H.P Laboratory (PVT) LTD","BHP",0,0,0,0,"Homeopathic Drops","10"
"Agnas Cast Q (B)","B.H.P Laboratory (PVT) LTD","BHP",0,0,0,0,"Homeopathic Drops","20"
"Alteris Far (S)","B.H.P Laboratory (PVT) LTD","BHP",0,0,0,0,"Homeopathic Drops","1"
"Alteris Far Q (S)","B.H.P Laboratory (PVT) LTD","BHP",0,0,0,0,"Homeopathic Drops","15"
"Alfalfa Q (A)","B.H.P Laboratory (PVT) LTD","BHP",0,0,0,0,"Homeopathic Drops","20"
"Allium Stiva Q (B)","B.H.P Laboratory (PVT) LTD","BHP",0,0,0,0,"Homeopathic Drops","15"
"Arnica Mont Q (E)","B.H.P Laboratory (PVT) LTD","BHP",0,0,0,0,"Homeopathic Drops","3"
"Ashwagandha Q (B)","B.H.P Laboratory (PVT) LTD","BHP",0,0,0,0,"Homeopathic Drops","10"
"Baptisia Q (S)","B.H.P Laboratory (PVT) LTD","BHP",0,0,0,0,"Homeopathic Drops","1"
"Belis Per Q (B)","B.H.P Laboratory (PVT) LTD","BHP",0,0,0,0,"Homeopathic Drops","3"
"Berberies vulg Q (C)","B.H.P Laboratory (PVT) LTD","BHP",0,0,0,0,"Homeopathic Drops","50"
"Calendula Off Q (B)","B.H.P Laboratory (PVT) LTD","BHP",0,0,0,0,"Homeopathic Drops","25"
"China Off Q (D)","B.H.P Laboratory (PVT) LTD","BHP",0,0,0,0,"Homeopathic Drops","2"
"Colocynthis Q (B)","B.H.P Laboratory (PVT) LTD","BHP",0,0,0,0,"Homeopathic Drops","3"
"Caratygus Q (C)","B.H.P Laboratory (PVT) LTD","BHP",0,0,0,0,"Homeopathic Drops","25"
"Damiana Q (D)","B.H.P Laboratory (PVT) LTD","BHP",0,0,0,0,"Homeopathic Drops","25"
"Gossipium Q (B)","B.H.P Laboratory (PVT) LTD","BHP",0,0,0,0,"Homeopathic Drops","10"
"Helonias Dioica Q (S)","B.H.P Laboratory (PVT) LTD","BHP",0,0,0,0,"Homeopathic Drops","2"
"Hydrocotyle Q (B)","B.H.P Laboratory (PVT) LTD","BHP",0,0,0,0,"Homeopathic Drops","5"
"Phytolacca Dec Q (D)","B.H.P Laboratory (PVT) LTD","BHP",0,0,0,0,"Homeopathic Drops","5"
"Rhus Tox Q (D)","B.H.P Laboratory (PVT) LTD","BHP",0,0,0,0,"Homeopathic Drops","1"
"Sarsaparilla Q (D)","B.H.P Laboratory (PVT) LTD","BHP",0,0,0,0,"Homeopathic Drops","10"
"Stigmata May Q (D)","B.H.P Laboratory (PVT) LTD","BHP",0,0,0,0,"Homeopathic Drops","2"
"Syzygium Jamb Q (C)","B.H.P Laboratory (PVT) LTD","BHP",0,0,0,0,"Homeopathic Drops","25"
"Yerba Stiva Q (D)","B.H.P Laboratory (PVT) LTD","BHP",0,0,0,0,"Homeopathic Drops","3"
"Zingiber Off Q (B)","B.H.P Laboratory (PVT) LTD","BHP",0,0,0,0,"Homeopathic Drops","5"
"Dard _E_ Shifa","Ashraf Laboratories","AK",0,0,0,0,"Homeopathic Drops","2"
"Euprashia drop","BM Pvt LTD","BM",0,0,0,0,"Homeopathic Drops","1"
"Be Smart  powder","BLOSSOM Homeo Labs","BL",0,0,0,0,"Homeopathic Drops","2"
"Be Smart  powder box","BLOSSOM Homeo Labs","BL",0,0,0,0,"Homeopathic Drops","2"
"Garlina Tab","Clinic Internal Preparation","Clinic",0,0,0,0,"Homeopathic Drops","1"
"29","HFP Pvt Ltd","HFP",0,0,0,0,"Homeopathic Drops","2"
"Oesteon 120ml","Paul Brooks Homoeo Lab","PBHL",0,0,0,0,"Homeopathic Drops","1"
"Silecea 6x","Dr. Willmar Schwabe Germany","Shwabe",0,0,0,0,"Homeopathic Drops","1"
"Phytolacca berry schwabe Tab","Dr. Willmar Schwabe Germany","Shwabe",0,0,0,0,"Homeopathic Drops","1"
"Genetone  solution","Masood Homoeopathic Pharma","MASOD",0,0,0,0,"Homeopathic Drops","1"
"Bio - 21 Tab","Kent Homoeopathic Pharmacy","Kent",0,0,0,0,"Homeopathic Drops","6"
"Kent motalien powder","Kent Homoeopathic Pharmacy","Kent",0,0,0,0,"Homeopathic Drops","6"
"Tonsi-B 120ml","BLOSSOM Homeo Labs","BL",0,0,0,0,"Homeopathic Drops","12"
"Malca 120ml","Paul Brooks Homoeo Lab","PBHL",0,0,0,0,"Homeopathic Drops","3"
"Arnica Mont 200","B.H.P Laboratory (PVT) LTD","BHP",0,0,0,0,"Homeopathic Drops","1"
"Urtica Q (D)","B.H.P Laboratory (PVT) LTD","BHP",0,0,0,0,"Homeopathic Drops","1"
"Kali carb 30","B.H.P Laboratory (PVT) LTD","BHP",0,0,0,0,"Homeopathic Drops","1"
"Borax 30","B.H.P Laboratory (PVT) LTD","BHP",0,0,0,0,"Homeopathic Drops","1"
"Nosetone cap","NazZ Pharma","NazZ",0,0,0,0,"Homeopathic Drops","1"
"Hydrastis Q (s)","B.H.P Laboratory (PVT) LTD","BHP",0,0,0,0,"Homeopathic Drops","1"
"Cantharis Q (S)","B.H.P Laboratory (PVT) LTD","BHP",0,0,0,0,"Homeopathic Drops","1"
"Female","Kent Homoeopathic Pharmacy","Kent",0,0,0,0,"Homeopathic Drops","1"
"Hydrengea Q (D)","Kent Homoeopathic Pharmacy","Kent",0,0,0,0,"Homeopathic Drops","1"
"Hydrengea Q (E)","Masood Homoeopathic Pharma","MASOD",0,0,0,0,"Homeopathic Drops","1"
"Cinnamomum 30","Dr. Willmar Schwabe Germany","Shwabe",0,0,0,0,"Homeopathic Drops","1"
"10ml potiences 200","Dr. Willmar Schwabe Germany","Shwabe",0,0,0,0,"Homeopathic Drops","1"
"10ml potiences 1m","Dr. Willmar Schwabe Germany","Shwabe",0,0,0,0,"Homeopathic Drops","1"
"Sabal ser 30","B.H.P Laboratory (PVT) LTD","BHP",0,0,0,0,"Homeopathic Drops","1"
"Allumina 200","BM Pvt LTD","BM",0,0,0,0,"Homeopathic Drops","1"
"Haper sulf 30","B.H.P Laboratory (PVT) LTD","BHP",0,0,0,0,"Homeopathic Drops","1"
"Bryta carb 30","B.H.P Laboratory (PVT) LTD","BHP",0,0,0,0,"Homeopathic Drops","1"
"HR No 364","Masood Homoeopathic Pharma","MASOD",0,0,0,0,"Homeopathic Drops","1"
"Chimaphilla Q","Clinic Internal Preparation","Clinic",0,0,0,0,"Homeopathic Drops","1"
"Cactus Q","Masood Homoeopathic Pharma","MASOD",0,0,0,0,"Homeopathic Drops","1"
"Taraxacum Q","Masood Homoeopathic Pharma","MASOD",0,0,0,0,"Homeopathic Drops","1"
"Silicea 30","B.H.P Laboratory (PVT) LTD","BHP",0,0,0,0,"Homeopathic Drops","1"
"Dai","Dr. Willmar Schwabe Germany","Shwabe",0,0,0,0,"Homeopathic Drops","1"
"Hydrastis 30","Kent Homoeopathic Pharmacy","Kent",0,0,0,0,"Homeopathic Drops","1"
"Alfalfa Shwabe 100ml Syp","Dr. Willmar Schwabe Germany","Shwabe",0,0,0,0,"Homeopathic Drops","1"
"Brain 30 30ml","Masood Homoeopathic Pharma","MASOD",0,0,0,0,"Homeopathic Drops","1"
"Bryonia Alb Q","Masood Homoeopathic Pharma","MASOD",0,0,0,0,"Homeopathic Drops","1"
"Pb-14","Paul Brooks Homoeo Lab","PBHL",0,0,0,0,"Homeopathic Drops","10"
"Acid Phos 1M","Masood Homoeopathic Pharma","MASOD",0,0,0,0,"Homeopathic Drops","1"
"Fev6","T.S. Laboratories","T.S",0,0,0,0,"Homeopathic Drops","1"
"Psorinum 1M","Masood Homoeopathic Pharma","MASOD",0,0,0,0,"Homeopathic Drops","1"
"Ashwaganda Q","Kent Homoeopathic Pharmacy","Kent",0,0,0,0,"Homeopathic Drops","1"
"R 130","Dr. Reckeweg Germany","RECK",0,0,0,0,"Homeopathic Drops","1"
"R191","Dr. Reckeweg Germany","RECK",0,0,0,0,"Homeopathic Drops","1"
"R183","Dr. Reckeweg Germany","RECK",0,0,0,0,"Homeopathic Drops","1"
"Naxul Comp Tab","Flufger Pharma","Flufger",0,0,0,0,"Homeopathic Drops","1"
"PTK 87","Dr. Willmar Schwabe Germany","Shwabe",0,0,0,0,"Homeopathic Drops","1"
"Damialex 120ml","BLOSSOM Homeo Labs","BL",0,0,0,0,"Homeopathic Drops","1"
"Urea pura 200","Masood Homoeopathic Pharma","MASOD",0,0,0,0,"Homeopathic Drops","1"
"GINSENG 30 Tab","BLOSSOM Homeo Labs","BL",0,0,0,0,"Homeopathic Drops","1"
"Ghamomilla 60ml","BLOSSOM Homeo Labs","BL",0,0,0,0,"Homeopathic Drops","1"
"Asthalex -B","BLOSSOM Homeo Labs","BL",0,0,0,0,"Homeopathic Drops","1"
"H-Pylori","BLOSSOM Homeo Labs","BL",0,0,0,0,"Homeopathic Drops","1"
"Nappy rash 25 gm","Paul Brooks Homoeo Lab","PBHL",0,0,0,0,"Homeopathic Drops","1"
"Be-smart powder","BLOSSOM Homeo Labs","BL",0,0,0,0,"Homeopathic Drops","1"
"Blosmo Gel tab","BLOSSOM Homeo Labs","BL",0,0,0,0,"Homeopathic Drops","1"
"Dyrofine tab","BLOSSOM Homeo Labs","BL",0,0,0,0,"Homeopathic Drops","1"
"justicia tab","BLOSSOM Homeo Labs","BL",0,0,0,0,"Homeopathic Drops","1"
"200 potience 120ml","Masood Homoeopathic Pharma","MASOD",0,0,0,0,"Homeopathic Drops","2"
"30 potiwnce 120ml","Masood Homoeopathic Pharma","MASOD",0,0,0,0,"Homeopathic Drops","1"
"D-L","Clinic Internal Preparation","Clinic",0,0,0,0,"Homeopathic Drops","1"
"Bl-8","BLOSSOM Homeo Labs","BL",0,0,0,0,"Homeopathic Drops","2"
"Bl 8","BLOSSOM Homeo Labs","BL",0,0,0,0,"Homeopathic Drops","2"
"Bp normal","B.H.P Laboratory (PVT) LTD","BHP",0,0,0,0,"Homeopathic Drops","1"
"29 Mer Sol Drops","HFP Pvt Ltd","HFP",0,0,0,0,"Homeopathic Drops","1"
"Salajeet syrp","masod Pharma","masod",0,0,0,0,"Homeopathic Drops","1"
"Suranjan cap","Clinic Internal Preparation","Clinic",0,0,0,0,"Homeopathic Drops","1"
"Rubinia pseda 30","Farhan Homoeo","Farhan",0,0,0,0,"Homeopathic Drops","1"
"Ancardium 200","Dr. Willmar Schwabe Germany","Shwabe",0,0,0,0,"Homeopathic Drops","1"
"Five phos 12x","Dr. Willmar Schwabe Germany","Shwabe",0,0,0,0,"Homeopathic Drops","1"
"Spo","B.H.P Laboratory (PVT) LTD","BHP",0,0,0,0,"Homeopathic Drops","1"
"Sabal sar 30","farhan Pharma","farhan",0,0,0,0,"Homeopathic Drops","1"
"Solidigo 30","Farhan Homoeo","Farhan",0,0,0,0,"Homeopathic Drops","1"
"Mek-Cough 450ml","MEKTUM Homeo Pharma","MEK",0,0,0,0,"Homeopathic Drops","1"
"Berbaris Q 120ml","MEKTUM Homeo Pharma","MEK",0,0,0,0,"Homeopathic Drops","1"
"Acid phos Q","Dr. Willmar Schwabe Germany","Shwabe",0,0,0,0,"Homeopathic Drops","1"
"58","Masood Homoeopathic Pharma","MASOD",0,0,0,0,"Homeopathic Drops","1"
"Lechesis 1M","Masood Homoeopathic Pharma","MASOD",0,0,0,0,"Homeopathic Drops","1"
"Osteon 120ml","Paul Brooks Homoeo Lab","PBHL",0,0,0,0,"Homeopathic Drops","1"
"Aletrican 120ml","Paul Brooks Homoeo Lab","PBHL",0,0,0,0,"Homeopathic Drops","1"
"Slinium 200","B.H.P Laboratory (PVT) LTD","BHP",0,0,0,0,"Homeopathic Drops","1"
"Belladona cm","Masood Homoeopathic Pharma","MASOD",0,0,0,0,"Homeopathic Drops","1"
"Antimonium Tart 30 30ml","Masood Homoeopathic Pharma","MASOD",0,0,0,0,"Homeopathic Drops","1"
"Calc flour 30","Kent Homoeopathic Pharmacy","Kent",0,0,0,0,"Homeopathic Drops","1"
"10ml BM","BM Pvt LTD","BM",0,0,0,0,"Homeopathic Drops","1"
"1m bm","BM Pvt LTD","BM",0,0,0,0,"Homeopathic Drops","1"
"1m","Dr. Willmar Schwabe Germany","Shwabe",0,0,0,0,"Homeopathic Drops","1"
"Cm","Masood Homoeopathic Pharma","MASOD",0,0,0,0,"Homeopathic Drops","1"
"K Clear Drop","Armaa pvt Pharma","Armaa pvt",0,0,0,0,"Homeopathic Drops","1"
"Nemsol +","Public Pharma","Public Pharma",0,0,0,0,"Homeopathic Drops","1"
"Alernil tab","B.H.P Laboratory (PVT) LTD","BHP",0,0,0,0,"Homeopathic Drops","1"
"paintach Tab","Almanan Pharma","Almanan",0,0,0,0,"Homeopathic Drops","1"
"HFP 59","HFP Pvt Ltd","HFP",0,0,0,0,"Homeopathic Drops","1"
"30 potiwnce 30ml","Masood Homoeopathic Pharma","MASOD",0,0,0,0,"Homeopathic Drops","1"
"Iris veg 200","B.H.P Laboratory (PVT) LTD","BHP",0,0,0,0,"Homeopathic Drops","1"
"Veratum Alb 200 (BM.)","BM Pvt LTD","BM",0,0,0,0,"Homeopathic Drops","1"
"Broyaina 30","B.H.P Laboratory (PVT) LTD","BHP",0,0,0,0,"Homeopathic Drops","1"
"Moringa Syp 240ml","BLOSSOM Homeo Labs","BL",0,0,0,0,"Homeopathic Drops","1"
"Kent thymus","Kent Homoeopathic Pharmacy","Kent",0,0,0,0,"Homeopathic Drops","1"
"Kent thymus 120ml","Kent Homoeopathic Pharmacy","Kent",0,0,0,0,"Homeopathic Drops","1"
"HR No 413","Masood Homoeopathic Pharma","MASOD",0,0,0,0,"Homeopathic Drops","1"
"Silajit tab","Masood Homoeopathic Pharma","MASOD",0,0,0,0,"Homeopathic Drops","1"
"Rhus Tox 200","B.H.P Laboratory (PVT) LTD","BHP",0,0,0,0,"Homeopathic Drops","1"
"Cantharis 30","B.H.P Laboratory (PVT) LTD","BHP",0,0,0,0,"Homeopathic Drops","1"
"Thuja 1m (Shwabe)","Dr. Willmar Schwabe Germany","Shwabe",0,0,0,0,"Homeopathic Drops","1"
"Acid Phos 200","B.H.P Laboratory (PVT) LTD","BHP",0,0,0,0,"Homeopathic Drops","1"
"Crotalus hor 30 30ml","BM Pvt LTD","BM",0,0,0,0,"Homeopathic Drops","1"
"Ma","TS Pharma","TS",0,0,0,0,"Homeopathic Drops","1"
"Arsenicum album 200","Masood Homoeopathic Pharma","MASOD",0,0,0,0,"Homeopathic Drops","1"
"Anacardium 200","MEKTUM Homeo Pharma","MEK",0,0,0,0,"Homeopathic Drops","1"
"Kali phos","Clinic Internal Preparation","Clinic",0,0,0,0,"Homeopathic Drops","1"
"A - 16","Clinic Internal Preparation","Clinic",0,0,0,0,"Homeopathic Drops","1"
"Alumin 30","B.H.P Laboratory (PVT) LTD","BHP",0,0,0,0,"Homeopathic Drops","1"
"Gnaphallum 200","Farhan Homoeo","Farhan",0,0,0,0,"Homeopathic Drops","1"
"Guaiacum 200","Farhan Homoeo","Farhan",0,0,0,0,"Homeopathic Drops","1"
"Malshi Maram","Kamal Laboratories","KAMAL",0,0,0,0,"Homeopathic Drops","60"
"Kl 7","Kamal Laboratories","KAMAL",0,0,0,0,"Homeopathic Drops","12"
"Ruk cap","Kamal Laboratories","KAMAL",0,0,0,0,"Homeopathic Drops","12"
"Lori tab blister","Kamal Laboratories","KAMAL",0,0,0,0,"Homeopathic Drops","12"
"Kufzit 120ml","Kamal Laboratories","KAMAL",0,0,0,0,"Homeopathic Drops","60"
"Sabal Serr Q 450ml","Kamal Laboratories","KAMAL",0,0,0,0,"Homeopathic Drops","4"
"Chimaphilla Q 450ml","Kamal Laboratories","KAMAL",0,0,0,0,"Homeopathic Drops","1"
"Ashwaganda Q 500ml","Kamal Laboratories","KAMAL",0,0,0,0,"Homeopathic Drops","2"
"Millifoilum Q 500ml","Kamal Laboratories","KAMAL",0,0,0,0,"Homeopathic Drops","1"
"Psorinum CM","BM Pvt LTD","BM",0,0,0,0,"Homeopathic Drops","1"
"R64","Dr. Reckeweg Germany","RECK",0,0,0,0,"Homeopathic Drops","1"
"P-25","Clinic Internal Preparation","Clinic",0,0,0,0,"Homeopathic Drops","1"
"30ml potency","Ashraf Laboratories","AK",0,0,0,0,"Homeopathic Drops","1"
"Belladona 200","B.H.P Laboratory (PVT) LTD","BHP",0,0,0,0,"Homeopathic Drops","1"
"Cimicefuga 30","B.H.P Laboratory (PVT) LTD","BHP",0,0,0,0,"Homeopathic Drops","1"
"Calcarb 30","B.H.P Laboratory (PVT) LTD","BHP",0,0,0,0,"Homeopathic Drops","1"
"Grose 5ml Cap","Clinic Internal Preparation","Clinic",0,0,0,0,"Homeopathic Drops","1"
"Piumbum met 200","BM Pvt LTD","BM",0,0,0,0,"Homeopathic Drops","1"
"Cardus marianus Q (C)","Paul Brooks Homoeo Lab","PBHL",0,0,0,0,"Homeopathic Drops","1"
"Aswagandha Q (B)","B.H.P Laboratory (PVT) LTD","BHP",0,0,0,0,"Homeopathic Drops","1"
"Arnica Q","Dr. Willmar Schwabe Germany","Shwabe",0,0,0,0,"Homeopathic Drops","1"
"Gastric Plus 75Tab 50","Kent Homoeopathic Pharmacy","Kent",0,0,0,0,"Homeopathic Drops","1"
"Cm 30ML","Masood Homoeopathic Pharma","MASOD",0,0,0,0,"Homeopathic Drops","1"
"1M 30ml","Masood Homoeopathic Pharma","MASOD",0,0,0,0,"Homeopathic Drops","3"
"Allum cepa 30(MASOD)","Masood Homoeopathic Pharma","MASOD",0,0,0,0,"Homeopathic Drops","1"
"Aconitum 200","Kent Homoeopathic Pharmacy","Kent",0,0,0,0,"Homeopathic Drops","1"
"Apis milli 200 30ml","Dr. Willmar Schwabe Germany","Shwabe",0,0,0,0,"Homeopathic Drops","1"
"Laxy drop","Clinic Internal Preparation","Clinic",0,0,0,0,"Homeopathic Drops","6"
"Gingee p 120ml","Paul Brooks Homoeo Lab","PBHL",0,0,0,0,"Homeopathic Drops","12"
"Sulfer  30","B.H.P Laboratory (PVT) LTD","BHP",0,0,0,0,"Homeopathic Drops","1"
"Mag Phose 200","B.H.P Laboratory (PVT) LTD","BHP",0,0,0,0,"Homeopathic Drops","1"
"Kali Mure 200","B.H.P Laboratory (PVT) LTD","BHP",0,0,0,0,"Homeopathic Drops","1"
"Alumin 200","B.H.P Laboratory (PVT) LTD","BHP",0,0,0,0,"Homeopathic Drops","1"
"Gelsimum 200","B.H.P Laboratory (PVT) LTD","BHP",0,0,0,0,"Homeopathic Drops","1"
"Gnaphyllum 200","B.H.P Laboratory (PVT) LTD","BHP",0,0,0,0,"Homeopathic Drops","1"
"Ruta 30","B.H.P Laboratory (PVT) LTD","BHP",0,0,0,0,"Homeopathic Drops","1"
"Brain tonic 120ml","Masood Homoeopathic Pharma","MASOD",0,0,0,0,"Homeopathic Drops","1"
"Mek Cuff 450ml","MEKTUM Homeo Pharma","MEK",0,0,0,0,"Homeopathic Drops","1"
"Khoon Safi 450ml","MEKTUM Homeo Pharma","MEK",0,0,0,0,"Homeopathic Drops","1"
"Senox Cold 450ml","MEKTUM Homeo Pharma","MEK",0,0,0,0,"Homeopathic Drops","2"
"Diar Nil 60ml","Paul Brooks Homoeo Lab","PBHL",0,0,0,0,"Homeopathic Drops","6"
"Thandak 120ml","M/S Pharma","M/S",0,0,0,0,"Homeopathic Drops","1"
"Chinonthus Q 30ml","Dr. Willmar Schwabe Germany","Shwabe",0,0,0,0,"Homeopathic Drops","1"
"Phytolacca 30","Farhan Homoeo","Farhan",0,0,0,0,"Homeopathic Drops","1"
"z","zamzam Pharma","zamzam",0,0,0,0,"Homeopathic Drops","1"
"Paper Roll Printer","Clinic Internal Preparation","Clinic",0,0,0,0,"Homeopathic Drops","1"
"Calc carb 30","Masood Homoeopathic Pharma","MASOD",0,0,0,0,"Homeopathic Drops","1"
"Sulphur 30","Masood Homoeopathic Pharma","MASOD",0,0,0,0,"Homeopathic Drops","1"
"51 Opium","HFP Pvt Ltd","HFP",0,0,0,0,"Homeopathic Drops","1"
"Re-jawan","JR Laboratories","JR",0,0,0,0,"Homeopathic Drops","1"
"Gnaphalium polycephalum 30","Dr. Willmar Schwabe Germany","Shwabe",0,0,0,0,"Homeopathic Drops","1"
"Colocynthis 30","Dr. Willmar Schwabe Germany","Shwabe",0,0,0,0,"Homeopathic Drops","1"
"yohimbinum cap","Kent Homoeopathic Pharmacy","Kent",0,0,0,0,"Homeopathic Drops","1"
"Matti Chor","BLOSSOM Homeo Labs","BL",0,0,0,0,"Homeopathic Drops","1"
"30 ml","Farhan Homoeo","Farhan",0,0,0,0,"Homeopathic Drops","1"
"30ml 200","Farhan Homoeo","Farhan",0,0,0,0,"Homeopathic Drops","1"
"Bacillinum 30","Masood Homoeopathic Pharma","MASOD",0,0,0,0,"Homeopathic Drops","1"
"61","HFP Pvt Ltd","HFP",0,0,0,0,"Homeopathic Drops","1"
"Kreasotum 30","Masood Homoeopathic Pharma","MASOD",0,0,0,0,"Homeopathic Drops","1"
"Sulphur 1m","B.H.P Laboratory (PVT) LTD","BHP",0,0,0,0,"Homeopathic Drops","1"
"Aresenicum aldum 30","Dr. Willmar Schwabe Germany","Shwabe",0,0,0,0,"Homeopathic Drops","1"
"kali phos 200","Farhan Homoeo","Farhan",0,0,0,0,"Homeopathic Drops","1"
"Kreosotum 30","Dr. Willmar Schwabe Germany","Shwabe",0,0,0,0,"Homeopathic Drops","1"
"Cadmax","Clinic Internal Preparation","Clinic",0,0,0,0,"Homeopathic Drops","2"
"Kracks","Paul Brooks Homoeo Lab","PBHL",0,0,0,0,"Homeopathic Drops","1"
"Aurum met 30","Masood Homoeopathic Pharma","MASOD",0,0,0,0,"Homeopathic Drops","1"
"54","HFP Pvt Ltd","HFP",0,0,0,0,"Homeopathic Drops","4"
"Pulsatilla Q","B.H.P Laboratory (PVT) LTD","BHP",0,0,0,0,"Homeopathic Drops","1"
"Nat mure 200","B.H.P Laboratory (PVT) LTD","BHP",0,0,0,0,"Homeopathic Drops","2"
"b","shwbe Pharma","shwbe",0,0,0,0,"Homeopathic Drops","1"
"Fevokidi drop","Paul Brooks Homoeo Lab","PBHL",0,0,0,0,"Homeopathic Drops","4"
"S.B tab","Clinic Internal Preparation","Clinic",0,0,0,0,"Homeopathic Drops","5"
"Bryta carb 200","Farhan Homoeo","Farhan",0,0,0,0,"Homeopathic Drops","1"
"HFP 53 Calc Fluor","HFP Pvt Ltd","HFP",0,0,0,0,"Homeopathic Drops","1"
"59 Urtica Urenus","HFP Pvt Ltd","HFP",0,0,0,0,"Homeopathic Drops","1"
"Fytolaca tab","Masood Homoeopathic Pharma","MASOD",0,0,0,0,"Homeopathic Drops","1"
"Myristiea 1m","BM Pvt LTD","BM",0,0,0,0,"Homeopathic Drops","1"
"Irolecin malt","Kent Homoeopathic Pharmacy","Kent",0,0,0,0,"Homeopathic Drops","1"
"Irolecin malt 300ml","Paul Brooks Homoeo Lab","PBHL",0,0,0,0,"Homeopathic Drops","1"
"Cash","Clinic Internal Preparation","Clinic",0,0,0,0,"Homeopathic Drops","1"
"Joint Flex drop","Ashraf Laboratories","AK",0,0,0,0,"Homeopathic Drops","1"
"Kidnol  drop","Paul Brooks Homoeo Lab","PBHL",0,0,0,0,"Homeopathic Drops","1"
"7","ZAM ZAM Homoeo Pharma","ZAM ZAM",0,0,0,0,"Homeopathic Drops","1"
"Lemna minor 200","Masood Homoeopathic Pharma","MASOD",0,0,0,0,"Homeopathic Drops","1"
"Teucrium 30","Kent Homoeopathic Pharmacy","Kent",0,0,0,0,"Homeopathic Drops","1"
"R49","Dr. Reckeweg Germany","RECK",0,0,0,0,"Homeopathic Drops","1"
"Felturi Q","Clinic Internal Preparation","Clinic",0,0,0,0,"Homeopathic Drops","1"
"Ashoka cordial 240 ml","T.S. Laboratories","T.S",0,0,0,0,"Homeopathic Drops","1"
"Selenium 30","Dr. Willmar Schwabe Germany","Shwabe",0,0,0,0,"Homeopathic Drops","1"
"Agnus 30","Dr. Willmar Schwabe Germany","Shwabe",0,0,0,0,"Homeopathic Drops","1"
"Carcinominum 200","Clinic Internal Preparation","Clinic",0,0,0,0,"Homeopathic Drops","1"
"Aloe 30","B.H.P Laboratory (PVT) LTD","BHP",0,0,0,0,"Homeopathic Drops","1"
"Rauwalson - H","Farhan Homoeo","Farhan",0,0,0,0,"Homeopathic Drops","1"
"urea 30","Dr. Willmar Schwabe Germany","Shwabe",0,0,0,0,"Homeopathic Drops","1"
"Colocynthis 200","B.H.P Laboratory (PVT) LTD","BHP",0,0,0,0,"Homeopathic Drops","1"
"Cardus mar 30","Dr. Willmar Schwabe Germany","Shwabe",0,0,0,0,"Homeopathic Drops","1"
"Caulophyllum 200","B.H.P Laboratory (PVT) LTD","BHP",0,0,0,0,"Homeopathic Drops","1"
"BlosmoleX Tab","BLOSSOM Homeo Labs","BL",0,0,0,0,"Homeopathic Drops","1"
"Analeticum plus","Clinic Internal Preparation","Clinic",0,0,0,0,"Homeopathic Drops","1"
"Don plus CAP","Clinic Internal Preparation","Clinic",0,0,0,0,"Homeopathic Drops","72"
"6x tab","Dr. Willmar Schwabe Germany","Shwabe",0,0,0,0,"Homeopathic Drops","5"
"A 49","Clinic Internal Preparation","Clinic",0,0,0,0,"Homeopathic Drops","1"
"ZM -17","ZAM ZAM Homoeo Pharma","ZAM ZAM",0,0,0,0,"Homeopathic Drops","2"
"Consiton tab","Clinic Internal Preparation","Clinic",0,0,0,0,"Homeopathic Drops","1"
"Q (B)","B.H.P Laboratory (PVT) LTD","BHP",0,0,0,0,"Homeopathic Drops","3"
"Mu4","Paul Brooks Homoeo Lab","PBHL",0,0,0,0,"Homeopathic Drops","1"
"Asoka Q 450ml","Masood Homoeopathic Pharma","MASOD",0,0,0,0,"Homeopathic Drops","1"
"Sponia 200","Farhan Homoeo","Farhan",0,0,0,0,"Homeopathic Drops","1"
"Gastral tab","Paul Brooks Homoeo Lab","PBHL",0,0,0,0,"Homeopathic Drops","1"
"urtica Q","Dr. Willmar Schwabe Germany","Shwabe",0,0,0,0,"Homeopathic Drops","1"
"Castro 120 ml","Clinic Internal Preparation","Clinic",0,0,0,0,"Homeopathic Drops","4"
"Uronal 120 ml","Clinic Internal Preparation","Clinic",0,0,0,0,"Homeopathic Drops","4"
"Korean 250ml","Clinic Internal Preparation","Clinic",0,0,0,0,"Homeopathic Drops","4"
"S. fulad 250ml","Clinic Internal Preparation","Clinic",0,0,0,0,"Homeopathic Drops","1"
"Colic 60 ml","Clinic Internal Preparation","Clinic",0,0,0,0,"Homeopathic Drops","1"
"Liver Rex 120","Clinic Internal Preparation","Clinic",0,0,0,0,"Homeopathic Drops","1"
"Bryonia Liniment 60ml .","Paul Brooks Homoeo Lab","PBHL",0,0,0,0,"Homeopathic Drops","1"
"Pytolacca berry","Paul Brooks Homoeo Lab","PBHL",0,0,0,0,"Homeopathic Drops","1"
"Arnica Mont 3","B.H.P Laboratory (PVT) LTD","BHP",0,0,0,0,"Homeopathic Drops","5"
"T no mix","MEKTUM Homeo Pharma","MEK",0,0,0,0,"Homeopathic Drops","5"
"Iro Lecin 240ml","Paul Brooks Homoeo Lab","PBHL",0,0,0,0,"Homeopathic Drops","4"
"podina 120ml","Ashraf Laboratories","AK",0,0,0,0,"Homeopathic Drops","1"
"Nux Plus 120ml","M/S Pharma","M/S",0,0,0,0,"Homeopathic Drops","1"
"Alfa-Made Tab","M/S Pharma","M/S",0,0,0,0,"Homeopathic Drops","2"
"Dia-Safe Tab","M/S Pharma","M/S",0,0,0,0,"Homeopathic Drops","1"
"Alser Tab","M/S Pharma","M/S",0,0,0,0,"Homeopathic Drops","1"
"Sinus Plus Tab","M/S Pharma","M/S",0,0,0,0,"Homeopathic Drops","1"
"Brykil 120ml","M/S Pharma","M/S",0,0,0,0,"Homeopathic Drops","1"
"raza","1231 Pharma","1231",0,0,0,0,"syrup","2"
"Sharbat -e-podina","Sharbat -E-Podina 240ml Pharma","Sharbat -E-Podina 240ml",0,0,0,0,"Homeopathic Drops","20"